chunk_id,source_id,record_type,retrieval_status,document_type,jurisdiction,word_count,char_count,page_start,page_end,section,subsection,rule,subrule,clause,heading,topics,warning
MSCS_ACT_2002_DOC,MSCS_ACT_2002,parent,REFERENCE_ONLY,act,Central,6,47,6,77,,,,,,,multistate,CONTEXT_PARENT;SHORT_CONTEXT_PARENT
MSCS_ACT_2002_CONTEXT_001,MSCS_ACT_2002,child,REFERENCE_ONLY,act,Central,104,654,6,6,,,,,,,multistate,
MSCS_ACT_2002_SEC_1,MSCS_ACT_2002,child,ACTIVE,act,Central,89,528,6,6,1,,,,,"Short title, extent and commencement",multistate,
MSCS_ACT_2002_SEC_2,MSCS_ACT_2002,child,ACTIVE,act,Central,88,565,6,7,2,,,,,Application,multistate;registration,
MSCS_ACT_2002_SEC_3,MSCS_ACT_2002,parent,REFERENCE_ONLY,act,Central,661,4319,7,8,3,,,,,Definitions,byelaws;deposits;governance;management;meetings;membership;multistate;registrar;registration,
MSCS_ACT_2002_SEC_3_SUB_A,MSCS_ACT_2002,child,ACTIVE,act,Central,15,87,7,7,3,,,,a,Definitions,multistate,SHORT_COMPLETE_PROVISION
MSCS_ACT_2002_SEC_3_SUB_B,MSCS_ACT_2002,child,ACTIVE,act,Central,37,223,7,7,3,,,,b,Definitions,governance;management;multistate,
MSCS_ACT_2002_SEC_3_SUB_C,MSCS_ACT_2002,child,ACTIVE,act,Central,43,256,7,7,3,,,,c,Definitions,byelaws;multistate,
MSCS_ACT_2002_SEC_3_SUB_D,MSCS_ACT_2002,child,ACTIVE,act,Central,36,244,7,7,3,,,,d,Definitions,multistate;registrar,
MSCS_ACT_2002_SEC_3_SUB_E,MSCS_ACT_2002,child,ACTIVE,act,Central,16,111,7,7,3,,,,e,Definitions,multistate,SHORT_COMPLETE_PROVISION
MSCS_ACT_2002_SEC_3_SUB_F,MSCS_ACT_2002,child,ACTIVE,act,Central,12,97,7,7,3,,,,f,Definitions,multistate,SHORT_COMPLETE_PROVISION
MSCS_ACT_2002_SEC_3_SUB_G,MSCS_ACT_2002,child,ACTIVE,act,Central,12,95,7,7,3,,,,g,Definitions,multistate,SHORT_COMPLETE_PROVISION
MSCS_ACT_2002_SEC_3_SUB_H,MSCS_ACT_2002,child,ACTIVE,act,Central,28,170,7,7,3,,,,h,Definitions,multistate,
MSCS_ACT_2002_SEC_3_SUB_I,MSCS_ACT_2002,child,ACTIVE,act,Central,60,341,7,7,3,,,,i,Definitions,multistate;registrar,
MSCS_ACT_2002_SEC_3_SUB_J,MSCS_ACT_2002,child,ACTIVE,act,Central,26,185,7,7,3,,,,j,Definitions,deposits;multistate,
MSCS_ACT_2002_SEC_3_SUB_K,MSCS_ACT_2002,child,ACTIVE,act,Central,28,197,7,7,3,,,,k,Definitions,membership;multistate,
MSCS_ACT_2002_SEC_3_SUB_L,MSCS_ACT_2002,child,ACTIVE,act,Central,59,381,7,7,3,,,,l,Definitions,multistate,
MSCS_ACT_2002_SEC_3_SUB_M,MSCS_ACT_2002,child,ACTIVE,act,Central,21,136,7,7,3,,,,m,Definitions,meetings;multistate,
MSCS_ACT_2002_SEC_3_SUB_N,MSCS_ACT_2002,child,ACTIVE,act,Central,40,256,7,8,3,,,,n,Definitions,byelaws;membership;multistate;registration,
MSCS_ACT_2002_SEC_3_SUB_O,MSCS_ACT_2002,child,ACTIVE,act,Central,20,133,8,8,3,,,,o,Definitions,multistate,
MSCS_ACT_2002_SEC_3_SUB_P,MSCS_ACT_2002,child,ACTIVE,act,Central,26,178,8,8,3,,,,p,Definitions,multistate,
MSCS_ACT_2002_SEC_3_SUB_Q,MSCS_ACT_2002,child,ACTIVE,act,Central,59,352,8,8,3,,,,q,Definitions,byelaws;multistate,
MSCS_ACT_2002_SEC_3_SUB_R,MSCS_ACT_2002,child,ACTIVE,act,Central,14,108,8,8,3,,,,r,Definitions,multistate,SHORT_COMPLETE_PROVISION
MSCS_ACT_2002_SEC_3_SUB_S,MSCS_ACT_2002,child,ACTIVE,act,Central,10,74,8,8,3,,,,s,Definitions,multistate,SHORT_COMPLETE_PROVISION
MSCS_ACT_2002_SEC_3_SUB_T,MSCS_ACT_2002,child,ACTIVE,act,Central,52,372,8,8,3,,,,t,Definitions,byelaws;management;multistate,
MSCS_ACT_2002_SEC_3_SUB_U,MSCS_ACT_2002,child,ACTIVE,act,Central,6,43,8,8,3,,,,u,Definitions,multistate,SHORT_COMPLETE_PROVISION
MSCS_ACT_2002_SEC_3_SUB_V,MSCS_ACT_2002,child,ACTIVE,act,Central,21,117,8,8,3,,,,v,Definitions,multistate,
MSCS_ACT_2002_SEC_3_SUB_W,MSCS_ACT_2002,child,ACTIVE,act,Central,9,48,8,8,3,,,,w,Definitions,multistate,SHORT_COMPLETE_PROVISION
MSCS_ACT_2002_SEC_4,MSCS_ACT_2002,child,ACTIVE,act,Central,147,922,8,9,4,,,,,Central Registrar,multistate;registrar;registration,
MSCS_ACT_2002_SEC_5,MSCS_ACT_2002,child,ACTIVE,act,Central,89,578,9,9,5,,,,,Multi-state cooperative societies which may be registered,byelaws;multistate,
MSCS_ACT_2002_SEC_6,MSCS_ACT_2002,child,ACTIVE,act,Central,264,1645,9,10,6,,,,,Application for registration,byelaws;multistate;registrar;registration,
MSCS_ACT_2002_SEC_7,MSCS_ACT_2002,child,ACTIVE,act,Central,267,1668,10,10,7,,,,,Registration,byelaws;multistate;registrar;registration,
MSCS_ACT_2002_SEC_8,MSCS_ACT_2002,child,ACTIVE,act,Central,54,359,10,10,8,,,,,Registration certificate,multistate;registrar;registration,
MSCS_ACT_2002_SEC_9,MSCS_ACT_2002,child,ACTIVE,act,Central,120,741,11,11,9,,,,,Multi-state cooperative society to be body corporate,multistate;registration,
MSCS_ACT_2002_SEC_10,MSCS_ACT_2002,parent,REFERENCE_ONLY,act,Central,520,3266,11,12,10,,,,,Bye-laws of multi-state cooperative societies,byelaws;documents;eligibility;meetings;membership;multistate,
MSCS_ACT_2002_SEC_10_SUB_1,MSCS_ACT_2002,child,ACTIVE,act,Central,21,138,11,11,10,1,,,,Bye-laws of multi-state cooperative societies,byelaws;multistate,
MSCS_ACT_2002_SEC_10_SUB_2,MSCS_ACT_2002,child,ACTIVE,act,Central,493,3075,11,12,10,2,,,,Bye-laws of multi-state cooperative societies,byelaws;documents;eligibility;meetings;membership;multistate,
MSCS_ACT_2002_SEC_11,MSCS_ACT_2002,parent,REFERENCE_ONLY,act,Central,627,3853,12,14,11,,,,,Amendment of bye-laws of a multi-state cooperative society,byelaws;meetings;multistate;registrar;registration;timeline,
MSCS_ACT_2002_SEC_11_SUB_1,MSCS_ACT_2002,child,ACTIVE,act,Central,23,143,12,12,11,1,,,,Amendment of bye-laws of a multi-state cooperative society,byelaws;multistate,
MSCS_ACT_2002_SEC_11_SUB_2,MSCS_ACT_2002,child,ACTIVE,act,Central,34,201,12,12,11,2,,,,Amendment of bye-laws of a multi-state cooperative society,byelaws;meetings;multistate,
MSCS_ACT_2002_SEC_11_SUB_3,MSCS_ACT_2002,child,ACTIVE,act,Central,22,129,12,12,11,3,,,,Amendment of bye-laws of a multi-state cooperative society,byelaws;multistate,
MSCS_ACT_2002_SEC_11_SUB_4,MSCS_ACT_2002,child,ACTIVE,act,Central,237,1439,13,13,11,4,,,,Amendment of bye-laws of a multi-state cooperative society,byelaws;meetings;multistate;registrar,
MSCS_ACT_2002_SEC_11_SUB_5,MSCS_ACT_2002,child,ACTIVE,act,Central,26,148,13,13,11,5,,,,Amendment of bye-laws of a multi-state cooperative society,byelaws;meetings;multistate;timeline,
MSCS_ACT_2002_SEC_11_SUB_6,MSCS_ACT_2002,child,ACTIVE,act,Central,40,240,13,13,11,6,,,,Amendment of bye-laws of a multi-state cooperative society,byelaws;multistate,
MSCS_ACT_2002_SEC_11_SUB_7,MSCS_ACT_2002,child,ACTIVE,act,Central,74,446,13,14,11,7,,,,Amendment of bye-laws of a multi-state cooperative society,byelaws;multistate;registrar,
MSCS_ACT_2002_SEC_11_SUB_8,MSCS_ACT_2002,child,ACTIVE,act,Central,50,318,14,14,11,8,,,,Amendment of bye-laws of a multi-state cooperative society,byelaws;multistate;registrar;registration,
MSCS_ACT_2002_SEC_11_SUB_9,MSCS_ACT_2002,child,ACTIVE,act,Central,112,709,14,14,11,9,,,,Amendment of bye-laws of a multi-state cooperative society,byelaws;multistate;registrar;registration;timeline,
MSCS_ACT_2002_SEC_12,MSCS_ACT_2002,child,ACTIVE,act,Central,42,242,14,14,12,,,,,When amendment of bye-laws comes into force,byelaws;multistate,
MSCS_ACT_2002_SEC_13,MSCS_ACT_2002,child,ACTIVE,act,Central,114,696,14,14,13,,,,,Change of name,multistate;registrar;registration,
MSCS_ACT_2002_SEC_14,MSCS_ACT_2002,child,ACTIVE,act,Central,31,202,15,15,14,,,,,Change of address,multistate,
MSCS_ACT_2002_SEC_15,MSCS_ACT_2002,child,ACTIVE,act,Central,197,1169,15,15,15,,,,,Publication of name by multi state cooperative society,multistate,
MSCS_ACT_2002_SEC_16,MSCS_ACT_2002,child,ACTIVE,act,Central,285,1755,15,16,16,,,,,Liability,byelaws;deposits;loans;multistate,
MSCS_ACT_2002_SEC_17,MSCS_ACT_2002,parent,REFERENCE_ONLY,act,Central,512,3205,16,17,17,,,,,"Amalgamation or transfer of assets and liabilities, or division of",byelaws;deposits;loans;meetings;multistate;registrar;registration,
MSCS_ACT_2002_SEC_17_SUB_1,MSCS_ACT_2002,child,ACTIVE,act,Central,74,463,16,16,17,1,,,,"Amalgamation or transfer of assets and liabilities, or division of",meetings;multistate,
MSCS_ACT_2002_SEC_17_SUB_2,MSCS_ACT_2002,child,ACTIVE,act,Central,44,271,16,16,17,2,,,,"Amalgamation or transfer of assets and liabilities, or division of",meetings;multistate,
MSCS_ACT_2002_SEC_17_SUB_3,MSCS_ACT_2002,child,ACTIVE,act,Central,31,193,16,16,17,3,,,,"Amalgamation or transfer of assets and liabilities, or division of",multistate,
MSCS_ACT_2002_SEC_17_SUB_4,MSCS_ACT_2002,child,ACTIVE,act,Central,77,457,16,16,17,4,,,,"Amalgamation or transfer of assets and liabilities, or division of",byelaws;deposits;loans;multistate,
MSCS_ACT_2002_SEC_17_SUB_5,MSCS_ACT_2002,child,ACTIVE,act,Central,31,186,17,17,17,5,,,,"Amalgamation or transfer of assets and liabilities, or division of",multistate,
MSCS_ACT_2002_SEC_17_SUB_6,MSCS_ACT_2002,child,ACTIVE,act,Central,63,405,17,17,17,6,,,,"Amalgamation or transfer of assets and liabilities, or division of",meetings;multistate,
MSCS_ACT_2002_SEC_17_SUB_7,MSCS_ACT_2002,child,ACTIVE,act,Central,88,536,17,17,17,7,,,,"Amalgamation or transfer of assets and liabilities, or division of",byelaws;multistate;registrar;registration,
MSCS_ACT_2002_SEC_17_SUB_8,MSCS_ACT_2002,child,ACTIVE,act,Central,36,219,17,17,17,8,,,,"Amalgamation or transfer of assets and liabilities, or division of",multistate,
MSCS_ACT_2002_SEC_17_SUB_9,MSCS_ACT_2002,child,ACTIVE,act,Central,54,353,17,17,17,9,,,,"Amalgamation or transfer of assets and liabilities, or division of",multistate,
MSCS_ACT_2002_SEC_18,MSCS_ACT_2002,child,ACTIVE,act,Central,94,577,17,17,18,,,,,Central Registrar to prepare scheme of amalgamation or,multistate;registrar,
MSCS_ACT_2002_SEC_19,MSCS_ACT_2002,child,ACTIVE,act,Central,235,1544,18,18,19,,,,,Promotion of subsidiary institution,governance;management;meetings;multistate,
MSCS_ACT_2002_SEC_20,MSCS_ACT_2002,child,ACTIVE,act,Central,144,888,18,19,20,,,,,Liability of a cooperative bank to deposit insurance and credit,deposits;multistate,
MSCS_ACT_2002_SEC_21,MSCS_ACT_2002,child,ACTIVE,act,Central,292,1922,19,19,21,,,,,Cancellation of registration certificate of multi-state cooperative,multistate;registration,
MSCS_ACT_2002_SEC_22,MSCS_ACT_2002,child,ACTIVE,act,Central,392,2483,19,20,22,,,,,Conversion of a cooperative society into a multi-state cooperative,byelaws;multistate;registrar;registration;timeline,
MSCS_ACT_2002_SEC_23,MSCS_ACT_2002,child,ACTIVE,act,Central,88,596,21,21,23,,,,,Registration of federal cooperative,meetings;multistate;registration,
MSCS_ACT_2002_SEC_24,MSCS_ACT_2002,child,ACTIVE,act,Central,219,1542,21,21,24,,,,,Functions of federal cooperative,byelaws;management;multistate,
MSCS_ACT_2002_SEC_25,MSCS_ACT_2002,child,ACTIVE,act,Central,335,2093,22,22,25,,,,,Persons who may become members,eligibility;membership;multistate;registrar;timeline,
MSCS_ACT_2002_SEC_26,MSCS_ACT_2002,child,ACTIVE,act,Central,69,418,23,23,26,,,,,Nominal or associate members of society,byelaws;management;meetings;multistate,
MSCS_ACT_2002_SEC_27,MSCS_ACT_2002,child,ACTIVE,act,Central,34,273,23,23,27,,,,,Educational course for members,multistate,
MSCS_ACT_2002_SEC_28,MSCS_ACT_2002,child,ACTIVE,act,Central,52,298,23,23,28,,,,,Members not to exercise rights till due payment made,byelaws;membership;multistate,
MSCS_ACT_2002_SEC_29,MSCS_ACT_2002,child,ACTIVE,act,Central,113,695,23,23,29,,,,,Disqualification for member of a multi-state cooperative society,byelaws;eligibility;meetings;multistate,
MSCS_ACT_2002_SEC_30,MSCS_ACT_2002,child,ACTIVE,act,Central,113,675,23,24,30,,,,,Expulsion of members,eligibility;meetings;multistate,
MSCS_ACT_2002_SEC_31,MSCS_ACT_2002,child,ACTIVE,act,Central,204,1233,24,24,31,,,,,Vote of members,byelaws;elections;meetings;membership;multistate,
MSCS_ACT_2002_SEC_32,MSCS_ACT_2002,child,ACTIVE,act,Central,82,511,24,24,32,,,,,Manner of Exercising Vote,multistate,
MSCS_ACT_2002_SEC_33,MSCS_ACT_2002,child,ACTIVE,act,Central,68,409,25,25,33,,,,,Restriction on holding of shares,byelaws;multistate,
MSCS_ACT_2002_SEC_34,MSCS_ACT_2002,child,ACTIVE,act,Central,40,234,25,25,34,,,,,Restriction on transfer of shares or interest,multistate,
MSCS_ACT_2002_SEC_35,MSCS_ACT_2002,child,ACTIVE,act,Central,93,547,25,25,35,,,,,Redemption of shares,byelaws;multistate,
MSCS_ACT_2002_SEC_36,MSCS_ACT_2002,child,ACTIVE,act,Central,210,1207,25,26,36,,,,,Transfer of interest on death of members,byelaws;multistate,
MSCS_ACT_2002_SEC_37,MSCS_ACT_2002,child,ACTIVE,act,Central,184,1015,26,26,37,,,,,Liabilities of past member and estate of deceased member,membership;multistate,
MSCS_ACT_2002_SEC_38,MSCS_ACT_2002,child,ACTIVE,act,Central,322,2044,26,27,38,,,,,"Constitution, powers and functions of general body",byelaws;management;meetings;multistate,
MSCS_ACT_2002_SEC_39,MSCS_ACT_2002,child,ACTIVE,act,Central,334,1985,27,28,39,,,,,Annual general meeting of general body,byelaws;elections;loans;meetings;multistate;registrar;timeline,
MSCS_ACT_2002_SEC_40,MSCS_ACT_2002,child,ACTIVE,act,Central,191,1096,28,28,40,,,,,Special general meeting of general body,byelaws;meetings;multistate;registrar,
MSCS_ACT_2002_SEC_41,MSCS_ACT_2002,child,ACTIVE,act,Central,150,924,28,29,41,,,,,Board of directors,byelaws;governance;meetings;multistate,
MSCS_ACT_2002_SEC_42,MSCS_ACT_2002,child,ACTIVE,act,Central,70,468,29,29,42,,,,,Association of employees in management decision making process,byelaws;management;multistate,
MSCS_ACT_2002_SEC_43,MSCS_ACT_2002,parent,REFERENCE_ONLY,act,Central,667,3743,29,31,43,,,,,Disqualifications for being a member of board,elections;eligibility;loans;meetings;multistate,
MSCS_ACT_2002_SEC_43_SUB_1,MSCS_ACT_2002,child,ACTIVE,act,Central,588,3280,29,30,43,1,,,,Disqualifications for being a member of board,elections;eligibility;loans;meetings;multistate,
MSCS_ACT_2002_SEC_43_SUB_2,MSCS_ACT_2002,child,ACTIVE,act,Central,71,410,30,31,43,2,,,,Disqualifications for being a member of board,elections;eligibility;meetings;multistate,
MSCS_ACT_2002_SEC_44,MSCS_ACT_2002,child,ACTIVE,act,Central,174,1037,31,31,44,,,,,Prohibition to hold office of chairperson or president or vice,elections;eligibility;multistate,
MSCS_ACT_2002_SEC_45,MSCS_ACT_2002,child,ACTIVE,act,Central,267,1553,31,32,45,,,,,Elections of members of board,byelaws;elections;eligibility;meetings;multistate;registrar;timeline,
MSCS_ACT_2002_SEC_46,MSCS_ACT_2002,child,ACTIVE,act,Central,44,287,32,32,46,,,,,Holding of office in cooperative society,eligibility;multistate,
MSCS_ACT_2002_SEC_47,MSCS_ACT_2002,child,ACTIVE,act,Central,95,547,32,32,47,,,,,Removal of elected members by general body,meetings;multistate;registrar,
MSCS_ACT_2002_SEC_48,MSCS_ACT_2002,child,ACTIVE,act,Central,346,2045,32,33,48,,,,,Nominee of Central Government or State Government on the board,loans;multistate,
MSCS_ACT_2002_SEC_49,MSCS_ACT_2002,child,ACTIVE,act,Central,236,1435,33,34,49,,,,,Powers and functions of board,byelaws;loans;membership;multistate,
MSCS_ACT_2002_SEC_50,MSCS_ACT_2002,child,ACTIVE,act,Central,124,692,34,34,50,,,,,Meeting of board,byelaws;meetings;multistate,
MSCS_ACT_2002_SEC_51,MSCS_ACT_2002,child,ACTIVE,act,Central,130,805,34,34,51,,,,,Chief Executive,multistate,
MSCS_ACT_2002_SEC_52,MSCS_ACT_2002,child,ACTIVE,act,Central,264,1787,35,35,52,,,,,Powers and functions of Chief Executive,byelaws;documents;management;meetings;multistate;timeline,
MSCS_ACT_2002_SEC_53,MSCS_ACT_2002,child,ACTIVE,act,Central,78,528,35,35,53,,,,,Committees of board,byelaws;multistate,
MSCS_ACT_2002_SEC_54,MSCS_ACT_2002,child,ACTIVE,act,Central,230,1350,36,36,54,,,,,"Securing possession of records, etc",meetings;multistate,
MSCS_ACT_2002_SEC_55,MSCS_ACT_2002,child,ACTIVE,act,Central,122,675,36,36,55,,,,,Charge and set-off in respect of share or contribution or interest of,deposits;multistate,
MSCS_ACT_2002_SEC_56,MSCS_ACT_2002,child,ACTIVE,act,Central,157,890,37,37,56,,,,,Share of contribution or interest not liable to attachment,byelaws;multistate,
MSCS_ACT_2002_SEC_57,MSCS_ACT_2002,child,ACTIVE,act,Central,62,351,37,37,57,,,,,Register of members,multistate,
MSCS_ACT_2002_SEC_58,MSCS_ACT_2002,child,ACTIVE,act,Central,180,1042,37,37,58,,,,,Admissibility of copy of entry as evidence,documents;multistate,
MSCS_ACT_2002_SEC_59,MSCS_ACT_2002,child,ACTIVE,act,Central,150,926,37,38,59,,,,,Exemption from compulsory registration of instruments,multistate;registration,
MSCS_ACT_2002_SEC_60,MSCS_ACT_2002,child,ACTIVE,act,Central,333,1890,38,38,60,,,,,Deduction from salary to meet multi-state cooperative society’s,multistate;reporting,
MSCS_ACT_2002_SEC_61,MSCS_ACT_2002,child,ACTIVE,act,Central,167,1112,39,39,61,,,,,Government aid to multi-state cooperative societies,loans;multistate,
MSCS_ACT_2002_SEC_62,MSCS_ACT_2002,child,ACTIVE,act,Central,268,1701,39,40,62,,,,,Funds not to be divided by way of profit,byelaws;deposits;loans;multistate,
MSCS_ACT_2002_SEC_63,MSCS_ACT_2002,child,ACTIVE,act,Central,208,1246,40,40,63,,,,,Disposal of net profits,byelaws;meetings;multistate,
MSCS_ACT_2002_SEC_64,MSCS_ACT_2002,child,ACTIVE,act,Central,222,1315,40,41,64,,,,,Investment of funds,byelaws;deposits;multistate,
MSCS_ACT_2002_SEC_65,MSCS_ACT_2002,child,ACTIVE,act,Central,38,245,41,41,65,,,,,Restriction on contribution,multistate,
MSCS_ACT_2002_SEC_66,MSCS_ACT_2002,child,ACTIVE,act,Central,59,353,41,41,66,,,,,Restriction on loans,deposits;loans;multistate,
MSCS_ACT_2002_SEC_67,MSCS_ACT_2002,child,ACTIVE,act,Central,163,1052,41,42,67,,,,,Restrictions on borrowing,byelaws;deposits;loans;multistate,
MSCS_ACT_2002_SEC_68,MSCS_ACT_2002,child,ACTIVE,act,Central,46,287,42,42,68,,,,,Restrictions on other transactions with non-members,byelaws;multistate,
MSCS_ACT_2002_SEC_69,MSCS_ACT_2002,child,ACTIVE,act,Central,129,796,42,42,69,,,,,Contributory provident fund,byelaws;multistate,
MSCS_ACT_2002_SEC_70,MSCS_ACT_2002,parent,REFERENCE_ONLY,act,Central,656,4064,42,44,70,,,,,Appointment and remuneration of auditors,meetings;multistate;registrar;registration;reporting;timeline,
MSCS_ACT_2002_SEC_70_SUB_1,MSCS_ACT_2002,child,ACTIVE,act,Central,26,155,42,42,70,1,,,,Appointment and remuneration of auditors,multistate,
MSCS_ACT_2002_SEC_70_SUB_2,MSCS_ACT_2002,child,ACTIVE,act,Central,83,525,43,43,70,2,,,,Appointment and remuneration of auditors,meetings;multistate;registrar;reporting;timeline,
MSCS_ACT_2002_SEC_70_SUB_3,MSCS_ACT_2002,child,ACTIVE,act,Central,41,271,43,43,70,3,,,,Appointment and remuneration of auditors,multistate;registrar;reporting,
MSCS_ACT_2002_SEC_70_SUB_4,MSCS_ACT_2002,child,ACTIVE,act,Central,111,665,43,43,70,4,,,,Appointment and remuneration of auditors,meetings;multistate,
MSCS_ACT_2002_SEC_70_SUB_5,MSCS_ACT_2002,child,ACTIVE,act,Central,24,146,43,43,70,5,,,,Appointment and remuneration of auditors,meetings;multistate;registrar,
MSCS_ACT_2002_SEC_70_SUB_6,MSCS_ACT_2002,child,ACTIVE,act,Central,150,911,43,44,70,6,,,,Appointment and remuneration of auditors,meetings;multistate;registration,
MSCS_ACT_2002_SEC_70_SUB_7,MSCS_ACT_2002,child,ACTIVE,act,Central,79,483,44,44,70,7,,,,Appointment and remuneration of auditors,meetings;multistate,
MSCS_ACT_2002_SEC_70_SUB_8,MSCS_ACT_2002,child,ACTIVE,act,Central,26,161,44,44,70,8,,,,Appointment and remuneration of auditors,meetings;multistate,
MSCS_ACT_2002_SEC_70_SUB_9,MSCS_ACT_2002,child,ACTIVE,act,Central,103,630,44,44,70,9,,,,Appointment and remuneration of auditors,meetings;multistate;registrar,
MSCS_ACT_2002_SEC_71,MSCS_ACT_2002,child,ACTIVE,act,Central,241,1514,44,45,71,,,,,Provision as to resolutions for appointing or removing auditors,meetings;multistate,
MSCS_ACT_2002_SEC_72,MSCS_ACT_2002,child,ACTIVE,act,Central,213,1333,45,45,72,,,,,Qualifications and disqualifications of auditors,multistate,
MSCS_ACT_2002_SEC_73,MSCS_ACT_2002,parent,REFERENCE_ONLY,act,Central,593,3577,45,47,73,,,,,Powers and duties of auditors,documents;loans;meetings;multistate,
MSCS_ACT_2002_SEC_73_SUB_1,MSCS_ACT_2002,child,ACTIVE,act,Central,77,485,45,46,73,1,,,,Powers and duties of auditors,multistate,
MSCS_ACT_2002_SEC_73_SUB_2,MSCS_ACT_2002,child,ACTIVE,act,Central,154,980,46,46,73,2,,,,Powers and duties of auditors,loans;multistate,
MSCS_ACT_2002_SEC_73_SUB_3,MSCS_ACT_2002,child,ACTIVE,act,Central,155,881,46,46,73,3,,,,Powers and duties of auditors,documents;meetings;multistate,
MSCS_ACT_2002_SEC_73_SUB_4,MSCS_ACT_2002,child,ACTIVE,act,Central,154,936,46,47,73,4,,,,Powers and duties of auditors,multistate,
MSCS_ACT_2002_SEC_73_SUB_5,MSCS_ACT_2002,child,ACTIVE,act,Central,47,252,47,47,73,5,,,,Powers and duties of auditors,multistate,
MSCS_ACT_2002_SEC_74,MSCS_ACT_2002,child,ACTIVE,act,Central,46,290,47,47,74,,,,,Signature of audit report etc,documents;multistate,
MSCS_ACT_2002_SEC_75,MSCS_ACT_2002,child,ACTIVE,act,Central,36,234,47,47,75,,,,,Reading and inspection of auditor’s report,meetings;multistate,
MSCS_ACT_2002_SEC_76,MSCS_ACT_2002,child,ACTIVE,act,Central,84,506,47,47,76,,,,,Right of auditor to attend general meeting,meetings;multistate,
MSCS_ACT_2002_SEC_77,MSCS_ACT_2002,parent,REFERENCE_ONLY,act,Central,604,3693,47,49,77,,,,,Power of Central Government to direct special audit in certain,meetings;multistate,
MSCS_ACT_2002_SEC_77_SUB_1,MSCS_ACT_2002,child,ACTIVE,act,Central,223,1371,47,48,77,1,,,,Power of Central Government to direct special audit in certain,multistate,
MSCS_ACT_2002_SEC_77_SUB_2,MSCS_ACT_2002,child,ACTIVE,act,Central,32,215,48,48,77,2,,,,Power of Central Government to direct special audit in certain,multistate,
MSCS_ACT_2002_SEC_77_SUB_3,MSCS_ACT_2002,child,ACTIVE,act,Central,55,335,48,48,77,3,,,,Power of Central Government to direct special audit in certain,multistate,
MSCS_ACT_2002_SEC_77_SUB_4,MSCS_ACT_2002,child,ACTIVE,act,Central,53,295,48,48,77,4,,,,Power of Central Government to direct special audit in certain,multistate,
MSCS_ACT_2002_SEC_77_SUB_5,MSCS_ACT_2002,child,ACTIVE,act,Central,47,283,48,48,77,5,,,,Power of Central Government to direct special audit in certain,multistate,
MSCS_ACT_2002_SEC_77_SUB_6,MSCS_ACT_2002,child,ACTIVE,act,Central,123,726,48,49,77,6,,,,Power of Central Government to direct special audit in certain,meetings;multistate,
MSCS_ACT_2002_SEC_77_SUB_7,MSCS_ACT_2002,child,ACTIVE,act,Central,59,382,49,49,77,7,,,,Power of Central Government to direct special audit in certain,multistate,
MSCS_ACT_2002_SEC_78,MSCS_ACT_2002,child,ACTIVE,act,Central,427,2520,49,50,78,,,,,Inquiry by Central Registrar,byelaws;documents;meetings;multistate;registrar,
MSCS_ACT_2002_SEC_79,MSCS_ACT_2002,child,ACTIVE,act,Central,296,1810,50,51,79,,,,,Inspection of multi-state cooperative societies,meetings;multistate;registrar,
MSCS_ACT_2002_SEC_80,MSCS_ACT_2002,child,ACTIVE,act,Central,125,778,51,51,80,,,,,Inspection of books of indebted multi-state cooperative societies,deposits;multistate;registrar,
MSCS_ACT_2002_SEC_81,MSCS_ACT_2002,child,ACTIVE,act,Central,125,736,51,51,81,,,,,Costs of inquiry and inspection,multistate;registrar,
MSCS_ACT_2002_SEC_82,MSCS_ACT_2002,child,ACTIVE,act,Central,60,346,51,51,82,,,,,Recovery of costs,multistate,
MSCS_ACT_2002_SEC_83,MSCS_ACT_2002,child,ACTIVE,act,Central,316,1761,52,52,83,,,,,"Repayment, etc",byelaws;management;multistate;registrar,
MSCS_ACT_2002_SEC_84,MSCS_ACT_2002,parent,REFERENCE_ONLY,act,Central,496,3159,52,53,84,,,,,Reference of disputes,elections;management;multistate;registrar,
MSCS_ACT_2002_SEC_84_SUB_1,MSCS_ACT_2002,child,ACTIVE,act,Central,219,1479,52,53,84,1,,,,Reference of disputes,management;multistate,
MSCS_ACT_2002_SEC_84_SUB_2,MSCS_ACT_2002,child,ACTIVE,act,Central,139,819,53,53,84,2,,,,Reference of disputes,elections;management;multistate,
MSCS_ACT_2002_SEC_84_SUB_3,MSCS_ACT_2002,child,ACTIVE,act,Central,50,303,53,53,84,3,,,,Reference of disputes,management;multistate,
MSCS_ACT_2002_SEC_84_SUB_4,MSCS_ACT_2002,child,ACTIVE,act,Central,29,173,53,53,84,4,,,,Reference of disputes,multistate;registrar,
MSCS_ACT_2002_SEC_84_SUB_5,MSCS_ACT_2002,child,ACTIVE,act,Central,50,314,53,53,84,5,,,,Reference of disputes,multistate,
MSCS_ACT_2002_SEC_85,MSCS_ACT_2002,child,ACTIVE,act,Central,268,1540,54,54,85,,,,,Limitation,elections;multistate,
MSCS_ACT_2002_SEC_86,MSCS_ACT_2002,child,ACTIVE,act,Central,340,2065,54,55,86,,,,,Winding up of multi-state cooperative societies,meetings;multistate;registrar;registration,
MSCS_ACT_2002_SEC_87,MSCS_ACT_2002,child,ACTIVE,act,Central,64,389,55,55,87,,,,,Winding up of cooperative bank at the direction of Reserve Bank,deposits;multistate;registrar,
MSCS_ACT_2002_SEC_88,MSCS_ACT_2002,child,ACTIVE,act,Central,88,543,55,55,88,,,,,Reimbursement to the Deposit Insurance Corporation by liquidator,deposits;multistate,
MSCS_ACT_2002_SEC_89,MSCS_ACT_2002,child,ACTIVE,act,Central,228,1385,55,56,89,,,,,Liquidator,appeal;multistate;registrar,
MSCS_ACT_2002_SEC_90,MSCS_ACT_2002,parent,REFERENCE_ONLY,act,Central,602,3575,56,57,90,,,,,Powers of liquidator,claim;deposits;multistate;registrar,
MSCS_ACT_2002_SEC_90_SUB_1,MSCS_ACT_2002,child,ACTIVE,act,Central,63,349,56,56,90,1,,,,Powers of liquidator,multistate,
MSCS_ACT_2002_SEC_90_SUB_2,MSCS_ACT_2002,child,ACTIVE,act,Central,496,2968,56,57,90,2,,,,Powers of liquidator,claim;multistate;registrar,
MSCS_ACT_2002_SEC_90_SUB_3,MSCS_ACT_2002,child,ACTIVE,act,Central,39,228,57,57,90,3,,,,Powers of liquidator,deposits;multistate;registrar,
MSCS_ACT_2002_SEC_91,MSCS_ACT_2002,child,ACTIVE,act,Central,95,579,58,58,91,,,,,Disposal of surplus assets,byelaws;multistate;registrar,
MSCS_ACT_2002_SEC_92,MSCS_ACT_2002,child,ACTIVE,act,Central,50,331,58,58,92,,,,,Priority of contributions assessed by liquidator,multistate,
MSCS_ACT_2002_SEC_93,MSCS_ACT_2002,child,ACTIVE,act,Central,98,617,58,58,93,,,,,Power of Central Registrar to cancel registration of a multi-state,multistate;registrar;registration,
MSCS_ACT_2002_SEC_94,MSCS_ACT_2002,child,ACTIVE,act,Central,293,1600,58,59,94,,,,,"Execution of decisions, etc",multistate;registrar,
MSCS_ACT_2002_SEC_95,MSCS_ACT_2002,child,ACTIVE,act,Central,36,203,59,59,95,,,,,Execution of orders of liquidators,multistate,
MSCS_ACT_2002_SEC_96,MSCS_ACT_2002,child,ACTIVE,act,Central,125,720,59,59,96,,,,,Attachment before award,multistate,
MSCS_ACT_2002_SEC_97,MSCS_ACT_2002,child,ACTIVE,act,Central,96,540,60,60,97,,,,,Central Registrar or arbitrator or person authorised to be civil court,multistate;registrar,
MSCS_ACT_2002_SCHEDULE_099,MSCS_ACT_2002,child,ACTIVE,act,Central,187,1089,60,60,,,,,,"Schedule to the Limitation Act, 1963 (36 of 1963).",multistate;registrar,
MSCS_ACT_2002_SEC_99,MSCS_ACT_2002,child,ACTIVE,act,Central,307,1874,60,61,99,,,,,Appeals,appeal;byelaws;membership;multistate;registrar;timeline,
MSCS_ACT_2002_SEC_100,MSCS_ACT_2002,child,ACTIVE,act,Central,78,454,61,61,100,,,,,No appeal in certain cases,appeal;multistate,
MSCS_ACT_2002_SEC_101,MSCS_ACT_2002,child,ACTIVE,act,Central,179,1034,61,62,101,,,,,Review,multistate;timeline,
MSCS_ACT_2002_SEC_102,MSCS_ACT_2002,child,ACTIVE,act,Central,46,278,62,62,102,,,,,Interlocutory orders,appeal;multistate,
MSCS_ACT_2002_SEC_103,MSCS_ACT_2002,parent,REFERENCE_ONLY,act,Central,578,3648,62,63,103,,,,,Cooperative societies functioning immediately before,byelaws;meetings;multistate;registrar,
MSCS_ACT_2002_SEC_103_SUB_1,MSCS_ACT_2002,child,ACTIVE,act,Central,106,641,62,62,103,1,,,,Cooperative societies functioning immediately before,byelaws;multistate,
MSCS_ACT_2002_SEC_103_SUB_2,MSCS_ACT_2002,child,ACTIVE,act,Central,169,1052,62,63,103,2,,,,Cooperative societies functioning immediately before,meetings;multistate;registrar,
MSCS_ACT_2002_SEC_103_SUB_3,MSCS_ACT_2002,child,ACTIVE,act,Central,88,540,63,63,103,3,,,,Cooperative societies functioning immediately before,byelaws;meetings;multistate;registrar,
MSCS_ACT_2002_SEC_103_SUB_4,MSCS_ACT_2002,child,ACTIVE,act,Central,110,665,63,63,103,4,,,,Cooperative societies functioning immediately before,multistate;registrar,
MSCS_ACT_2002_SEC_103_SUB_5,MSCS_ACT_2002,child,ACTIVE,act,Central,83,547,63,63,103,5,,,,Cooperative societies functioning immediately before,meetings;multistate,
MSCS_ACT_2002_SEC_104,MSCS_ACT_2002,parent,REFERENCE_ONLY,act,Central,574,3348,64,65,104,,,,,Offences and penalties,documents;elections;multistate;timeline,
MSCS_ACT_2002_SEC_104_SUB_1,MSCS_ACT_2002,child,ACTIVE,act,Central,88,548,64,64,104,1,,,,Offences and penalties,multistate,
MSCS_ACT_2002_SEC_104_SUB_2,MSCS_ACT_2002,child,ACTIVE,act,Central,72,406,64,64,104,2,,,,Offences and penalties,multistate;timeline,
MSCS_ACT_2002_SEC_104_SUB_3,MSCS_ACT_2002,child,ACTIVE,act,Central,102,594,64,64,104,3,,,,Offences and penalties,documents;multistate,
MSCS_ACT_2002_SEC_104_SUB_4,MSCS_ACT_2002,child,ACTIVE,act,Central,303,1729,64,65,104,4,,,,Offences and penalties,documents;elections;multistate,
MSCS_ACT_2002_SEC_105,MSCS_ACT_2002,child,ACTIVE,act,Central,64,382,65,65,105,,,,,Cognizance of offences,complaint;multistate;registrar,
MSCS_ACT_2002_SEC_106,MSCS_ACT_2002,child,ACTIVE,act,Central,51,299,65,65,106,,,,,"Copies of bye-laws, etc, to be open to inspection",byelaws;multistate,
MSCS_ACT_2002_SEC_107,MSCS_ACT_2002,child,ACTIVE,act,Central,141,892,65,66,107,,,,,"Place of keeping and inspection of, registers and returns",documents;multistate;registration,
MSCS_ACT_2002_SEC_108,MSCS_ACT_2002,parent,REFERENCE_ONLY,act,Central,493,2984,66,67,108,,,,,"Inspection of books of account, etc., of multi-state cooperative",documents;meetings;multistate;registrar,
MSCS_ACT_2002_SEC_108_SUB_1,MSCS_ACT_2002,child,ACTIVE,act,Central,76,463,66,66,108,1,,,,"Inspection of books of account, etc., of multi-state cooperative",multistate;registrar,
MSCS_ACT_2002_SEC_108_SUB_2,MSCS_ACT_2002,child,ACTIVE,act,Central,84,491,66,66,108,2,,,,"Inspection of books of account, etc., of multi-state cooperative",multistate,
MSCS_ACT_2002_SEC_108_SUB_3,MSCS_ACT_2002,child,ACTIVE,act,Central,47,300,66,66,108,3,,,,"Inspection of books of account, etc., of multi-state cooperative",multistate,
MSCS_ACT_2002_SEC_108_SUB_4,MSCS_ACT_2002,child,ACTIVE,act,Central,53,299,66,67,108,4,,,,"Inspection of books of account, etc., of multi-state cooperative",multistate,
MSCS_ACT_2002_SEC_108_SUB_5,MSCS_ACT_2002,child,ACTIVE,act,Central,127,756,67,67,108,5,,,,"Inspection of books of account, etc., of multi-state cooperative",documents;multistate;registrar,
MSCS_ACT_2002_SEC_108_SUB_6,MSCS_ACT_2002,child,ACTIVE,act,Central,95,586,67,67,108,6,,,,"Inspection of books of account, etc., of multi-state cooperative",meetings;multistate;registrar,
MSCS_ACT_2002_SEC_110,MSCS_ACT_2002,child,ACTIVE,act,Central,414,2384,67,68,110,,,,,Minutes of proceedings of general meetings and of board and other,meetings;multistate;timeline,
MSCS_ACT_2002_SEC_111,MSCS_ACT_2002,child,ACTIVE,act,Central,25,156,68,68,111,,,,,Minutes to be evidence,meetings;multistate,
MSCS_ACT_2002_SEC_112,MSCS_ACT_2002,child,ACTIVE,act,Central,93,541,68,69,112,,,,,Presumptions to be drawn where minutes duly and signed,meetings;multistate,
MSCS_ACT_2002_SEC_113,MSCS_ACT_2002,child,ACTIVE,act,Central,52,317,69,69,113,,,,,Inspection of minutes book of general meetings,meetings;multistate,
MSCS_ACT_2002_SEC_114,MSCS_ACT_2002,child,ACTIVE,act,Central,39,216,69,69,114,,,,,Liquidator to be public servant,multistate,
MSCS_ACT_2002_SEC_115,MSCS_ACT_2002,child,ACTIVE,act,Central,95,559,69,69,115,,,,,Notice necessary in suits,management;multistate;registrar,
MSCS_ACT_2002_SEC_116,MSCS_ACT_2002,child,ACTIVE,act,Central,106,674,69,69,116,,,,,Power to amend Second Schedule,multistate,
MSCS_ACT_2002_SEC_117,MSCS_ACT_2002,child,ACTIVE,act,Central,136,811,69,70,117,,,,,Bar of jurisdiction of courts,byelaws;multistate;registrar;registration,
MSCS_ACT_2002_SEC_118,MSCS_ACT_2002,child,ACTIVE,act,Central,48,282,70,70,118,,,,,Indemnity,multistate;registrar,
MSCS_ACT_2002_SEC_119,MSCS_ACT_2002,child,ACTIVE,act,Central,43,270,70,70,119,,,,,Opening of branches,multistate,
MSCS_ACT_2002_SEC_120,MSCS_ACT_2002,child,ACTIVE,act,Central,99,633,70,70,120,,,,,Filing of returns,byelaws;elections;meetings;multistate;registrar,
MSCS_ACT_2002_SEC_121,MSCS_ACT_2002,child,ACTIVE,act,Central,77,487,70,71,121,,,,,Certain Acts not to apply,multistate,
MSCS_ACT_2002_SEC_122,MSCS_ACT_2002,child,ACTIVE,act,Central,153,1029,71,71,122,,,,,Central Government’s power to give directions to specified multi,management;multistate,
MSCS_ACT_2002_SEC_123,MSCS_ACT_2002,parent,REFERENCE_ONLY,act,Central,515,3141,71,72,123,,,,,Supersession of board of specified multi-state cooperative society,byelaws;management;multistate,
MSCS_ACT_2002_SEC_123_SUB_1,MSCS_ACT_2002,child,ACTIVE,act,Central,214,1229,71,71,123,1,,,,Supersession of board of specified multi-state cooperative society,byelaws;multistate,
MSCS_ACT_2002_SEC_123_SUB_2,MSCS_ACT_2002,child,ACTIVE,act,Central,32,199,71,71,123,2,,,,Supersession of board of specified multi-state cooperative society,multistate,
MSCS_ACT_2002_SEC_123_SUB_3,MSCS_ACT_2002,child,ACTIVE,act,Central,62,346,72,72,123,3,,,,Supersession of board of specified multi-state cooperative society,multistate,
MSCS_ACT_2002_SEC_123_SUB_4,MSCS_ACT_2002,child,ACTIVE,act,Central,38,243,72,72,123,4,,,,Supersession of board of specified multi-state cooperative society,byelaws;multistate,
MSCS_ACT_2002_SEC_123_SUB_5,MSCS_ACT_2002,child,ACTIVE,act,Central,86,534,72,72,123,5,,,,Supersession of board of specified multi-state cooperative society,byelaws;management;multistate,
MSCS_ACT_2002_SEC_123_SUB_6,MSCS_ACT_2002,child,ACTIVE,act,Central,74,507,72,72,123,6,,,,Supersession of board of specified multi-state cooperative society,multistate,
MSCS_ACT_2002_SEC_124,MSCS_ACT_2002,parent,REFERENCE_ONLY,act,Central,725,4337,72,74,124,,,,,Power to make rules,byelaws;elections;meetings;multistate;registrar;registration,
MSCS_ACT_2002_SEC_124_SUB_1,MSCS_ACT_2002,child,ACTIVE,act,Central,17,101,72,72,124,1,,,,Power to make rules,multistate,SHORT_COMPLETE_PROVISION
MSCS_ACT_2002_SEC_124_SUB_2,MSCS_ACT_2002,child,ACTIVE,act,Central,583,3537,72,74,124,2,,,,Power to make rules,byelaws;elections;meetings;multistate;registrar;registration,
MSCS_ACT_2002_SEC_124_SUB_3,MSCS_ACT_2002,child,ACTIVE,act,Central,120,669,74,74,124,3,,,,Power to make rules,multistate,
MSCS_ACT_2002_SEC_125,MSCS_ACT_2002,child,ACTIVE,act,Central,97,561,74,74,125,,,,,Power to remove difficulties,multistate,
MSCS_ACT_2002_SEC_126,MSCS_ACT_2002,child,ACTIVE,act,Central,414,2571,74,75,126,,,,,Repeal and saving,byelaws;multistate;registrar;registration,
MSCS_ACT_2002_SCHEDULE_127,MSCS_ACT_2002,child,ACTIVE,act,Central,280,2077,76,76,,,,,,The First Schedule,membership;multistate,
MSCS_ACT_2002_SCHEDULE_128,MSCS_ACT_2002,child,ACTIVE,act,Central,203,1545,77,77,,,,,,The Second Schedule,multistate,
MSCS_AMD_2023_DOC,MSCS_AMD_2023,parent,REFERENCE_ONLY,amendment,Central,4,30,1,23,,,,,,,multistate,CONTEXT_PARENT;DUPLICATE_TEXT;SHORT_CONTEXT_PARENT
MSCS_AMD_2023_CONTEXT_001,MSCS_AMD_2023,child,REFERENCE_ONLY,amendment,Central,117,781,1,1,,,,,,,multistate,
MSCS_AMD_2023_BACKGROUND_ENGLISH_NOTICE,MSCS_AMD_2023,child,REFERENCE_ONLY,amendment,Central,122,903,1,2,,,,,,MINISTRY OF COOPERATION,multistate,
MSCS_AMD_2023_CONTEXT_003,MSCS_AMD_2023,child,ACTIVE,amendment,Central,151,906,2,2,,,,,,,multistate,STRUCTURE_UNCERTAIN
MSCS_AMD_2023_ITEM_1,MSCS_AMD_2023,child,ACTIVE,amendment,Central,78,471,2,2,,,,,,(1) This Act may be called the Multi-State Co-operative Societies (Amendment) Short title and,multistate,
MSCS_AMD_2023_ITEM_2,MSCS_AMD_2023,child,REVIEW,amendment,Central,226,1444,2,3,,,,,,"In section 3 of the Multi-State Co-operative Societies Act, 2002 (hereinafter referred",elections;multistate;ombudsman;registrar,MULTIPLE_AMENDMENT_ACTIONS
MSCS_AMD_2023_ITEM_3,MSCS_AMD_2023,child,ACTIVE,amendment,Central,414,2632,3,4,,,,,,"In section 7 of the principal Act, for sub-sections (2) and (3), the following",byelaws;multistate;registrar;registration,
MSCS_AMD_2023_ITEM_4,MSCS_AMD_2023,child,ACTIVE,amendment,Central,33,205,4,4,,,,,,"In section 10 of the principal Act, in sub-section (2), in clause (a), for the word Amendment",multistate,
MSCS_AMD_2023_ITEM_5,MSCS_AMD_2023,child,ACTIVE,amendment,Central,41,268,4,4,,,,,,"In section 14 of the principal Act,",multistate,
MSCS_AMD_2023_ITEM_6,MSCS_AMD_2023,child,ACTIVE,amendment,Central,90,582,4,4,,,,,,"In section 17 of the principal Act, after sub-section (9), the following sub-section Amendment of",meetings;multistate,
MSCS_AMD_2023_ITEM_7,MSCS_AMD_2023,child,ACTIVE,amendment,Central,38,219,4,4,,,,,,"In section 19 of the principal Act, in the Explanation, in clause (a),",multistate,
MSCS_AMD_2023_ITEM_8,MSCS_AMD_2023,child,ACTIVE,amendment,Central,82,506,4,4,,,,,,"In section 22 of the principal Act, in sub-section (5), for clause (c), the following Amendment of",multistate;registrar,
MSCS_AMD_2023_ITEM_9,MSCS_AMD_2023,child,REVIEW,amendment,Central,116,708,4,4,,,,,,"In section 26 of the principal Act,",management;meetings;multistate,MULTIPLE_AMENDMENT_ACTIONS
MSCS_AMD_2023_ITEM_10,MSCS_AMD_2023,child,ACTIVE,amendment,Central,57,344,4,4,,,,,,"In section 28 of the principal Act, for the words “to the society in respect of Amendment of",byelaws;membership;multistate,
MSCS_AMD_2023_ITEM_11,MSCS_AMD_2023,child,ACTIVE,amendment,Central,45,263,4,4,,,,,,,byelaws;multistate,
MSCS_AMD_2023_ITEM_12,MSCS_AMD_2023,child,ACTIVE,amendment,Central,30,170,4,5,,,,,,"In section 30 of the principal Act, in sub-section (2), for the words “one year”, the Amendment of",multistate,
MSCS_AMD_2023_ITEM_13,MSCS_AMD_2023,child,ACTIVE,amendment,Central,170,1045,5,5,,,,,,,byelaws;multistate,
MSCS_AMD_2023_ITEM_14,MSCS_AMD_2023,child,ACTIVE,amendment,Central,29,185,5,5,,,,,,"In section 39 of the principal Act, in sub-section (1), after clause (o), the following",multistate,
MSCS_AMD_2023_ITEM_15,MSCS_AMD_2023,child,ACTIVE,amendment,Central,458,2907,5,6,,,,,,"In section 41 of the principal Act, for sub-section (3), the following sub-sections",byelaws;elections;eligibility;management;meetings;multistate,
MSCS_AMD_2023_ITEM_16,MSCS_AMD_2023,child,REVIEW,amendment,Central,386,2417,6,7,,,,,,"In section 43 of the principal Act,",documents;elections;eligibility;meetings;multistate;registrar,MULTIPLE_AMENDMENT_ACTIONS
MSCS_AMD_2023_ITEM_17,MSCS_AMD_2023,child,ACTIVE,amendment,Central,1894,11643,7,10,,,,,,,byelaws;documents;elections;eligibility;meetings;multistate,LONG_CHUNK_NO_SAFE_SPLIT
MSCS_AMD_2023_ITEM_18,MSCS_AMD_2023,child,ACTIVE,amendment,Central,114,745,10,11,,,,,,"In section 49 of the principal Act, in sub-section (2),",elections;multistate,
MSCS_AMD_2023_ITEM_19,MSCS_AMD_2023,child,REVIEW,amendment,Central,194,1205,11,11,,,,,,"In section 50 of the principal Act,",governance;meetings;multistate,MULTIPLE_AMENDMENT_ACTIONS
MSCS_AMD_2023_ITEM_20,MSCS_AMD_2023,child,ACTIVE,amendment,Central,187,1143,11,11,,,,,,"In section 51 of the principal Act, after sub-section (1), the following sub-section",multistate;registrar,
MSCS_AMD_2023_ITEM_21,MSCS_AMD_2023,child,ACTIVE,amendment,Central,27,160,11,11,,,,,,"In section 52 of the principal Act, in clause (j), for the words “thirty days”, the",multistate,
MSCS_AMD_2023_ITEM_22,MSCS_AMD_2023,child,ACTIVE,amendment,Central,73,477,11,12,,,,,,"In section 53 of the principal Act, for sub-section (1), the following sub-section",byelaws;multistate,
MSCS_AMD_2023_ITEM_23,MSCS_AMD_2023,child,ACTIVE,amendment,Central,88,536,12,12,,,,,,"In section 63 of the principal Act, in sub-section (1), for clause (b), the following Amendment",multistate,
MSCS_AMD_2023_ITEM_24,MSCS_AMD_2023,child,ACTIVE,amendment,Central,583,3801,12,13,,,,,,,management;multistate;registrar,
MSCS_AMD_2023_ITEM_25,MSCS_AMD_2023,child,REVIEW,amendment,Central,194,1248,13,13,,,,,,"In section 64 of the principal Act,",multistate,MULTIPLE_AMENDMENT_ACTIONS
MSCS_AMD_2023_ITEM_26,MSCS_AMD_2023,child,ACTIVE,amendment,Central,39,231,13,13,,,,,,"In section 67 of the principal Act, in sub-section (1), in the first proviso, for the",multistate,
MSCS_AMD_2023_ITEM_27,MSCS_AMD_2023,child,REVIEW,amendment,Central,231,1501,13,14,,,,,,"In section 70 of the principal Act,",deposits;multistate;registrar,MULTIPLE_AMENDMENT_ACTIONS
MSCS_AMD_2023_ITEM_28,MSCS_AMD_2023,child,ACTIVE,amendment,Central,80,511,14,14,,,,,,,deposits;multistate;registrar,
MSCS_AMD_2023_ITEM_29,MSCS_AMD_2023,child,ACTIVE,amendment,Central,129,847,14,14,,,,,,"In section 73 of the principal Act, after sub-section (5), the following sub-section Amendment",multistate,
MSCS_AMD_2023_ITEM_30,MSCS_AMD_2023,child,ACTIVE,amendment,Central,532,3374,14,15,,,,,,"In section 78 of the principal Act, after sub-section (1), the following sub-sections Amendment",appeal;complaint;deposits;documents;multistate;ombudsman;registrar,
MSCS_AMD_2023_ITEM_32,MSCS_AMD_2023,child,REVIEW,amendment,Central,288,1897,15,16,,,,,,"In section 86 of the principal Act,",loans;multistate;registrar;registration,MULTIPLE_AMENDMENT_ACTIONS
MSCS_AMD_2023_ITEM_33,MSCS_AMD_2023,child,ACTIVE,amendment,Central,34,194,16,16,,,,,,"In section 94 of the principal Act, in the opening paragraph, after the words and Amendment of",multistate,
MSCS_AMD_2023_ITEM_34,MSCS_AMD_2023,child,ACTIVE,amendment,Central,87,604,16,16,,,,,,"In section 98 of the principal Act, after sub-section (2), the following sub-section Amendment of",elections;multistate;registrar,
MSCS_AMD_2023_ITEM_35,MSCS_AMD_2023,child,ACTIVE,amendment,Central,158,982,16,16,,,,,,,deposits;multistate;registrar,
MSCS_AMD_2023_ITEM_36,MSCS_AMD_2023,child,ACTIVE,amendment,Central,112,769,16,17,,,,,,"In section 103 of the principal Act, in sub-section (1), the following provisos Amendment of",multistate;registrar;registration,
MSCS_AMD_2023_ITEM_37,MSCS_AMD_2023,child,REVIEW,amendment,Central,502,3061,17,18,,,,,,"In section 104 of the principal Act,",byelaws;documents;elections;governance;multistate,MULTIPLE_AMENDMENT_ACTIONS
MSCS_AMD_2023_ITEM_38,MSCS_AMD_2023,child,ACTIVE,amendment,Central,56,320,18,18,,,,,,,multistate,
MSCS_AMD_2023_ITEM_39,MSCS_AMD_2023,child,ACTIVE,amendment,Central,226,1488,18,18,,,,,,,appeal;byelaws;management;multistate;ombudsman;timeline,
MSCS_AMD_2023_ITEM_40,MSCS_AMD_2023,child,ACTIVE,amendment,Central,46,278,18,18,,,,,,"In section 108 of the principal Act, in sub-section (1), in clause (i), after the words Amendment",multistate;registrar,
MSCS_AMD_2023_ITEM_41,MSCS_AMD_2023,child,ACTIVE,amendment,Central,27,167,18,18,,,,,,"In section 109 of the principal Act, in clause (a), for the words “co-operative Amendment",multistate,
MSCS_AMD_2023_ITEM_42,MSCS_AMD_2023,child,REVIEW,amendment,Central,131,840,18,19,,,,,,"In section 116 of the principal Act,",multistate,MULTIPLE_AMENDMENT_ACTIONS
MSCS_AMD_2023_ITEM_43,MSCS_AMD_2023,child,ACTIVE,amendment,Central,97,620,19,19,,,,,,"In section 120 of the principal Act,",governance;multistate;registrar,
MSCS_AMD_2023_ITEM_44,MSCS_AMD_2023,child,ACTIVE,amendment,Central,440,2766,19,20,,,,,,,byelaws;documents;multistate;registrar;registration;reporting,
MSCS_AMD_2023_ITEM_45,MSCS_AMD_2023,child,ACTIVE,amendment,Central,62,369,20,20,,,,,,"In section 121 of the principal Act, in sub-section (1), for the words and figures Amendment of",multistate,
MSCS_AMD_2023_ITEM_46,MSCS_AMD_2023,child,REVIEW,amendment,Central,299,1886,20,21,,,,,,"In section 123 of the principal Act,",elections;loans;multistate;timeline,MULTIPLE_AMENDMENT_ACTIONS
MSCS_AMD_2023_ITEM_47,MSCS_AMD_2023,child,REVIEW,amendment,Central,726,4583,21,22,,,,,,"In section 124 of the principal Act,",appeal;complaint;deposits;documents;elections;meetings;multistate;ombudsman;registrar,MULTIPLE_AMENDMENT_ACTIONS
MSCS_AMD_2023_ITEM_48,MSCS_AMD_2023,child,ACTIVE,amendment,Central,119,764,22,22,,,,,,"In section 125 of the principal Act, after sub-section (1), the following Amendment",multistate,
MSCS_AMD_2023_ITEM_49,MSCS_AMD_2023,child,ACTIVE,amendment,Central,272,1632,22,23,,,,,,,management;multistate,
MSCS_RULES_2002_DOC,MSCS_RULES_2002,parent,REFERENCE_ONLY,rules,Central,12,66,4,54,,,,,,,multistate,CONTEXT_PARENT;SHORT_CONTEXT_PARENT
MSCS_RULES_2002_CONTEXT_001,MSCS_RULES_2002,child,REFERENCE_ONLY,rules,Central,112,667,4,4,,,,,,,multistate;registrar,
MSCS_RULES_2002_RULE_3,MSCS_RULES_2002,child,ACTIVE,rules,Central,471,2989,4,5,,,3,,,Application for registration,byelaws;documents;governance;multistate;registrar;registration,STRUCTURE_UNCERTAIN
MSCS_RULES_2002_RULE_4,MSCS_RULES_2002,child,ACTIVE,rules,Central,157,982,5,5,,,4,,,Registration,byelaws;multistate;registrar;registration,
MSCS_RULES_2002_RULE_5,MSCS_RULES_2002,child,ACTIVE,rules,Central,73,451,6,6,,,5,,,Refusal of registration,multistate;registration,
MSCS_RULES_2002_RULE_6,MSCS_RULES_2002,child,ACTIVE,rules,Central,227,1421,6,6,,,6,,,Bye-laws,byelaws;elections;multistate;registrar;registration,
MSCS_RULES_2002_RULE_7,MSCS_RULES_2002,child,ACTIVE,rules,Central,182,1128,6,7,,,7,,,Refusal of amendment of bye-laws,byelaws;multistate;registrar,STRUCTURE_UNCERTAIN
MSCS_RULES_2002_RULE_9,MSCS_RULES_2002,child,ACTIVE,rules,Central,203,1304,7,8,,,9,,,Maintenance of Registration file by the society,byelaws;multistate;registrar;registration,STRUCTURE_UNCERTAIN
MSCS_RULES_2002_RULE_11,MSCS_RULES_2002,child,ACTIVE,rules,Central,428,2566,8,9,,,11,,,Conditions to be complied with for membership,byelaws;eligibility;meetings;membership;multistate;registrar;timeline,
MSCS_RULES_2002_RULE_12,MSCS_RULES_2002,child,ACTIVE,rules,Central,72,489,9,9,,,12,,,Classification of federal cooperatives,byelaws;multistate,
MSCS_RULES_2002_RULE_13,MSCS_RULES_2002,child,ACTIVE,rules,Central,110,681,9,9,,,13,,,Annual General Meeting,byelaws;management;meetings;membership;multistate,
MSCS_RULES_2002_RULE_14,MSCS_RULES_2002,child,ACTIVE,rules,Central,523,3028,9,11,,,14,,,Interim board and general meeting for the first election,byelaws;elections;governance;meetings;multistate;registrar;registration;timeline,STRUCTURE_UNCERTAIN
MSCS_RULES_2002_RULE_17,MSCS_RULES_2002,child,ACTIVE,rules,Central,84,499,11,11,,,17,,,Voting in general meeting,byelaws;meetings;multistate,
MSCS_RULES_2002_RULE_18,MSCS_RULES_2002,child,ACTIVE,rules,Central,53,304,11,11,,,18,,,Minutes of the general meeting,meetings;multistate,
MSCS_RULES_2002_RULE_19,MSCS_RULES_2002,child,ACTIVE,rules,Central,132,827,11,12,,,19,,,Procedure for conduct of elections,elections;governance;meetings;multistate;registrar,STRUCTURE_UNCERTAIN
MSCS_RULES_2002_SCHEDULE_015,MSCS_RULES_2002,child,ACTIVE,rules,Central,126,804,12,12,,,,,,schedule attached with these rules.,elections;eligibility;multistate,
MSCS_RULES_2002_RULE_22,MSCS_RULES_2002,child,ACTIVE,rules,Central,179,1097,12,13,,,22,,,Certification of copies of entries in books,byelaws;multistate,
MSCS_RULES_2002_RULE_23,MSCS_RULES_2002,child,ACTIVE,rules,Central,40,258,13,13,,,23,,,Government aid to multi-state cooperative societies,multistate,
MSCS_RULES_2002_RULE_24,MSCS_RULES_2002,child,ACTIVE,rules,Central,107,653,13,13,,,24,,,Distribution of profit to members,byelaws;multistate,
MSCS_RULES_2002_RULE_25,MSCS_RULES_2002,child,ACTIVE,rules,Central,313,2136,13,14,,,25,,,Contribution towards Cooperative Education Fund,management;multistate;registrar,
MSCS_RULES_2002_RULE_26,MSCS_RULES_2002,child,ACTIVE,rules,Central,677,4184,14,16,,,26,,,Contributory Provident Fund,byelaws;loans;multistate;registrar,STRUCTURE_UNCERTAIN
MSCS_RULES_2002_RULE_28,MSCS_RULES_2002,parent,REFERENCE_ONLY,rules,Central,862,5217,16,19,,,28,,,Procedure to be adopted by liquidator,deposits;documents;loans;meetings;multistate;registrar;registration,CONTEXT_PARENT
MSCS_RULES_2002_RULE_28_SUB_1,MSCS_RULES_2002,child,ACTIVE,rules,Central,35,203,19,19,,,28,1,,Procedure to be adopted by liquidator,multistate;registrar,
MSCS_RULES_2002_RULE_28_SUB_2,MSCS_RULES_2002,child,ACTIVE,rules,Central,47,300,19,19,,,28,2,,Procedure to be adopted by liquidator,multistate,
MSCS_RULES_2002_CONTEXT_022,MSCS_RULES_2002,child,REFERENCE_ONLY,rules,Central,924,5440,19,21,,,,,,,appeal;multistate;registrar;timeline,LONG_CHUNK_NO_SAFE_SPLIT;RULE_IDENTIFIER_MISSING;STRUCTURE_UNCERTAIN
MSCS_RULES_2002_RULE_34,MSCS_RULES_2002,child,ACTIVE,rules,Central,343,2099,22,22,,,34,,,Preparation of a scheme for the reconstitution or reorganisation of,byelaws;meetings;multistate;registrar,
MSCS_RULES_2002_RULE_35,MSCS_RULES_2002,child,ACTIVE,rules,Central,39,218,23,23,,,35,,,Payment of fee for inspection of records,multistate,
MSCS_RULES_2002_RULE_36,MSCS_RULES_2002,child,ACTIVE,rules,Central,6103,35000,23,37,,,36,,,Mode of service of summon,deposits;documents;multistate;registrar;registration;reporting;timeline,LONG_CHUNK_NO_SAFE_SPLIT;STRUCTURE_UNCERTAIN
MSCS_RULES_2002_RULE_38,MSCS_RULES_2002,child,ACTIVE,rules,Central,93,638,37,37,,,38,,,Repeal and Saving,appeal;management;membership;multistate;registration,
MSCS_RULES_2002_SCHEDULE_027,MSCS_RULES_2002,child,REFERENCE_ONLY,rules,Central,4087,23956,37,46,,,,,,SCHEDULE,byelaws;elections;eligibility;governance;meetings;membership;multistate;registrar;registration;reporting,LONG_CHUNK_NO_SAFE_SPLIT;MULTIPLE_FORMS_REVIEW
MSCS_RULES_2002_FORM_I,MSCS_RULES_2002,child,ACTIVE,rules,Central,375,2538,46,49,,,,,,FORM – I,byelaws;documents;multistate;registrar;registration,TABLE_REVIEW
MSCS_RULES_2002_FORM_II,MSCS_RULES_2002,child,ACTIVE,rules,Central,76,467,49,50,,,,,,FORM – II,elections;governance;multistate;registration,TABLE_REVIEW
MSCS_RULES_2002_FORM_III,MSCS_RULES_2002,child,ACTIVE,rules,Central,312,1918,50,52,,,,,,FORM III,byelaws;elections;governance;membership;multistate,
MSCS_RULES_2002_FORM_IV,MSCS_RULES_2002,child,ACTIVE,rules,Central,18,110,52,53,,,,,,FORM IV,elections;multistate,SHORT_CHUNK
MSCS_RULES_2002_FORM_V,MSCS_RULES_2002,child,ACTIVE,rules,Central,274,1669,53,54,,,,,,FORM V,byelaws;elections;membership;multistate,
MSCS_RULES_AMD_2023_DOC,MSCS_RULES_AMD_2023,parent,REFERENCE_ONLY,amendment_rules,Central,4,30,1,49,,,,,,,multistate,CONTEXT_PARENT;DUPLICATE_TEXT;SHORT_CONTEXT_PARENT
MSCS_RULES_AMD_2023_CONTEXT_001,MSCS_RULES_AMD_2023,child,ACTIVE,amendment_rules,Central,342,2053,1,2,,,,,,,multistate,STRUCTURE_UNCERTAIN
MSCS_RULES_AMD_2023_ITEM_3,MSCS_RULES_AMD_2023,child,ACTIVE,amendment_rules,Central,320,1724,2,2,,,,,,,multistate,
MSCS_RULES_AMD_2023_ITEM_4,MSCS_RULES_AMD_2023,child,ACTIVE,amendment_rules,Central,7390,36754,2,12,,,,,,,multistate,LONG_CHUNK_NO_SAFE_SPLIT
MSCS_RULES_AMD_2023_ITEM_5,MSCS_RULES_AMD_2023,child,ACTIVE,amendment_rules,Central,308,1596,12,13,,,,,,,multistate,
MSCS_RULES_AMD_2023_ITEM_6,MSCS_RULES_AMD_2023,child,ACTIVE,amendment_rules,Central,512,2731,13,14,,,,,,,multistate,
MSCS_RULES_AMD_2023_ITEM_7,MSCS_RULES_AMD_2023,child,ACTIVE,amendment_rules,Central,1497,7491,14,16,,,,,,,multistate,LONG_CHUNK_NO_SAFE_SPLIT
MSCS_RULES_AMD_2023_ITEM_8,MSCS_RULES_AMD_2023,child,ACTIVE,amendment_rules,Central,164,791,16,17,,,,,,,multistate,
MSCS_RULES_AMD_2023_ITEM_9,MSCS_RULES_AMD_2023,child,ACTIVE,amendment_rules,Central,336,1722,17,17,,,,,,,multistate,
MSCS_RULES_AMD_2023_ITEM_10,MSCS_RULES_AMD_2023,child,ACTIVE,amendment_rules,Central,1122,5994,17,19,,,,,,,multistate,LONG_CHUNK_NO_SAFE_SPLIT
MSCS_RULES_AMD_2023_ITEM_11,MSCS_RULES_AMD_2023,child,ACTIVE,amendment_rules,Central,10,46,19,19,,,,,,,multistate,SHORT_CHUNK
MSCS_RULES_AMD_2023_ITEM_12,MSCS_RULES_AMD_2023,child,ACTIVE,amendment_rules,Central,285,1855,19,20,,,,,,,multistate,
MSCS_RULES_AMD_2023_ITEM_13,MSCS_RULES_AMD_2023,child,ACTIVE,amendment_rules,Central,97,641,20,20,,,,,,,multistate,
MSCS_RULES_AMD_2023_ITEM_14,MSCS_RULES_AMD_2023,child,ACTIVE,amendment_rules,Central,2110,12168,20,27,,,,,,,multistate,LONG_CHUNK_NO_SAFE_SPLIT
MSCS_RULES_AMD_2023_BACKGROUND_ENGLISH_NOTICE,MSCS_RULES_AMD_2023,child,REFERENCE_ONLY,amendment_rules,Central,69,450,27,27,,,,,,MINISTRY OF COOPERATION,multistate,
MSCS_RULES_AMD_2023_ITEM_1,MSCS_RULES_AMD_2023,child,ACTIVE,amendment_rules,Central,34,217,27,27,,,,,,Short title and commencement,multistate,MALFORMED_NUMBERING_HIERARCHY
MSCS_RULES_AMD_2023_ITEM_2,MSCS_RULES_AMD_2023,child,REVIEW,amendment_rules,Central,151,1005,27,27,,,,,,"In the Multi-State Co-operative Societies Rules, 2002, (hereinafter referred to as the principal rules), in rule 2,",elections;multistate,MULTIPLE_AMENDMENT_ACTIONS
MSCS_RULES_AMD_2023_ITEM_3_002,MSCS_RULES_AMD_2023,child,ACTIVE,amendment_rules,Central,297,1962,27,28,,,,,,,deposits;loans;management;multistate;registration,
MSCS_RULES_AMD_2023_ITEM_4_002,MSCS_RULES_AMD_2023,parent,REFERENCE_ONLY,amendment_rules,Central,15,90,28,36,,,,,,,multistate,CONTEXT_PARENT;SHORT_CONTEXT_PARENT
MSCS_RULES_AMD_2023_ITEM_4_002_SUB_19,MSCS_RULES_AMD_2023,child,ACTIVE,amendment_rules,Central,107,740,28,28,,,19,,,,multistate;registrar,
MSCS_RULES_AMD_2023_ITEM_4_002_SUB_19A,MSCS_RULES_AMD_2023,child,ACTIVE,amendment_rules,Central,500,3179,28,28,,,19A,,,,meetings;multistate,
MSCS_RULES_AMD_2023_ITEM_4_002_SUB_19C,MSCS_RULES_AMD_2023,child,ACTIVE,amendment_rules,Central,592,3574,28,29,,,19C,,,,documents;elections;meetings;multistate;timeline,
MSCS_RULES_AMD_2023_ITEM_4_002_SUB_19E,MSCS_RULES_AMD_2023,child,ACTIVE,amendment_rules,Central,76,486,29,29,,,19E,,,,meetings;multistate,
MSCS_RULES_AMD_2023_ITEM_4_002_SUB_19F,MSCS_RULES_AMD_2023,child,ACTIVE,amendment_rules,Central,289,1889,29,30,,,19F,,,,documents;elections;multistate,
MSCS_RULES_AMD_2023_ITEM_4_002_SUB_19G,MSCS_RULES_AMD_2023,child,ACTIVE,amendment_rules,Central,145,911,30,30,,,19G,,,,elections;multistate,
MSCS_RULES_AMD_2023_ITEM_4_002_SUB_19H,MSCS_RULES_AMD_2023,child,ACTIVE,amendment_rules,Central,885,5360,30,31,,,19H,,,,byelaws;elections;eligibility;governance;meetings;membership;multistate;registrar;reporting,
MSCS_RULES_AMD_2023_ITEM_4_002_SUB_19_I,MSCS_RULES_AMD_2023,child,ACTIVE,amendment_rules,Central,328,1852,31,31,,,19-I,,,,byelaws;elections;eligibility;multistate,
MSCS_RULES_AMD_2023_ITEM_4_002_SUB_19J,MSCS_RULES_AMD_2023,child,ACTIVE,amendment_rules,Central,349,2031,31,32,,,19J,,,,byelaws;elections;multistate,MULTIPLE_FORMS_REVIEW
MSCS_RULES_AMD_2023_ITEM_4_002_SUB_19K,MSCS_RULES_AMD_2023,child,ACTIVE,amendment_rules,Central,41,225,32,32,,,19K,,,,elections;eligibility;multistate,
MSCS_RULES_AMD_2023_ITEM_4_002_SUB_19L,MSCS_RULES_AMD_2023,child,ACTIVE,amendment_rules,Central,346,2049,32,32,,,19L,,,,elections;multistate,
MSCS_RULES_AMD_2023_ITEM_4_002_SUB_19M,MSCS_RULES_AMD_2023,child,ACTIVE,amendment_rules,Central,1319,7545,32,34,,,19M,,,,elections;eligibility;meetings;multistate;reporting,LONG_CHUNK_NO_SAFE_SPLIT
MSCS_RULES_AMD_2023_ITEM_4_002_SUB_19N,MSCS_RULES_AMD_2023,child,ACTIVE,amendment_rules,Central,502,2972,34,34,,,19N,,,,byelaws;elections;meetings;multistate;reporting,MULTIPLE_FORMS_REVIEW
MSCS_RULES_AMD_2023_ITEM_4_002_SUB_19_O,MSCS_RULES_AMD_2023,child,ACTIVE,amendment_rules,Central,138,818,34,34,,,19-O,,,,elections;multistate,
MSCS_RULES_AMD_2023_ITEM_4_002_SUB_19P,MSCS_RULES_AMD_2023,child,ACTIVE,amendment_rules,Central,161,895,34,34,,,19P,,,,multistate,
MSCS_RULES_AMD_2023_ITEM_4_002_SUB_19Q,MSCS_RULES_AMD_2023,child,ACTIVE,amendment_rules,Central,108,661,34,35,,,19Q,,,,documents;elections;multistate,
MSCS_RULES_AMD_2023_ITEM_4_002_SUB_19R,MSCS_RULES_AMD_2023,child,ACTIVE,amendment_rules,Central,170,1031,35,35,,,19R,,,,elections;eligibility;multistate,
MSCS_RULES_AMD_2023_ITEM_4_002_SUB_19S,MSCS_RULES_AMD_2023,child,ACTIVE,amendment_rules,Central,40,253,35,35,,,19S,,,,multistate,
MSCS_RULES_AMD_2023_ITEM_4_002_SUB_19T,MSCS_RULES_AMD_2023,child,ACTIVE,amendment_rules,Central,76,534,35,35,,,19T,,,,elections;multistate,
MSCS_RULES_AMD_2023_ITEM_4_002_SUB_19U,MSCS_RULES_AMD_2023,child,ACTIVE,amendment_rules,Central,145,848,35,35,,,19U,,,,elections;multistate;timeline,
MSCS_RULES_AMD_2023_ITEM_4_002_SUB_19V,MSCS_RULES_AMD_2023,child,ACTIVE,amendment_rules,Central,105,599,35,35,,,19V,,,,elections;multistate,
MSCS_RULES_AMD_2023_ITEM_4_002_SUB_19W,MSCS_RULES_AMD_2023,child,ACTIVE,amendment_rules,Central,194,1179,35,36,,,19W,,,,elections;multistate,
MSCS_RULES_AMD_2023_ITEM_4_002_SUB_19X,MSCS_RULES_AMD_2023,child,ACTIVE,amendment_rules,Central,72,406,36,36,,,19X,,,,elections;multistate;timeline,
MSCS_RULES_AMD_2023_ITEM_4_002_SUB_19Y,MSCS_RULES_AMD_2023,child,ACTIVE,amendment_rules,Central,148,844,36,36,,,19Y,,,,multistate,
MSCS_RULES_AMD_2023_ITEM_4_002_SUB_19Z,MSCS_RULES_AMD_2023,child,ACTIVE,amendment_rules,Central,63,380,36,36,,,19Z,,,,elections;multistate,
MSCS_RULES_AMD_2023_ITEM_5_002,MSCS_RULES_AMD_2023,child,ACTIVE,amendment_rules,Central,274,1648,36,36,,,,,,,elections;eligibility;management;multistate,
MSCS_RULES_AMD_2023_ITEM_6_002,MSCS_RULES_AMD_2023,child,ACTIVE,amendment_rules,Central,467,3263,36,37,,,,,,,management;multistate;registrar,
MSCS_RULES_AMD_2023_ITEM_7_002,MSCS_RULES_AMD_2023,parent,REFERENCE_ONLY,amendment_rules,Central,23,176,37,40,,,,,,,multistate;ombudsman,CONTEXT_PARENT
MSCS_RULES_AMD_2023_ITEM_7_002_SUB_30A,MSCS_RULES_AMD_2023,child,ACTIVE,amendment_rules,Central,303,1866,38,38,,,30A,,,,eligibility;management;multistate;ombudsman,
MSCS_RULES_AMD_2023_ITEM_7_002_SUB_30B,MSCS_RULES_AMD_2023,child,ACTIVE,amendment_rules,Central,46,252,38,38,,,30B,,,,eligibility;multistate;ombudsman,
MSCS_RULES_AMD_2023_ITEM_7_002_SUB_30C,MSCS_RULES_AMD_2023,child,ACTIVE,amendment_rules,Central,22,123,38,38,,,30C,,,,multistate;ombudsman,
MSCS_RULES_AMD_2023_ITEM_7_002_SUB_30D,MSCS_RULES_AMD_2023,child,ACTIVE,amendment_rules,Central,28,176,38,38,,,30D,,,,multistate;ombudsman,
MSCS_RULES_AMD_2023_ITEM_7_002_SUB_30E,MSCS_RULES_AMD_2023,child,ACTIVE,amendment_rules,Central,115,777,38,38,,,30E,,,,appeal;complaint;deposits;multistate;ombudsman,
MSCS_RULES_AMD_2023_ITEM_7_002_SUB_30F,MSCS_RULES_AMD_2023,child,ACTIVE,amendment_rules,Central,68,435,38,38,,,30F,,,,appeal;complaint;multistate;ombudsman,
MSCS_RULES_AMD_2023_ITEM_7_002_SUB_30G,MSCS_RULES_AMD_2023,child,ACTIVE,amendment_rules,Central,312,1887,38,39,,,30G,,,,appeal;complaint;multistate;ombudsman;registrar,
MSCS_RULES_AMD_2023_ITEM_7_002_SUB_30H,MSCS_RULES_AMD_2023,child,ACTIVE,amendment_rules,Central,71,414,39,39,,,30H,,,,appeal;complaint;form_vi;form_vii;multistate;ombudsman,MULTIPLE_FORMS_REVIEW
MSCS_RULES_AMD_2023_ITEM_7_002_SUB_30_I,MSCS_RULES_AMD_2023,child,ACTIVE,amendment_rules,Central,154,956,39,39,,,30-I,,,,appeal;complaint;multistate;ombudsman,
MSCS_RULES_AMD_2023_ITEM_7_002_SUB_30J,MSCS_RULES_AMD_2023,child,ACTIVE,amendment_rules,Central,189,1120,39,40,,,30J,,,,appeal;multistate;ombudsman;registrar,
MSCS_RULES_AMD_2023_ITEM_8_002,MSCS_RULES_AMD_2023,child,ACTIVE,amendment_rules,Central,145,918,40,40,,,,,,,multistate,
MSCS_RULES_AMD_2023_ITEM_9_002,MSCS_RULES_AMD_2023,child,ACTIVE,amendment_rules,Central,232,1502,40,40,,,,,,,multistate;registrar,
MSCS_RULES_AMD_2023_ITEM_35B,MSCS_RULES_AMD_2023,child,ACTIVE,amendment_rules,Central,57,346,40,40,,,,,,Omission of National Co-operative Societies from Second Schedule,multistate,
MSCS_RULES_AMD_2023_ITEM_10_002,MSCS_RULES_AMD_2023,parent,REFERENCE_ONLY,amendment_rules,Central,15,89,40,42,,,,,,,multistate,CONTEXT_PARENT;MALFORMED_NUMBERING_HIERARCHY;SHORT_CONTEXT_PARENT
MSCS_RULES_AMD_2023_ITEM_10_002_SUB_37A,MSCS_RULES_AMD_2023,child,ACTIVE,amendment_rules,Central,41,294,40,40,,,37A,,,,byelaws;multistate,MALFORMED_NUMBERING_HIERARCHY
MSCS_RULES_AMD_2023_ITEM_10_002_SUB_37B,MSCS_RULES_AMD_2023,child,ACTIVE,amendment_rules,Central,128,944,40,41,,,37B,,,,management;multistate,MALFORMED_NUMBERING_HIERARCHY
MSCS_RULES_AMD_2023_ITEM_10_002_SUB_37C,MSCS_RULES_AMD_2023,child,ACTIVE,amendment_rules,Central,138,856,41,41,,,37C,,,,governance;multistate;registrar,MALFORMED_NUMBERING_HIERARCHY
MSCS_RULES_AMD_2023_ITEM_10_002_SUB_37D,MSCS_RULES_AMD_2023,child,ACTIVE,amendment_rules,Central,60,406,41,41,,,37D,,,,byelaws;documents;multistate,MALFORMED_NUMBERING_HIERARCHY
MSCS_RULES_AMD_2023_ITEM_10_002_SUB_37E,MSCS_RULES_AMD_2023,child,ACTIVE,amendment_rules,Central,328,2234,41,41,,,37E,,,,byelaws;documents;membership;multistate;registrar;registration;reporting,MALFORMED_NUMBERING_HIERARCHY
MSCS_RULES_AMD_2023_ITEM_10_002_SUB_37G,MSCS_RULES_AMD_2023,child,ACTIVE,amendment_rules,Central,227,1477,41,42,,,37G,,,,documents;governance;multistate;registrar;reporting;timeline,MALFORMED_NUMBERING_HIERARCHY
MSCS_RULES_AMD_2023_ITEM_11_002,MSCS_RULES_AMD_2023,child,ACTIVE,amendment_rules,Central,9,54,42,42,,,,,,,multistate,SHORT_CHUNK
MSCS_RULES_AMD_2023_ITEM_12_002,MSCS_RULES_AMD_2023,child,ACTIVE,amendment_rules,Central,281,1739,42,43,,,,,,,byelaws;elections;governance;membership;multistate,
MSCS_RULES_AMD_2023_ITEM_13_002,MSCS_RULES_AMD_2023,child,ACTIVE,amendment_rules,Central,89,630,43,43,,,,,,,elections;governance;multistate,
MSCS_RULES_AMD_2023_ITEM_14_002,MSCS_RULES_AMD_2023,child,ACTIVE,amendment_rules,Central,780,5066,43,46,,,,,,,byelaws;complaint;documents;elections;form_vi;membership;multistate;ombudsman;registrar,MULTIPLE_FORMS_REVIEW
MSCS_RULES_AMD_2023_FORM_VII,MSCS_RULES_AMD_2023,child,ACTIVE,amendment_rules,Central,372,2491,46,47,,,,,,FORM VII,appeal;complaint;documents;form_vii;membership;multistate;ombudsman;timeline,
MSCS_RULES_AMD_2023_FORM_VIII,MSCS_RULES_AMD_2023,child,ACTIVE,amendment_rules,Central,667,4529,47,49,,,,,,FORM VIII,appeal;byelaws;complaint;documents;management;membership;multistate;ombudsman;registrar,MULTIPLE_FORMS_REVIEW
KA_ACT_1959_DOC,KA_ACT_1959,parent,REFERENCE_ONLY,act,Karnataka,7,37,9,189,,,,,,,state_law,CONTEXT_PARENT;SHORT_CONTEXT_PARENT
KA_ACT_1959_CONTEXT_001,KA_ACT_1959,child,REFERENCE_ONLY,act,Karnataka,87,569,9,9,,,,,,,byelaws;state_law,STRUCTURE_UNCERTAIN
KA_ACT_1959_BACKGROUND_002,KA_ACT_1959,child,REFERENCE_ONLY,act,Karnataka,5,32,9,9,,,,,,STATEMENT OF OBJECTS AND REASONS,state_law,SHORT_CHUNK
KA_ACT_1959_BACKGROUND_I,KA_ACT_1959,child,REFERENCE_ONLY,act,Karnataka,408,2730,9,10,,,,,,I,management;state_law,
KA_ACT_1959_BACKGROUND_II,KA_ACT_1959,child,REFERENCE_ONLY,act,Karnataka,120,745,10,10,,,,,,II,loans;state_law,
KA_ACT_1959_BACKGROUND_III,KA_ACT_1959,child,REFERENCE_ONLY,act,Karnataka,34,222,10,10,,,,,,III,state_law,
KA_ACT_1959_BACKGROUND_IV,KA_ACT_1959,child,REFERENCE_ONLY,act,Karnataka,315,1886,10,11,,,,,,IV,state_law,
KA_ACT_1959_BACKGROUND_V,KA_ACT_1959,child,REFERENCE_ONLY,act,Karnataka,427,2681,11,12,,,,,,V,meetings;registrar;state_law,
KA_ACT_1959_BACKGROUND_VI,KA_ACT_1959,child,REFERENCE_ONLY,act,Karnataka,247,1577,12,13,,,,,,VI,registrar;state_law,
KA_ACT_1959_BACKGROUND_VII,KA_ACT_1959,child,REFERENCE_ONLY,act,Karnataka,38,241,13,13,,,,,,VII,state_law,
KA_ACT_1959_BACKGROUND_VIII,KA_ACT_1959,parent,REFERENCE_ONLY,act,Karnataka,696,4432,13,14,,,,,,VIII,deposits;elections;governance;loans;management;membership;state_law,
KA_ACT_1959_BACKGROUND_VIII_SUB_1,KA_ACT_1959,child,REFERENCE_ONLY,act,Karnataka,604,3868,13,14,,,,,,VIII,deposits;elections;governance;loans;management;membership;state_law,
KA_ACT_1959_BACKGROUND_VIII_SUB_2,KA_ACT_1959,child,REFERENCE_ONLY,act,Karnataka,92,562,14,14,,,,,,VIII,state_law,
KA_ACT_1959_BACKGROUND_IX,KA_ACT_1959,parent,REFERENCE_ONLY,act,Karnataka,838,5519,14,17,,,,,,IX,appeal;management;state_law,
KA_ACT_1959_BACKGROUND_IX_SUB_1,KA_ACT_1959,child,REFERENCE_ONLY,act,Karnataka,556,3624,14,16,,,,,,IX,appeal;management;state_law,
KA_ACT_1959_BACKGROUND_IX_SUB_2,KA_ACT_1959,child,REFERENCE_ONLY,act,Karnataka,282,1893,16,17,,,,,,IX,appeal;management;state_law,
KA_ACT_1959_BACKGROUND_XI,KA_ACT_1959,child,REFERENCE_ONLY,act,Karnataka,217,1371,17,17,,,,,,XI,elections;meetings;state_law,
KA_ACT_1959_BACKGROUND_XII,KA_ACT_1959,child,REFERENCE_ONLY,act,Karnataka,307,1986,17,18,,,,,,XII,state_law,
KA_ACT_1959_BACKGROUND_XIII,KA_ACT_1959,child,REFERENCE_ONLY,act,Karnataka,138,931,18,18,,,,,,XIII,state_law,
KA_ACT_1959_BACKGROUND_XIV,KA_ACT_1959,child,REFERENCE_ONLY,act,Karnataka,154,1006,18,19,,,,,,XIV,registrar;state_law,
KA_ACT_1959_BACKGROUND_XV,KA_ACT_1959,child,REFERENCE_ONLY,act,Karnataka,184,1158,19,19,,,,,,XV,state_law,
KA_ACT_1959_BACKGROUND_XVI,KA_ACT_1959,child,REFERENCE_ONLY,act,Karnataka,158,993,19,20,,,,,,XVI,state_law,
KA_ACT_1959_BACKGROUND_XVII,KA_ACT_1959,child,REFERENCE_ONLY,act,Karnataka,124,802,20,20,,,,,,XVII,state_law,
KA_ACT_1959_BACKGROUND_XVIII,KA_ACT_1959,child,REFERENCE_ONLY,act,Karnataka,70,444,20,20,,,,,,XVIII,state_law,
KA_ACT_1959_BACKGROUND_XIX,KA_ACT_1959,child,REFERENCE_ONLY,act,Karnataka,467,2953,20,21,,,,,,XIX,byelaws;elections;meetings;membership;registrar;registration;state_law,
KA_ACT_1959_BACKGROUND_XX,KA_ACT_1959,child,REFERENCE_ONLY,act,Karnataka,93,614,22,22,,,,,,XX,state_law,
KA_ACT_1959_BACKGROUND_XXI,KA_ACT_1959,child,REFERENCE_ONLY,act,Karnataka,325,2160,22,23,,,,,,XXI,elections;loans;management;state_law,
KA_ACT_1959_BACKGROUND_XXII,KA_ACT_1959,child,REFERENCE_ONLY,act,Karnataka,50,291,23,23,,,,,,XXII,state_law,
KA_ACT_1959_BACKGROUND_XXIII,KA_ACT_1959,parent,REFERENCE_ONLY,act,Karnataka,615,3740,23,25,,,,,,XXIII,byelaws;elections;loans;meetings;registrar;state_law,
KA_ACT_1959_BACKGROUND_XXIII_SUB_1,KA_ACT_1959,child,REFERENCE_ONLY,act,Karnataka,487,2894,23,24,,,,,,XXIII,byelaws;loans;meetings;registrar;state_law,
KA_ACT_1959_BACKGROUND_XXIII_SUB_2,KA_ACT_1959,child,REFERENCE_ONLY,act,Karnataka,128,844,24,25,,,,,,XXIII,elections;registrar;state_law,
KA_ACT_1959_BACKGROUND_XXIV,KA_ACT_1959,child,REFERENCE_ONLY,act,Karnataka,226,1363,25,25,,,,,,XXIV,appeal;elections;meetings;registrar;registration;state_law,
KA_ACT_1959_BACKGROUND_XXV,KA_ACT_1959,parent,REFERENCE_ONLY,act,Karnataka,1,3,25,30,,,,,,XXV,state_law,CONTEXT_PARENT;SHORT_CONTEXT_PARENT
KA_ACT_1959_BACKGROUND_XXV_SUB_1,KA_ACT_1959,child,REFERENCE_ONLY,act,Karnataka,483,3300,25,27,,,,,,XXV,pacs;registrar;state_law,
KA_ACT_1959_BACKGROUND_XXV_SUB_2,KA_ACT_1959,child,REFERENCE_ONLY,act,Karnataka,487,2842,27,28,,,,,,XXV,elections;meetings;state_law,
KA_ACT_1959_BACKGROUND_XXV_SUB_3,KA_ACT_1959,child,REFERENCE_ONLY,act,Karnataka,494,2870,28,29,,,,,,XXV,byelaws;deposits;loans;registrar;state_law,
KA_ACT_1959_BACKGROUND_XXV_SUB_4,KA_ACT_1959,child,REFERENCE_ONLY,act,Karnataka,284,1729,29,30,,,,,,XXV,appeal;complaint;registrar;state_law,
KA_ACT_1959_BACKGROUND_XXVI,KA_ACT_1959,child,REFERENCE_ONLY,act,Karnataka,174,1119,30,30,,,,,,XXVI,elections;loans;state_law,
KA_ACT_1959_BACKGROUND_XXVII,KA_ACT_1959,child,REFERENCE_ONLY,act,Karnataka,308,2065,30,31,,,,,,XXVII,registrar;state_law,
KA_ACT_1959_BACKGROUND_XXVIII,KA_ACT_1959,child,REFERENCE_ONLY,act,Karnataka,75,459,31,31,,,,,,XXVIII,state_law,
KA_ACT_1959_BACKGROUND_XXIX,KA_ACT_1959,child,REFERENCE_ONLY,act,Karnataka,219,1487,31,32,,,,,,XXIX,appeal;byelaws;elections;membership;registrar;state_law,
KA_ACT_1959_BACKGROUND_XXX,KA_ACT_1959,child,REFERENCE_ONLY,act,Karnataka,340,1927,32,33,,,,,,XXX,management;registration;state_law,
KA_ACT_1959_SEC_1,KA_ACT_1959,child,ACTIVE,act,Karnataka,104,606,33,33,1,,,,,"Short title, extent and commencement",state_law,
KA_ACT_1959_SEC_2,KA_ACT_1959,child,ACTIVE,act,Karnataka,2223,13819,33,40,2,,,,,Definitions,byelaws;deposits;elections;governance;loans;management;meetings;membership;registrar;registration;state_law,LONG_CHUNK_NO_SAFE_SPLIT;STRUCTURE_UNCERTAIN
KA_ACT_1959_SEC_2A,KA_ACT_1959,child,ACTIVE,act,Karnataka,907,5604,40,42,2A,,,,,"Registrar, Additional Registrars, Joint Registrars, Deputy Registrars [,State",appeal;documents;registrar;state_law,LONG_CHUNK_NO_SAFE_SPLIT;STRUCTURE_UNCERTAIN
KA_ACT_1959_SEC_4,KA_ACT_1959,child,ACTIVE,act,Karnataka,129,786,42,42,4,,,,,Societies which may be registered,registration;state_law,
KA_ACT_1959_SEC_5,KA_ACT_1959,child,ACTIVE,act,Karnataka,68,433,42,43,5,,,,,Registration with limited or unlimited liability,registration;state_law,
KA_ACT_1959_SEC_6,KA_ACT_1959,child,ACTIVE,act,Karnataka,388,2300,43,44,6,,,,,Application for registration of co-operative societies,byelaws;meetings;registrar;registration;state_law,
KA_ACT_1959_SEC_7,KA_ACT_1959,child,ACTIVE,act,Karnataka,313,1857,44,44,7,,,,,Registration,byelaws;registrar;registration;state_law,
KA_ACT_1959_SEC_8,KA_ACT_1959,child,ACTIVE,act,Karnataka,67,426,44,44,8,,,,,Registration certificate,registrar;registration;state_law,
KA_ACT_1959_SEC_9,KA_ACT_1959,child,ACTIVE,act,Karnataka,65,406,45,45,9,,,,,Co-operative societies to be bodies corporate,registration;state_law,
KA_ACT_1959_SEC_10,KA_ACT_1959,child,ACTIVE,act,Karnataka,116,704,45,45,10,,,,,Change of name of co-operative society,byelaws;registrar;registration;state_law,
KA_ACT_1959_SEC_11,KA_ACT_1959,child,ACTIVE,act,Karnataka,288,1669,45,46,11,,,,,Change of liability,byelaws;deposits;loans;state_law,STRUCTURE_UNCERTAIN
KA_ACT_1959_SEC_12,KA_ACT_1959,parent,REFERENCE_ONLY,act,Karnataka,523,3117,46,47,12,,,,,Amendment of bye-laws of a co-operative society,byelaws;registrar;state_law;timeline,
KA_ACT_1959_SEC_12_SUB_2,KA_ACT_1959,child,ACTIVE,act,Karnataka,220,1297,46,46,12,2,,,,Amendment of bye-laws of a co-operative society,byelaws;registrar;state_law,
KA_ACT_1959_SEC_12_SUB_4,KA_ACT_1959,child,ACTIVE,act,Karnataka,105,604,47,47,12,4,,,,Amendment of bye-laws of a co-operative society,byelaws;registrar;state_law,
KA_ACT_1959_SEC_12_SUB_6,KA_ACT_1959,child,ACTIVE,act,Karnataka,77,494,47,47,12,6,,,,Amendment of bye-laws of a co-operative society,byelaws;registrar;state_law,
KA_ACT_1959_SEC_13,KA_ACT_1959,child,ACTIVE,act,Karnataka,49,284,47,47,13,,,,,When amendments of bye-laws come into force,byelaws;state_law,
KA_ACT_1959_SEC_14,KA_ACT_1959,parent,REFERENCE_ONLY,act,Karnataka,529,3108,47,48,14,,,,,"Amalgamation, transfer of assets and liabilities and division of co-operative",byelaws;deposits;loans;meetings;registrar;state_law,
KA_ACT_1959_SEC_14_SUB_1,KA_ACT_1959,child,ACTIVE,act,Karnataka,61,363,47,47,14,1,,,,"Amalgamation, transfer of assets and liabilities and division of co-operative",meetings;state_law,
KA_ACT_1959_SEC_14_SUB_2,KA_ACT_1959,child,ACTIVE,act,Karnataka,38,232,47,47,14,2,,,,"Amalgamation, transfer of assets and liabilities and division of co-operative",meetings;state_law,
KA_ACT_1959_SEC_14_SUB_3,KA_ACT_1959,child,ACTIVE,act,Karnataka,78,478,47,47,14,3,,,,"Amalgamation, transfer of assets and liabilities and division of co-operative",registrar;state_law,
KA_ACT_1959_SEC_14_SUB_4,KA_ACT_1959,child,ACTIVE,act,Karnataka,98,558,48,48,14,4,,,,"Amalgamation, transfer of assets and liabilities and division of co-operative",byelaws;deposits;loans;registrar;state_law,
KA_ACT_1959_SEC_14_SUB_5,KA_ACT_1959,child,ACTIVE,act,Karnataka,42,246,48,48,14,5,,,,"Amalgamation, transfer of assets and liabilities and division of co-operative",state_law,
KA_ACT_1959_SEC_14_SUB_6,KA_ACT_1959,child,ACTIVE,act,Karnataka,66,388,48,48,14,6,,,,"Amalgamation, transfer of assets and liabilities and division of co-operative",state_law,
KA_ACT_1959_SEC_14_SUB_7,KA_ACT_1959,child,ACTIVE,act,Karnataka,134,735,48,48,14,7,,,,"Amalgamation, transfer of assets and liabilities and division of co-operative",state_law,
KA_ACT_1959_SEC_14B,KA_ACT_1959,child,ACTIVE,act,Karnataka,100,612,48,48,14B,,,,,Registrar to prepare scheme for amalgamation of co-operative banks in,registrar;state_law,
KA_ACT_1959_SEC_14C,KA_ACT_1959,child,ACTIVE,act,Karnataka,140,862,49,49,14C,,,,,Liability of co-operative bank to the Deposit Insurance Corporation,deposits;state_law,
KA_ACT_1959_SEC_15,KA_ACT_1959,child,ACTIVE,act,Karnataka,235,1435,49,49,15,,,,,Cancellation of registration certificates of co-operative societies in certain,registration;state_law,
KA_ACT_1959_SEC_16,KA_ACT_1959,child,ACTIVE,act,Karnataka,532,3237,49,51,16,,,,,Persons who may become members,byelaws;membership;registration;state_law,
KA_ACT_1959_SEC_17,KA_ACT_1959,child,ACTIVE,act,Karnataka,368,2008,51,52,17,,,,,Disqualification for membership,eligibility;membership;registrar;state_law,
KA_ACT_1959_SEC_18,KA_ACT_1959,child,ACTIVE,act,Karnataka,353,2101,52,53,18,,,,,Nominal or associate members,byelaws;deposits;eligibility;membership;state_law,
KA_ACT_1959_SEC_18A,KA_ACT_1959,child,ACTIVE,act,Karnataka,111,635,53,53,18A,,,,,Cessation of membership,membership;state_law,
KA_ACT_1959_SEC_18_B,KA_ACT_1959,child,ACTIVE,act,Karnataka,121,760,53,54,18-B,,,,,Cessation of directorship,state_law,
KA_ACT_1959_SEC_19,KA_ACT_1959,child,ACTIVE,act,Karnataka,119,688,54,54,19,,,,,Member not to exercise rights till due payment made,membership;state_law,
KA_ACT_1959_SEC_20,KA_ACT_1959,child,ACTIVE,act,Karnataka,808,4508,54,56,20,,,,,Votes of members,byelaws;elections;loans;meetings;registrar;registration;state_law,STRUCTURE_UNCERTAIN
KA_ACT_1959_SEC_21,KA_ACT_1959,parent,REFERENCE_ONLY,act,Karnataka,469,2727,56,57,21,,,,,Manner of exercising vote,elections;meetings;state_law,
KA_ACT_1959_SEC_21_SUB_2,KA_ACT_1959,child,ACTIVE,act,Karnataka,251,1463,56,57,21,2,,,,Manner of exercising vote,elections;meetings;state_law,
KA_ACT_1959_SEC_21_SUB_3,KA_ACT_1959,child,ACTIVE,act,Karnataka,114,632,57,57,21,3,,,,Manner of exercising vote,meetings;state_law,
KA_ACT_1959_SEC_23,KA_ACT_1959,child,ACTIVE,act,Karnataka,79,417,57,57,23,,,,,Restrictions on transfers of shares or interest,state_law,
KA_ACT_1959_SEC_23A,KA_ACT_1959,child,ACTIVE,act,Karnataka,150,829,57,58,23A,,,,,Refund of value of share,loans;state_law,
KA_ACT_1959_SEC_24,KA_ACT_1959,child,ACTIVE,act,Karnataka,339,1959,58,59,24,,,,,Transfer of interest on death of member,state_law,
KA_ACT_1959_SEC_25,KA_ACT_1959,child,ACTIVE,act,Karnataka,180,950,59,59,25,,,,,Liability of past member and estate of deceased member,state_law,STRUCTURE_UNCERTAIN
KA_ACT_1959_SEC_26,KA_ACT_1959,child,ACTIVE,act,Karnataka,309,1804,59,60,26,,,,,Final authority in a co-operative society,byelaws;management;meetings;registrar;state_law,
KA_ACT_1959_SEC_26A,KA_ACT_1959,child,ACTIVE,act,Karnataka,176,1022,60,60,26A,,,,,Partnership of Co-operative Societies,meetings;registrar;state_law,
KA_ACT_1959_SEC_26B,KA_ACT_1959,child,ACTIVE,act,Karnataka,252,1547,60,61,26B,,,,,Collaboration by Co-operative Societies,byelaws;management;registrar;state_law,
KA_ACT_1959_SEC_27,KA_ACT_1959,child,ACTIVE,act,Karnataka,811,4878,61,63,27,,,,,Annual General Meeting,byelaws;eligibility;loans;management;meetings;membership;registrar;state_law,STRUCTURE_UNCERTAIN
KA_ACT_1959_SEC_27B,KA_ACT_1959,child,ACTIVE,act,Karnataka,147,901,63,64,27B,,,,,Returns to be filed with the Registrar,byelaws;elections;meetings;registrar;state_law,
KA_ACT_1959_SEC_28,KA_ACT_1959,child,ACTIVE,act,Karnataka,179,1014,64,64,28,,,,,Special general meeting,byelaws;meetings;registrar;state_law,
KA_ACT_1959_SEC_28A,KA_ACT_1959,child,ACTIVE,act,Karnataka,2235,13396,64,70,28A,,,,,Management of co-operative societies vest in the *board*,byelaws;elections;eligibility;loans;management;meetings;registrar;registration;state_law;timeline,LONG_CHUNK_NO_SAFE_SPLIT;STRUCTURE_UNCERTAIN
KA_ACT_1959_SEC_28D,KA_ACT_1959,child,ACTIVE,act,Karnataka,54,364,70,70,28D,,,,,"Foreign tours by members, directors, office-bearers and employees of a",state_law,
KA_ACT_1959_SEC_29,KA_ACT_1959,child,ACTIVE,act,Karnataka,21,103,70,70,29,,,,,[XXX],state_law,
KA_ACT_1959_SEC_29A,KA_ACT_1959,child,ACTIVE,act,Karnataka,396,2261,70,71,29A,,,,,Commencement of term of office,byelaws;elections;meetings;membership;state_law;timeline,
KA_ACT_1959_SEC_29C,KA_ACT_1959,parent,REFERENCE_ONLY,act,Karnataka,7,53,71,75,29C,,,,,Disqualification for membership of the *board*,membership;state_law,CONTEXT_PARENT;SHORT_CONTEXT_PARENT
KA_ACT_1959_SEC_29C_SUB_1,KA_ACT_1959,child,ACTIVE,act,Karnataka,735,4150,71,73,29C,1,,,,Disqualification for membership of the *board*,byelaws;elections;eligibility;loans;meetings;membership;state_law;timeline,
KA_ACT_1959_SEC_29C_SUB_2,KA_ACT_1959,child,ACTIVE,act,Karnataka,239,1408,73,74,29C,2,,,,Disqualification for membership of the *board*,elections;meetings;membership;registrar;state_law,
KA_ACT_1959_SEC_29C_SUB_5,KA_ACT_1959,child,ACTIVE,act,Karnataka,84,538,74,74,29C,5,,,,Disqualification for membership of the *board*,eligibility;membership;state_law,
KA_ACT_1959_SEC_29C_SUB_6,KA_ACT_1959,child,ACTIVE,act,Karnataka,35,213,74,74,29C,6,,,,Disqualification for membership of the *board*,membership;state_law,
KA_ACT_1959_SEC_29C_SUB_7,KA_ACT_1959,child,ACTIVE,act,Karnataka,259,1530,74,75,29C,7,,,,Disqualification for membership of the *board*,byelaws;membership;registrar;state_law,
KA_ACT_1959_SEC_29C_SUB_9,KA_ACT_1959,child,ACTIVE,act,Karnataka,150,917,75,75,29C,9,,,,Disqualification for membership of the *board*,eligibility;membership;state_law,
KA_ACT_1959_SEC_29E,KA_ACT_1959,child,ACTIVE,act,Karnataka,204,1135,75,76,29E,,,,,Filling up of casual vacancy in the office of members of the *board*,byelaws;elections;registrar;state_law,
KA_ACT_1959_SEC_29F,KA_ACT_1959,child,ACTIVE,act,Karnataka,277,1718,76,76,29F,,,,,"Election of President, Chairperson, Vice-President, or Vice-Chairperson, etc.,",byelaws;elections;meetings;state_law;timeline,
KA_ACT_1959_SEC_29G,KA_ACT_1959,parent,REFERENCE_ONLY,act,Karnataka,5,38,76,81,29G,,,,,Appointment of Chief Executive,state_law,CONTEXT_PARENT;SHORT_CONTEXT_PARENT
KA_ACT_1959_SEC_29G_SUB_1,KA_ACT_1959,child,ACTIVE,act,Karnataka,241,1423,76,77,29G,1,,,,Appointment of Chief Executive,registrar;state_law,
KA_ACT_1959_SEC_29G_SUB_2,KA_ACT_1959,child,ACTIVE,act,Karnataka,39,233,77,77,29G,2,,,,Appointment of Chief Executive,registrar;state_law,
KA_ACT_1959_SEC_29G_SUB_3,KA_ACT_1959,child,ACTIVE,act,Karnataka,52,288,77,77,29G,3,,,,Appointment of Chief Executive,registrar;state_law,
KA_ACT_1959_SEC_29G_SUB_4,KA_ACT_1959,child,ACTIVE,act,Karnataka,436,2665,77,78,29G,4,,,,Appointment of Chief Executive,byelaws;documents;elections;loans;management;meetings;registrar;state_law,
KA_ACT_1959_SEC_29G_SUB_5,KA_ACT_1959,child,ACTIVE,act,Karnataka,138,835,79,79,29G,5,,,,Appointment of Chief Executive,byelaws;state_law,
KA_ACT_1959_SEC_29G_SUB_6,KA_ACT_1959,child,ACTIVE,act,Karnataka,994,5847,79,81,29G,6,,,,Appointment of Chief Executive,byelaws;elections;eligibility;loans;management;meetings;registrar;state_law;timeline,LONG_CHUNK_NO_SAFE_SPLIT
KA_ACT_1959_SEC_30B,KA_ACT_1959,child,ACTIVE,act,Karnataka,12,62,81,81,30B,,,,,XXX],state_law,SHORT_COMPLETE_PROVISION
KA_ACT_1959_SEC_30B_002,KA_ACT_1959,child,ACTIVE,act,Karnataka,211,1350,81,82,30B,,,,,Powers to give direction in public interest,registrar;state_law,STRUCTURE_UNCERTAIN
KA_ACT_1959_SEC_31,KA_ACT_1959,child,ACTIVE,act,Karnataka,412,2407,82,83,31,,,,,Appointment of Special Officer [by the Registrar],byelaws;registrar;state_law,
KA_ACT_1959_SEC_31A,KA_ACT_1959,child,ACTIVE,act,Karnataka,353,2195,83,83,31A,,,,,Delivery of possession of records and properties of the co-operative,documents;registrar;state_law,
KA_ACT_1959_SEC_32,KA_ACT_1959,child,ACTIVE,act,Karnataka,244,1527,83,84,32,,,,,First charge of co-operative society on certain assets,loans;state_law,STRUCTURE_UNCERTAIN
KA_ACT_1959_SEC_33,KA_ACT_1959,child,ACTIVE,act,Karnataka,772,4369,84,86,33,,,,,"Charge on land, owned by members or held as tenants by members borrowing",loans;state_law,STRUCTURE_UNCERTAIN
KA_ACT_1959_SEC_34,KA_ACT_1959,child,ACTIVE,act,Karnataka,325,1873,86,86,34,,,,,Deduction from salary to meet society's claim in certain cases,loans;state_law;timeline,
KA_ACT_1959_SEC_35,KA_ACT_1959,child,ACTIVE,act,Karnataka,158,857,86,87,35,,,,,Charge and set off in respect of shares or interest of members in the capital of a,deposits;state_law,
KA_ACT_1959_SEC_36,KA_ACT_1959,child,ACTIVE,act,Karnataka,86,472,87,87,36,,,,,Shares or interest not liable to attachment,state_law,
KA_ACT_1959_SEC_37,KA_ACT_1959,child,ACTIVE,act,Karnataka,280,1617,87,87,37,,,,,"Exemption from certain taxes, duties and fees",documents;registration;state_law,
KA_ACT_1959_SEC_38,KA_ACT_1959,child,ACTIVE,act,Karnataka,208,1304,88,88,38,,,,,Exemption from compulsory registration of instruments,registration;state_law,
KA_ACT_1959_SEC_39,KA_ACT_1959,parent,REFERENCE_ONLY,act,Karnataka,10,76,88,91,39,,,,,Registration of documents executed on behalf of co-operative societies,documents;registration;state_law,CONTEXT_PARENT;SHORT_CONTEXT_PARENT
KA_ACT_1959_SEC_39_SUB_1,KA_ACT_1959,child,ACTIVE,act,Karnataka,103,601,88,88,39,1,,,,Registration of documents executed on behalf of co-operative societies,documents;registration;state_law,
KA_ACT_1959_SEC_39_SUB_2,KA_ACT_1959,child,ACTIVE,act,Karnataka,1078,6892,88,91,39,2,,,,Registration of documents executed on behalf of co-operative societies,documents;elections;registrar;registration;reporting;state_law,LONG_CHUNK_NO_SAFE_SPLIT
KA_ACT_1959_SEC_39B,KA_ACT_1959,child,ACTIVE,act,Karnataka,49,327,91,91,39B,,,,,Cost of conducting elections,elections;state_law,
KA_ACT_1959_SEC_39C,KA_ACT_1959,child,ACTIVE,act,Karnataka,521,3006,91,92,39C,,,,,Corrupt practices,appeal;elections;meetings;state_law,
KA_ACT_1959_SEC_39D,KA_ACT_1959,child,ACTIVE,act,Karnataka,97,586,93,93,39D,,,,,Maintenance of secrecy of voting,elections;state_law,
KA_ACT_1959_SEC_39E,KA_ACT_1959,child,ACTIVE,act,Karnataka,187,1066,93,93,39E,,,,,Officers etc. at election not to act for candidates or to influence voting,elections;management;state_law,
KA_ACT_1959_SEC_39F,KA_ACT_1959,child,ACTIVE,act,Karnataka,144,850,93,93,39F,,,,,Prohibition of canvassing in or near polling station,elections;state_law,
KA_ACT_1959_SEC_39G,KA_ACT_1959,child,ACTIVE,act,Karnataka,254,1474,94,94,39G,,,,,Penalty for disorderly conduct in or near poling station,state_law,
KA_ACT_1959_SEC_39H,KA_ACT_1959,child,ACTIVE,act,Karnataka,158,936,94,94,39H,,,,,Penalty for misconduct at the polling station,state_law,
KA_ACT_1959_SEC_39I,KA_ACT_1959,child,ACTIVE,act,Karnataka,139,856,94,95,39I,,,,,Breaches of official duty in connection with election,elections;state_law,
KA_ACT_1959_SEC_39J,KA_ACT_1959,child,ACTIVE,act,Karnataka,215,1217,95,95,39J,,,,,Removal of ballot papers from polling station to be an offence,elections;state_law,
KA_ACT_1959_SEC_39K,KA_ACT_1959,child,ACTIVE,act,Karnataka,388,2234,95,96,39K,,,,,Other offences and penalties,documents;elections;state_law,
KA_ACT_1959_SEC_40,KA_ACT_1959,child,ACTIVE,act,Karnataka,49,312,96,96,40,,,,,Promotion of co-operative movement,state_law,
KA_ACT_1959_SEC_41,KA_ACT_1959,child,ACTIVE,act,Karnataka,71,452,96,96,41,,,,,Direct partnership of State Government in co-operative societies,state_law,
KA_ACT_1959_SEC_42,KA_ACT_1959,child,ACTIVE,act,Karnataka,45,316,96,96,42,,,,,Indirect partnership of State Government in co-operative societies,state_law,
KA_ACT_1959_SEC_43,KA_ACT_1959,child,ACTIVE,act,Karnataka,121,808,97,97,43,,,,,Principal State Partnership Fund,state_law,
KA_ACT_1959_SEC_44,KA_ACT_1959,child,ACTIVE,act,Karnataka,80,516,97,97,44,,,,,Subsidiary State Partnership Fund,state_law,
KA_ACT_1959_SEC_45,KA_ACT_1959,child,ACTIVE,act,Karnataka,44,287,97,97,45,,,,,Approval of State Government for purchase of shares,state_law,
KA_ACT_1959_SEC_46,KA_ACT_1959,child,ACTIVE,act,Karnataka,79,464,97,97,46,,,,,Liability to be limited in respect of certain shares,state_law,
KA_ACT_1959_SEC_47,KA_ACT_1959,child,ACTIVE,act,Karnataka,74,462,97,98,47,,,,,Restriction on amount of dividend,state_law,
KA_ACT_1959_SEC_48,KA_ACT_1959,child,ACTIVE,act,Karnataka,168,1030,98,98,48,,,,,Indemnity of apex and central societies,state_law,
KA_ACT_1959_SEC_49,KA_ACT_1959,child,ACTIVE,act,Karnataka,192,1133,98,98,49,,,,,"Disposal of share capital and dividend, etc",state_law,
KA_ACT_1959_SEC_50,KA_ACT_1959,child,ACTIVE,act,Karnataka,114,667,98,99,50,,,,,Disposal of 'Principal State Partnership Fund' and 'Subsidiary State Partnership,state_law,
KA_ACT_1959_SEC_51,KA_ACT_1959,child,ACTIVE,act,Karnataka,53,310,99,99,51,,,,,Principal State Partnership Fund and Subsidiary State Partnership Fund not to,state_law,
KA_ACT_1959_SEC_52,KA_ACT_1959,child,ACTIVE,act,Karnataka,107,650,99,99,52,,,,,Agreement by State Government and apex societies,state_law,
KA_ACT_1959_SEC_53,KA_ACT_1959,child,ACTIVE,act,Karnataka,144,875,99,99,53,,,,,Other forms of State aid to co-operative societies,loans;state_law,
KA_ACT_1959_SEC_54,KA_ACT_1959,child,ACTIVE,act,Karnataka,10,58,99,99,54,,,,,XXX]1,state_law,SHORT_COMPLETE_PROVISION
KA_ACT_1959_SEC_55,KA_ACT_1959,child,ACTIVE,act,Karnataka,40,243,99,99,55,,,,,Provisions of this Chapter to override other laws,state_law,
KA_ACT_1959_SEC_56,KA_ACT_1959,child,ACTIVE,act,Karnataka,214,1318,100,100,56,,,,,Mobilisation of Funds,byelaws;deposits;loans;meetings;state_law,STRUCTURE_UNCERTAIN
KA_ACT_1959_SEC_57,KA_ACT_1959,child,ACTIVE,act,Karnataka,672,4128,100,102,57,,,,,Net profits and their disposal,byelaws;meetings;registration;state_law;timeline,STRUCTURE_UNCERTAIN
KA_ACT_1959_SEC_58,KA_ACT_1959,child,ACTIVE,act,Karnataka,198,1126,102,103,58,,,,,Investment of funds,deposits;meetings;registrar;state_law,
KA_ACT_1959_SEC_59,KA_ACT_1959,child,ACTIVE,act,Karnataka,138,806,103,103,59,,,,,Restrictions on borrowings,byelaws;deposits;loans;meetings;state_law,
KA_ACT_1959_SEC_60,KA_ACT_1959,child,ACTIVE,act,Karnataka,65,407,103,103,60,,,,,Restrictions on loans,deposits;loans;state_law,
KA_ACT_1959_SEC_61,KA_ACT_1959,child,ACTIVE,act,Karnataka,39,246,103,103,61,,,,,Restrictions on other transactions with non-members,state_law,
KA_ACT_1959_SEC_62,KA_ACT_1959,child,ACTIVE,act,Karnataka,96,574,103,103,62,,,,,Provident Fund,byelaws;state_law,STRUCTURE_UNCERTAIN
KA_ACT_1959_CONTEXT_120,KA_ACT_1959,child,ACTIVE,act,Karnataka,2483,15110,104,109,,,,,,,documents;loans;management;meetings;registrar;reporting;state_law;timeline,LONG_CHUNK_NO_SAFE_SPLIT;SECTION_IDENTIFIER_MISSING;STRUCTURE_UNCERTAIN
KA_ACT_1959_SEC_64,KA_ACT_1959,parent,REFERENCE_ONLY,act,Karnataka,888,5111,109,111,64,,,,,Inquiry by Registrar,byelaws;documents;meetings;registrar;state_law,
KA_ACT_1959_SEC_64_SUB_1,KA_ACT_1959,child,ACTIVE,act,Karnataka,53,309,109,109,64,1,,,,Inquiry by Registrar,registrar;state_law,
KA_ACT_1959_SEC_64_SUB_2,KA_ACT_1959,child,ACTIVE,act,Karnataka,178,999,109,110,64,2,,,,Inquiry by Registrar,registrar;state_law,
KA_ACT_1959_SEC_64_SUB_3,KA_ACT_1959,child,ACTIVE,act,Karnataka,355,2042,110,111,64,3,,,,Inquiry by Registrar,byelaws;documents;meetings;registrar;state_law,
KA_ACT_1959_SEC_64_SUB_4,KA_ACT_1959,child,ACTIVE,act,Karnataka,298,1727,111,111,64,4,,,,Inquiry by Registrar,meetings;registrar;state_law,
KA_ACT_1959_SEC_65,KA_ACT_1959,child,ACTIVE,act,Karnataka,431,2503,111,112,65,,,,,Inspection of books of a co-operative society,deposits;meetings;registrar;state_law,
KA_ACT_1959_SEC_65A,KA_ACT_1959,child,ACTIVE,act,Karnataka,120,694,112,113,65A,,,,,"Report of [inquiry] , inspection and final report to be made available to a",registrar;state_law,
KA_ACT_1959_SEC_65B,KA_ACT_1959,child,ACTIVE,act,Karnataka,148,881,113,113,65B,,,,,Inspection of books of co-operative society by a credit agency,documents;state_law,
KA_ACT_1959_SEC_66,KA_ACT_1959,child,ACTIVE,act,Karnataka,132,759,113,113,66,,,,,Power to seize books and property,state_law,
KA_ACT_1959_SEC_67,KA_ACT_1959,child,ACTIVE,act,Karnataka,146,841,113,114,67,,,,,Costs of Inquiry,registrar;state_law,
KA_ACT_1959_SEC_68,KA_ACT_1959,child,ACTIVE,act,Karnataka,281,1624,114,114,68,,,,,Order by the Registrar,registrar;state_law,
KA_ACT_1959_SEC_69,KA_ACT_1959,child,ACTIVE,act,Karnataka,439,2577,114,115,69,,,,,Surcharge,byelaws;management;registrar;state_law,
KA_ACT_1959_SEC_70,KA_ACT_1959,parent,REFERENCE_ONLY,act,Karnataka,589,3491,115,117,70,,,,,Disputes which may be referred to Registrar for decision,management;registrar;state_law,
KA_ACT_1959_SEC_70_SUB_1,KA_ACT_1959,child,ACTIVE,act,Karnataka,225,1354,115,116,70,1,,,,Disputes which may be referred to Registrar for decision,management;registrar;state_law,
KA_ACT_1959_SEC_70_SUB_2,KA_ACT_1959,child,ACTIVE,act,Karnataka,277,1615,116,117,70,2,,,,Disputes which may be referred to Registrar for decision,management;registrar;state_law,
KA_ACT_1959_SEC_70_SUB_3,KA_ACT_1959,child,ACTIVE,act,Karnataka,51,305,117,117,70,3,,,,Disputes which may be referred to Registrar for decision,management;registrar;state_law,
KA_ACT_1959_SEC_70_SUB_5,KA_ACT_1959,child,ACTIVE,act,Karnataka,21,111,117,117,70,5,,,,Disputes which may be referred to Registrar for decision,registrar;state_law,
KA_ACT_1959_SEC_70A,KA_ACT_1959,child,ACTIVE,act,Karnataka,171,1058,117,117,70A,,,,,Period of limitation,elections;registrar;state_law;timeline,
KA_ACT_1959_SEC_71,KA_ACT_1959,child,ACTIVE,act,Karnataka,418,2453,117,118,71,,,,,Disposal of disputes,appeal;registrar;state_law,STRUCTURE_UNCERTAIN
KA_ACT_1959_SEC_71A,KA_ACT_1959,child,ACTIVE,act,Karnataka,236,1358,118,119,71A,,,,,Powers of financing bank to proceed against members of a co-operative,byelaws;state_law;timeline,
KA_ACT_1959_SEC_71B,KA_ACT_1959,child,ACTIVE,act,Karnataka,237,1353,119,119,71B,,,,,Powers of credit agency to proceed against members of a co-operative,byelaws;state_law;timeline,
KA_ACT_1959_SEC_72,KA_ACT_1959,child,ACTIVE,act,Karnataka,405,2309,119,120,72,,,,,Winding up of co-operative societies,management;meetings;registrar;registration;state_law,
KA_ACT_1959_SEC_72A,KA_ACT_1959,child,ACTIVE,act,Karnataka,62,372,120,120,72A,,,,,"Winding up of a co-operative bank if so, required by the Reserve Bank",deposits;registrar;state_law,
KA_ACT_1959_SEC_72B,KA_ACT_1959,child,ACTIVE,act,Karnataka,108,671,121,121,72B,,,,,Reimbursement to the Deposit Insurance Corporation by the Liquidators,deposits;state_law,
KA_ACT_1959_SEC_73,KA_ACT_1959,child,ACTIVE,act,Karnataka,187,1118,121,121,73,,,,,Liquidator,appeal;registrar;state_law,
KA_ACT_1959_SEC_74,KA_ACT_1959,parent,REFERENCE_ONLY,act,Karnataka,533,3049,121,122,74,,,,,Powers of Liquidator,claim;deposits;registrar;state_law,
KA_ACT_1959_SEC_74_SUB_1,KA_ACT_1959,child,ACTIVE,act,Karnataka,62,340,121,121,74,1,,,,Powers of Liquidator,state_law,
KA_ACT_1959_SEC_74_SUB_2,KA_ACT_1959,child,ACTIVE,act,Karnataka,431,2475,121,122,74,2,,,,Powers of Liquidator,claim;registrar;state_law,
KA_ACT_1959_SEC_74_SUB_3,KA_ACT_1959,child,ACTIVE,act,Karnataka,36,202,122,122,74,3,,,,Powers of Liquidator,deposits;registrar;state_law,
KA_ACT_1959_SEC_75,KA_ACT_1959,child,ACTIVE,act,Karnataka,123,699,122,123,75,,,,,Cancellation of registration of a co-operative society,appeal;registrar;registration;state_law,
KA_ACT_1959_SEC_76,KA_ACT_1959,child,ACTIVE,act,Karnataka,164,954,123,123,76,,,,,Definitions,governance;loans;state_law,
KA_ACT_1959_SEC_76B,KA_ACT_1959,child,ACTIVE,act,Karnataka,391,2338,123,124,76B,,,,,State and other [Agriculture and Rural Development Banks],documents;state_law,
KA_ACT_1959_SEC_77,KA_ACT_1959,child,ACTIVE,act,Karnataka,113,664,124,124,77,,,,,Appointment of Trustee and his powers and functions,registrar;state_law,
KA_ACT_1959_SEC_78,KA_ACT_1959,child,ACTIVE,act,Karnataka,49,267,124,124,78,,,,,Trustee to be a corporation sole,state_law,
KA_ACT_1959_SEC_79,KA_ACT_1959,parent,REFERENCE_ONLY,act,Karnataka,781,4444,124,126,79,,,,,Issue of debentures,loans;state_law,
KA_ACT_1959_SEC_79_SUB_1,KA_ACT_1959,child,ACTIVE,act,Karnataka,478,2676,124,126,79,1,,,,Issue of debentures,loans;state_law,
KA_ACT_1959_SEC_79_SUB_2,KA_ACT_1959,child,ACTIVE,act,Karnataka,56,303,126,126,79,2,,,,Issue of debentures,state_law,
KA_ACT_1959_SEC_79_SUB_3,KA_ACT_1959,child,ACTIVE,act,Karnataka,243,1433,126,126,79,3,,,,Issue of debentures,loans;state_law,
KA_ACT_1959_SEC_80,KA_ACT_1959,child,ACTIVE,act,Karnataka,82,469,126,127,80,,,,,Charge of debenture holders on certain properties,state_law,
KA_ACT_1959_SEC_81,KA_ACT_1959,child,ACTIVE,act,Karnataka,277,1667,127,127,81,,,,,"Guarantee by State Government of principal of, and interest on, debentures",state_law,
KA_ACT_1959_SEC_82,KA_ACT_1959,child,ACTIVE,act,Karnataka,139,814,127,128,82,,,,,Other guarantees by State Government,loans;state_law,
KA_ACT_1959_SEC_82A,KA_ACT_1959,child,ACTIVE,act,Karnataka,90,519,128,128,82A,,,,,Powers of Land Development Banks to advance loans and to hold lands,loans;state_law,
KA_ACT_1959_SEC_82B,KA_ACT_1959,child,ACTIVE,act,Karnataka,253,1479,128,128,82B,,,,,Mode of dealing with applications for loans,loans;state_law,
KA_ACT_1959_SEC_82C,KA_ACT_1959,child,ACTIVE,act,Karnataka,226,1314,128,129,82C,,,,,Order granting loan conclusive of certain matters,byelaws;loans;state_law,
KA_ACT_1959_SEC_83,KA_ACT_1959,child,ACTIVE,act,Karnataka,228,1306,129,129,83,,,,,Priority of mortgage over certain claims,loans;state_law,
KA_ACT_1959_SEC_84,KA_ACT_1959,child,ACTIVE,act,Karnataka,152,905,129,130,84,,,,,Right of [Agriculture and Rural Development Bank] or of the [State,state_law,
KA_ACT_1959_SEC_85,KA_ACT_1959,child,ACTIVE,act,Karnataka,100,603,130,130,85,,,,,Mortgages executed in favour of [Agriculture and Rural Development Bank] to,state_law,
KA_ACT_1959_SEC_85A,KA_ACT_1959,child,ACTIVE,act,Karnataka,159,944,130,130,85A,,,,,Registration of mortgage or lease in favour of Land Development Banks,registration;state_law,
KA_ACT_1959_SEC_86,KA_ACT_1959,child,ACTIVE,act,Karnataka,202,1189,130,131,86,,,,,Power of [Agriculture and Rural Development Bank] to receive moneys,state_law,
KA_ACT_1959_SEC_86A,KA_ACT_1959,child,ACTIVE,act,Karnataka,73,435,131,131,86A,,,,,Recovery of Loans by development banks,loans;state_law,
KA_ACT_1959_SEC_87,KA_ACT_1959,child,ACTIVE,act,Karnataka,336,1940,131,132,87,,,,,Right of [Agriculture and Rural Development Bank] to pay prior debts of,documents;state_law,STRUCTURE_UNCERTAIN
KA_ACT_1959_SEC_87A,KA_ACT_1959,child,ACTIVE,act,Karnataka,258,1568,132,132,87A,,,,,Mortgages executed by managers of joint Hindu families,loans;management;state_law,
KA_ACT_1959_SEC_87B,KA_ACT_1959,child,ACTIVE,act,Karnataka,213,1233,132,133,87B,,,,,Restrictions on lease,state_law,
KA_ACT_1959_SEC_88,KA_ACT_1959,child,ACTIVE,act,Karnataka,203,1167,133,133,88,,,,,Distraint - When to be made,registrar;state_law,
KA_ACT_1959_SEC_89,KA_ACT_1959,child,ACTIVE,act,Karnataka,333,1916,133,134,89,,,,,Power of sale when to be exercised,state_law,
KA_ACT_1959_SEC_89A,KA_ACT_1959,child,ACTIVE,act,Karnataka,190,1083,134,135,89A,,,,,Confirmation of sale,registrar;state_law,STRUCTURE_UNCERTAIN
KA_ACT_1959_SEC_89B,KA_ACT_1959,child,ACTIVE,act,Karnataka,230,1366,135,135,89B,,,,,Disposal of sale-proceeds,state_law,
KA_ACT_1959_SEC_89C,KA_ACT_1959,parent,REFERENCE_ONLY,act,Karnataka,491,2919,135,136,89C,,,,,"Certificate to purchase, delivery of property and title of purchaser",registrar;registration;state_law,
KA_ACT_1959_SEC_89C_SUB_1,KA_ACT_1959,child,ACTIVE,act,Karnataka,362,2155,135,136,89C,1,,,,"Certificate to purchase, delivery of property and title of purchaser",registrar;registration;state_law,
KA_ACT_1959_SEC_89C_SUB_3,KA_ACT_1959,child,ACTIVE,act,Karnataka,118,685,136,136,89C,3,,,,"Certificate to purchase, delivery of property and title of purchaser",state_law,
KA_ACT_1959_SEC_89D,KA_ACT_1959,child,ACTIVE,act,Karnataka,344,2049,136,137,89D,,,,,Recovery of loans on certificate by Registrar,loans;registrar;state_law,
KA_ACT_1959_SEC_89E,KA_ACT_1959,child,ACTIVE,act,Karnataka,225,1304,137,137,89E,,,,,Deputy Commissioner to make recoveries during a certain period,loans;state_law,
KA_ACT_1959_SEC_89F,KA_ACT_1959,child,ACTIVE,act,Karnataka,103,577,137,138,89F,,,,,Officers of banks not to bid at sales,state_law,
KA_ACT_1959_SEC_89G,KA_ACT_1959,child,ACTIVE,act,Karnataka,75,420,138,138,89G,,,,,Section 40 of Bombay Act 28 of 1947 not to apply to alienation in favour of,state_law,
KA_ACT_1959_SEC_89H,KA_ACT_1959,child,ACTIVE,act,Karnataka,177,1026,138,138,89H,,,,,Provision for Guarantee Funds to meet certain losses,loans;meetings;state_law,
KA_ACT_1959_SEC_90,KA_ACT_1959,child,ACTIVE,act,Karnataka,204,1233,138,139,90,,,,,Powers of [Agriculture and Rural Development Bank] where mortgaged,byelaws;loans;state_law,
KA_ACT_1959_SEC_91,KA_ACT_1959,child,ACTIVE,act,Karnataka,212,1201,139,139,91,,,,,"Power of Board or of Trustee to distrain and sell property, etc",state_law,
KA_ACT_1959_SEC_92,KA_ACT_1959,child,ACTIVE,act,Karnataka,113,665,139,139,92,,,,,"Title of purchaser not to be questioned on the ground of irregularity, etc",state_law,
KA_ACT_1959_SEC_93,KA_ACT_1959,child,ACTIVE,act,Karnataka,91,545,139,140,93,,,,,Mortgage not to be questioned on insolvency of mortgagor,state_law,
KA_ACT_1959_SEC_94,KA_ACT_1959,child,ACTIVE,act,Karnataka,210,1206,140,140,94,,,,,Appointment of receiver and his powers,management;state_law,
KA_ACT_1959_SEC_95,KA_ACT_1959,child,ACTIVE,act,Karnataka,63,376,140,140,95,,,,,Mortgagor's powers to lease,state_law,
KA_ACT_1959_SEC_96,KA_ACT_1959,child,ACTIVE,act,Karnataka,43,229,140,140,96,,,,,Delegation of certain powers by Board,state_law,
KA_ACT_1959_SEC_97,KA_ACT_1959,child,ACTIVE,act,Karnataka,81,427,140,140,97,,,,,"Sections 102, 103 and 104 of the Transfer of Property Act, 1882, to apply to",state_law,
KA_ACT_1959_SEC_97A,KA_ACT_1959,child,ACTIVE,act,Karnataka,342,2223,140,141,97A,,,,,Constitution of a common cadre for the employees of primary,byelaws;registrar;state_law,
KA_ACT_1959_SEC_98,KA_ACT_1959,child,ACTIVE,act,Karnataka,331,2029,141,142,98,,,,,Power to [Board] of [State Agriculture and Rural Development Bank] to,loans;state_law,
KA_ACT_1959_SEC_98A,KA_ACT_1959,child,ACTIVE,act,Karnataka,17,125,142,142,98A,,,,,Application of this Chapter,state_law,SHORT_COMPLETE_PROVISION
KA_ACT_1959_SEC_98B,KA_ACT_1959,child,ACTIVE,act,Karnataka,120,703,142,143,98B,,,,,Overriding effect of Chapter XIA,state_law,
KA_ACT_1959_SEC_98C,KA_ACT_1959,child,ACTIVE,act,Karnataka,85,517,143,143,98C,,,,,Approval of bye-laws,byelaws;registrar;state_law;timeline,
KA_ACT_1959_SEC_98D,KA_ACT_1959,child,ACTIVE,act,Karnataka,168,1022,143,143,98D,,,,,Ensuring membership to Depositors,byelaws;deposits;loans;membership;state_law,
KA_ACT_1959_SEC_98E,KA_ACT_1959,child,ACTIVE,act,Karnataka,141,955,143,144,98E,,,,,Freedom in all financial and internal administrative matters,deposits;loans;state_law,
KA_ACT_1959_SEC_98F,KA_ACT_1959,child,ACTIVE,act,Karnataka,87,560,144,144,98F,,,,,Limit on State Government's subscription,state_law,
KA_ACT_1959_SEC_98G,KA_ACT_1959,child,ACTIVE,act,Karnataka,91,572,144,144,98G,,,,,Restriction on number of Government Nominees,state_law,
KA_ACT_1959_SEC_98H,KA_ACT_1959,child,ACTIVE,act,Karnataka,181,1215,144,145,98H,,,,,Freedom for affiliation or disaffiliation with a federal society,eligibility;meetings;state_law,
KA_ACT_1959_SEC_98I,KA_ACT_1959,child,ACTIVE,act,Karnataka,42,278,145,145,98I,,,,,Restriction regarding area of operation,state_law,
KA_ACT_1959_SEC_98J,KA_ACT_1959,child,ACTIVE,act,Karnataka,54,332,145,145,98J,,,,,Freedom of investment and deposit,deposits;state_law,
KA_ACT_1959_SEC_98K,KA_ACT_1959,child,ACTIVE,act,Karnataka,56,387,145,145,98K,,,,,Freedom of borrowings,loans;state_law,
KA_ACT_1959_SEC_98L,KA_ACT_1959,child,ACTIVE,act,Karnataka,30,208,145,145,98L,,,,,Guidelines for payment of dividend,registrar;state_law,
KA_ACT_1959_SEC_98M,KA_ACT_1959,child,ACTIVE,act,Karnataka,37,231,145,145,98M,,,,,Contribution to any fund,registrar;state_law,
KA_ACT_1959_SEC_98N,KA_ACT_1959,child,ACTIVE,act,Karnataka,351,2107,145,146,98N,,,,,Disqualification of members of the *board* of Co-operative Credit,loans;reporting;state_law,
KA_ACT_1959_SEC_98O,KA_ACT_1959,child,ACTIVE,act,Karnataka,41,232,146,146,98O,,,,,Applicability of Section 20 and Section 29C to the election of a new,elections;state_law,
KA_ACT_1959_SEC_98P,KA_ACT_1959,child,ACTIVE,act,Karnataka,11,59,146,146,98P,,,,,[XXX],state_law,SHORT_COMPLETE_PROVISION
KA_ACT_1959_SEC_98Q,KA_ACT_1959,child,ACTIVE,act,Karnataka,165,1021,146,147,98Q,,,,,Elections,elections;eligibility;state_law,
KA_ACT_1959_SEC_98R,KA_ACT_1959,child,ACTIVE,act,Karnataka,34,237,147,147,98R,,,,,The Prudential norms,registrar;state_law,
KA_ACT_1959_SEC_98S,KA_ACT_1959,child,ACTIVE,act,Karnataka,181,1061,147,147,98S,,,,,Removal of Directors and Chief Executive Officers,registrar;state_law,
KA_ACT_1959_SEC_98U,KA_ACT_1959,child,ACTIVE,act,Karnataka,36,225,147,147,98U,,,,,Audit of accounts,state_law,
KA_ACT_1959_SEC_98V,KA_ACT_1959,child,ACTIVE,act,Karnataka,89,528,147,148,98V,,,,,Special audit of Co-operative Credit Structure,state_law,
KA_ACT_1959_SEC_98W,KA_ACT_1959,child,ACTIVE,act,Karnataka,223,1309,148,148,98W,,,,,Restriction for using the word 'Bank',pacs;registrar;state_law,
KA_ACT_1959_SEC_98X,KA_ACT_1959,child,ACTIVE,act,Karnataka,320,1859,148,149,98X,,,,,Implementation of regulatory prescriptions of Reserve Bank,eligibility;registrar;state_law,
KA_ACT_1959_SEC_99,KA_ACT_1959,child,ACTIVE,act,Karnataka,161,944,149,149,99,,,,,Enforcement of charge,registrar;state_law;timeline,
KA_ACT_1959_SEC_100,KA_ACT_1959,child,ACTIVE,act,Karnataka,12,85,149,149,100,,,,,Recovery of moneys due to Societies,state_law,SHORT_COMPLETE_PROVISION
KA_ACT_1959_CONTEXT_205,KA_ACT_1959,child,ACTIVE,act,Karnataka,434,2558,149,150,,,,,,,loans;registrar;state_law,SECTION_IDENTIFIER_MISSING;STRUCTURE_UNCERTAIN
KA_ACT_1959_SEC_101,KA_ACT_1959,child,ACTIVE,act,Karnataka,834,4761,150,152,101,,,,,"Execution of orders, etc",registrar;state_law,
KA_ACT_1959_SEC_101A,KA_ACT_1959,child,ACTIVE,act,Karnataka,82,493,152,152,101A,,,,,Transfer of property made after issue of certificate void against co,registrar;state_law,
KA_ACT_1959_SEC_101B,KA_ACT_1959,child,ACTIVE,act,Karnataka,338,1960,152,153,101B,,,,,Transfer of property which cannot be sold,registrar;state_law,
KA_ACT_1959_SEC_102,KA_ACT_1959,child,ACTIVE,act,Karnataka,113,632,153,153,102,,,,,Registrar or person empowered by him to be a civil court for certain purposes,registrar;state_law,
KA_ACT_1959_SEC_103,KA_ACT_1959,child,ACTIVE,act,Karnataka,298,1755,153,154,103,,,,,Attachment of property before award or order,registrar;state_law,
KA_ACT_1959_SEC_104,KA_ACT_1959,child,ACTIVE,act,Karnataka,247,1434,154,154,104,,,,,Recovery of sums due to Government,registrar;state_law,
KA_ACT_1959_SEC_104A,KA_ACT_1959,child,ACTIVE,act,Karnataka,136,807,154,155,104A,,,,,Application of this Chapter to Co-operative Societies in other States,state_law,
KA_ACT_1959_SEC_105,KA_ACT_1959,child,ACTIVE,act,Karnataka,293,1682,155,155,105,,,,,Appeals to the Tribunal,appeal;registrar;state_law;timeline,
KA_ACT_1959_SEC_105A,KA_ACT_1959,child,ACTIVE,act,Karnataka,267,1498,155,156,105A,,,,,Appeals relating to admission of members to societies,appeal;membership;registrar;state_law;timeline,
KA_ACT_1959_SEC_106,KA_ACT_1959,child,ACTIVE,act,Karnataka,866,5013,156,159,106,,,,,Appeals to other authorities,appeal;registrar;state_law;timeline,STRUCTURE_UNCERTAIN
KA_ACT_1959_SEC_107,KA_ACT_1959,child,ACTIVE,act,Karnataka,103,572,159,159,107,,,,,Revision by Tribunal,appeal;state_law,
KA_ACT_1959_SEC_108,KA_ACT_1959,child,ACTIVE,act,Karnataka,180,1017,159,159,108,,,,,Powers of revision of State Government,appeal;state_law,
KA_ACT_1959_SEC_108A,KA_ACT_1959,child,ACTIVE,act,Karnataka,140,798,159,159,108A,,,,,No appeal or revision in certain cases,appeal;state_law,
KA_ACT_1959_SEC_109,KA_ACT_1959,parent,REFERENCE_ONLY,act,Karnataka,7,53,160,165,109,,,,,Offences,state_law,CONTEXT_PARENT;SHORT_CONTEXT_PARENT
KA_ACT_1959_SEC_109_SUB_1,KA_ACT_1959,child,ACTIVE,act,Karnataka,155,895,160,160,109,1,,,,Offences,registrar;state_law,
KA_ACT_1959_SEC_109_SUB_2,KA_ACT_1959,child,ACTIVE,act,Karnataka,87,481,160,160,109,2,,,,Offences,state_law,
KA_ACT_1959_SEC_109_SUB_3,KA_ACT_1959,child,ACTIVE,act,Karnataka,136,816,160,160,109,3,,,,Offences,documents;state_law,
KA_ACT_1959_SEC_109_SUB_4,KA_ACT_1959,child,ACTIVE,act,Karnataka,110,613,160,161,109,4,,,,Offences,state_law;timeline,
KA_ACT_1959_SEC_109_SUB_5,KA_ACT_1959,child,ACTIVE,act,Karnataka,104,599,161,161,109,5,,,,Offences,state_law,
KA_ACT_1959_SEC_109_SUB_6,KA_ACT_1959,child,ACTIVE,act,Karnataka,307,1733,161,162,109,6,,,,Offences,deposits;documents;eligibility;registrar;state_law;timeline,
KA_ACT_1959_SEC_109_SUB_9,KA_ACT_1959,child,ACTIVE,act,Karnataka,94,550,162,162,109,9,,,,Offences,registrar;state_law,
KA_ACT_1959_SEC_109_SUB_10,KA_ACT_1959,child,ACTIVE,act,Karnataka,93,533,162,162,109,10,,,,Offences,state_law,
KA_ACT_1959_SEC_109_SUB_11,KA_ACT_1959,child,ACTIVE,act,Karnataka,350,2009,162,163,109,11,,,,Offences,loans;meetings;registrar;state_law,
KA_ACT_1959_SEC_109_SUB_13,KA_ACT_1959,child,ACTIVE,act,Karnataka,128,737,163,163,109,13,,,,Offences,state_law,
KA_ACT_1959_SEC_109_SUB_14,KA_ACT_1959,child,ACTIVE,act,Karnataka,56,317,163,163,109,14,,,,Offences,byelaws;state_law,
KA_ACT_1959_SEC_109_SUB_15,KA_ACT_1959,child,ACTIVE,act,Karnataka,256,1491,163,164,109,15,,,,Offences,byelaws;loans;meetings;state_law,
KA_ACT_1959_SEC_109_SUB_16,KA_ACT_1959,child,ACTIVE,act,Karnataka,121,681,164,164,109,16,,,,Offences,state_law,
KA_ACT_1959_SEC_109_SUB_18,KA_ACT_1959,child,ACTIVE,act,Karnataka,68,377,164,164,109,18,,,,Offences,meetings;state_law,
KA_ACT_1959_SEC_109_SUB_19,KA_ACT_1959,child,ACTIVE,act,Karnataka,51,279,164,164,109,19,,,,Offences,registrar;state_law,
KA_ACT_1959_SEC_109_SUB_20,KA_ACT_1959,child,ACTIVE,act,Karnataka,61,378,164,164,109,20,,,,Offences,elections;state_law,
KA_ACT_1959_SEC_109_SUB_21,KA_ACT_1959,child,ACTIVE,act,Karnataka,69,403,164,165,109,21,,,,Offences,elections;state_law,
KA_ACT_1959_SEC_110,KA_ACT_1959,child,ACTIVE,act,Karnataka,260,1537,165,165,110,,,,,Offences by Companies,management;state_law,
KA_ACT_1959_SEC_110A,KA_ACT_1959,child,ACTIVE,act,Karnataka,228,1341,165,166,110A,,,,,Power to compound offences,registrar;state_law,
KA_ACT_1959_SEC_111,KA_ACT_1959,child,ACTIVE,act,Karnataka,207,1287,166,166,111,,,,,Cognizance of offences,complaint;registrar;state_law,
KA_ACT_1959_SEC_111_B,KA_ACT_1959,child,ACTIVE,act,Karnataka,93,515,166,167,111-B,,,,,Preservation of records,registrar;state_law,
KA_ACT_1959_SEC_112,KA_ACT_1959,child,ACTIVE,act,Karnataka,91,520,167,167,112,,,,,"Prohibition against the use of the word ""Co-operative""",state_law,
KA_ACT_1959_SEC_113,KA_ACT_1959,child,ACTIVE,act,Karnataka,150,882,167,167,113,,,,,Address of a co-operative society,meetings;registrar;state_law;timeline,
KA_ACT_1959_SEC_114,KA_ACT_1959,child,ACTIVE,act,Karnataka,69,377,167,167,114,,,,,"Copy of Act, rules and bye-laws to be open to inspection",byelaws;state_law,
KA_ACT_1959_SEC_116,KA_ACT_1959,child,ACTIVE,act,Karnataka,57,301,167,168,116,,,,,Orders to be pronounced,registrar;state_law,
KA_ACT_1959_SEC_117,KA_ACT_1959,parent,REFERENCE_ONLY,act,Karnataka,562,3041,168,169,117,,,,,Procedure for settlement of disputes and power of the Registrar or any other,documents;registrar;state_law,
KA_ACT_1959_SEC_117_SUB_1,KA_ACT_1959,child,ACTIVE,act,Karnataka,111,617,168,168,117,1,,,,Procedure for settlement of disputes and power of the Registrar or any other,documents;registrar;state_law,
KA_ACT_1959_SEC_117_SUB_2,KA_ACT_1959,child,ACTIVE,act,Karnataka,11,58,168,168,117,2,,,,Procedure for settlement of disputes and power of the Registrar or any other,registrar;state_law,SHORT_COMPLETE_PROVISION
KA_ACT_1959_SEC_117_SUB_3,KA_ACT_1959,child,ACTIVE,act,Karnataka,414,2208,168,169,117,3,,,,Procedure for settlement of disputes and power of the Registrar or any other,registrar;state_law,
KA_ACT_1959_SEC_118,KA_ACT_1959,child,ACTIVE,act,Karnataka,228,1321,169,169,118,,,,,Bar of jurisdiction of courts,byelaws;registrar;registration;state_law,
KA_ACT_1959_SEC_119,KA_ACT_1959,child,ACTIVE,act,Karnataka,36,209,169,169,119,,,,,Application of Limitation Act,appeal;state_law,
KA_ACT_1959_SEC_120,KA_ACT_1959,child,ACTIVE,act,Karnataka,57,359,169,169,120,,,,,Power to exempt societies from conditions of registration,registration;state_law,
KA_ACT_1959_SEC_121,KA_ACT_1959,child,ACTIVE,act,Karnataka,81,474,169,169,121,,,,,Power to exempt societies,state_law,
KA_ACT_1959_SEC_122,KA_ACT_1959,child,ACTIVE,act,Karnataka,64,347,170,170,122,,,,,Register of Members,state_law,
KA_ACT_1959_SEC_123,KA_ACT_1959,child,ACTIVE,act,Karnataka,258,1482,170,170,123,,,,,"Proof of entries in co-operative societies, books",documents;state_law,
KA_ACT_1959_SEC_124,KA_ACT_1959,child,ACTIVE,act,Karnataka,239,1388,170,171,124,,,,,Service of notice under the Act,elections;meetings;state_law,
KA_ACT_1959_SEC_125,KA_ACT_1959,child,ACTIVE,act,Karnataka,93,546,171,171,125,,,,,Notice necessary in suits,management;registrar;state_law,
KA_ACT_1959_SEC_126,KA_ACT_1959,child,ACTIVE,act,Karnataka,94,514,171,171,126,,,,,Acts of co-operative societies not to be invalidated by certain defects,elections;state_law,
KA_ACT_1959_SEC_127,KA_ACT_1959,child,ACTIVE,act,Karnataka,119,676,171,171,127,,,,,Indemnity,registrar;state_law,
KA_ACT_1959_SEC_127A,KA_ACT_1959,child,ACTIVE,act,Karnataka,76,465,171,172,127A,,,,,"[Office bearers, members and employees] of co-operative societies to be",state_law,
KA_ACT_1959_SEC_128,KA_ACT_1959,child,ACTIVE,act,Karnataka,25,151,172,172,128,,,,,"Companies Act, 1956, not to apply",state_law,
KA_ACT_1959_SEC_128A,KA_ACT_1959,child,ACTIVE,act,Karnataka,14,77,172,172,128A,,,,,XXX]1,state_law,SHORT_COMPLETE_PROVISION
KA_ACT_1959_SEC_128B,KA_ACT_1959,child,ACTIVE,act,Karnataka,63,363,172,172,128B,,,,,Duties of police officer,byelaws;registrar;state_law,
KA_ACT_1959_SEC_129,KA_ACT_1959,parent,REFERENCE_ONLY,act,Karnataka,5,27,172,175,129,,,,,Powers to make rules,state_law,CONTEXT_PARENT;SHORT_CONTEXT_PARENT
KA_ACT_1959_SEC_129_SUB_1,KA_ACT_1959,child,ACTIVE,act,Karnataka,40,233,172,172,129,1,,,,Powers to make rules,state_law,
KA_ACT_1959_SEC_129_SUB_2,KA_ACT_1959,child,ACTIVE,act,Karnataka,1185,7172,172,175,129,2,,,,Powers to make rules,appeal;byelaws;deposits;elections;loans;management;meetings;membership;registrar;registration;state_law,LONG_CHUNK_NO_SAFE_SPLIT
KA_ACT_1959_CONTEXT_244,KA_ACT_1959,child,ACTIVE,act,Karnataka,281,1611,175,176,,,,,,,documents;registrar;state_law,SECTION_IDENTIFIER_MISSING;STRUCTURE_UNCERTAIN
KA_ACT_1959_SEC_129A,KA_ACT_1959,child,ACTIVE,act,Karnataka,162,954,176,176,129A,,,,,Model bye-laws,byelaws;registrar;state_law,
KA_ACT_1959_SEC_130,KA_ACT_1959,child,ACTIVE,act,Karnataka,153,841,176,177,130,,,,,Rules and orders to be laid before State Legislature,state_law,
KA_ACT_1959_SEC_131,KA_ACT_1959,child,ACTIVE,act,Karnataka,312,1816,177,177,131,,,,,Repeal and savings,byelaws;state_law,
KA_ACT_1959_SEC_132,KA_ACT_1959,child,ACTIVE,act,Karnataka,261,1611,177,179,132,,,,,Power to remove difficulties,state_law,
KA_ACT_1959_SEC_1_002,KA_ACT_1959,child,ACTIVE,act,Karnataka,128,677,179,179,1,,,,,Short title and commencement,state_law,MALFORMED_NUMBERING_HIERARCHY
KA_ACT_1959_SEC_36_002,KA_ACT_1959,child,ACTIVE,act,Karnataka,108,666,179,179,36,,,,,Power to remove difficulty,state_law,
KA_ACT_1959_SEC_37_002,KA_ACT_1959,child,ACTIVE,act,Karnataka,1355,8320,179,185,37,,,,,Repeal and Savings,state_law,LONG_CHUNK_NO_SAFE_SPLIT;STRUCTURE_UNCERTAIN
KA_ACT_1959_SEC_1_003,KA_ACT_1959,child,ACTIVE,act,Karnataka,386,2754,185,187,1,,,,,Short title and commencement,state_law,MALFORMED_NUMBERING_HIERARCHY
KA_ACT_1959_SEC_1_004,KA_ACT_1959,child,ACTIVE,act,Karnataka,93,505,187,187,1,,,,,Short title and commencement,state_law,
KA_ACT_1959_SEC_54_002,KA_ACT_1959,child,ACTIVE,act,Karnataka,228,1428,188,188,54,,,,,Power to remove difficulties,state_law,
KA_ACT_1959_SEC_1_005,KA_ACT_1959,child,ACTIVE,act,Karnataka,180,1106,188,189,1,,,,,Short title and commencement,state_law,MALFORMED_NUMBERING_HIERARCHY
KA_ACT_1959_SEC_1_006,KA_ACT_1959,child,ACTIVE,act,Karnataka,36,219,189,189,1,,,,,Short title and commencement,state_law,
MH_ACT_1960_DOC,MH_ACT_1960,parent,REFERENCE_ONLY,act,Maharashtra,1,3,1,203,,,,,,,state_law,CONTEXT_PARENT;SHORT_CONTEXT_PARENT
MH_ACT_1960_CONTEXT_001,MH_ACT_1960,child,ACTIVE,act,Maharashtra,291,1766,1,1,,,,,,,state_law,SECTION_IDENTIFIER_MISSING;STRUCTURE_UNCERTAIN;TABLE_REVIEW
MH_ACT_1960_CONTEXT_002,MH_ACT_1960,child,ACTIVE,act,Maharashtra,1367,8222,2,4,,,,,,,byelaws;governance;loans;management;meetings;membership;registrar;registration;state_law,LONG_CHUNK_NO_SAFE_SPLIT;SECTION_IDENTIFIER_MISSING;STRUCTURE_UNCERTAIN
MH_ACT_1960_SEC_3,MH_ACT_1960,child,ACTIVE,act,Maharashtra,139,822,5,5,3,,,,,Registrar and his subordinates,registrar;registration;state_law,
MH_ACT_1960_SEC_3A,MH_ACT_1960,child,ACTIVE,act,Maharashtra,165,947,5,5,3A,,,,,Temporary vacancies,registrar;state_law,
MH_ACT_1960_SEC_4,MH_ACT_1960,child,ACTIVE,act,Maharashtra,108,658,5,5,4,,,,,Societies which may be registered:,registration;state_law,
MH_ACT_1960_SEC_5,MH_ACT_1960,child,ACTIVE,act,Maharashtra,17,119,5,5,5,,,,,Registration with limited or unlimited liability:,registration;state_law,SHORT_COMPLETE_PROVISION
MH_ACT_1960_SEC_6,MH_ACT_1960,parent,REFERENCE_ONLY,act,Maharashtra,593,3392,5,6,6,,,,,Conditions of registration:,registrar;registration;state_law,
MH_ACT_1960_SEC_6_SUB_1,MH_ACT_1960,child,ACTIVE,act,Maharashtra,114,646,5,5,6,1,,,,Conditions of registration:,registrar;registration;state_law,
MH_ACT_1960_SEC_6_SUB_2,MH_ACT_1960,child,ACTIVE,act,Maharashtra,372,2112,5,6,6,2,,,,Conditions of registration:,registrar;registration;state_law,
MH_ACT_1960_SEC_6_SUB_3,MH_ACT_1960,child,ACTIVE,act,Maharashtra,17,96,6,6,6,3,,,,Conditions of registration:,registration;state_law,SHORT_COMPLETE_PROVISION
MH_ACT_1960_SEC_6_SUB_4,MH_ACT_1960,child,ACTIVE,act,Maharashtra,22,123,6,6,6,4,,,,Conditions of registration:,registration;state_law,
MH_ACT_1960_SEC_6_SUB_5,MH_ACT_1960,child,ACTIVE,act,Maharashtra,64,374,6,6,6,5,,,,Conditions of registration:,registration;state_law,
MH_ACT_1960_SEC_7,MH_ACT_1960,child,ACTIVE,act,Maharashtra,56,343,6,6,7,,,,,Power to exempt societies or class of societies from conditions as to registration:,registration;state_law,
MH_ACT_1960_SEC_8,MH_ACT_1960,child,ACTIVE,act,Maharashtra,212,1239,6,6,8,,,,,Application for registration,byelaws;registrar;registration;state_law,
MH_ACT_1960_SEC_9,MH_ACT_1960,child,ACTIVE,act,Maharashtra,277,1612,7,7,9,,,,,Registration,byelaws;registrar;registration;state_law;timeline,
MH_ACT_1960_SEC_10,MH_ACT_1960,child,ACTIVE,act,Maharashtra,37,248,7,7,10,,,,,Evidence of registration,registrar;registration;state_law,
MH_ACT_1960_SEC_11,MH_ACT_1960,child,ACTIVE,act,Maharashtra,120,681,7,7,11,,,,,Power of Registrar to decide certain questions,registrar;state_law,
MH_ACT_1960_SEC_12,MH_ACT_1960,child,ACTIVE,act,Maharashtra,133,771,7,7,12,,,,,Classification of societies,registrar;state_law,
MH_ACT_1960_SEC_13,MH_ACT_1960,child,ACTIVE,act,Maharashtra,339,1953,7,8,13,,,,,Amendment of bye-laws of society,byelaws;meetings;registrar;registration;state_law;timeline,
MH_ACT_1960_SEC_14,MH_ACT_1960,child,ACTIVE,act,Maharashtra,155,894,8,8,14,,,,,Power to direct amendment of bye-laws,appeal;byelaws;registrar;registration;state_law,
MH_ACT_1960_SEC_15,MH_ACT_1960,child,ACTIVE,act,Maharashtra,104,598,8,8,15,,,,,Change of name,meetings;registrar;registration;state_law,
MH_ACT_1960_SEC_16,MH_ACT_1960,child,ACTIVE,act,Maharashtra,202,1165,8,9,16,,,,,Change of liability,byelaws;deposits;loans;state_law,
MH_ACT_1960_SEC_17,MH_ACT_1960,parent,REFERENCE_ONLY,act,Maharashtra,520,3190,9,9,17,,,,,"Amalgamation, transfer, division or conversion of societies",meetings;membership;registrar;registration;state_law,
MH_ACT_1960_SEC_17_SUB_1,MH_ACT_1960,child,ACTIVE,act,Maharashtra,284,1706,9,9,17,1,,,,"Amalgamation, transfer, division or conversion of societies",meetings;membership;registrar;state_law,
MH_ACT_1960_SEC_17_SUB_2,MH_ACT_1960,child,ACTIVE,act,Maharashtra,91,565,9,9,17,2,,,,"Amalgamation, transfer, division or conversion of societies",registration;state_law,
MH_ACT_1960_SEC_17_SUB_3,MH_ACT_1960,child,ACTIVE,act,Maharashtra,85,531,9,9,17,3,,,,"Amalgamation, transfer, division or conversion of societies",state_law,
MH_ACT_1960_SEC_17_SUB_4,MH_ACT_1960,child,ACTIVE,act,Maharashtra,52,315,9,9,17,4,,,,"Amalgamation, transfer, division or conversion of societies",registration;state_law,
MH_ACT_1960_SEC_18,MH_ACT_1960,parent,REFERENCE_ONLY,act,Maharashtra,451,2739,9,10,18,,,,,"Power to direct amalgamation, division and reorganization in public interest, etc:",management;pacs;registrar;state_law,
MH_ACT_1960_SEC_18_SUB_1,MH_ACT_1960,child,ACTIVE,act,Maharashtra,135,855,9,10,18,1,,,,"Power to direct amalgamation, division and reorganization in public interest, etc:",management;registrar;state_law,
MH_ACT_1960_SEC_18_SUB_2,MH_ACT_1960,child,ACTIVE,act,Maharashtra,119,643,10,10,18,2,,,,"Power to direct amalgamation, division and reorganization in public interest, etc:",registrar;state_law,
MH_ACT_1960_SEC_18_SUB_3,MH_ACT_1960,child,ACTIVE,act,Maharashtra,36,237,10,10,18,3,,,,"Power to direct amalgamation, division and reorganization in public interest, etc:",registrar;state_law,
MH_ACT_1960_SEC_18_SUB_4,MH_ACT_1960,child,ACTIVE,act,Maharashtra,74,436,10,10,18,4,,,,"Power to direct amalgamation, division and reorganization in public interest, etc:",state_law,
MH_ACT_1960_SEC_18_SUB_5,MH_ACT_1960,child,ACTIVE,act,Maharashtra,50,310,10,10,18,5,,,,"Power to direct amalgamation, division and reorganization in public interest, etc:",state_law,
MH_ACT_1960_SEC_18_SUB_6,MH_ACT_1960,child,ACTIVE,act,Maharashtra,25,159,10,10,18,6,,,,"Power to direct amalgamation, division and reorganization in public interest, etc:",pacs;state_law,
MH_ACT_1960_SEC_18_A,MH_ACT_1960,parent,REFERENCE_ONLY,act,Maharashtra,563,3391,10,11,18-A,,,,,Amalgamation of Co-operative Banks,management;registrar;registration;state_law,
MH_ACT_1960_SEC_18_A_SUB_1,MH_ACT_1960,child,ACTIVE,act,Maharashtra,200,1224,10,10,18-A,1,,,,Amalgamation of Co-operative Banks,management;registrar;state_law,
MH_ACT_1960_SEC_18_A_SUB_2,MH_ACT_1960,child,ACTIVE,act,Maharashtra,108,603,10,10,18-A,2,,,,Amalgamation of Co-operative Banks,registrar;state_law,
MH_ACT_1960_SEC_18_A_SUB_3,MH_ACT_1960,child,ACTIVE,act,Maharashtra,74,432,11,11,18-A,3,,,,Amalgamation of Co-operative Banks,state_law,
MH_ACT_1960_SEC_18_A_SUB_4,MH_ACT_1960,child,ACTIVE,act,Maharashtra,44,284,11,11,18-A,4,,,,Amalgamation of Co-operative Banks,registration;state_law,
MH_ACT_1960_SEC_18_A_SUB_5,MH_ACT_1960,child,ACTIVE,act,Maharashtra,55,344,11,11,18-A,5,,,,Amalgamation of Co-operative Banks,state_law,
MH_ACT_1960_SEC_18_A_SUB_6,MH_ACT_1960,child,ACTIVE,act,Maharashtra,52,313,11,11,18-A,6,,,,Amalgamation of Co-operative Banks,registration;state_law,
MH_ACT_1960_SEC_18_A_SUB_7,MH_ACT_1960,child,ACTIVE,act,Maharashtra,25,135,11,11,18-A,7,,,,Amalgamation of Co-operative Banks,registrar;state_law,
MH_ACT_1960_SEC_18_B,MH_ACT_1960,child,ACTIVE,act,Maharashtra,439,2656,11,12,18-B,,,,,Amalgamation of primary agricultural credit societies,management;pacs;registrar;state_law,
MH_ACT_1960_SEC_18_C,MH_ACT_1960,parent,REFERENCE_ONLY,act,Maharashtra,833,4909,12,13,18-C,,,,,Reorganization of societies on account of alteration of limits of local areas in which they,byelaws;management;registration;state_law,
MH_ACT_1960_SEC_18_C_SUB_1,MH_ACT_1960,child,ACTIVE,act,Maharashtra,171,996,12,12,18-C,1,,,,Reorganization of societies on account of alteration of limits of local areas in which they,state_law,
MH_ACT_1960_SEC_18_C_SUB_2,MH_ACT_1960,child,ACTIVE,act,Maharashtra,529,3102,12,13,18-C,2,,,,Reorganization of societies on account of alteration of limits of local areas in which they,byelaws;management;state_law,
MH_ACT_1960_SEC_18_C_SUB_3,MH_ACT_1960,child,ACTIVE,act,Maharashtra,43,276,13,13,18-C,3,,,,Reorganization of societies on account of alteration of limits of local areas in which they,registration;state_law,
MH_ACT_1960_SEC_18_C_SUB_4,MH_ACT_1960,child,ACTIVE,act,Maharashtra,26,141,13,13,18-C,4,,,,Reorganization of societies on account of alteration of limits of local areas in which they,state_law,
MH_ACT_1960_SEC_18_C_SUB_5,MH_ACT_1960,child,ACTIVE,act,Maharashtra,47,277,13,13,18-C,5,,,,Reorganization of societies on account of alteration of limits of local areas in which they,state_law,
MH_ACT_1960_SEC_19,MH_ACT_1960,child,ACTIVE,act,Maharashtra,82,476,13,13,19,,,,,Reconstruction of societies,meetings;registrar;state_law,
MH_ACT_1960_SEC_20,MH_ACT_1960,child,ACTIVE,act,Maharashtra,82,505,13,13,20,,,,,Partnership of societies,meetings;registrar;state_law,
MH_ACT_1960_SEC_20_A,MH_ACT_1960,child,ACTIVE,act,Maharashtra,165,1044,13,13,20-A,,,,,Collaboration by societies,management;state_law,
MH_ACT_1960_SEC_21,MH_ACT_1960,child,ACTIVE,act,Maharashtra,103,609,14,14,21,,,,,Cancellation of registration,registrar;registration;state_law,
MH_ACT_1960_SEC_21_A,MH_ACT_1960,child,ACTIVE,act,Maharashtra,382,2275,14,14,21-A,,,,,De-registration of societies,documents;registrar;registration;state_law,
MH_ACT_1960_SEC_22,MH_ACT_1960,parent,REFERENCE_ONLY,act,Maharashtra,706,4125,15,16,22,,,,,Person who may become member,eligibility;membership;registrar;registration;state_law;timeline,
MH_ACT_1960_SEC_22_SUB_1,MH_ACT_1960,child,ACTIVE,act,Maharashtra,570,3318,15,15,22,1,,,,Person who may become member,eligibility;membership;registrar;registration;state_law,
MH_ACT_1960_SEC_22_SUB_2,MH_ACT_1960,child,ACTIVE,act,Maharashtra,122,714,15,16,22,2,,,,Person who may become member,registrar;state_law;timeline,
MH_ACT_1960_SEC_23,MH_ACT_1960,child,ACTIVE,act,Maharashtra,392,2261,16,16,23,,,,,Open membership,appeal;byelaws;eligibility;membership;registrar;state_law;timeline,
MH_ACT_1960_SEC_24,MH_ACT_1960,child,ACTIVE,act,Maharashtra,116,683,16,16,24,,,,,"Nominal, associate and sympathizer member",byelaws;state_law,
MH_ACT_1960_SEC_25,MH_ACT_1960,child,ACTIVE,act,Maharashtra,75,413,17,17,25,,,,,Cessation of membership,membership;state_law,
MH_ACT_1960_SEC_25_A,MH_ACT_1960,child,ACTIVE,act,Maharashtra,97,539,17,17,25-A,,,,,Removal of names of members from Membership registers,membership;registrar;state_law,
MH_ACT_1960_SEC_26,MH_ACT_1960,child,ACTIVE,act,Maharashtra,58,315,17,17,26,,,,,No rights of membership to be exercised till due payments are made,byelaws;membership;state_law,
MH_ACT_1960_SEC_27,MH_ACT_1960,parent,REFERENCE_ONLY,act,Maharashtra,5,30,17,18,27,,,,,Voting powers of members,state_law,CONTEXT_PARENT;SHORT_CONTEXT_PARENT
MH_ACT_1960_SEC_27_SUB_1,MH_ACT_1960,child,ACTIVE,act,Maharashtra,57,310,17,17,27,1,,,,Voting powers of members,state_law,
MH_ACT_1960_SEC_27_SUB_2,MH_ACT_1960,child,ACTIVE,act,Maharashtra,89,473,17,17,27,2,,,,Voting powers of members,state_law,
MH_ACT_1960_SEC_27_SUB_3,MH_ACT_1960,child,ACTIVE,act,Maharashtra,354,2055,17,17,27,3,,,,Voting powers of members,byelaws;elections;eligibility;pacs;registrar;state_law,
MH_ACT_1960_SEC_27_SUB_4,MH_ACT_1960,child,ACTIVE,act,Maharashtra,71,379,18,18,27,4,,,,Voting powers of members,state_law,
MH_ACT_1960_SEC_27_SUB_5,MH_ACT_1960,child,ACTIVE,act,Maharashtra,42,204,18,18,27,5,,,,Voting powers of members,state_law,
MH_ACT_1960_SEC_27_SUB_6,MH_ACT_1960,child,ACTIVE,act,Maharashtra,65,334,18,18,27,6,,,,Voting powers of members,state_law,
MH_ACT_1960_SEC_27_SUB_7,MH_ACT_1960,child,ACTIVE,act,Maharashtra,36,188,18,18,27,7,,,,Voting powers of members,byelaws;state_law,
MH_ACT_1960_SEC_27_SUB_8,MH_ACT_1960,child,ACTIVE,act,Maharashtra,39,208,18,18,27,8,,,,Voting powers of members,eligibility;state_law,
MH_ACT_1960_SEC_27_SUB_9,MH_ACT_1960,child,ACTIVE,act,Maharashtra,59,363,18,18,27,9,,,,Voting powers of members,elections;state_law,
MH_ACT_1960_SEC_27_SUB_10,MH_ACT_1960,child,ACTIVE,act,Maharashtra,119,639,18,18,27,10,,,,Voting powers of members,loans;state_law,
MH_ACT_1960_SEC_27_SUB_11,MH_ACT_1960,child,ACTIVE,act,Maharashtra,20,131,18,18,27,11,,,,Voting powers of members,state_law,
MH_ACT_1960_SEC_28,MH_ACT_1960,child,ACTIVE,act,Maharashtra,133,782,18,18,28,,,,,Restrictions on holding of shares,state_law,
MH_ACT_1960_SEC_29,MH_ACT_1960,child,ACTIVE,act,Maharashtra,440,2401,18,19,29,,,,,Restrictions on transfer or charge on share or interest,appeal;byelaws;membership;registrar;state_law,
MH_ACT_1960_SEC_30,MH_ACT_1960,child,ACTIVE,act,Maharashtra,236,1327,19,19,30,,,,,Transfer of interest on death of member,state_law,
MH_ACT_1960_SEC_31,MH_ACT_1960,child,ACTIVE,act,Maharashtra,127,700,19,19,31,,,,,Share or interest not liable to attachment,deposits;loans;state_law,
MH_ACT_1960_SEC_32,MH_ACT_1960,child,ACTIVE,act,Maharashtra,145,809,19,20,32,,,,,"Rights of members to see books, etc",byelaws;documents;meetings;state_law,
MH_ACT_1960_SEC_32_A,MH_ACT_1960,child,ACTIVE,act,Maharashtra,214,1216,20,20,32-A,,,,,,loans;state_law,
MH_ACT_1960_SEC_33,MH_ACT_1960,child,ACTIVE,act,Maharashtra,181,930,20,20,33,,,,,Liability of past member and estate of deceased member,state_law,
MH_ACT_1960_SEC_34,MH_ACT_1960,child,ACTIVE,act,Maharashtra,61,378,20,20,34,,,,,Insolvency of members,state_law,
MH_ACT_1960_SEC_35,MH_ACT_1960,child,ACTIVE,act,Maharashtra,183,1035,20,20,35,,,,,Expulsion of members,eligibility;meetings;registrar;state_law,
MH_ACT_1960_SEC_36,MH_ACT_1960,child,ACTIVE,act,Maharashtra,80,478,21,21,36,,,,,Societies to be bodies corporate,registration;state_law,
MH_ACT_1960_SEC_37,MH_ACT_1960,child,ACTIVE,act,Maharashtra,47,287,21,21,37,,,,,Address of societies,registrar;state_law;timeline,
MH_ACT_1960_SEC_38,MH_ACT_1960,child,ACTIVE,act,Maharashtra,171,926,21,21,38,,,,,Register of members,membership;state_law,
MH_ACT_1960_SEC_39,MH_ACT_1960,child,ACTIVE,act,Maharashtra,58,308,21,21,39,,,,,"Copy of Act, etc., to be open to inspection",byelaws;state_law,
MH_ACT_1960_SEC_40,MH_ACT_1960,child,ACTIVE,act,Maharashtra,176,988,21,21,40,,,,,Admissibility of copy of entry of evidence,state_law,
MH_ACT_1960_SEC_41,MH_ACT_1960,child,ACTIVE,act,Maharashtra,152,941,21,22,41,,,,,Exemption from compulsory registration of instruments relating to shares and debentures,registration;state_law,
MH_ACT_1960_SEC_42,MH_ACT_1960,child,ACTIVE,act,Maharashtra,226,1249,22,22,42,,,,,Power to exempt from taxation; Power to refund,documents;registrar;registration;state_law,
MH_ACT_1960_SEC_43,MH_ACT_1960,child,ACTIVE,act,Maharashtra,133,787,22,22,43,,,,,Restrictions on borrowings,byelaws;deposits;loans;registrar;state_law,
MH_ACT_1960_SEC_44,MH_ACT_1960,child,ACTIVE,act,Maharashtra,338,2028,22,23,44,,,,,Regulation of loan making policy,byelaws;deposits;loans;registrar;state_law,
MH_ACT_1960_SEC_45,MH_ACT_1960,child,ACTIVE,act,Maharashtra,36,223,23,23,45,,,,,Restrictions on other transactions with non-members,state_law,
MH_ACT_1960_SEC_46,MH_ACT_1960,child,ACTIVE,act,Maharashtra,137,743,23,23,46,,,,,Charge and set-off in respect of share or interest of members,deposits;state_law,
MH_ACT_1960_SEC_47,MH_ACT_1960,child,ACTIVE,act,Maharashtra,437,2507,23,24,47,,,,,Prior claim of society,byelaws;loans;state_law,
MH_ACT_1960_SEC_48,MH_ACT_1960,child,ACTIVE,act,Maharashtra,744,4114,24,25,48,,,,,"Charge on immovable property of members, borrowing from certain societies",loans;state_law,
MH_ACT_1960_SEC_48A,MH_ACT_1960,parent,REFERENCE_ONLY,act,Maharashtra,608,3522,25,25,48A,,,,,Deduction from sale price of certain agricultural produce to meet society's dues,loans;state_law;timeline,
MH_ACT_1960_SEC_48A_SUB_1,MH_ACT_1960,child,ACTIVE,act,Maharashtra,261,1490,25,25,48A,1,,,,Deduction from sale price of certain agricultural produce to meet society's dues,loans;state_law,
MH_ACT_1960_SEC_48A_SUB_2,MH_ACT_1960,child,ACTIVE,act,Maharashtra,99,570,25,25,48A,2,,,,Deduction from sale price of certain agricultural produce to meet society's dues,loans;state_law;timeline,
MH_ACT_1960_SEC_48A_SUB_3,MH_ACT_1960,child,ACTIVE,act,Maharashtra,235,1369,25,25,48A,3,,,,Deduction from sale price of certain agricultural produce to meet society's dues,loans;state_law,
MH_ACT_1960_SEC_49,MH_ACT_1960,child,ACTIVE,act,Maharashtra,415,2292,25,26,49,,,,,Deduction from salary to meet society's claims in certain cases,registrar;state_law,
MH_ACT_1960_SEC_50,MH_ACT_1960,child,ACTIVE,act,Maharashtra,41,251,27,27,50,,,,,Direct partnership of State Government in societies,state_law,
MH_ACT_1960_SEC_51,MH_ACT_1960,child,ACTIVE,act,Maharashtra,59,374,27,27,51,,,,,Indirect partnership of State Government in societies,state_law,
MH_ACT_1960_SEC_52,MH_ACT_1960,child,ACTIVE,act,Maharashtra,118,759,27,27,52,,,,,Principal State Partnership Fund,state_law,
MH_ACT_1960_SEC_53,MH_ACT_1960,child,ACTIVE,act,Maharashtra,80,504,27,27,53,,,,,Subsidiary State Partnership Fund,state_law,
MH_ACT_1960_SEC_54,MH_ACT_1960,child,ACTIVE,act,Maharashtra,41,258,27,27,54,,,,,Approval of State Government for purchase of shares,state_law,
MH_ACT_1960_SEC_55,MH_ACT_1960,child,ACTIVE,act,Maharashtra,83,467,27,27,55,,,,,Liability to be limited in respect of certain shares,state_law,
MH_ACT_1960_SEC_56,MH_ACT_1960,child,ACTIVE,act,Maharashtra,72,440,27,27,56,,,,,Restriction on amount of dividend,state_law,
MH_ACT_1960_SEC_57,MH_ACT_1960,child,ACTIVE,act,Maharashtra,166,987,28,28,57,,,,,Indemnity of Apex and Central societies,state_law,
MH_ACT_1960_SEC_58,MH_ACT_1960,child,ACTIVE,act,Maharashtra,185,1075,28,28,58,,,,,"Disposal of share capital and dividend, etc",state_law,
MH_ACT_1960_SEC_59,MH_ACT_1960,child,ACTIVE,act,Maharashtra,108,619,28,28,59,,,,,Disposal of Principal or Subsidiary State Partnership Fund on winding up of Apex or,state_law,
MH_ACT_1960_SEC_60,MH_ACT_1960,child,ACTIVE,act,Maharashtra,50,280,28,28,60,,,,,Principal or Subsidiary State Partnership Fund not to form part of assets,state_law,
MH_ACT_1960_SEC_61,MH_ACT_1960,child,ACTIVE,act,Maharashtra,106,638,28,28,61,,,,,Agreement by State Government and Apex societies,state_law,
MH_ACT_1960_SEC_62,MH_ACT_1960,child,ACTIVE,act,Maharashtra,170,992,29,29,62,,,,,Other forms of State aid to societies,loans;state_law,
MH_ACT_1960_SEC_63,MH_ACT_1960,child,ACTIVE,act,Maharashtra,39,247,29,29,63,,,,,Provisions of this Chapter to override other laws,state_law,
MH_ACT_1960_SEC_64,MH_ACT_1960,child,ACTIVE,act,Maharashtra,81,453,30,30,64,,,,,Funds not to be divided,byelaws;state_law,
MH_ACT_1960_SEC_65,MH_ACT_1960,child,ACTIVE,act,Maharashtra,123,720,30,30,65,,,,,Ascertainment and appropriation of profits,byelaws;meetings;state_law,
MH_ACT_1960_SEC_66,MH_ACT_1960,child,ACTIVE,act,Maharashtra,171,961,30,30,66,,,,,Reserve Fund,registrar;state_law,
MH_ACT_1960_SEC_67,MH_ACT_1960,child,ACTIVE,act,Maharashtra,27,156,31,31,67,,,,,Restriction on dividend,registrar;state_law,
MH_ACT_1960_SEC_68,MH_ACT_1960,child,ACTIVE,act,Maharashtra,182,1103,31,31,68,,,,,"Contribution to education fund of the State federal society,",registrar;state_law,
MH_ACT_1960_SEC_69,MH_ACT_1960,parent,REFERENCE_ONLY,act,Maharashtra,900,5363,31,32,69,,,,,Contribution to public purposes,byelaws;meetings;pacs;registrar;state_law,
MH_ACT_1960_SEC_69_SUB_1,MH_ACT_1960,child,ACTIVE,act,Maharashtra,106,685,31,31,69,1,,,,Contribution to public purposes,pacs;state_law,
MH_ACT_1960_SEC_69_SUB_2,MH_ACT_1960,child,ACTIVE,act,Maharashtra,180,1059,31,31,69,2,,,,Contribution to public purposes,byelaws;state_law,
MH_ACT_1960_SEC_69_SUB_3,MH_ACT_1960,child,ACTIVE,act,Maharashtra,79,472,31,31,69,3,,,,Contribution to public purposes,meetings;state_law,
MH_ACT_1960_SEC_69_SUB_4,MH_ACT_1960,child,ACTIVE,act,Maharashtra,235,1418,32,32,69,4,,,,Contribution to public purposes,state_law,
MH_ACT_1960_SEC_69_SUB_5,MH_ACT_1960,child,ACTIVE,act,Maharashtra,142,784,32,32,69,5,,,,Contribution to public purposes,registrar;state_law,
MH_ACT_1960_SEC_69_SUB_6,MH_ACT_1960,child,ACTIVE,act,Maharashtra,36,218,32,32,69,6,,,,Contribution to public purposes,state_law,
MH_ACT_1960_SEC_70,MH_ACT_1960,child,ACTIVE,act,Maharashtra,178,1036,32,32,70,,,,,Investment of funds,deposits;registrar;state_law,
MH_ACT_1960_SEC_71,MH_ACT_1960,child,ACTIVE,act,Maharashtra,105,640,32,33,71,,,,,Employees Provident Fund,state_law,
MH_ACT_1960_SEC_71_A,MH_ACT_1960,child,ACTIVE,act,Maharashtra,214,1237,33,33,71-A,,,,,Funds not to be utilised for certain proceedings filed or taken by or against officers in,elections;registrar;state_law,
MH_ACT_1960_SEC_72,MH_ACT_1960,child,ACTIVE,act,Maharashtra,95,546,34,34,72,,,,,Final authority of society,byelaws;management;meetings;state_law,
MH_ACT_1960_SEC_73,MH_ACT_1960,child,ACTIVE,act,Maharashtra,1971,11730,34,36,73,,,,,"Committee, its powers and functions",byelaws;elections;management;meetings;membership;registrar;registration;state_law;timeline,LONG_CHUNK_NO_SAFE_SPLIT;STRUCTURE_UNCERTAIN
MH_ACT_1960_SEC_73_A,MH_ACT_1960,parent,REFERENCE_ONLY,act,Maharashtra,26,179,36,38,73-A,,,,,Disqualification for being designated officer simultaneously of certain categories of,state_law,CONTEXT_PARENT
MH_ACT_1960_SEC_73_A_SUB_1,MH_ACT_1960,child,ACTIVE,act,Maharashtra,64,374,36,36,73-A,1,,,,Disqualification for being designated officer simultaneously of certain categories of,registrar;state_law,
MH_ACT_1960_SEC_73_A_SUB_2,MH_ACT_1960,child,ACTIVE,act,Maharashtra,251,1388,37,37,73-A,2,,,,Disqualification for being designated officer simultaneously of certain categories of,registrar;state_law,
MH_ACT_1960_SEC_73_A_SUB_3,MH_ACT_1960,child,ACTIVE,act,Maharashtra,4,26,37,37,73-A,3,,,,Disqualification for being designated officer simultaneously of certain categories of,state_law,SHORT_CHUNK
MH_ACT_1960_SEC_73_A_SUB_4,MH_ACT_1960,child,ACTIVE,act,Maharashtra,204,1166,37,37,73-A,4,,,,Disqualification for being designated officer simultaneously of certain categories of,elections;eligibility;state_law;timeline,
MH_ACT_1960_SEC_73_A_SUB_5,MH_ACT_1960,child,ACTIVE,act,Maharashtra,185,1085,37,37,73-A,5,,,,Disqualification for being designated officer simultaneously of certain categories of,eligibility;state_law,
MH_ACT_1960_SEC_73_A_SUB_6,MH_ACT_1960,child,ACTIVE,act,Maharashtra,304,1795,37,38,73-A,6,,,,Disqualification for being designated officer simultaneously of certain categories of,membership;state_law,
MH_ACT_1960_SEC_73_B,MH_ACT_1960,child,ACTIVE,act,Maharashtra,1912,11189,38,42,73-B,,,,,"Reservation of seats on committees of certain societies for Scheduled Castes,",byelaws;elections;eligibility;management;meetings;registrar;state_law;timeline,LONG_CHUNK_NO_SAFE_SPLIT;STRUCTURE_UNCERTAIN
MH_ACT_1960_SEC_73_C,MH_ACT_1960,child,ACTIVE,act,Maharashtra,356,2163,42,42,73-C,,,,,Restrictions on representation of certain class of members on committees of certain,eligibility;loans;state_law,
MH_ACT_1960_SEC_73_F,MH_ACT_1960,child,ACTIVE,act,Maharashtra,895,5173,42,43,73-F,,,,,Member who or whose near relation in dealing in goods for purchase of which loans are,elections;eligibility;loans;management;membership;pacs;registrar;state_law;timeline,STRUCTURE_UNCERTAIN
MH_ACT_1960_SEC_73_G,MH_ACT_1960,parent,REFERENCE_ONLY,act,Maharashtra,549,3271,44,44,73-G,,,,,Provision for conduct of elections to committees and of officers of certain societies and,byelaws;elections;management;meetings;state_law,
MH_ACT_1960_SEC_73_G_SUB_1,MH_ACT_1960,child,ACTIVE,act,Maharashtra,176,1109,44,44,73-G,1,,,,Provision for conduct of elections to committees and of officers of certain societies and,elections;state_law,
MH_ACT_1960_SEC_73_G_SUB_2,MH_ACT_1960,child,ACTIVE,act,Maharashtra,274,1553,44,44,73-G,2,,,,Provision for conduct of elections to committees and of officers of certain societies and,elections;meetings;state_law,
MH_ACT_1960_SEC_73_G_SUB_3,MH_ACT_1960,child,ACTIVE,act,Maharashtra,76,462,44,44,73-G,3,,,,Provision for conduct of elections to committees and of officers of certain societies and,byelaws;elections;management;state_law,
MH_ACT_1960_SEC_73_H,MH_ACT_1960,child,ACTIVE,act,Maharashtra,144,825,44,45,73-H,,,,,Responsibility of committee to hold election before expiry of term,elections;management;registrar;state_law,
MH_ACT_1960_SEC_74,MH_ACT_1960,child,ACTIVE,act,Maharashtra,155,930,45,45,74,,,,,"Qualification and appointment of Manager, Secretary and other officers of societies and",management;meetings;registrar;state_law,
MH_ACT_1960_SEC_75,MH_ACT_1960,parent,REFERENCE_ONLY,act,Maharashtra,827,4758,45,46,75,,,,,Annual General Meeting,byelaws;loans;meetings;registrar;state_law,
MH_ACT_1960_SEC_75_SUB_1,MH_ACT_1960,child,ACTIVE,act,Maharashtra,215,1243,45,45,75,1,,,,Annual General Meeting,meetings;registrar;state_law,
MH_ACT_1960_SEC_75_SUB_2,MH_ACT_1960,child,ACTIVE,act,Maharashtra,213,1217,45,45,75,2,,,,Annual General Meeting,loans;meetings;registrar;state_law,
MH_ACT_1960_SEC_75_SUB_3,MH_ACT_1960,child,ACTIVE,act,Maharashtra,126,724,45,45,75,3,,,,Annual General Meeting,meetings;state_law,
MH_ACT_1960_SEC_75_SUB_4,MH_ACT_1960,child,ACTIVE,act,Maharashtra,57,332,45,46,75,4,,,,Annual General Meeting,byelaws;meetings;state_law,
MH_ACT_1960_SEC_75_SUB_5,MH_ACT_1960,child,ACTIVE,act,Maharashtra,168,949,46,46,75,5,,,,Annual General Meeting,meetings;registrar;state_law,
MH_ACT_1960_SEC_75_SUB_6,MH_ACT_1960,child,ACTIVE,act,Maharashtra,44,253,46,46,75,6,,,,Annual General Meeting,meetings;state_law,
MH_ACT_1960_SEC_76,MH_ACT_1960,child,ACTIVE,act,Maharashtra,322,1792,46,46,76,,,,,Special general meeting,byelaws;meetings;registrar;state_law,
MH_ACT_1960_SEC_77,MH_ACT_1960,child,ACTIVE,act,Maharashtra,162,903,46,46,77,,,,,"Acts of societies etc., not to be invalidated by certain defects",byelaws;elections;registrar;state_law,
MH_ACT_1960_SEC_77A,MH_ACT_1960,parent,REFERENCE_ONLY,act,Maharashtra,680,3934,47,48,77A,,,,,"Appointment of member of committee, new committee or Administrator, where there is",elections;management;registrar;state_law,
MH_ACT_1960_SEC_77A_SUB_1,MH_ACT_1960,child,ACTIVE,act,Maharashtra,374,2129,47,47,77A,1,,,,"Appointment of member of committee, new committee or Administrator, where there is",elections;registrar;state_law,
MH_ACT_1960_SEC_77A_SUB_2,MH_ACT_1960,child,ACTIVE,act,Maharashtra,65,347,47,47,77A,2,,,,"Appointment of member of committee, new committee or Administrator, where there is",registrar;state_law,
MH_ACT_1960_SEC_77A_SUB_3,MH_ACT_1960,child,ACTIVE,act,Maharashtra,138,814,47,47,77A,3,,,,"Appointment of member of committee, new committee or Administrator, where there is",management;state_law,
MH_ACT_1960_SEC_77A_SUB_4,MH_ACT_1960,child,ACTIVE,act,Maharashtra,45,263,47,47,77A,4,,,,"Appointment of member of committee, new committee or Administrator, where there is",registrar;state_law,
MH_ACT_1960_SEC_77A_SUB_5,MH_ACT_1960,child,ACTIVE,act,Maharashtra,29,187,48,48,77A,5,,,,"Appointment of member of committee, new committee or Administrator, where there is",state_law,
MH_ACT_1960_SEC_78,MH_ACT_1960,parent,REFERENCE_ONLY,act,Maharashtra,9,53,48,49,78,,,,,Power of removal of committee or member thereof,state_law,CONTEXT_PARENT;SHORT_CONTEXT_PARENT
MH_ACT_1960_SEC_78_SUB_1,MH_ACT_1960,child,ACTIVE,act,Maharashtra,538,3038,48,48,78,1,,,,Power of removal of committee or member thereof,byelaws;eligibility;registrar;state_law;timeline,
MH_ACT_1960_SEC_78_SUB_2,MH_ACT_1960,child,ACTIVE,act,Maharashtra,240,1380,48,49,78,2,,,,Power of removal of committee or member thereof,byelaws;management;meetings;registrar;state_law,
MH_ACT_1960_SEC_78_SUB_3,MH_ACT_1960,child,ACTIVE,act,Maharashtra,72,406,49,49,78,3,,,,Power of removal of committee or member thereof,management;registrar;state_law,
MH_ACT_1960_SEC_78_SUB_4,MH_ACT_1960,child,ACTIVE,act,Maharashtra,100,573,49,49,78,4,,,,Power of removal of committee or member thereof,byelaws;state_law,
MH_ACT_1960_SEC_78_SUB_5,MH_ACT_1960,child,ACTIVE,act,Maharashtra,41,241,49,49,78,5,,,,Power of removal of committee or member thereof,state_law,
MH_ACT_1960_SEC_79,MH_ACT_1960,child,ACTIVE,act,Maharashtra,955,5547,49,50,79,,,,,Registrar's power to enforce performance of obligations,byelaws;management;registrar;state_law,LONG_CHUNK_NO_SAFE_SPLIT;STRUCTURE_UNCERTAIN
MH_ACT_1960_SEC_79_B,MH_ACT_1960,child,ACTIVE,act,Maharashtra,198,1142,50,50,79-B,,,,,Registrar's power to remove member for failure to supply his agricultural produce to,byelaws;complaint;membership;registrar;state_law,
MH_ACT_1960_SEC_80,MH_ACT_1960,child,ACTIVE,act,Maharashtra,435,2601,50,51,80,,,,,Registrar's power to seize records etc,registrar;state_law,
MH_ACT_1960_SEC_81,MH_ACT_1960,parent,REFERENCE_ONLY,act,Maharashtra,9,69,52,53,81,,,,,Audit,state_law,CONTEXT_PARENT;SHORT_CONTEXT_PARENT
MH_ACT_1960_SEC_81_SUB_1,MH_ACT_1960,child,ACTIVE,act,Maharashtra,205,1283,52,52,81,1,,,,Audit,registrar;state_law,
MH_ACT_1960_SEC_81_SUB_2,MH_ACT_1960,child,ACTIVE,act,Maharashtra,342,2079,52,52,81,2,,,,Audit,deposits;loans;management;registrar;state_law,
MH_ACT_1960_SEC_81_SUB_3,MH_ACT_1960,child,ACTIVE,act,Maharashtra,179,1036,53,53,81,3,,,,Audit,documents;registrar;state_law,
MH_ACT_1960_SEC_81_SUB_4,MH_ACT_1960,child,ACTIVE,act,Maharashtra,52,288,53,53,81,4,,,,Audit,registrar;state_law,
MH_ACT_1960_SEC_81_SUB_5,MH_ACT_1960,child,ACTIVE,act,Maharashtra,231,1313,53,53,81,5,,,,Audit,documents;meetings;registrar;state_law,
MH_ACT_1960_SEC_81_SUB_6,MH_ACT_1960,child,ACTIVE,act,Maharashtra,56,317,53,53,81,6,,,,Audit,registrar;state_law,
MH_ACT_1960_SEC_82,MH_ACT_1960,child,ACTIVE,act,Maharashtra,128,750,53,53,82,,,,,Rectification of defects in accounts,registrar;state_law,
MH_ACT_1960_SEC_83,MH_ACT_1960,parent,REFERENCE_ONLY,act,Maharashtra,491,2830,53,54,83,,,,,Inquiry by Registrar,deposits;registrar;state_law,
MH_ACT_1960_SEC_83_SUB_1,MH_ACT_1960,child,ACTIVE,act,Maharashtra,49,271,53,53,83,1,,,,Inquiry by Registrar,registrar;state_law,
MH_ACT_1960_SEC_83_SUB_2,MH_ACT_1960,child,ACTIVE,act,Maharashtra,152,897,54,54,83,2,,,,Inquiry by Registrar,deposits;registrar;state_law,
MH_ACT_1960_SEC_83_SUB_3,MH_ACT_1960,child,ACTIVE,act,Maharashtra,229,1314,54,54,83,3,,,,Inquiry by Registrar,registrar;state_law,
MH_ACT_1960_SEC_83_SUB_4,MH_ACT_1960,child,ACTIVE,act,Maharashtra,20,122,54,54,83,4,,,,Inquiry by Registrar,registrar;state_law,
MH_ACT_1960_SEC_83_SUB_5,MH_ACT_1960,child,ACTIVE,act,Maharashtra,37,192,54,54,83,5,,,,Inquiry by Registrar,registrar;state_law,
MH_ACT_1960_SEC_84,MH_ACT_1960,child,ACTIVE,act,Maharashtra,214,1225,54,54,84,,,,,Inspection of books of indebted society,deposits;registrar;state_law,
MH_ACT_1960_SEC_85,MH_ACT_1960,child,ACTIVE,act,Maharashtra,183,1048,54,55,85,,,,,Costs of inquiry and inspection,appeal;registrar;state_law,
MH_ACT_1960_SEC_86,MH_ACT_1960,child,ACTIVE,act,Maharashtra,69,388,55,55,86,,,,,Recovery of costs,registrar;state_law,
MH_ACT_1960_SEC_87,MH_ACT_1960,child,ACTIVE,act,Maharashtra,247,1408,55,55,87,,,,,Registrar to bring defects disclosed in inquiry or inspection to notice of society,appeal;registrar;state_law;timeline,
MH_ACT_1960_SEC_88,MH_ACT_1960,child,ACTIVE,act,Maharashtra,361,2053,55,56,88,,,,,"Power of Registrar to assess damages against delinquent promoters, etc",management;registrar;state_law,
MH_ACT_1960_SEC_88A,MH_ACT_1960,child,ACTIVE,act,Maharashtra,110,632,56,56,88A,,,,,Deposit towards fees of inquiry,deposits;registrar;registration;state_law;timeline,
MH_ACT_1960_SEC_89,MH_ACT_1960,child,ACTIVE,act,Maharashtra,83,449,56,56,89,,,,,"Power to enforce, attendance etc",documents;registrar;state_law,
MH_ACT_1960_SEC_89A,MH_ACT_1960,child,ACTIVE,act,Maharashtra,367,2098,56,57,89A,,,,,Power to inspect working of society,byelaws;registrar;state_law,
MH_ACT_1960_SEC_90,MH_ACT_1960,child,ACTIVE,act,Maharashtra,177,1035,57,57,90,,,,,Constitution or recognition of federal authority to supervise working of societies,registrar;state_law,
MH_ACT_1960_SEC_91,MH_ACT_1960,child,ACTIVE,act,Maharashtra,1059,6184,58,59,91,,,,,Disputes,elections;loans;management;meetings;membership;registrar;state_law,LONG_CHUNK_NO_SAFE_SPLIT;STRUCTURE_UNCERTAIN
MH_ACT_1960_SEC_92,MH_ACT_1960,child,ACTIVE,act,Maharashtra,420,2389,59,60,92,,,,,Limitation,elections;management;state_law,
MH_ACT_1960_SEC_93,MH_ACT_1960,child,ACTIVE,act,Maharashtra,181,1053,60,60,93,,,,,Transfer of disputes from one Co-operative Court to another and suspension of,state_law,
MH_ACT_1960_SEC_94,MH_ACT_1960,parent,REFERENCE_ONLY,act,Maharashtra,639,3527,60,61,94,,,,,Procedure for settlement of disputes and power of Co-operative Court,documents;elections;state_law;timeline,
MH_ACT_1960_SEC_94_SUB_1,MH_ACT_1960,child,ACTIVE,act,Maharashtra,140,801,60,60,94,1,,,,Procedure for settlement of disputes and power of Co-operative Court,documents;elections;state_law,
MH_ACT_1960_SEC_94_SUB_2,MH_ACT_1960,child,ACTIVE,act,Maharashtra,24,139,60,60,94,2,,,,Procedure for settlement of disputes and power of Co-operative Court,state_law,
MH_ACT_1960_SEC_94_SUB_3,MH_ACT_1960,child,ACTIVE,act,Maharashtra,430,2311,60,61,94,3,,,,Procedure for settlement of disputes and power of Co-operative Court,state_law;timeline,
MH_ACT_1960_SEC_94_SUB_4,MH_ACT_1960,child,ACTIVE,act,Maharashtra,34,194,61,61,94,4,,,,Procedure for settlement of disputes and power of Co-operative Court,state_law,
MH_ACT_1960_SEC_95,MH_ACT_1960,child,ACTIVE,act,Maharashtra,406,2370,61,61,95,,,,,Attachment before award or order and interlocutory order,registrar;state_law,
MH_ACT_1960_SEC_96,MH_ACT_1960,child,ACTIVE,act,Maharashtra,129,768,61,61,96,,,,,Decision of Co-operative Court,loans;state_law,
MH_ACT_1960_SEC_97,MH_ACT_1960,child,ACTIVE,act,Maharashtra,63,381,62,62,97,,,,,Appeal against decision under section 96 and order under Section 95,appeal;registrar;state_law,
MH_ACT_1960_SEC_98,MH_ACT_1960,child,ACTIVE,act,Maharashtra,232,1300,62,62,98,,,,,Money how recovered,appeal;registrar;state_law,
MH_ACT_1960_SEC_99,MH_ACT_1960,child,ACTIVE,act,Maharashtra,68,424,62,62,99,,,,,Private transfer of property made after issue of certificate void against society,registrar;state_law,
MH_ACT_1960_SEC_100,MH_ACT_1960,child,ACTIVE,act,Maharashtra,334,1901,62,62,100,,,,,Transfer of property which cannot be sold,registrar;state_law,
MH_ACT_1960_SEC_101,MH_ACT_1960,parent,REFERENCE_ONLY,act,Maharashtra,607,3570,63,63,101,,,,,Recovery of arrears due to certain societies as arrears of recovery of land revenue,loans;registrar;state_law,
MH_ACT_1960_SEC_101_SUB_1,MH_ACT_1960,child,ACTIVE,act,Maharashtra,385,2284,63,63,101,1,,,,Recovery of arrears due to certain societies as arrears of recovery of land revenue,loans;registrar;state_law,
MH_ACT_1960_SEC_101_SUB_2,MH_ACT_1960,child,ACTIVE,act,Maharashtra,78,443,63,63,101,2,,,,Recovery of arrears due to certain societies as arrears of recovery of land revenue,registrar;state_law,
MH_ACT_1960_SEC_101_SUB_3,MH_ACT_1960,child,ACTIVE,act,Maharashtra,49,268,63,63,101,3,,,,Recovery of arrears due to certain societies as arrears of recovery of land revenue,registrar;state_law,
MH_ACT_1960_SEC_101_SUB_4,MH_ACT_1960,child,ACTIVE,act,Maharashtra,80,478,63,63,101,4,,,,Recovery of arrears due to certain societies as arrears of recovery of land revenue,registrar;state_law,
MH_ACT_1960_SEC_102,MH_ACT_1960,child,ACTIVE,act,Maharashtra,220,1226,64,64,102,,,,,Winding up,byelaws;deposits;management;meetings;registrar;registration;state_law,
MH_ACT_1960_SEC_103,MH_ACT_1960,child,ACTIVE,act,Maharashtra,372,2163,64,64,103,,,,,Appointment of Liquidator,documents;registrar;state_law,
MH_ACT_1960_SEC_104,MH_ACT_1960,child,ACTIVE,act,Maharashtra,163,904,65,65,104,,,,,Appeal against order of winding up,appeal;registrar;state_law,
MH_ACT_1960_SEC_105,MH_ACT_1960,parent,REFERENCE_ONLY,act,Maharashtra,719,4155,65,66,105,,,,,Powers of Liquidator,documents;elections;registrar;state_law,
MH_ACT_1960_SEC_105_SUB_1,MH_ACT_1960,child,ACTIVE,act,Maharashtra,675,3894,65,66,105,1,,,,Powers of Liquidator,documents;registrar;state_law,
MH_ACT_1960_SEC_105_SUB_2,MH_ACT_1960,child,ACTIVE,act,Maharashtra,40,230,66,66,105,2,,,,Powers of Liquidator,elections;state_law,
MH_ACT_1960_SEC_106,MH_ACT_1960,child,ACTIVE,act,Maharashtra,151,851,66,66,106,,,,,Effect of order of winding up,appeal;registrar;state_law,
MH_ACT_1960_SEC_107,MH_ACT_1960,child,ACTIVE,act,Maharashtra,130,720,66,66,107,,,,,Bar of suit in winding up and dissolution matters,registrar;state_law,
MH_ACT_1960_SEC_108,MH_ACT_1960,child,ACTIVE,act,Maharashtra,237,1350,66,67,108,,,,,Audit of Liquidators accounts,registrar;state_law,
MH_ACT_1960_SEC_109,MH_ACT_1960,child,ACTIVE,act,Maharashtra,330,2029,67,67,109,,,,,Termination of liquidation proceedings,documents;meetings;registrar;state_law,
MH_ACT_1960_SEC_110,MH_ACT_1960,child,ACTIVE,act,Maharashtra,273,1571,67,67,110,,,,,Disposal of surplus assets,byelaws;eligibility;meetings;registrar;state_law,
MH_ACT_1960_CONTEXT_131,MH_ACT_1960,child,ACTIVE,act,Maharashtra,432,2575,68,68,,,,,,,deposits;management;meetings;registrar;state_law,SECTION_IDENTIFIER_MISSING;STRUCTURE_UNCERTAIN
MH_ACT_1960_SEC_111,MH_ACT_1960,child,ACTIVE,act,Maharashtra,575,4025,69,70,111,,,,,Application of Chapter XI of Agriculture and Rural Development Banks,loans;registrar;state_law,
MH_ACT_1960_SEC_112,MH_ACT_1960,child,ACTIVE,act,Maharashtra,231,1362,70,70,112,,,,,State and other Agriculture and Rural Development banks,documents;state_law,
MH_ACT_1960_SEC_112_A,MH_ACT_1960,child,ACTIVE,act,Maharashtra,106,656,71,71,112-A,,,,,"District Loan Committee, its constitution, term of office of delegates, casual vacancies,",byelaws;loans;state_law,
MH_ACT_1960_SCHEDULE_135,MH_ACT_1960,parent,REFERENCE_ONLY,act,Maharashtra,990,5884,71,84,,,,,,"Schedule Tribes and one from the persons belonging to the weaker section,",byelaws;elections;eligibility;loans;management;meetings;registrar;state_law;timeline,CONTEXT_PARENT;LONG_CHUNK_NO_SAFE_SPLIT
MH_ACT_1960_SCHEDULE_135_SUB_1,MH_ACT_1960,child,ACTIVE,act,Maharashtra,1328,7749,72,74,,,,,,"Schedule Tribes and one from the persons belonging to the weaker section,",byelaws;elections;loans;management;meetings;registrar;state_law;timeline,LONG_CHUNK_NO_SAFE_SPLIT
MH_ACT_1960_SCHEDULE_135_SUB_2,MH_ACT_1960,child,ACTIVE,act,Maharashtra,148,875,74,75,,,,,,"Schedule Tribes and one from the persons belonging to the weaker section,",registrar;state_law,
MH_ACT_1960_SCHEDULE_135_SUB_3,MH_ACT_1960,child,ACTIVE,act,Maharashtra,360,2219,75,75,,,,,,"Schedule Tribes and one from the persons belonging to the weaker section,",state_law,
MH_ACT_1960_SCHEDULE_135_SUB_4,MH_ACT_1960,child,ACTIVE,act,Maharashtra,57,350,75,75,,,,,,"Schedule Tribes and one from the persons belonging to the weaker section,",state_law,
MH_ACT_1960_SCHEDULE_135_SUB_5,MH_ACT_1960,child,ACTIVE,act,Maharashtra,181,1096,75,76,,,,,,"Schedule Tribes and one from the persons belonging to the weaker section,",loans;state_law,
MH_ACT_1960_SCHEDULE_135_SUB_6,MH_ACT_1960,child,ACTIVE,act,Maharashtra,244,1371,76,76,,,,,,"Schedule Tribes and one from the persons belonging to the weaker section,",byelaws;loans;state_law,
MH_ACT_1960_SCHEDULE_135_SUB_7,MH_ACT_1960,child,ACTIVE,act,Maharashtra,559,3443,76,77,,,,,,"Schedule Tribes and one from the persons belonging to the weaker section,",loans;registration;state_law,
MH_ACT_1960_SCHEDULE_135_SUB_8,MH_ACT_1960,child,ACTIVE,act,Maharashtra,310,1860,77,77,,,,,,"Schedule Tribes and one from the persons belonging to the weaker section,",appeal;loans;management;state_law,
MH_ACT_1960_SCHEDULE_135_SUB_9,MH_ACT_1960,child,ACTIVE,act,Maharashtra,185,1084,77,78,,,,,,"Schedule Tribes and one from the persons belonging to the weaker section,",state_law,
MH_ACT_1960_SCHEDULE_135_SUB_10,MH_ACT_1960,child,ACTIVE,act,Maharashtra,334,2051,78,78,,,,,,"Schedule Tribes and one from the persons belonging to the weaker section,",byelaws;loans;state_law,
MH_ACT_1960_SCHEDULE_135_SUB_11,MH_ACT_1960,child,ACTIVE,act,Maharashtra,205,1201,78,78,,,,,,"Schedule Tribes and one from the persons belonging to the weaker section,",eligibility;state_law,
MH_ACT_1960_SCHEDULE_135_SUB_12,MH_ACT_1960,child,ACTIVE,act,Maharashtra,47,304,78,78,,,,,,"Schedule Tribes and one from the persons belonging to the weaker section,",loans;state_law,
MH_ACT_1960_SCHEDULE_135_SUB_13,MH_ACT_1960,child,ACTIVE,act,Maharashtra,218,1311,79,79,,,,,,"Schedule Tribes and one from the persons belonging to the weaker section,",loans;registrar;state_law,
MH_ACT_1960_SCHEDULE_135_SUB_14,MH_ACT_1960,child,ACTIVE,act,Maharashtra,453,2627,79,80,,,,,,"Schedule Tribes and one from the persons belonging to the weaker section,",loans;state_law,
MH_ACT_1960_SCHEDULE_135_SUB_15,MH_ACT_1960,child,ACTIVE,act,Maharashtra,149,860,80,80,,,,,,"Schedule Tribes and one from the persons belonging to the weaker section,",registrar;state_law,
MH_ACT_1960_SCHEDULE_135_SUB_16,MH_ACT_1960,child,ACTIVE,act,Maharashtra,222,1332,80,80,,,,,,"Schedule Tribes and one from the persons belonging to the weaker section,",state_law,
MH_ACT_1960_SCHEDULE_135_SUB_17,MH_ACT_1960,child,ACTIVE,act,Maharashtra,443,2637,80,81,,,,,,"Schedule Tribes and one from the persons belonging to the weaker section,",registrar;registration;state_law,
MH_ACT_1960_SCHEDULE_135_SUB_18,MH_ACT_1960,child,ACTIVE,act,Maharashtra,300,1762,81,81,,,,,,"Schedule Tribes and one from the persons belonging to the weaker section,",loans;registrar;state_law,
MH_ACT_1960_SCHEDULE_135_SUB_19,MH_ACT_1960,child,ACTIVE,act,Maharashtra,168,937,81,81,,,,,,"Schedule Tribes and one from the persons belonging to the weaker section,",loans;state_law,
MH_ACT_1960_SCHEDULE_135_SUB_20,MH_ACT_1960,child,ACTIVE,act,Maharashtra,184,1090,82,82,,,,,,"Schedule Tribes and one from the persons belonging to the weaker section,",state_law,
MH_ACT_1960_SCHEDULE_135_SUB_21,MH_ACT_1960,child,ACTIVE,act,Maharashtra,207,1213,82,82,,,,,,"Schedule Tribes and one from the persons belonging to the weaker section,",loans;meetings;registrar;state_law,
MH_ACT_1960_SCHEDULE_135_SUB_22,MH_ACT_1960,child,ACTIVE,act,Maharashtra,1041,6265,82,84,,,,,,"Schedule Tribes and one from the persons belonging to the weaker section,",byelaws;documents;loans;registrar;state_law,LONG_CHUNK_NO_SAFE_SPLIT
MH_ACT_1960_SEC_144_A,MH_ACT_1960,parent,REFERENCE_ONLY,act,Maharashtra,144,917,85,85,144-A,,,,,Application of this Chapter and definitions,elections;state_law,
MH_ACT_1960_SEC_144_A_SUB_1,MH_ACT_1960,child,ACTIVE,act,Maharashtra,20,128,85,85,144-A,1,,,,Application of this Chapter and definitions,elections;state_law,
MH_ACT_1960_SEC_144_A_SUB_2,MH_ACT_1960,child,ACTIVE,act,Maharashtra,106,659,85,85,144-A,2,,,,Application of this Chapter and definitions,elections;state_law,
MH_ACT_1960_SEC_144_B,MH_ACT_1960,child,ACTIVE,act,Maharashtra,52,278,85,85,144-B,,,,,When elections to be held,elections;state_law,
MH_ACT_1960_SEC_144_C,MH_ACT_1960,child,ACTIVE,act,Maharashtra,150,851,85,85,144-C,,,,,Conduct of elections,byelaws;elections;state_law,
MH_ACT_1960_SEC_144_D,MH_ACT_1960,child,ACTIVE,act,Maharashtra,240,1429,85,85,144-D,,,,,Cost of conducting election,deposits;elections;state_law;timeline,
MH_ACT_1960_SEC_144_E,MH_ACT_1960,child,ACTIVE,act,Maharashtra,434,2488,85,86,144-E,,,,,Disqualifications for membership,appeal;management;meetings;membership;state_law,
MH_ACT_1960_SEC_144_F,MH_ACT_1960,child,ACTIVE,act,Maharashtra,149,890,86,86,144-F,,,,,"Account of election expenses, maximum thereof and lodging of account",elections;state_law;timeline,
MH_ACT_1960_SEC_144_G,MH_ACT_1960,child,ACTIVE,act,Maharashtra,102,599,86,87,144-G,,,,,Disqualification for failure of lodge account of election expenses,elections;state_law,
MH_ACT_1960_SEC_144_H,MH_ACT_1960,child,ACTIVE,act,Maharashtra,31,211,87,87,144-H,,,,,Removal or reduction of period of disqualification,state_law,
MH_ACT_1960_SEC_144_I,MH_ACT_1960,parent,REFERENCE_ONLY,act,Maharashtra,763,4373,87,88,144-I,,,,,Corrupt practices,elections;loans;state_law,
MH_ACT_1960_SEC_144_I_SUB_1,MH_ACT_1960,child,ACTIVE,act,Maharashtra,270,1534,87,87,144-I,1,,,,Corrupt practices,elections;state_law,
MH_ACT_1960_SEC_144_I_SUB_2,MH_ACT_1960,child,ACTIVE,act,Maharashtra,211,1207,87,88,144-I,2,,,,Corrupt practices,elections;state_law,
MH_ACT_1960_SEC_144_I_SUB_3,MH_ACT_1960,child,ACTIVE,act,Maharashtra,202,1132,88,88,144-I,3,,,,Corrupt practices,elections;state_law,
MH_ACT_1960_SEC_144_I_SUB_4,MH_ACT_1960,child,ACTIVE,act,Maharashtra,16,90,88,88,144-I,4,,,,Corrupt practices,elections;state_law,SHORT_COMPLETE_PROVISION
MH_ACT_1960_SEC_144_I_SUB_5,MH_ACT_1960,child,ACTIVE,act,Maharashtra,12,82,88,88,144-I,5,,,,Corrupt practices,state_law,SHORT_COMPLETE_PROVISION
MH_ACT_1960_SEC_144_I_SUB_6,MH_ACT_1960,child,ACTIVE,act,Maharashtra,34,201,88,88,144-I,6,,,,Corrupt practices,elections;loans;state_law,
MH_ACT_1960_SEC_144_J,MH_ACT_1960,child,ACTIVE,act,Maharashtra,97,586,88,88,144-J,,,,,Maintenance of secrecy of voting,elections;state_law,
MH_ACT_1960_SEC_144_K,MH_ACT_1960,child,ACTIVE,act,Maharashtra,188,1068,88,88,144-K,,,,,"Officers, etc., at elections not to act for candidates or to influence voting",elections;management;state_law,
MH_ACT_1960_SEC_144_L,MH_ACT_1960,child,ACTIVE,act,Maharashtra,145,850,89,89,144-L,,,,,Prohibition of canvassing in or near polling station,elections;state_law,
MH_ACT_1960_SEC_144_M,MH_ACT_1960,child,ACTIVE,act,Maharashtra,250,1461,89,89,144-M,,,,,Penalty for disorderly conduct in or near polling stations,state_law,
MH_ACT_1960_SEC_144_N,MH_ACT_1960,child,ACTIVE,act,Maharashtra,158,931,89,89,144-N,,,,,Penalty for misconduct at the polling station,state_law,
MH_ACT_1960_SEC_144_O,MH_ACT_1960,child,ACTIVE,act,Maharashtra,54,310,90,90,144-O,,,,,Penalty for illegal hiring or procuring of conveyances at elections,elections;state_law,
MH_ACT_1960_SEC_144_P,MH_ACT_1960,child,ACTIVE,act,Maharashtra,161,994,90,90,144-P,,,,,Breaches of official duty in connection with election,elections;state_law,
MH_ACT_1960_SEC_144_Q,MH_ACT_1960,child,ACTIVE,act,Maharashtra,595,3400,90,91,144-Q,,,,,Removal of ballot papers from polling station to be an offence,documents;elections;state_law,STRUCTURE_UNCERTAIN
MH_ACT_1960_SEC_144_S,MH_ACT_1960,child,ACTIVE,act,Maharashtra,52,340,91,91,144-S,,,,,Application of section 148 to offences under this Chapter subject to certain,state_law,
MH_ACT_1960_SEC_144_T,MH_ACT_1960,child,ACTIVE,act,Maharashtra,309,1846,91,91,144-T,,,,,Disputes relating to elections to be submitted to the Commissioner or other specified,documents;elections;state_law,
MH_ACT_1960_SEC_144_U,MH_ACT_1960,child,ACTIVE,act,Maharashtra,148,876,92,92,144-U,,,,,Deposit towards costs for hearing and power to award costs,deposits;elections;state_law,
MH_ACT_1960_SEC_144_V,MH_ACT_1960,child,ACTIVE,act,Maharashtra,258,1539,92,92,144-V,,,,,Contents of petition,elections;state_law,
MH_ACT_1960_SEC_144_Y,MH_ACT_1960,child,ACTIVE,act,Maharashtra,114,674,92,92,144-Y,,,,,Special provisions to election of officers of specified societies,elections;meetings;state_law,
MH_ACT_1960_SEC_145,MH_ACT_1960,child,ACTIVE,act,Maharashtra,117,698,93,93,145,,,,,"Prohibition of use of the word ""Co-operative""",state_law,
MH_ACT_1960_SEC_146,MH_ACT_1960,child,ACTIVE,act,Maharashtra,783,4425,93,94,146,,,,,Offences,deposits;documents;loans;management;registrar;registration;state_law,
MH_ACT_1960_SEC_147,MH_ACT_1960,child,ACTIVE,act,Maharashtra,587,3102,94,95,147,,,,,Punishments for Offences under section 146,state_law,
MH_ACT_1960_SEC_148,MH_ACT_1960,child,ACTIVE,act,Maharashtra,49,301,95,95,148,,,,,Cognizance of offences,registrar;state_law,
MH_ACT_1960_SEC_148A,MH_ACT_1960,parent,REFERENCE_ONLY,act,Maharashtra,552,3179,95,96,148A,,,,,Contempt of Co-operative Courts and of Co-operative Appellate Court,complaint;documents;reporting;state_law,
MH_ACT_1960_SEC_148A_SUB_1,MH_ACT_1960,child,ACTIVE,act,Maharashtra,142,792,95,95,148A,1,,,,Contempt of Co-operative Courts and of Co-operative Appellate Court,documents;state_law,
MH_ACT_1960_SEC_148A_SUB_2,MH_ACT_1960,child,ACTIVE,act,Maharashtra,56,310,95,95,148A,2,,,,Contempt of Co-operative Courts and of Co-operative Appellate Court,state_law,
MH_ACT_1960_SEC_148A_SUB_3,MH_ACT_1960,child,ACTIVE,act,Maharashtra,121,708,95,96,148A,3,,,,Contempt of Co-operative Courts and of Co-operative Appellate Court,complaint;state_law,
MH_ACT_1960_SEC_148A_SUB_4,MH_ACT_1960,child,ACTIVE,act,Maharashtra,70,406,96,96,148A,4,,,,Contempt of Co-operative Courts and of Co-operative Appellate Court,state_law,
MH_ACT_1960_SEC_148A_SUB_5,MH_ACT_1960,child,ACTIVE,act,Maharashtra,30,174,96,96,148A,5,,,,Contempt of Co-operative Courts and of Co-operative Appellate Court,state_law,
MH_ACT_1960_SEC_148A_SUB_6,MH_ACT_1960,child,ACTIVE,act,Maharashtra,52,304,96,96,148A,6,,,,Contempt of Co-operative Courts and of Co-operative Appellate Court,state_law,
MH_ACT_1960_SEC_148A_SUB_7,MH_ACT_1960,child,ACTIVE,act,Maharashtra,71,396,96,96,148A,7,,,,Contempt of Co-operative Courts and of Co-operative Appellate Court,reporting;state_law,
MH_ACT_1960_SEC_149,MH_ACT_1960,parent,REFERENCE_ONLY,act,Maharashtra,694,4181,97,98,149,,,,,Maharashtra State Co-operative Appellate Court,appeal;membership;state_law,
MH_ACT_1960_SEC_149_SUB_1,MH_ACT_1960,child,ACTIVE,act,Maharashtra,32,189,97,97,149,1,,,,Maharashtra State Co-operative Appellate Court,state_law,
MH_ACT_1960_SEC_149_SUB_2,MH_ACT_1960,child,ACTIVE,act,Maharashtra,54,335,97,97,149,2,,,,Maharashtra State Co-operative Appellate Court,state_law,
MH_ACT_1960_SEC_149_SUB_3,MH_ACT_1960,child,ACTIVE,act,Maharashtra,18,110,97,97,149,3,,,,Maharashtra State Co-operative Appellate Court,membership;state_law,SHORT_COMPLETE_PROVISION
MH_ACT_1960_SEC_149_SUB_4,MH_ACT_1960,child,ACTIVE,act,Maharashtra,36,201,97,97,149,4,,,,Maharashtra State Co-operative Appellate Court,state_law,
MH_ACT_1960_SEC_149_SUB_5,MH_ACT_1960,child,ACTIVE,act,Maharashtra,10,54,97,97,149,5,,,,Maharashtra State Co-operative Appellate Court,state_law,SHORT_COMPLETE_PROVISION
MH_ACT_1960_SEC_149_SUB_6,MH_ACT_1960,child,ACTIVE,act,Maharashtra,90,499,97,97,149,6,,,,Maharashtra State Co-operative Appellate Court,state_law,
MH_ACT_1960_SEC_149_SUB_7,MH_ACT_1960,child,ACTIVE,act,Maharashtra,39,252,97,97,149,7,,,,Maharashtra State Co-operative Appellate Court,state_law,
MH_ACT_1960_SEC_149_SUB_8,MH_ACT_1960,child,ACTIVE,act,Maharashtra,14,90,97,97,149,8,,,,Maharashtra State Co-operative Appellate Court,state_law,SHORT_COMPLETE_PROVISION
MH_ACT_1960_SEC_149_SUB_9,MH_ACT_1960,child,ACTIVE,act,Maharashtra,77,442,97,97,149,9,,,,Maharashtra State Co-operative Appellate Court,appeal;state_law,
MH_ACT_1960_SEC_149_SUB_10,MH_ACT_1960,child,ACTIVE,act,Maharashtra,79,439,97,97,149,10,,,,Maharashtra State Co-operative Appellate Court,appeal;state_law,
MH_ACT_1960_SEC_149_SUB_11,MH_ACT_1960,child,ACTIVE,act,Maharashtra,41,234,97,97,149,11,,,,Maharashtra State Co-operative Appellate Court,appeal;state_law,
MH_ACT_1960_SEC_149_SUB_12,MH_ACT_1960,child,ACTIVE,act,Maharashtra,192,1215,97,98,149,12,,,,Maharashtra State Co-operative Appellate Court,appeal;state_law,
MH_ACT_1960_SCHEDULE_164,MH_ACT_1960,parent,REFERENCE_ONLY,act,Maharashtra,9,51,98,99,,,,,,"First Schedule of the Code of civil Procedure, 1908",state_law,CONTEXT_PARENT;SHORT_CONTEXT_PARENT
MH_ACT_1960_SCHEDULE_164_SUB_1,MH_ACT_1960,child,ACTIVE,act,Maharashtra,192,1130,98,98,,,,,,"First Schedule of the Code of civil Procedure, 1908",registrar;state_law;timeline,
MH_ACT_1960_SCHEDULE_164_SUB_2,MH_ACT_1960,child,ACTIVE,act,Maharashtra,104,630,98,98,,,,,,"First Schedule of the Code of civil Procedure, 1908",documents;state_law,
MH_ACT_1960_SCHEDULE_164_SUB_3,MH_ACT_1960,child,ACTIVE,act,Maharashtra,231,1321,98,98,,,,,,"First Schedule of the Code of civil Procedure, 1908",appeal;registrar;state_law,
MH_ACT_1960_SCHEDULE_164_SUB_4,MH_ACT_1960,child,ACTIVE,act,Maharashtra,247,1428,98,99,,,,,,"First Schedule of the Code of civil Procedure, 1908",appeal;byelaws;elections;registrar;state_law;timeline,
MH_ACT_1960_SCHEDULE_164_SUB_5,MH_ACT_1960,child,ACTIVE,act,Maharashtra,71,425,99,99,,,,,,"First Schedule of the Code of civil Procedure, 1908",appeal;state_law,
MH_ACT_1960_SCHEDULE_164_SUB_6,MH_ACT_1960,child,ACTIVE,act,Maharashtra,331,1971,99,99,,,,,,"First Schedule of the Code of civil Procedure, 1908",appeal;deposits;registrar;state_law,
MH_ACT_1960_SEC_154A,MH_ACT_1960,child,ACTIVE,act,Maharashtra,293,1862,100,100,154A,,,,,"Constitution of State Co-operative Council, its functions, etc",meetings;state_law,
MH_ACT_1960_SEC_155,MH_ACT_1960,child,ACTIVE,act,Maharashtra,172,974,101,101,155,,,,,Recovery of sums due to Government,state_law,
MH_ACT_1960_SEC_156,MH_ACT_1960,child,ACTIVE,act,Maharashtra,288,1609,101,101,156,,,,,Registrars powers to recover certain sums by attachment and sale of property,registrar;state_law,
MH_ACT_1960_SEC_157,MH_ACT_1960,child,ACTIVE,act,Maharashtra,95,551,101,101,157,,,,,Power to exempt societies from provisions of Act,state_law,
MH_ACT_1960_SEC_158,MH_ACT_1960,child,ACTIVE,act,Maharashtra,106,645,101,101,158,,,,,Delegation of Power of Registrar to certain authorities and officers,registrar;state_law,
MH_ACT_1960_SEC_159,MH_ACT_1960,child,ACTIVE,act,Maharashtra,202,1171,102,102,159,,,,,"Branches, etc. of societies outside the State",byelaws;registrar;state_law,
MH_ACT_1960_SEC_160,MH_ACT_1960,child,ACTIVE,act,Maharashtra,204,1164,102,102,160,,,,,Handing over records and property to new Chairman on election,elections;registrar;state_law,
MH_ACT_1960_SEC_160A,MH_ACT_1960,child,ACTIVE,act,Maharashtra,173,1060,102,102,160A,,,,,Members of State Legislature and certain local authorities not to be remunerated while,meetings;registrar;state_law,
MH_ACT_1960_SEC_160B,MH_ACT_1960,child,ACTIVE,act,Maharashtra,105,650,102,102,160B,,,,,"Members of committees not entitled to traveling allowance, daily allowance, etc., at a",meetings;state_law,
MH_ACT_1960_SEC_161,MH_ACT_1960,child,ACTIVE,act,Maharashtra,155,867,102,103,161,,,,,Registrar and other officers to be public servants,registrar;state_law,
MH_ACT_1960_SEC_162,MH_ACT_1960,child,ACTIVE,act,Maharashtra,51,283,103,103,162,,,,,"Indemnity for acts done, in good faith",registrar;state_law,
MH_ACT_1960_SEC_163,MH_ACT_1960,child,ACTIVE,act,Maharashtra,205,1174,103,103,163,,,,,Bar of jurisdiction of Courts,appeal;management;registrar;registration;state_law,
MH_ACT_1960_SEC_164,MH_ACT_1960,child,ACTIVE,act,Maharashtra,88,499,103,103,164,,,,,Notice necessary in suits,registrar;state_law,
MH_ACT_1960_SEC_165,MH_ACT_1960,parent,REFERENCE_ONLY,act,Maharashtra,2,12,103,108,165,,,,,Rules,state_law,CONTEXT_PARENT;SHORT_CONTEXT_PARENT
MH_ACT_1960_SEC_165_SUB_1,MH_ACT_1960,child,ACTIVE,act,Maharashtra,48,255,103,103,165,1,,,,Rules,state_law,
MH_ACT_1960_SEC_165_SUB_2,MH_ACT_1960,child,ACTIVE,act,Maharashtra,2756,16743,103,108,165,2,,,,Rules,appeal;byelaws;deposits;documents;elections;loans;management;meetings;membership;registrar;registration;state_law,LONG_CHUNK_NO_SAFE_SPLIT
MH_ACT_1960_SEC_165_SUB_3,MH_ACT_1960,child,ACTIVE,act,Maharashtra,23,133,108,108,165,3,,,,Rules,state_law,
MH_ACT_1960_SEC_165_SUB_4,MH_ACT_1960,child,ACTIVE,act,Maharashtra,57,319,108,108,165,4,,,,Rules,state_law,
MH_ACT_1960_SEC_166,MH_ACT_1960,child,ACTIVE,act,Maharashtra,397,2491,108,109,166,,,,,"Repeal, saving and construction",byelaws;documents;registrar;registration;state_law,
MH_ACT_1960_SEC_167,MH_ACT_1960,child,ACTIVE,act,Maharashtra,103,645,109,110,167,,,,,Companies Act not to apply,state_law,
MH_ACT_1960_SEC_1,MH_ACT_1960,child,ACTIVE,act,Maharashtra,31,193,110,110,1,,,,,Short title and extent,state_law,MALFORMED_NUMBERING_HIERARCHY
MH_ACT_1960_SEC_2,MH_ACT_1960,parent,REFERENCE_ONLY,act,Maharashtra,285,1717,110,110,2,,,,,Definitions,registrar;state_law,
MH_ACT_1960_SEC_2_SUB_A,MH_ACT_1960,child,ACTIVE,act,Maharashtra,9,65,110,110,2,,,,a,Definitions,state_law,SHORT_COMPLETE_PROVISION
MH_ACT_1960_SEC_2_SUB_B,MH_ACT_1960,child,ACTIVE,act,Maharashtra,29,185,110,110,2,,,,b,Definitions,state_law,
MH_ACT_1960_SEC_2_SUB_C,MH_ACT_1960,child,ACTIVE,act,Maharashtra,47,249,110,110,2,,,,c,Definitions,registrar;state_law,
MH_ACT_1960_SEC_2_SUB_D,MH_ACT_1960,child,ACTIVE,act,Maharashtra,23,133,110,110,2,,,,d,Definitions,state_law,
MH_ACT_1960_SEC_2_SUB_E,MH_ACT_1960,child,ACTIVE,act,Maharashtra,9,54,110,110,2,,,,e,Definitions,state_law,DUPLICATE_TEXT;SHORT_COMPLETE_PROVISION
MH_ACT_1960_SEC_2_SUB_F,MH_ACT_1960,child,ACTIVE,act,Maharashtra,9,48,110,110,2,,,,f,Definitions,state_law,DUPLICATE_TEXT;SHORT_COMPLETE_PROVISION
MH_ACT_1960_SEC_2_SUB_G,MH_ACT_1960,child,ACTIVE,act,Maharashtra,72,431,110,110,2,,,,g,Definitions,state_law,
MH_ACT_1960_SEC_2_SUB_H,MH_ACT_1960,child,ACTIVE,act,Maharashtra,20,126,110,110,2,,,,h,Definitions,registrar;state_law,
MH_ACT_1960_SEC_2_SUB_I,MH_ACT_1960,child,ACTIVE,act,Maharashtra,15,92,110,110,2,,,,i,Definitions,state_law,SHORT_COMPLETE_PROVISION
MH_ACT_1960_SEC_2_SUB_J,MH_ACT_1960,child,ACTIVE,act,Maharashtra,34,198,110,110,2,,,,j,Definitions,registrar;state_law,
MH_ACT_1960_SEC_2_SUB_K,MH_ACT_1960,child,ACTIVE,act,Maharashtra,8,41,110,110,2,,,,k,Definitions,state_law,SHORT_COMPLETE_PROVISION
MH_ACT_1960_SEC_4_002,MH_ACT_1960,child,ACTIVE,act,Maharashtra,573,3710,111,112,4,,,,,,byelaws;documents;registrar;registration;state_law,STRUCTURE_UNCERTAIN
MH_ACT_1960_SEC_5_002,MH_ACT_1960,child,ACTIVE,act,Maharashtra,157,963,112,112,5,,,,,Registration,byelaws;registrar;registration;state_law,
MH_ACT_1960_SEC_6_002,MH_ACT_1960,child,ACTIVE,act,Maharashtra,30,157,112,112,6,,,,,Form of report under section 9(2),registrar;state_law,
MH_ACT_1960_SEC_7_002,MH_ACT_1960,child,ACTIVE,act,Maharashtra,44,255,112,112,7,,,,,Refusal of Registration,registrar;registration;state_law,
MH_ACT_1960_SEC_8_002,MH_ACT_1960,parent,REFERENCE_ONLY,act,Maharashtra,730,4319,112,114,8,,,,,Matters in respect of which Registrar may direct society to make bye-laws or society may,byelaws;documents;elections;loans;management;meetings;membership;registrar;state_law,
MH_ACT_1960_SEC_8_002_SUB_1,MH_ACT_1960,child,ACTIVE,act,Maharashtra,543,3205,112,113,8,1,,,,Matters in respect of which Registrar may direct society to make bye-laws or society may,byelaws;elections;loans;management;meetings;membership;registrar;state_law,
MH_ACT_1960_SEC_8_002_SUB_2,MH_ACT_1960,child,ACTIVE,act,Maharashtra,169,1003,114,114,8,2,,,,Matters in respect of which Registrar may direct society to make bye-laws or society may,byelaws;documents;elections;membership;registrar;state_law,
MH_ACT_1960_SEC_9_002,MH_ACT_1960,child,ACTIVE,act,Maharashtra,30,176,114,114,9,,,,,First bye-laws of society,byelaws;registrar;state_law,
MH_ACT_1960_SEC_10_002,MH_ACT_1960,child,ACTIVE,act,Maharashtra,424,2846,115,116,10,,,,,Classification and sub-classification of societies,byelaws;loans;registrar;registration;state_law,
MH_ACT_1960_SEC_11_002,MH_ACT_1960,child,ACTIVE,act,Maharashtra,22,128,116,116,11,,,,,Maintenance of register,registrar;state_law,
MH_ACT_1960_FORM_D,MH_ACT_1960,parent,REFERENCE_ONLY,act,Maharashtra,73,422,116,123,,,,,,Form D.,registrar;registration;state_law,CONTEXT_PARENT
MH_ACT_1960_FORM_D_SUB_1,MH_ACT_1960,child,ACTIVE,act,Maharashtra,320,1843,116,116,,,,,,Form D.,byelaws;meetings;registrar;state_law,
MH_ACT_1960_FORM_D_SUB_2,MH_ACT_1960,child,ACTIVE,act,Maharashtra,306,1738,117,117,,,,,,Form D.,byelaws;registrar;state_law,MULTIPLE_FORMS_REVIEW
MH_ACT_1960_FORM_D_SUB_3,MH_ACT_1960,child,ACTIVE,act,Maharashtra,117,656,117,117,,,,,,Form D.,byelaws;registrar;registration;state_law,
MH_ACT_1960_FORM_D_SUB_4,MH_ACT_1960,child,ACTIVE,act,Maharashtra,576,3290,118,118,,,,,,Form D.,byelaws;deposits;meetings;registrar;state_law;timeline,
MH_ACT_1960_FORM_D_SUB_5,MH_ACT_1960,child,ACTIVE,act,Maharashtra,567,3485,118,119,,,,,,Form D.,meetings;registrar;registration;state_law,
MH_ACT_1960_FORM_D_SUB_6,MH_ACT_1960,child,ACTIVE,act,Maharashtra,475,2800,119,120,,,,,,Form D.,byelaws;registrar;state_law,
MH_ACT_1960_FORM_D_SUB_7,MH_ACT_1960,child,ACTIVE,act,Maharashtra,1630,9839,120,122,,,,,,Form D.,byelaws;deposits;documents;loans;meetings;registrar;registration;state_law;timeline,LONG_CHUNK_NO_SAFE_SPLIT
MH_ACT_1960_FORM_D_SUB_8,MH_ACT_1960,child,ACTIVE,act,Maharashtra,117,727,123,123,,,,,,Form D.,registrar;state_law,
MH_ACT_1960_FORM_D_SUB_9,MH_ACT_1960,child,ACTIVE,act,Maharashtra,326,1898,123,123,,,,,,Form D.,registrar;registration;state_law,
MH_ACT_1960_SEC_19_002,MH_ACT_1960,child,ACTIVE,act,Maharashtra,202,1160,124,124,19,,,,,Condition to be complied with for admission for membership etc,byelaws;membership;registrar;registration;state_law,
MH_ACT_1960_SEC_19_003,MH_ACT_1960,child,ACTIVE,act,Maharashtra,231,1354,124,124,19,,,,,A Procedure for tendering application to the Registrar for membership under section,eligibility;membership;registrar;state_law;timeline,
MH_ACT_1960_SEC_20_002,MH_ACT_1960,child,ACTIVE,act,Maharashtra,152,915,124,124,20,,,,,Procedure for admission of joint members and minors and persons of unsound mind,byelaws;state_law,
MH_ACT_1960_SEC_21_002,MH_ACT_1960,child,ACTIVE,act,Maharashtra,252,1427,125,125,21,,,,,Withdrawal of Membership,byelaws;membership;state_law,
MH_ACT_1960_SEC_22_002,MH_ACT_1960,child,ACTIVE,act,Maharashtra,324,2006,125,125,22,,,,,Voting rights of individual members in a Federal Society,byelaws;elections;governance;meetings;membership;registrar;registration;state_law,
MH_ACT_1960_SEC_23_002,MH_ACT_1960,child,ACTIVE,act,Maharashtra,228,1280,125,126,23,,,,,Valuation of Shares,byelaws;membership;state_law,
MH_ACT_1960_SEC_24_002,MH_ACT_1960,child,ACTIVE,act,Maharashtra,110,652,126,126,24,,,,,Procedure for transfer of shares,byelaws;membership;state_law,
MH_ACT_1960_SEC_25_002,MH_ACT_1960,child,ACTIVE,act,Maharashtra,234,1339,126,126,25,,,,,Nomination of persons,documents;state_law,
MH_ACT_1960_SEC_26_002,MH_ACT_1960,child,ACTIVE,act,Maharashtra,39,235,126,126,26,,,,,Registration of nominations,registration;state_law,
MH_ACT_1960_SEC_27_002,MH_ACT_1960,child,ACTIVE,act,Maharashtra,216,1207,127,127,27,,,,,Supply of copies of documents by societies and fees therefore,byelaws;deposits;documents;state_law,
MH_ACT_1960_SEC_28_002,MH_ACT_1960,child,ACTIVE,act,Maharashtra,104,623,127,127,28,,,,,Expulsion of Members,byelaws;membership;state_law,
MH_ACT_1960_SEC_29_002,MH_ACT_1960,child,ACTIVE,act,Maharashtra,217,1265,127,127,29,,,,,Procedure for Expulsion of Member,meetings;registrar;state_law,
MH_ACT_1960_SEC_30_002,MH_ACT_1960,child,ACTIVE,act,Maharashtra,173,976,128,128,30,,,,,Inspection of documents in the Registrars office by members of societies and the scale of,appeal;byelaws;documents;registrar;registration;state_law,
MH_ACT_1960_SEC_31_002,MH_ACT_1960,child,ACTIVE,act,Maharashtra,233,1415,129,129,31,,,,,Procedure for change of address of societies,byelaws;registrar;registration;state_law,
MH_ACT_1960_SEC_32_002,MH_ACT_1960,child,ACTIVE,act,Maharashtra,24,131,129,129,32,,,,,Register of Members,state_law,
MH_ACT_1960_SEC_33_002,MH_ACT_1960,child,ACTIVE,act,Maharashtra,21,103,129,129,33,,,,,List of Members,state_law,
MH_ACT_1960_SEC_34_002,MH_ACT_1960,child,ACTIVE,act,Maharashtra,47,264,129,129,34,,,,,Certified copies of entries in books of societies,state_law,
MH_ACT_1960_SEC_35_002,MH_ACT_1960,child,ACTIVE,act,Maharashtra,287,1780,129,129,35,,,,,Conditions for harrowing by societies with limited liability,byelaws;deposits;loans;registrar;state_law,
MH_ACT_1960_SEC_36_002,MH_ACT_1960,child,ACTIVE,act,Maharashtra,180,1099,130,130,36,,,,,Conditions for borrowing of Maharashtra State Co-operative Bank,deposits;loans;registrar;state_law,
MH_ACT_1960_SEC_37_002,MH_ACT_1960,child,ACTIVE,act,Maharashtra,36,252,130,130,37,,,,,Conditions for borrowing of Land Development Banks,loans;state_law,
MH_ACT_1960_SEC_38_002,MH_ACT_1960,child,ACTIVE,act,Maharashtra,117,691,130,130,38,,,,,Loans and deposits from non-members in unlimited liability Societies,deposits;loans;meetings;registrar;state_law,
MH_ACT_1960_SEC_39_002,MH_ACT_1960,child,ACTIVE,act,Maharashtra,290,1659,130,130,39,,,,,Raising funds by societies,byelaws;deposits;loans;registrar;state_law,
MH_ACT_1960_SEC_41_002,MH_ACT_1960,child,ACTIVE,act,Maharashtra,75,449,130,130,41,,,,,Maintenance of liquid resource and distribution of assets,deposits;registrar;state_law,
MH_ACT_1960_SEC_42_002,MH_ACT_1960,parent,REFERENCE_ONLY,act,Maharashtra,577,3500,131,131,42,,,,,Regulation of loans to be granted by societies,loans;registrar;state_law,
MH_ACT_1960_SEC_42_002_SUB_1,MH_ACT_1960,child,ACTIVE,act,Maharashtra,52,317,131,131,42,1,,,,Regulation of loans to be granted by societies,loans;registrar;state_law,
MH_ACT_1960_SEC_42_002_SUB_2,MH_ACT_1960,child,ACTIVE,act,Maharashtra,41,221,131,131,42,2,,,,Regulation of loans to be granted by societies,loans;registrar;state_law,
MH_ACT_1960_SEC_42_002_SUB_3,MH_ACT_1960,child,ACTIVE,act,Maharashtra,94,573,131,131,42,3,,,,Regulation of loans to be granted by societies,loans;registrar;state_law,
MH_ACT_1960_SEC_42_002_SUB_4,MH_ACT_1960,child,ACTIVE,act,Maharashtra,100,674,131,131,42,4,,,,Regulation of loans to be granted by societies,loans;registrar;state_law,
MH_ACT_1960_SEC_42_002_SUB_5,MH_ACT_1960,child,ACTIVE,act,Maharashtra,77,426,131,131,42,5,,,,Regulation of loans to be granted by societies,loans;registrar;state_law,
MH_ACT_1960_SEC_42_002_SUB_6,MH_ACT_1960,child,ACTIVE,act,Maharashtra,36,211,131,131,42,6,,,,Regulation of loans to be granted by societies,loans;registrar;state_law,
MH_ACT_1960_SEC_42_002_SUB_7,MH_ACT_1960,child,ACTIVE,act,Maharashtra,114,709,131,131,42,7,,,,Regulation of loans to be granted by societies,loans;registrar;state_law,
MH_ACT_1960_SEC_42_002_SUB_8,MH_ACT_1960,child,ACTIVE,act,Maharashtra,54,301,131,131,42,8,,,,Regulation of loans to be granted by societies,loans;registrar;state_law,
MH_ACT_1960_SEC_43_002,MH_ACT_1960,child,ACTIVE,act,Maharashtra,163,905,131,131,43,,,,,Conditions to be complied with by members applying for Loans,byelaws;loans;registrar;state_law,
MH_ACT_1960_SEC_44_002,MH_ACT_1960,child,ACTIVE,act,Maharashtra,128,773,132,132,44,,,,,Credit limits by non-credit societies,deposits;loans;registrar;state_law,
MH_ACT_1960_SEC_45_002,MH_ACT_1960,child,ACTIVE,act,Maharashtra,229,1273,132,132,45,,,,,Restrictions on borrowing from more than one credit society,loans;membership;registrar;state_law,
MH_ACT_1960_SEC_45_A,MH_ACT_1960,child,ACTIVE,act,Maharashtra,117,627,132,132,45-A,,,,,Limits on loans against fixed deposits,deposits;loans;state_law,
MH_ACT_1960_SEC_46_002,MH_ACT_1960,child,ACTIVE,act,Maharashtra,182,1045,132,132,46,,,,,Manner of recalling of loan,loans;registrar;state_law,
MH_ACT_1960_SEC_46A,MH_ACT_1960,child,ACTIVE,act,Maharashtra,66,428,132,133,46A,,,,,Restrictions on borrowings from non-members,loans;registrar;state_law,
MH_ACT_1960_SEC_46_B,MH_ACT_1960,child,ACTIVE,act,Maharashtra,61,365,133,133,46-B,,,,,Restrictions on credit sales to non-members,byelaws;registrar;state_law,
MH_ACT_1960_SEC_47_002,MH_ACT_1960,child,ACTIVE,act,Maharashtra,77,481,133,133,47,,,,,Restrictions on transactions with non-members,registrar;state_law,
MH_ACT_1960_SEC_48_002,MH_ACT_1960,child,ACTIVE,act,Maharashtra,291,1582,133,133,48,,,,,Form of declaration be made by members borrowing loans from certain societies and,loans;state_law,
MH_ACT_1960_SEC_49_002,MH_ACT_1960,child,ACTIVE,act,Maharashtra,313,1766,134,134,49,,,,,Writing off of bad debts and losses,loans;registrar;state_law,
MH_ACT_1960_SEC_49A,MH_ACT_1960,child,ACTIVE,act,Maharashtra,306,1913,134,135,49A,,,,,Calculation of net profits,byelaws;deposits;loans;state_law,
MH_ACT_1960_SEC_50_002,MH_ACT_1960,child,ACTIVE,act,Maharashtra,100,640,135,135,50,,,,,Appropriations of profits,byelaws;state_law,
MH_ACT_1960_SEC_51_002,MH_ACT_1960,child,ACTIVE,act,Maharashtra,146,853,135,135,51,,,,,Amounts to be deducted by a society from its profits before arriving at its net profits,byelaws;loans;state_law,
MH_ACT_1960_SEC_52_002,MH_ACT_1960,child,ACTIVE,act,Maharashtra,167,924,135,135,52,,,,,Bonus and Dividend Equalization Fund,byelaws;registrar;state_law,
MH_ACT_1960_SEC_53_002,MH_ACT_1960,child,ACTIVE,act,Maharashtra,1402,9624,136,139,53,,,,,Rate of annual contribution to education fund of Slate Federal Society,pacs;state_law,LONG_CHUNK_NO_SAFE_SPLIT
MH_ACT_1960_SEC_53_B,MH_ACT_1960,parent,REFERENCE_ONLY,act,Maharashtra,13,62,139,141,53-B,,,,,Manner of contributions to be made under the rule 53,state_law,CONTEXT_PARENT;SHORT_CONTEXT_PARENT
MH_ACT_1960_SEC_53_B_SUB_1,MH_ACT_1960,child,ACTIVE,act,Maharashtra,57,365,139,139,53-B,1,,,,Manner of contributions to be made under the rule 53,state_law,
MH_ACT_1960_SEC_53_B_SUB_2,MH_ACT_1960,child,ACTIVE,act,Maharashtra,76,505,139,139,53-B,2,,,,Manner of contributions to be made under the rule 53,state_law,
MH_ACT_1960_SEC_53_B_SUB_3,MH_ACT_1960,child,ACTIVE,act,Maharashtra,128,890,139,139,53-B,3,,,,Manner of contributions to be made under the rule 53,state_law,
MH_ACT_1960_SEC_53_B_SUB_4,MH_ACT_1960,child,ACTIVE,act,Maharashtra,60,379,139,139,53-B,4,,,,Manner of contributions to be made under the rule 53,state_law,
MH_ACT_1960_SEC_53_B_SUB_5,MH_ACT_1960,child,ACTIVE,act,Maharashtra,78,460,140,140,53-B,5,,,,Manner of contributions to be made under the rule 53,state_law;timeline,
MH_ACT_1960_SEC_53_B_SUB_6,MH_ACT_1960,child,ACTIVE,act,Maharashtra,131,879,140,140,53-B,6,,,,Manner of contributions to be made under the rule 53,state_law,
MH_ACT_1960_SEC_53_B_SUB_7,MH_ACT_1960,child,ACTIVE,act,Maharashtra,255,1635,140,140,53-B,7,,,,Manner of contributions to be made under the rule 53,pacs;state_law,
MH_ACT_1960_SEC_53_B_SUB_8,MH_ACT_1960,child,ACTIVE,act,Maharashtra,260,1593,140,140,53-B,8,,,,Manner of contributions to be made under the rule 53,loans;pacs;state_law,
MH_ACT_1960_SEC_53_B_SUB_9,MH_ACT_1960,child,ACTIVE,act,Maharashtra,183,1103,140,141,53-B,9,,,,Manner of contributions to be made under the rule 53,pacs;state_law,
MH_ACT_1960_SEC_53_B_SUB_10,MH_ACT_1960,child,ACTIVE,act,Maharashtra,142,939,141,141,53-B,10,,,,Manner of contributions to be made under the rule 53,state_law,
MH_ACT_1960_SEC_53_B_SUB_11,MH_ACT_1960,child,ACTIVE,act,Maharashtra,69,446,141,141,53-B,11,,,,Manner of contributions to be made under the rule 53,state_law,
MH_ACT_1960_SEC_53_B_SUB_12,MH_ACT_1960,child,ACTIVE,act,Maharashtra,173,1137,141,141,53-B,12,,,,Manner of contributions to be made under the rule 53,registrar;state_law,
MH_ACT_1960_SEC_54_002,MH_ACT_1960,child,ACTIVE,act,Maharashtra,287,1710,141,142,54,,,,,Utilisation and investment of reserve fund,deposits;loans;registrar;state_law,
MH_ACT_1960_SEC_55_002,MH_ACT_1960,child,ACTIVE,act,Maharashtra,377,2219,142,142,55,,,,,Investment of other funds,registrar;state_law,
MH_ACT_1960_SEC_56_002,MH_ACT_1960,child,ACTIVE,act,Maharashtra,130,833,143,143,56,,,,,Maintenance and administration of provident fund,registrar;state_law,
MH_ACT_1960_CONTEXT_235,MH_ACT_1960,child,ACTIVE,act,Maharashtra,937,5702,144,145,,,,,,,deposits;elections;management;registrar;state_law;timeline,LONG_CHUNK_NO_SAFE_SPLIT;SECTION_IDENTIFIER_MISSING;STRUCTURE_UNCERTAIN
MH_ACT_1960_SEC_56B,MH_ACT_1960,child,ACTIVE,act,Maharashtra,303,1757,145,145,56B,,,,,Provisional list of voters,byelaws;elections;registrar;state_law;timeline,
MH_ACT_1960_SEC_56C,MH_ACT_1960,child,ACTIVE,act,Maharashtra,223,1321,145,146,56C,,,,,Particulars to be included in the provisional list of voters,byelaws;elections;registration;state_law,
MH_ACT_1960_SEC_56D,MH_ACT_1960,child,ACTIVE,act,Maharashtra,211,1217,146,146,56D,,,,,"Claims and objections to the provisional list of votes, and the final list of voters",elections;registrar;state_law;timeline,
MH_ACT_1960_SEC_56E,MH_ACT_1960,child,ACTIVE,act,Maharashtra,154,1010,146,146,56E,,,,,"Appointment of Returning Officers, Assistant Returning Officers and such other Officers",elections;registrar;state_law,
MH_ACT_1960_SEC_56F,MH_ACT_1960,child,ACTIVE,act,Maharashtra,50,292,146,146,56F,,,,,General duty of Returning Officer,byelaws;elections;state_law,
MH_ACT_1960_SEC_56G,MH_ACT_1960,child,ACTIVE,act,Maharashtra,64,383,146,146,56G,,,,,Polling stations,elections;state_law,
MH_ACT_1960_SEC_56H,MH_ACT_1960,child,ACTIVE,act,Maharashtra,216,1285,146,147,56H,,,,,Appointment of Presiding Officer and Polling Officer,byelaws;elections;state_law,
MH_ACT_1960_SEC_56I,MH_ACT_1960,child,ACTIVE,act,Maharashtra,108,652,147,147,56I,,,,,General duty of Presiding Officer and Polling Officer,elections;state_law,
MH_ACT_1960_SEC_56J,MH_ACT_1960,child,ACTIVE,act,Maharashtra,413,2385,147,147,56J,,,,,"Appointment of dates etc., for various stages of an election",appeal;elections;registrar;state_law;timeline,
MH_ACT_1960_SEC_56K,MH_ACT_1960,child,ACTIVE,act,Maharashtra,416,2402,147,148,56K,,,,,Manner of publication of election program under rule 56 K,elections;registrar;state_law;timeline,STRUCTURE_UNCERTAIN
MH_ACT_1960_SEC_56M,MH_ACT_1960,child,ACTIVE,act,Maharashtra,303,1714,148,148,56M,,,,,Nomination of candidates,byelaws;elections;eligibility;state_law,
MH_ACT_1960_SEC_56N,MH_ACT_1960,child,ACTIVE,act,Maharashtra,459,2705,149,149,56N,,,,,Presentation of nomination paper and requirements for valid nominations,byelaws;elections;state_law,STRUCTURE_UNCERTAIN
MH_ACT_1960_SEC_56P,MH_ACT_1960,child,ACTIVE,act,Maharashtra,137,777,149,149,56P,,,,,Deposit,deposits;elections;membership;state_law,
MH_ACT_1960_SEC_56Q,MH_ACT_1960,child,ACTIVE,act,Maharashtra,118,687,149,149,56Q,,,,,Notice of nomination and time and place for the scrutiny,state_law,
MH_ACT_1960_SEC_56R,MH_ACT_1960,parent,REFERENCE_ONLY,act,Maharashtra,477,2783,150,150,56R,,,,,Scrutiny of nomination papers,byelaws;elections;registrar;state_law,
MH_ACT_1960_SEC_56R_SUB_1,MH_ACT_1960,child,ACTIVE,act,Maharashtra,82,488,150,150,56R,1,,,,Scrutiny of nomination papers,state_law,
MH_ACT_1960_SEC_56R_SUB_2,MH_ACT_1960,child,ACTIVE,act,Maharashtra,129,727,150,150,56R,2,,,,Scrutiny of nomination papers,byelaws;state_law,
MH_ACT_1960_SEC_56R_SUB_3,MH_ACT_1960,child,ACTIVE,act,Maharashtra,58,338,150,150,56R,3,,,,Scrutiny of nomination papers,state_law,
MH_ACT_1960_SEC_56R_SUB_4,MH_ACT_1960,child,ACTIVE,act,Maharashtra,23,132,150,150,56R,4,,,,Scrutiny of nomination papers,state_law,
MH_ACT_1960_SEC_56R_SUB_5,MH_ACT_1960,child,ACTIVE,act,Maharashtra,99,576,150,150,56R,5,,,,Scrutiny of nomination papers,state_law,
MH_ACT_1960_SEC_56R_SUB_6,MH_ACT_1960,child,ACTIVE,act,Maharashtra,81,474,150,150,56R,6,,,,Scrutiny of nomination papers,elections;registrar;state_law,
MH_ACT_1960_SEC_56S,MH_ACT_1960,child,ACTIVE,act,Maharashtra,110,685,150,150,56S,,,,,Publication of list of valid nominations,appeal;state_law,
MH_ACT_1960_SEC_56T,MH_ACT_1960,child,ACTIVE,act,Maharashtra,53,343,150,150,56T,,,,,Withdrawal of candidature,elections;state_law,
MH_ACT_1960_SEC_56U,MH_ACT_1960,child,ACTIVE,act,Maharashtra,507,3033,151,151,56U,,,,,Preparation of list of contesting candidates,elections;state_law,STRUCTURE_UNCERTAIN
MH_ACT_1960_SEC_56W,MH_ACT_1960,child,ACTIVE,act,Maharashtra,159,945,151,151,56W,,,,,Death of candidate before poll,elections;eligibility;state_law,
MH_ACT_1960_SEC_56X,MH_ACT_1960,child,ACTIVE,act,Maharashtra,108,641,151,152,56X,,,,,Uncontested elections,elections;state_law,
MH_ACT_1960_SEC_56Y,MH_ACT_1960,child,ACTIVE,act,Maharashtra,34,191,152,152,56Y,,,,,Manner of voting at elections,elections;state_law,
MH_ACT_1960_SEC_56Z,MH_ACT_1960,child,ACTIVE,act,Maharashtra,5644,32299,152,161,56Z,,,,,Ballot Box,byelaws;deposits;documents;elections;meetings;registrar;state_law,LONG_CHUNK_NO_SAFE_SPLIT;STRUCTURE_UNCERTAIN
MH_ACT_1960_SEC_57_002,MH_ACT_1960,child,ACTIVE,act,Maharashtra,117,684,162,162,57,,,,,"Prohibition against being interested in contracts, etc.,",loans;management;state_law,
MH_ACT_1960_SEC_57A,MH_ACT_1960,parent,REFERENCE_ONLY,act,Maharashtra,10,66,162,164,57A,,,,,Motion of no-confidence against the officers of the society,state_law,CONTEXT_PARENT;SHORT_CONTEXT_PARENT
MH_ACT_1960_SEC_57A_SUB_1,MH_ACT_1960,child,ACTIVE,act,Maharashtra,157,973,162,162,57A,1,,,,Motion of no-confidence against the officers of the society,elections;meetings;state_law,
MH_ACT_1960_SEC_57A_SUB_2,MH_ACT_1960,child,ACTIVE,act,Maharashtra,409,2430,162,163,57A,2,,,,Motion of no-confidence against the officers of the society,management;meetings;registrar;state_law;timeline,
MH_ACT_1960_SEC_57A_SUB_3,MH_ACT_1960,child,ACTIVE,act,Maharashtra,54,354,163,163,57A,3,,,,Motion of no-confidence against the officers of the society,byelaws;meetings;registrar;state_law,
MH_ACT_1960_SEC_57A_SUB_4,MH_ACT_1960,child,ACTIVE,act,Maharashtra,140,832,163,163,57A,4,,,,Motion of no-confidence against the officers of the society,elections;management;registrar;state_law,
MH_ACT_1960_SEC_57A_SUB_5,MH_ACT_1960,child,ACTIVE,act,Maharashtra,51,278,163,163,57A,5,,,,Motion of no-confidence against the officers of the society,meetings;registrar;state_law;timeline,
MH_ACT_1960_SEC_57A_SUB_6,MH_ACT_1960,child,ACTIVE,act,Maharashtra,17,96,163,163,57A,6,,,,Motion of no-confidence against the officers of the society,state_law,SHORT_COMPLETE_PROVISION
MH_ACT_1960_SEC_57A_SUB_7,MH_ACT_1960,child,ACTIVE,act,Maharashtra,520,2903,163,164,57A,7,,,,Motion of no-confidence against the officers of the society,meetings;registrar;state_law,
MH_ACT_1960_SEC_58_002,MH_ACT_1960,child,ACTIVE,act,Maharashtra,306,1822,164,164,58,,,,,Disqualification for membership of Committee,byelaws;elections;eligibility;loans;membership;registrar;state_law,
MH_ACT_1960_SEC_59_002,MH_ACT_1960,child,ACTIVE,act,Maharashtra,169,1048,164,165,59,,,,,First general meeting,byelaws;elections;meetings;registrar;registration;reporting;state_law,
MH_ACT_1960_SEC_60_002,MH_ACT_1960,parent,REFERENCE_ONLY,act,Maharashtra,537,3060,165,165,60,,,,,General Meeting,byelaws;elections;meetings;registrar;reporting;state_law;timeline,
MH_ACT_1960_SEC_60_002_SUB_1,MH_ACT_1960,child,ACTIVE,act,Maharashtra,99,583,165,165,60,1,,,,General Meeting,byelaws;meetings;registrar;reporting;state_law,
MH_ACT_1960_SEC_60_002_SUB_2,MH_ACT_1960,child,ACTIVE,act,Maharashtra,27,151,165,165,60,2,,,,General Meeting,byelaws;meetings;state_law,
MH_ACT_1960_SEC_60_002_SUB_3,MH_ACT_1960,child,ACTIVE,act,Maharashtra,91,526,165,165,60,3,,,,General Meeting,byelaws;meetings;state_law,
MH_ACT_1960_SEC_60_002_SUB_4,MH_ACT_1960,child,ACTIVE,act,Maharashtra,28,155,165,165,60,4,,,,General Meeting,meetings;state_law,
MH_ACT_1960_SEC_60_002_SUB_5,MH_ACT_1960,child,ACTIVE,act,Maharashtra,61,359,165,165,60,5,,,,General Meeting,byelaws;elections;meetings;state_law,
MH_ACT_1960_SEC_60_002_SUB_6,MH_ACT_1960,child,ACTIVE,act,Maharashtra,25,132,165,165,60,6,,,,General Meeting,meetings;state_law,
MH_ACT_1960_SEC_60_002_SUB_7,MH_ACT_1960,child,ACTIVE,act,Maharashtra,11,61,165,165,60,7,,,,General Meeting,meetings;state_law,DUPLICATE_TEXT;SHORT_COMPLETE_PROVISION
MH_ACT_1960_SEC_60_002_SUB_8,MH_ACT_1960,child,ACTIVE,act,Maharashtra,52,270,165,165,60,8,,,,General Meeting,meetings;state_law;timeline,
MH_ACT_1960_SEC_60_002_SUB_9,MH_ACT_1960,child,ACTIVE,act,Maharashtra,19,113,165,165,60,9,,,,General Meeting,meetings;state_law,DUPLICATE_TEXT;SHORT_COMPLETE_PROVISION
MH_ACT_1960_SEC_60_002_SUB_10,MH_ACT_1960,child,ACTIVE,act,Maharashtra,69,364,165,165,60,10,,,,General Meeting,meetings;state_law,
MH_ACT_1960_SEC_60_002_SUB_11,MH_ACT_1960,child,ACTIVE,act,Maharashtra,52,303,165,165,60,11,,,,General Meeting,byelaws;meetings;state_law,
MH_ACT_1960_SEC_61_002,MH_ACT_1960,child,ACTIVE,act,Maharashtra,132,790,165,166,61,,,,,"Annual statement of accounts including balance sheet, etc",registrar;state_law;timeline,
MH_ACT_1960_SEC_62_002,MH_ACT_1960,child,ACTIVE,act,Maharashtra,133,716,166,166,62,,,,,Form for the balance sheet and the profit and loss account,meetings;registrar;state_law,
MH_ACT_1960_SEC_63_002,MH_ACT_1960,child,ACTIVE,act,Maharashtra,119,680,166,166,63,,,,,Power to call annual and special general meeting,byelaws;meetings;registrar;state_law,
MH_ACT_1960_SEC_64_002,MH_ACT_1960,child,ACTIVE,act,Maharashtra,309,1815,166,166,64,,,,,"Procedure for appointment, suspension and removal of members of the committee and",byelaws;documents;meetings;registrar;state_law;timeline,
MH_ACT_1960_SEC_65_002,MH_ACT_1960,child,ACTIVE,act,Maharashtra,201,1215,167,167,65,,,,,Accounts and books to be kept,meetings;state_law,
MH_ACT_1960_SEC_66_002,MH_ACT_1960,child,ACTIVE,act,Maharashtra,64,370,167,167,66,,,,,Copies of monthly returns to be furnished to Registrar,registrar;state_law,
MH_ACT_1960_SEC_67_002,MH_ACT_1960,child,ACTIVE,act,Maharashtra,270,1548,167,167,67,,,,,Registrars power to enforce performance of obligations,registrar;state_law,
MH_ACT_1960_SEC_67A,MH_ACT_1960,parent,REFERENCE_ONLY,act,Maharashtra,637,3730,168,168,67A,,,,,Directions of Registrar to the society to make regulations on certain matters,registrar;state_law,
MH_ACT_1960_SEC_67A_SUB_1,MH_ACT_1960,child,ACTIVE,act,Maharashtra,205,1216,168,168,67A,1,,,,Directions of Registrar to the society to make regulations on certain matters,registrar;state_law,
MH_ACT_1960_SEC_67A_SUB_2,MH_ACT_1960,child,ACTIVE,act,Maharashtra,53,308,168,168,67A,2,,,,Directions of Registrar to the society to make regulations on certain matters,registrar;state_law,
MH_ACT_1960_SEC_67A_SUB_3,MH_ACT_1960,child,ACTIVE,act,Maharashtra,76,442,168,168,67A,3,,,,Directions of Registrar to the society to make regulations on certain matters,registrar;state_law,
MH_ACT_1960_SEC_67A_SUB_4,MH_ACT_1960,child,ACTIVE,act,Maharashtra,98,537,168,168,67A,4,,,,Directions of Registrar to the society to make regulations on certain matters,registrar;state_law,
MH_ACT_1960_SEC_67A_SUB_5,MH_ACT_1960,child,ACTIVE,act,Maharashtra,192,1133,168,168,67A,5,,,,Directions of Registrar to the society to make regulations on certain matters,registrar;state_law,
MH_ACT_1960_SEC_68_002,MH_ACT_1960,child,ACTIVE,act,Maharashtra,251,1515,168,169,68,,,,,"Procedure to be adopted for taking possession of books, documents, securities, cash and",documents;registrar;state_law,
MH_ACT_1960_SEC_69_002,MH_ACT_1960,parent,REFERENCE_ONLY,act,Maharashtra,836,4825,170,171,69,,,,,Procedure for appointment of auditors and for conducting audit,byelaws;meetings;registrar;state_law,
MH_ACT_1960_SEC_69_002_SUB_1,MH_ACT_1960,child,ACTIVE,act,Maharashtra,187,1165,170,170,69,1,,,,Procedure for appointment of auditors and for conducting audit,registrar;state_law,
MH_ACT_1960_SEC_69_002_SUB_2,MH_ACT_1960,child,ACTIVE,act,Maharashtra,64,347,170,170,69,2,,,,Procedure for appointment of auditors and for conducting audit,registrar;state_law,
MH_ACT_1960_SEC_69_002_SUB_3,MH_ACT_1960,child,ACTIVE,act,Maharashtra,170,879,170,170,69,3,,,,Procedure for appointment of auditors and for conducting audit,registrar;state_law,
MH_ACT_1960_SEC_69_002_SUB_4,MH_ACT_1960,child,ACTIVE,act,Maharashtra,99,562,170,170,69,4,,,,Procedure for appointment of auditors and for conducting audit,byelaws;state_law,
MH_ACT_1960_SEC_69_002_SUB_5,MH_ACT_1960,child,ACTIVE,act,Maharashtra,30,173,170,170,69,5,,,,Procedure for appointment of auditors and for conducting audit,state_law,
MH_ACT_1960_SEC_69_002_SUB_6,MH_ACT_1960,child,ACTIVE,act,Maharashtra,104,595,170,171,69,6,,,,Procedure for appointment of auditors and for conducting audit,byelaws;registrar;state_law,
MH_ACT_1960_SEC_69_002_SUB_7,MH_ACT_1960,child,ACTIVE,act,Maharashtra,78,454,171,171,69,7,,,,Procedure for appointment of auditors and for conducting audit,meetings;registrar;state_law,
MH_ACT_1960_SEC_69_002_SUB_8,MH_ACT_1960,child,ACTIVE,act,Maharashtra,29,162,171,171,69,8,,,,Procedure for appointment of auditors and for conducting audit,registrar;state_law,
MH_ACT_1960_SEC_69_002_SUB_9,MH_ACT_1960,child,ACTIVE,act,Maharashtra,58,345,171,171,69,9,,,,Procedure for appointment of auditors and for conducting audit,registrar;state_law,
MH_ACT_1960_SEC_70_002,MH_ACT_1960,child,ACTIVE,act,Maharashtra,71,411,171,171,70,,,,,Requisition of the federal society for inquiry,registrar;state_law,
MH_ACT_1960_SEC_71_002,MH_ACT_1960,parent,REFERENCE_ONLY,act,Maharashtra,559,3256,171,172,71,,,,,Procedure and principles for the conduct of inquiry and inspection,documents;registrar;state_law,
MH_ACT_1960_SEC_71_002_SUB_1,MH_ACT_1960,child,ACTIVE,act,Maharashtra,101,585,171,171,71,1,,,,Procedure and principles for the conduct of inquiry and inspection,registrar;state_law,
MH_ACT_1960_SEC_71_002_SUB_2,MH_ACT_1960,child,ACTIVE,act,Maharashtra,39,223,171,171,71,2,,,,Procedure and principles for the conduct of inquiry and inspection,state_law,
MH_ACT_1960_SEC_71_002_SUB_3,MH_ACT_1960,child,ACTIVE,act,Maharashtra,103,591,171,171,71,3,,,,Procedure and principles for the conduct of inquiry and inspection,registrar;state_law,
MH_ACT_1960_SEC_71_002_SUB_4,MH_ACT_1960,child,ACTIVE,act,Maharashtra,85,507,171,171,71,4,,,,Procedure and principles for the conduct of inquiry and inspection,documents;state_law,
MH_ACT_1960_SEC_71_002_SUB_5,MH_ACT_1960,child,ACTIVE,act,Maharashtra,131,780,172,172,71,5,,,,Procedure and principles for the conduct of inquiry and inspection,documents;registrar;state_law,
MH_ACT_1960_SEC_71_002_SUB_6,MH_ACT_1960,child,ACTIVE,act,Maharashtra,89,486,172,172,71,6,,,,Procedure and principles for the conduct of inquiry and inspection,registrar;state_law,
MH_ACT_1960_SEC_72_002,MH_ACT_1960,parent,REFERENCE_ONLY,act,Maharashtra,541,3073,172,172,72,,,,,"Procedure for assessing damages against delinquent promoters, etc. under section 88",documents;management;registrar;state_law;timeline,
MH_ACT_1960_SEC_72_002_SUB_1,MH_ACT_1960,child,ACTIVE,act,Maharashtra,92,520,172,172,72,1,,,,"Procedure for assessing damages against delinquent promoters, etc. under section 88",management;registrar;state_law,
MH_ACT_1960_SEC_72_002_SUB_2,MH_ACT_1960,child,ACTIVE,act,Maharashtra,84,486,172,172,72,2,,,,"Procedure for assessing damages against delinquent promoters, etc. under section 88",registrar;state_law;timeline,
MH_ACT_1960_SEC_72_002_SUB_3,MH_ACT_1960,child,ACTIVE,act,Maharashtra,38,225,172,172,72,3,,,,"Procedure for assessing damages against delinquent promoters, etc. under section 88",registrar;state_law,
MH_ACT_1960_SEC_72_002_SUB_4,MH_ACT_1960,child,ACTIVE,act,Maharashtra,56,341,172,172,72,4,,,,"Procedure for assessing damages against delinquent promoters, etc. under section 88",documents;registrar;state_law,
MH_ACT_1960_SEC_72_002_SUB_5,MH_ACT_1960,child,ACTIVE,act,Maharashtra,46,264,172,172,72,5,,,,"Procedure for assessing damages against delinquent promoters, etc. under section 88",documents;registrar;state_law,
MH_ACT_1960_SEC_72_002_SUB_6,MH_ACT_1960,child,ACTIVE,act,Maharashtra,140,760,172,172,72,6,,,,"Procedure for assessing damages against delinquent promoters, etc. under section 88",registrar;state_law;timeline,
MH_ACT_1960_SEC_72_002_SUB_7,MH_ACT_1960,child,ACTIVE,act,Maharashtra,37,186,172,172,72,7,,,,"Procedure for assessing damages against delinquent promoters, etc. under section 88",registrar;state_law,
MH_ACT_1960_SEC_72_002_SUB_8,MH_ACT_1960,child,ACTIVE,act,Maharashtra,35,186,172,172,72,8,,,,"Procedure for assessing damages against delinquent promoters, etc. under section 88",registrar;state_law;timeline,
MH_ACT_1960_SEC_73_002,MH_ACT_1960,child,ACTIVE,act,Maharashtra,98,595,173,173,73,,,,,Form of Rectification Report,registrar;state_law,
MH_ACT_1960_SEC_74_002,MH_ACT_1960,child,ACTIVE,act,Maharashtra,103,623,173,173,74,,,,,Levy of audit charges and supervision charges,registrar;state_law,
MH_ACT_1960_SEC_75_002,MH_ACT_1960,child,ACTIVE,act,Maharashtra,182,1065,174,174,75,,,,,Reference of Dispute,registrar;state_law,
MH_ACT_1960_SEC_77_002,MH_ACT_1960,child,ACTIVE,act,Maharashtra,71,461,174,174,77,,,,,Disposal of a dispute or reference to Co-operative Court,registrar;state_law,
MH_ACT_1960_SEC_77A_002,MH_ACT_1960,child,ACTIVE,act,Maharashtra,213,1271,174,174,77A,,,,,Qualifications of Judges of Co-operative Courts and their appointments,eligibility;registrar;state_law,
MH_ACT_1960_SEC_77_B,MH_ACT_1960,child,ACTIVE,act,Maharashtra,93,555,174,174,77-B,,,,,Age limits for Judges,state_law,
MH_ACT_1960_SEC_77_C,MH_ACT_1960,child,ACTIVE,act,Maharashtra,82,488,175,175,77-C,,,,,Conditions of Service of Judges,state_law,
MH_ACT_1960_SEC_77_D,MH_ACT_1960,child,ACTIVE,act,Maharashtra,52,316,175,175,77-D,,,,,Holidays and vacations,state_law,
MH_ACT_1960_SEC_77E,MH_ACT_1960,child,ACTIVE,act,Maharashtra,399,2205,175,175,77E,,,,,Procedure for hearing and decision of disputes,documents;registrar;state_law,
MH_ACT_1960_SEC_77_F,MH_ACT_1960,parent,REFERENCE_ONLY,act,Maharashtra,764,4364,175,176,77-F,,,,,Summary procedure for deciding Disputes,byelaws;documents;loans;registrar;state_law;timeline,
MH_ACT_1960_SEC_77_F_SUB_1,MH_ACT_1960,child,ACTIVE,act,Maharashtra,193,1163,175,176,77-F,1,,,,Summary procedure for deciding Disputes,byelaws;loans;state_law,
MH_ACT_1960_SEC_77_F_SUB_2,MH_ACT_1960,child,ACTIVE,act,Maharashtra,68,378,176,176,77-F,2,,,,Summary procedure for deciding Disputes,state_law,
MH_ACT_1960_SEC_77_F_SUB_3,MH_ACT_1960,child,ACTIVE,act,Maharashtra,94,508,176,176,77-F,3,,,,Summary procedure for deciding Disputes,registrar;state_law,
MH_ACT_1960_SEC_77_F_SUB_4,MH_ACT_1960,child,ACTIVE,act,Maharashtra,403,2260,176,176,77-F,4,,,,Summary procedure for deciding Disputes,documents;registrar;state_law;timeline,
MH_ACT_1960_SEC_78_002,MH_ACT_1960,child,ACTIVE,act,Maharashtra,373,2088,176,177,78,,,,,"Summonses, notices, and fixing of dates, place, etc. in connection with the disputes",documents;registrar;state_law,
MH_ACT_1960_SEC_79_002,MH_ACT_1960,child,ACTIVE,act,Maharashtra,85,522,177,177,79,,,,,Investigation of claims and objection against any attachment,registrar;state_law,
MH_ACT_1960_SEC_80_002,MH_ACT_1960,child,ACTIVE,act,Maharashtra,313,1798,177,177,80,,,,,Procedure for the custody of property attached under section 95,state_law,
MH_ACT_1960_SEC_81_002,MH_ACT_1960,child,ACTIVE,act,Maharashtra,57,341,177,177,81,,,,,Procedure for attachment and sale of property for realization of any security given by,state_law,
MH_ACT_1960_SEC_82_002,MH_ACT_1960,child,ACTIVE,act,Maharashtra,87,531,178,178,82,,,,,Issue of proclamation prohibiting private transfer of property,registrar;state_law,
MH_ACT_1960_SEC_83_002,MH_ACT_1960,child,ACTIVE,act,Maharashtra,208,1223,178,178,83,,,,,Procedure of execution of awards,appeal;registrar;state_law,
MH_ACT_1960_SEC_84_002,MH_ACT_1960,child,ACTIVE,act,Maharashtra,83,470,178,178,84,,,,,Execution of awards or orders in special cases,registrar;state_law,
MH_ACT_1960_SEC_85_002,MH_ACT_1960,parent,REFERENCE_ONLY,act,Maharashtra,8,47,178,180,85,,,,,Transfer of property which cannot be sold,state_law,CONTEXT_PARENT;SHORT_CONTEXT_PARENT
MH_ACT_1960_SEC_85_002_SUB_1,MH_ACT_1960,child,ACTIVE,act,Maharashtra,112,608,178,178,85,1,,,,Transfer of property which cannot be sold,registrar;state_law,
MH_ACT_1960_SEC_85_002_SUB_2,MH_ACT_1960,child,ACTIVE,act,Maharashtra,78,426,178,178,85,2,,,,Transfer of property which cannot be sold,registrar;state_law,
MH_ACT_1960_SEC_85_002_SUB_3,MH_ACT_1960,child,ACTIVE,act,Maharashtra,49,289,178,178,85,3,,,,Transfer of property which cannot be sold,state_law,
MH_ACT_1960_SEC_85_002_SUB_4,MH_ACT_1960,child,ACTIVE,act,Maharashtra,117,635,178,178,85,4,,,,Transfer of property which cannot be sold,deposits;registrar;state_law,
MH_ACT_1960_SEC_85_002_SUB_5,MH_ACT_1960,child,ACTIVE,act,Maharashtra,59,333,178,179,85,5,,,,Transfer of property which cannot be sold,deposits;registrar;state_law,
MH_ACT_1960_SEC_85_002_SUB_6,MH_ACT_1960,child,ACTIVE,act,Maharashtra,31,185,179,179,85,6,,,,Transfer of property which cannot be sold,state_law,
MH_ACT_1960_SEC_85_002_SUB_7,MH_ACT_1960,child,ACTIVE,act,Maharashtra,63,342,179,179,85,7,,,,Transfer of property which cannot be sold,registrar;state_law,
MH_ACT_1960_SEC_85_002_SUB_8,MH_ACT_1960,child,ACTIVE,act,Maharashtra,390,2157,179,179,85,8,,,,Transfer of property which cannot be sold,registrar;state_law,
MH_ACT_1960_SEC_85_002_SUB_9,MH_ACT_1960,child,ACTIVE,act,Maharashtra,37,201,179,179,85,9,,,,Transfer of property which cannot be sold,registrar;state_law,
MH_ACT_1960_SEC_85_002_SUB_10,MH_ACT_1960,child,ACTIVE,act,Maharashtra,42,232,179,179,85,10,,,,Transfer of property which cannot be sold,state_law,
MH_ACT_1960_SEC_85_002_SUB_11,MH_ACT_1960,child,ACTIVE,act,Maharashtra,34,201,179,179,85,11,,,,Transfer of property which cannot be sold,state_law,
MH_ACT_1960_SEC_85_002_SUB_12,MH_ACT_1960,child,ACTIVE,act,Maharashtra,45,283,180,180,85,12,,,,Transfer of property which cannot be sold,state_law,
MH_ACT_1960_SEC_85_002_SUB_13,MH_ACT_1960,child,ACTIVE,act,Maharashtra,120,670,180,180,85,13,,,,Transfer of property which cannot be sold,registrar;state_law,
MH_ACT_1960_SEC_85_002_SUB_14,MH_ACT_1960,child,ACTIVE,act,Maharashtra,47,248,180,180,85,14,,,,Transfer of property which cannot be sold,state_law,
MH_ACT_1960_SEC_85_002_SUB_15,MH_ACT_1960,child,ACTIVE,act,Maharashtra,46,277,180,180,85,15,,,,Transfer of property which cannot be sold,management;state_law,
MH_ACT_1960_SEC_86_002,MH_ACT_1960,parent,REFERENCE_ONLY,act,Maharashtra,471,2687,180,181,86,,,,,Payment of fees for decisions of disputes,deposits;documents;loans;registrar;state_law,
MH_ACT_1960_SEC_86_002_SUB_1,MH_ACT_1960,child,ACTIVE,act,Maharashtra,272,1588,180,180,86,1,,,,Payment of fees for decisions of disputes,loans;registrar;state_law,
MH_ACT_1960_SEC_86_002_SUB_2,MH_ACT_1960,child,ACTIVE,act,Maharashtra,51,301,180,181,86,2,,,,Payment of fees for decisions of disputes,documents;registrar;state_law,
MH_ACT_1960_SEC_86_002_SUB_3,MH_ACT_1960,child,ACTIVE,act,Maharashtra,140,745,181,181,86,3,,,,Payment of fees for decisions of disputes,deposits;registrar;state_law,
MH_ACT_1960_SEC_87_002,MH_ACT_1960,child,ACTIVE,act,Maharashtra,78,453,182,182,87,,,,,Mode of communication of an interim order under section 102,registrar;state_law,
MH_ACT_1960_SEC_88_002,MH_ACT_1960,child,ACTIVE,act,Maharashtra,48,266,182,182,88,,,,,Cost of hearing appeal,appeal;state_law,
MH_ACT_1960_SEC_89_002,MH_ACT_1960,parent,REFERENCE_ONLY,act,Maharashtra,801,4634,182,183,89,,,,,Appointment of Liquidator and the procedure to be followed and powers to be exercised by,appeal;documents;meetings;registrar;state_law,
MH_ACT_1960_SEC_89_002_SUB_1,MH_ACT_1960,child,ACTIVE,act,Maharashtra,16,97,182,182,89,1,,,,Appointment of Liquidator and the procedure to be followed and powers to be exercised by,registrar;state_law,SHORT_COMPLETE_PROVISION
MH_ACT_1960_SEC_89_002_SUB_2,MH_ACT_1960,child,ACTIVE,act,Maharashtra,59,346,182,182,89,2,,,,Appointment of Liquidator and the procedure to be followed and powers to be exercised by,documents;state_law,
MH_ACT_1960_SEC_89_002_SUB_3,MH_ACT_1960,child,ACTIVE,act,Maharashtra,23,141,182,182,89,3,,,,Appointment of Liquidator and the procedure to be followed and powers to be exercised by,state_law,
MH_ACT_1960_SEC_89_002_SUB_4,MH_ACT_1960,child,ACTIVE,act,Maharashtra,91,529,182,182,89,4,,,,Appointment of Liquidator and the procedure to be followed and powers to be exercised by,registrar;state_law,
MH_ACT_1960_SEC_89_002_SUB_5,MH_ACT_1960,child,ACTIVE,act,Maharashtra,127,690,182,182,89,5,,,,Appointment of Liquidator and the procedure to be followed and powers to be exercised by,registrar;state_law,
MH_ACT_1960_SEC_89_002_SUB_6,MH_ACT_1960,child,ACTIVE,act,Maharashtra,60,346,182,182,89,6,,,,Appointment of Liquidator and the procedure to be followed and powers to be exercised by,state_law,
MH_ACT_1960_SEC_89_002_SUB_7,MH_ACT_1960,child,ACTIVE,act,Maharashtra,36,219,182,182,89,7,,,,Appointment of Liquidator and the procedure to be followed and powers to be exercised by,registrar;state_law,
MH_ACT_1960_SEC_89_002_SUB_8,MH_ACT_1960,child,ACTIVE,act,Maharashtra,25,144,182,182,89,8,,,,Appointment of Liquidator and the procedure to be followed and powers to be exercised by,state_law,
MH_ACT_1960_SEC_89_002_SUB_9,MH_ACT_1960,child,ACTIVE,act,Maharashtra,44,249,182,182,89,9,,,,Appointment of Liquidator and the procedure to be followed and powers to be exercised by,registrar;state_law,
MH_ACT_1960_SEC_89_002_SUB_10,MH_ACT_1960,child,ACTIVE,act,Maharashtra,43,241,182,182,89,10,,,,Appointment of Liquidator and the procedure to be followed and powers to be exercised by,registrar;state_law,
MH_ACT_1960_SEC_89_002_SUB_11,MH_ACT_1960,child,ACTIVE,act,Maharashtra,16,95,183,183,89,11,,,,Appointment of Liquidator and the procedure to be followed and powers to be exercised by,meetings;state_law,SHORT_COMPLETE_PROVISION
MH_ACT_1960_SEC_89_002_SUB_12,MH_ACT_1960,child,ACTIVE,act,Maharashtra,33,199,183,183,89,12,,,,Appointment of Liquidator and the procedure to be followed and powers to be exercised by,registrar;state_law,
MH_ACT_1960_SEC_89_002_SUB_13,MH_ACT_1960,child,ACTIVE,act,Maharashtra,44,241,183,183,89,13,,,,Appointment of Liquidator and the procedure to be followed and powers to be exercised by,documents;registrar;state_law,
MH_ACT_1960_SEC_89_002_SUB_14,MH_ACT_1960,child,ACTIVE,act,Maharashtra,56,310,183,183,89,14,,,,Appointment of Liquidator and the procedure to be followed and powers to be exercised by,appeal;registrar;state_law,
MH_ACT_1960_SEC_89_002_SUB_15,MH_ACT_1960,child,ACTIVE,act,Maharashtra,20,109,183,183,89,15,,,,Appointment of Liquidator and the procedure to be followed and powers to be exercised by,registrar;state_law,
MH_ACT_1960_SEC_89_002_SUB_16,MH_ACT_1960,child,ACTIVE,act,Maharashtra,71,423,183,183,89,16,,,,Appointment of Liquidator and the procedure to be followed and powers to be exercised by,meetings;state_law,
MH_ACT_1960_SEC_90_002,MH_ACT_1960,child,ACTIVE,act,Maharashtra,54,312,183,183,90,,,,,Disposal of surplus assets,registrar;state_law,
MH_ACT_1960_SEC_91_002,MH_ACT_1960,child,ACTIVE,act,Maharashtra,161,903,183,183,91,,,,,Interest on amounts due from a society under liquidation,registrar;state_law,
MH_ACT_1960_SEC_92_002,MH_ACT_1960,child,ACTIVE,act,Maharashtra,232,1346,183,183,92,,,,,Disposal of records of society whose registration is cancelled,registrar;registration;state_law;timeline,
MH_ACT_1960_SEC_93_002,MH_ACT_1960,parent,REFERENCE_ONLY,act,Maharashtra,19,137,184,185,93,,,,,Procedure for submission and consideration of applications for loans from Land,loans;state_law,CONTEXT_PARENT;SHORT_CONTEXT_PARENT
MH_ACT_1960_SEC_93_002_SUB_1,MH_ACT_1960,child,ACTIVE,act,Maharashtra,54,313,184,184,93,1,,,,Procedure for submission and consideration of applications for loans from Land,documents;loans;registrar;state_law,
MH_ACT_1960_SEC_93_002_SUB_2,MH_ACT_1960,child,ACTIVE,act,Maharashtra,37,204,184,184,93,2,,,,Procedure for submission and consideration of applications for loans from Land,loans;state_law,
MH_ACT_1960_SEC_93_002_SUB_3,MH_ACT_1960,child,ACTIVE,act,Maharashtra,39,252,184,184,93,3,,,,Procedure for submission and consideration of applications for loans from Land,loans;state_law,
MH_ACT_1960_SEC_93_002_SUB_4,MH_ACT_1960,child,ACTIVE,act,Maharashtra,72,386,184,184,93,4,,,,Procedure for submission and consideration of applications for loans from Land,deposits;documents;loans;state_law,
MH_ACT_1960_SEC_93_002_SUB_5,MH_ACT_1960,child,ACTIVE,act,Maharashtra,30,179,184,184,93,5,,,,Procedure for submission and consideration of applications for loans from Land,loans;state_law,
MH_ACT_1960_SEC_93_002_SUB_6,MH_ACT_1960,child,ACTIVE,act,Maharashtra,42,269,184,184,93,6,,,,Procedure for submission and consideration of applications for loans from Land,documents;loans;state_law,
MH_ACT_1960_SEC_93_002_SUB_7,MH_ACT_1960,child,ACTIVE,act,Maharashtra,38,221,184,184,93,7,,,,Procedure for submission and consideration of applications for loans from Land,loans;state_law,
MH_ACT_1960_SEC_93_002_SUB_8,MH_ACT_1960,child,ACTIVE,act,Maharashtra,214,1267,184,184,93,8,,,,Procedure for submission and consideration of applications for loans from Land,loans;registrar;state_law,
MH_ACT_1960_SEC_93_002_SUB_9,MH_ACT_1960,child,ACTIVE,act,Maharashtra,24,148,184,184,93,9,,,,Procedure for submission and consideration of applications for loans from Land,loans;state_law,
MH_ACT_1960_SEC_93_002_SUB_10,MH_ACT_1960,child,ACTIVE,act,Maharashtra,148,899,184,185,93,10,,,,Procedure for submission and consideration of applications for loans from Land,loans;registrar;state_law;timeline,
MH_ACT_1960_SEC_93_002_SUB_11,MH_ACT_1960,child,ACTIVE,act,Maharashtra,160,928,185,185,93,11,,,,Procedure for submission and consideration of applications for loans from Land,loans;registrar;state_law;timeline,
MH_ACT_1960_SEC_93_002_SUB_12,MH_ACT_1960,child,ACTIVE,act,Maharashtra,40,284,185,185,93,12,,,,Procedure for submission and consideration of applications for loans from Land,loans;state_law,
MH_ACT_1960_SEC_93_002_SUB_13,MH_ACT_1960,child,ACTIVE,act,Maharashtra,39,244,185,185,93,13,,,,Procedure for submission and consideration of applications for loans from Land,loans;state_law,
MH_ACT_1960_SEC_93_002_SUB_14,MH_ACT_1960,child,ACTIVE,act,Maharashtra,76,443,185,185,93,14,,,,Procedure for submission and consideration of applications for loans from Land,loans;registrar;state_law;timeline,
MH_ACT_1960_SEC_93_002_SUB_15,MH_ACT_1960,child,ACTIVE,act,Maharashtra,75,418,185,185,93,15,,,,Procedure for submission and consideration of applications for loans from Land,loans;registrar;state_law,
MH_ACT_1960_SEC_93_002_SUB_16,MH_ACT_1960,child,ACTIVE,act,Maharashtra,125,728,185,185,93,16,,,,Procedure for submission and consideration of applications for loans from Land,loans;state_law;timeline,
MH_ACT_1960_SEC_93_002_SUB_17,MH_ACT_1960,child,ACTIVE,act,Maharashtra,60,330,185,185,93,17,,,,Procedure for submission and consideration of applications for loans from Land,loans;state_law,
MH_ACT_1960_SEC_93_002_SUB_18,MH_ACT_1960,child,ACTIVE,act,Maharashtra,37,205,185,185,93,18,,,,Procedure for submission and consideration of applications for loans from Land,loans;state_law,
MH_ACT_1960_SEC_94_002,MH_ACT_1960,child,ACTIVE,act,Maharashtra,61,371,185,186,94,,,,,Registration of copies of instruments under section 122,management;registration;state_law,
MH_ACT_1960_SEC_95_002,MH_ACT_1960,child,ACTIVE,act,Maharashtra,53,323,186,186,95,,,,,Authority to Land Development Bank to exercise power under section 133,registrar;state_law,
MH_ACT_1960_SEC_96_002,MH_ACT_1960,child,ACTIVE,act,Maharashtra,211,1225,186,186,96,,,,,Appointment of Receiver and his powers under section 133,management;state_law,
MH_ACT_1960_SEC_97_002,MH_ACT_1960,child,ACTIVE,act,Maharashtra,84,494,186,186,97,,,,,"Appointment, qualifications and powers and functions of a Sale Office under section 133",registrar;state_law,
MH_ACT_1960_SEC_98_002,MH_ACT_1960,child,ACTIVE,act,Maharashtra,225,1235,186,186,98,,,,,Procedure for distrait and sale of the produce of the mortgaged land and sale of mortgaged,state_law,
MH_ACT_1960_SEC_99_002,MH_ACT_1960,child,ACTIVE,act,Maharashtra,144,865,186,187,99,,,,,Circumstances under which the State Land Development Bank or the Trustee may take,state_law;timeline,
MH_ACT_1960_SEC_100_002,MH_ACT_1960,child,ACTIVE,act,Maharashtra,343,2026,187,187,100,,,,,Submission of report for confirmation of sale under section 134,registrar;state_law,
MH_ACT_1960_SEC_101_002,MH_ACT_1960,child,ACTIVE,act,Maharashtra,25,145,187,187,101,,,,,Certificate of purchase,state_law,
MH_ACT_1960_SEC_102_002,MH_ACT_1960,child,ACTIVE,act,Maharashtra,192,1123,187,188,102,,,,,Sale of immovable property purchased by a Land Development Bank,registrar;state_law,
MH_ACT_1960_SEC_103_002,MH_ACT_1960,child,ACTIVE,act,Maharashtra,56,308,188,188,103,,,,,Certain provisions of rule 107 to apply to sale of immovable property under Chapter XI of,state_law,STRUCTURE_UNCERTAIN
MH_ACT_1960_SEC_104_002,MH_ACT_1960,child,ACTIVE,act,Maharashtra,577,3299,188,189,104,,,,,Qualifications of president and other members of the Maharashtra State Co-operative,appeal;registrar;state_law,STRUCTURE_UNCERTAIN
MH_ACT_1960_SEC_105_002,MH_ACT_1960,child,ACTIVE,act,Maharashtra,48,309,189,189,105,,,,,Constitution of authority by State Government to hear appeals which lie to that,appeal;state_law,
MH_ACT_1960_SEC_106_002,MH_ACT_1960,parent,REFERENCE_ONLY,act,Maharashtra,594,3323,190,190,106,,,,,Procedure for presentation to and disposal of appeals by State Government and Registrar,appeal;registrar;state_law;timeline,
MH_ACT_1960_SEC_106_002_SUB_1,MH_ACT_1960,child,ACTIVE,act,Maharashtra,39,219,190,190,106,1,,,,Procedure for presentation to and disposal of appeals by State Government and Registrar,appeal;registrar;state_law,DUPLICATE_TEXT
MH_ACT_1960_SEC_106_002_SUB_2,MH_ACT_1960,child,ACTIVE,act,Maharashtra,26,139,190,190,106,2,,,,Procedure for presentation to and disposal of appeals by State Government and Registrar,appeal;registrar;state_law,
MH_ACT_1960_SEC_106_002_SUB_3,MH_ACT_1960,child,ACTIVE,act,Maharashtra,19,109,190,190,106,3,,,,Procedure for presentation to and disposal of appeals by State Government and Registrar,appeal;registrar;state_law,DUPLICATE_TEXT;SHORT_COMPLETE_PROVISION
MH_ACT_1960_SEC_106_002_SUB_4,MH_ACT_1960,child,ACTIVE,act,Maharashtra,83,461,190,190,106,4,,,,Procedure for presentation to and disposal of appeals by State Government and Registrar,appeal;registrar;state_law,
MH_ACT_1960_SEC_106_002_SUB_5,MH_ACT_1960,child,ACTIVE,act,Maharashtra,70,383,190,190,106,5,,,,Procedure for presentation to and disposal of appeals by State Government and Registrar,appeal;registrar;state_law;timeline,
MH_ACT_1960_SEC_106_002_SUB_6,MH_ACT_1960,child,ACTIVE,act,Maharashtra,94,497,190,190,106,6,,,,Procedure for presentation to and disposal of appeals by State Government and Registrar,appeal;registrar;state_law;timeline,
MH_ACT_1960_SEC_106_002_SUB_7,MH_ACT_1960,child,ACTIVE,act,Maharashtra,29,173,190,190,106,7,,,,Procedure for presentation to and disposal of appeals by State Government and Registrar,appeal;registrar;state_law,
MH_ACT_1960_SEC_106_002_SUB_8,MH_ACT_1960,child,ACTIVE,act,Maharashtra,79,442,190,190,106,8,,,,Procedure for presentation to and disposal of appeals by State Government and Registrar,appeal;registrar;state_law;timeline,
MH_ACT_1960_SEC_106_002_SUB_9,MH_ACT_1960,child,ACTIVE,act,Maharashtra,30,170,190,190,106,9,,,,Procedure for presentation to and disposal of appeals by State Government and Registrar,appeal;registrar;state_law,
MH_ACT_1960_SEC_106_002_SUB_10,MH_ACT_1960,child,ACTIVE,act,Maharashtra,21,117,190,190,106,10,,,,Procedure for presentation to and disposal of appeals by State Government and Registrar,appeal;registrar;state_law,
MH_ACT_1960_SEC_106_002_SUB_11,MH_ACT_1960,child,ACTIVE,act,Maharashtra,39,220,190,190,106,11,,,,Procedure for presentation to and disposal of appeals by State Government and Registrar,appeal;registrar;state_law,
MH_ACT_1960_SEC_106_002_SUB_12,MH_ACT_1960,child,ACTIVE,act,Maharashtra,48,257,190,190,106,12,,,,Procedure for presentation to and disposal of appeals by State Government and Registrar,appeal;registrar;state_law,
MH_ACT_1960_SEC_107_002,MH_ACT_1960,parent,REFERENCE_ONLY,act,Maharashtra,14,98,191,198,107,,,,,Procedure for attachment and sale of property under section 156,state_law,CONTEXT_PARENT;SHORT_CONTEXT_PARENT
MH_ACT_1960_SEC_107_002_SUB_1,MH_ACT_1960,child,ACTIVE,act,Maharashtra,244,1362,191,191,107,1,,,,Procedure for attachment and sale of property under section 156,registrar;state_law,
MH_ACT_1960_SEC_107_002_SUB_2,MH_ACT_1960,child,ACTIVE,act,Maharashtra,151,841,191,191,107,2,,,,Procedure for attachment and sale of property under section 156,deposits;registrar;state_law,
MH_ACT_1960_SEC_107_002_SUB_3,MH_ACT_1960,child,ACTIVE,act,Maharashtra,77,444,191,191,107,3,,,,Procedure for attachment and sale of property under section 156,registrar;state_law,
MH_ACT_1960_SEC_107_002_SUB_4,MH_ACT_1960,child,ACTIVE,act,Maharashtra,110,695,191,191,107,4,,,,Procedure for attachment and sale of property under section 156,state_law,
MH_ACT_1960_SEC_107_002_SUB_5,MH_ACT_1960,child,ACTIVE,act,Maharashtra,1336,7465,191,193,107,5,,,,Procedure for attachment and sale of property under section 156,registrar;reporting;state_law;timeline,LONG_CHUNK_NO_SAFE_SPLIT
MH_ACT_1960_SEC_107_002_SUB_6,MH_ACT_1960,child,ACTIVE,act,Maharashtra,135,740,193,193,107,6,,,,Procedure for attachment and sale of property under section 156,state_law,
MH_ACT_1960_SEC_107_002_SUB_7,MH_ACT_1960,child,ACTIVE,act,Maharashtra,224,1308,193,194,107,7,,,,Procedure for attachment and sale of property under section 156,state_law,
MH_ACT_1960_SEC_107_002_SUB_8,MH_ACT_1960,child,ACTIVE,act,Maharashtra,341,1925,194,194,107,8,,,,Procedure for attachment and sale of property under section 156,registrar;state_law,
MH_ACT_1960_SEC_107_002_SUB_9,MH_ACT_1960,child,ACTIVE,act,Maharashtra,290,1594,194,194,107,9,,,,Procedure for attachment and sale of property under section 156,deposits;state_law,
MH_ACT_1960_SEC_107_002_SUB_10,MH_ACT_1960,child,ACTIVE,act,Maharashtra,45,252,194,195,107,10,,,,Procedure for attachment and sale of property under section 156,state_law,
MH_ACT_1960_SEC_107_002_SUB_11,MH_ACT_1960,child,ACTIVE,act,Maharashtra,1395,8006,195,197,107,11,,,,Procedure for attachment and sale of property under section 156,deposits;registration;state_law;timeline,LONG_CHUNK_NO_SAFE_SPLIT
MH_ACT_1960_SEC_107_002_SUB_12,MH_ACT_1960,child,ACTIVE,act,Maharashtra,80,476,197,197,107,12,,,,Procedure for attachment and sale of property under section 156,state_law,
MH_ACT_1960_SEC_107_002_SUB_13,MH_ACT_1960,child,ACTIVE,act,Maharashtra,242,1384,197,197,107,13,,,,Procedure for attachment and sale of property under section 156,deposits;state_law,
MH_ACT_1960_SEC_107_002_SUB_14,MH_ACT_1960,child,ACTIVE,act,Maharashtra,290,1637,197,197,107,14,,,,Procedure for attachment and sale of property under section 156,deposits;state_law;timeline,
MH_ACT_1960_SEC_107_002_SUB_15,MH_ACT_1960,child,ACTIVE,act,Maharashtra,66,369,197,198,107,15,,,,Procedure for attachment and sale of property under section 156,state_law,
MH_ACT_1960_SEC_107_002_SUB_16,MH_ACT_1960,child,ACTIVE,act,Maharashtra,4,23,198,198,107,16,,,,Procedure for attachment and sale of property under section 156,state_law,SHORT_COMPLETE_PROVISION
MH_ACT_1960_SEC_107_002_SUB_17,MH_ACT_1960,child,ACTIVE,act,Maharashtra,76,442,198,198,107,17,,,,Procedure for attachment and sale of property under section 156,state_law,
MH_ACT_1960_SEC_107_002_SUB_18,MH_ACT_1960,child,ACTIVE,act,Maharashtra,71,395,198,198,107,18,,,,Procedure for attachment and sale of property under section 156,state_law,
MH_ACT_1960_SEC_107_002_SUB_19,MH_ACT_1960,child,ACTIVE,act,Maharashtra,150,847,198,198,107,19,,,,Procedure for attachment and sale of property under section 156,state_law,
MH_ACT_1960_SEC_107_002_SUB_20,MH_ACT_1960,child,ACTIVE,act,Maharashtra,117,678,198,198,107,20,,,,Procedure for attachment and sale of property under section 156,state_law,
MH_ACT_1960_SEC_107_002_SUB_21,MH_ACT_1960,child,ACTIVE,act,Maharashtra,59,370,198,198,107,21,,,,Procedure for attachment and sale of property under section 156,state_law,
MH_ACT_1960_SEC_107_002_SUB_22,MH_ACT_1960,child,ACTIVE,act,Maharashtra,79,483,198,198,107,22,,,,Procedure for attachment and sale of property under section 156,state_law,
MH_ACT_1960_SEC_107_002_SUB_23,MH_ACT_1960,child,ACTIVE,act,Maharashtra,126,754,198,198,107,23,,,,Procedure for attachment and sale of property under section 156,state_law,
MH_ACT_1960_SEC_107_A,MH_ACT_1960,parent,REFERENCE_ONLY,act,Maharashtra,95,568,199,201,107-A,,,,,Maximum rates of traveling allowance and daily allowance and sitting fees etc. for,meetings;state_law,CONTEXT_PARENT;TABLE_REVIEW
MH_ACT_1960_SEC_107_A_SUB_1,MH_ACT_1960,child,ACTIVE,act,Maharashtra,354,2058,199,199,107-A,1,,,,Maximum rates of traveling allowance and daily allowance and sitting fees etc. for,byelaws;meetings;state_law,TABLE_REVIEW
MH_ACT_1960_SEC_107_A_SUB_2,MH_ACT_1960,child,ACTIVE,act,Maharashtra,583,2964,200,201,107-A,2,,,,Maximum rates of traveling allowance and daily allowance and sitting fees etc. for,state_law;timeline,TABLE_REVIEW
MH_ACT_1960_SEC_107_A_SUB_3,MH_ACT_1960,child,ACTIVE,act,Maharashtra,202,1047,201,201,107-A,3,,,,Maximum rates of traveling allowance and daily allowance and sitting fees etc. for,meetings;state_law,TABLE_REVIEW
MH_ACT_1960_SEC_107_B,MH_ACT_1960,child,ACTIVE,act,Maharashtra,167,874,201,201,107-B,,,,,"Security to be furnished by officers and employees of societies handling cash, etc",state_law,TABLE_REVIEW
MH_ACT_1960_SEC_107_C,MH_ACT_1960,child,ACTIVE,act,Maharashtra,311,1923,202,202,107-C,,,,,Maximum amount of cash which may be handled at a time and who may be,state_law;timeline,STRUCTURE_UNCERTAIN
MH_ACT_1960_SEC_107_D,MH_ACT_1960,child,ACTIVE,act,Maharashtra,120,667,202,202,107-D,,,,,,state_law,
MH_ACT_1960_SEC_108_002,MH_ACT_1960,child,ACTIVE,act,Maharashtra,42,257,203,203,108,,,,,"Contributions, fees and charges to be credited to Government",state_law,
MH_ACT_1960_SEC_109_002,MH_ACT_1960,child,ACTIVE,act,Maharashtra,67,396,203,203,109,,,,,"Communication of decision, award, etc",reporting;state_law,
MH_ACT_1960_SEC_110_002,MH_ACT_1960,child,ACTIVE,act,Maharashtra,30,200,203,203,110,,,,,Repeal of Bombay Co-operative Societies Rules,state_law,
MH_RULES_1961_DOC,MH_RULES_1961,parent,REFERENCE_ONLY,rules,Maharashtra,2,9,1,145,,,,,,,,CONTEXT_PARENT;SHORT_CONTEXT_PARENT
MH_RULES_1961_RULE_1,MH_RULES_1961,child,ACTIVE,rules,Maharashtra,30,188,1,1,,,1,,,Short title and extent:- These rules may be called the Maharashtra Co,state_law,
MH_RULES_1961_RULE_2,MH_RULES_1961,parent,REFERENCE_ONLY,rules,Maharashtra,288,1729,1,1,,,2,,,"Definitions:- In these rules, unless the context otherwise, requires",registrar;state_law,
MH_RULES_1961_RULE_2_SUB_A,MH_RULES_1961,child,ACTIVE,rules,Maharashtra,9,65,1,1,,,2,,a,"Definitions:- In these rules, unless the context otherwise, requires",state_law,SHORT_COMPLETE_PROVISION
MH_RULES_1961_RULE_2_SUB_B,MH_RULES_1961,child,ACTIVE,rules,Maharashtra,29,186,1,1,,,2,,b,"Definitions:- In these rules, unless the context otherwise, requires",,
MH_RULES_1961_RULE_2_SUB_C,MH_RULES_1961,child,ACTIVE,rules,Maharashtra,47,250,1,1,,,2,,c,"Definitions:- In these rules, unless the context otherwise, requires",registrar,
MH_RULES_1961_RULE_2_SUB_D,MH_RULES_1961,child,ACTIVE,rules,Maharashtra,24,136,1,1,,,2,,d,"Definitions:- In these rules, unless the context otherwise, requires",,
MH_RULES_1961_RULE_2_SUB_E,MH_RULES_1961,child,ACTIVE,rules,Maharashtra,9,54,1,1,,,2,,e,"Definitions:- In these rules, unless the context otherwise, requires",,DUPLICATE_TEXT;SHORT_COMPLETE_PROVISION
MH_RULES_1961_RULE_2_SUB_F,MH_RULES_1961,child,ACTIVE,rules,Maharashtra,9,48,1,1,,,2,,f,"Definitions:- In these rules, unless the context otherwise, requires",,DUPLICATE_TEXT;SHORT_COMPLETE_PROVISION
MH_RULES_1961_RULE_2_SUB_G,MH_RULES_1961,child,ACTIVE,rules,Maharashtra,72,432,1,1,,,2,,g,"Definitions:- In these rules, unless the context otherwise, requires",,
MH_RULES_1961_RULE_2_SUB_H,MH_RULES_1961,child,ACTIVE,rules,Maharashtra,20,125,1,1,,,2,,h,"Definitions:- In these rules, unless the context otherwise, requires",registrar,
MH_RULES_1961_RULE_2_SUB_I,MH_RULES_1961,child,ACTIVE,rules,Maharashtra,16,97,1,1,,,2,,i,"Definitions:- In these rules, unless the context otherwise, requires",,SHORT_COMPLETE_PROVISION
MH_RULES_1961_RULE_2_SUB_J,MH_RULES_1961,child,ACTIVE,rules,Maharashtra,34,199,1,1,,,2,,j,"Definitions:- In these rules, unless the context otherwise, requires",registrar,
MH_RULES_1961_RULE_2_SUB_K,MH_RULES_1961,child,ACTIVE,rules,Maharashtra,8,41,1,1,,,2,,k,"Definitions:- In these rules, unless the context otherwise, requires",,SHORT_COMPLETE_PROVISION
MH_RULES_1961_RULE_4,MH_RULES_1961,child,ACTIVE,rules,Maharashtra,856,5369,1,5,,,4,,,Application for registration and registration fees:- (I) Every application for,byelaws;documents;registrar;registration,STRUCTURE_UNCERTAIN
MH_RULES_1961_RULE_8,MH_RULES_1961,child,ACTIVE,rules,Maharashtra,760,4499,5,6,,,8,,,Matters in respect of which Registrar may direct society to make bye-laws,byelaws;documents;elections;loans;management;meetings;membership;registrar,
MH_RULES_1961_RULE_10,MH_RULES_1961,child,ACTIVE,rules,Maharashtra,615,3972,6,9,,,10,,,Classification and sub-classification of societies:- (1) After registration of a,byelaws;loans;registrar;registration,STRUCTURE_UNCERTAIN
MH_RULES_1961_RULE_12,MH_RULES_1961,child,ACTIVE,rules,Maharashtra,324,1856,9,10,,,12,,,"Amendment of bye-laws:-(1) Subject to the provisions of this rule, bye",byelaws;meetings;registrar,STRUCTURE_UNCERTAIN
MH_RULES_1961_RULE_13,MH_RULES_1961,child,ACTIVE,rules,Maharashtra,1001,5698,10,11,,,13,,,Manner of calling upon society to make amendment to bye-laws:- (1),byelaws;deposits;meetings;registrar;registration;timeline,LONG_CHUNK_NO_SAFE_SPLIT;STRUCTURE_UNCERTAIN
MH_RULES_1961_RULE_16,MH_RULES_1961,child,ACTIVE,rules,Maharashtra,564,3493,11,12,,,16,,,"Amalgamation, transfer of assets and liabilities, division or conversion",meetings;registrar;registration,STRUCTURE_UNCERTAIN
MH_RULES_1961_RULE_17,MH_RULES_1961,child,ACTIVE,rules,Maharashtra,721,4306,12,13,,,17,,,"Direction by Registrar for amalgamation, division and reorganisation of",registrar,STRUCTURE_UNCERTAIN
MH_RULES_1961_RULE_18A,MH_RULES_1961,parent,REFERENCE_ONLY,rules,Maharashtra,18,130,14,16,,,18A,,,Conditions for realising the assets and liquidating the liabilities of the,,CONTEXT_PARENT;SHORT_CONTEXT_PARENT
MH_RULES_1961_RULE_18A_SUB_1,MH_RULES_1961,child,ACTIVE,rules,Maharashtra,1303,7838,14,16,,,18A,1,,Conditions for realising the assets and liquidating the liabilities of the,deposits;documents;loans;meetings;registrar;registration,LONG_CHUNK_NO_SAFE_SPLIT
MH_RULES_1961_RULE_18A_SUB_15,MH_RULES_1961,child,ACTIVE,rules,Maharashtra,92,549,16,16,,,18A,15,,Conditions for realising the assets and liquidating the liabilities of the,registrar;timeline,
MH_RULES_1961_RULE_18B,MH_RULES_1961,child,ACTIVE,rules,Maharashtra,116,723,16,17,,,18B,,,Purposes for investment of surplus by the Registrar:- (1),registrar,
MH_RULES_1961_RULE_118C,MH_RULES_1961,child,ACTIVE,rules,Maharashtra,311,1817,17,17,,,118C,,,Manner of issue of public notice of the proceedings of de-registration,registrar;registration,
MH_RULES_1961_RULE_19,MH_RULES_1961,child,ACTIVE,rules,Maharashtra,211,1213,17,18,,,19,,,"Conditions to be complied with for admission for membership, etc:- No",membership;registrar;registration,MALFORMED_NUMBERING_HIERARCHY
MH_RULES_1961_RULE_119A,MH_RULES_1961,child,ACTIVE,rules,Maharashtra,231,1356,18,18,,,119A,,,Procedure for tendering application to the Registrar for membership,eligibility;membership;registrar;timeline,STRUCTURE_UNCERTAIN
MH_RULES_1961_RULE_20,MH_RULES_1961,child,ACTIVE,rules,Maharashtra,153,917,18,18,,,20,,,Procedure for admission of joint members and minor and persons of,,MALFORMED_NUMBERING_HIERARCHY;STRUCTURE_UNCERTAIN
MH_RULES_1961_RULE_21,MH_RULES_1961,child,ACTIVE,rules,Maharashtra,262,1469,18,19,,,21,,,Withdrawal of Membership:,membership,
MH_RULES_1961_RULE_22,MH_RULES_1961,child,ACTIVE,rules,Maharashtra,323,2005,19,19,,,22,,,Voting rights of individual members in a Federal Society:- (1)In the case,elections;governance;meetings;membership;registrar;registration,STRUCTURE_UNCERTAIN
MH_RULES_1961_RULE_23,MH_RULES_1961,child,ACTIVE,rules,Maharashtra,611,3507,19,20,,,23,,,Valuation of shares:,documents;membership;registration,STRUCTURE_UNCERTAIN
MH_RULES_1961_RULE_27,MH_RULES_1961,child,ACTIVE,rules,Maharashtra,327,1878,20,21,,,27,,,Supply of copies of documents by societies and fees therefore:- (1) A,deposits;documents;membership,STRUCTURE_UNCERTAIN
MH_RULES_1961_RULE_29,MH_RULES_1961,child,ACTIVE,rules,Maharashtra,218,1267,21,21,,,29,,,Procedure for expulsion of members:- (1) Where any member of a,meetings;registrar,STRUCTURE_UNCERTAIN
MH_RULES_1961_RULE_30,MH_RULES_1961,child,ACTIVE,rules,Maharashtra,169,986,21,22,,,30,,,Inspection of documents in the Registrar's office by members of,appeal;documents;registrar;registration,
MH_RULES_1961_RULE_31,MH_RULES_1961,child,ACTIVE,rules,Maharashtra,289,1704,22,22,,,31,,,Procedure for change of address of societies:- (1) Every society shall,registrar;registration,STRUCTURE_UNCERTAIN
MH_RULES_1961_RULE_34,MH_RULES_1961,child,ACTIVE,rules,Maharashtra,47,263,23,23,,,34,,,Certified copies of entries in books of societies:- For the purposes of,,
MH_RULES_1961_RULE_35,MH_RULES_1961,child,ACTIVE,rules,Maharashtra,290,1780,23,23,,,35,,,Conditions for borrowing by societies with limited liability: - (1) No,deposits;loans;registrar,STRUCTURE_UNCERTAIN
MH_RULES_1961_RULE_36,MH_RULES_1961,child,ACTIVE,rules,Maharashtra,182,1100,23,23,,,36,,,Conditions for borrowing of Maharashtra State Co-operative Bank:,deposits;loans;registrar,
MH_RULES_1961_RULE_37,MH_RULES_1961,child,ACTIVE,rules,Maharashtra,37,251,23,23,,,37,,,Conditions for borrowing of Land Development Banks:- Land Development,loans,
MH_RULES_1961_RULE_38,MH_RULES_1961,child,ACTIVE,rules,Maharashtra,350,2009,23,24,,,38,,,Loans and deposits from non-members in unlimited liability societies:,deposits;loans;meetings;registrar,
MH_RULES_1961_RULE_40,MH_RULES_1961,child,ACTIVE,rules,Maharashtra,55,335,24,24,,,40,,,"Additional conditions for raising funds by societies:- The Registrar may, by",deposits;loans;registrar,
MH_RULES_1961_RULE_41,MH_RULES_1961,child,ACTIVE,rules,Maharashtra,75,450,24,24,,,41,,,Maintenance of liquid resources and distribution of assets:- Every society,deposits;registrar,
MH_RULES_1961_RULE_42,MH_RULES_1961,parent,REFERENCE_ONLY,rules,Maharashtra,574,3486,24,25,,,42,,,Regulation of loans to be granted by societies:- In case of grant of loans,loans;registrar,
MH_RULES_1961_RULE_42_SUB_1,MH_RULES_1961,child,ACTIVE,rules,Maharashtra,41,221,24,24,,,42,1,,Regulation of loans to be granted by societies:- In case of grant of loans,loans;registrar,
MH_RULES_1961_RULE_42_SUB_2,MH_RULES_1961,child,ACTIVE,rules,Maharashtra,93,573,24,24,,,42,2,,Regulation of loans to be granted by societies:- In case of grant of loans,loans;registrar,
MH_RULES_1961_RULE_42_SUB_3,MH_RULES_1961,child,ACTIVE,rules,Maharashtra,99,660,24,25,,,42,3,,Regulation of loans to be granted by societies:- In case of grant of loans,loans;registrar,
MH_RULES_1961_RULE_42_SUB_4,MH_RULES_1961,child,ACTIVE,rules,Maharashtra,77,426,25,25,,,42,4,,Regulation of loans to be granted by societies:- In case of grant of loans,loans;registrar,
MH_RULES_1961_RULE_42_SUB_5,MH_RULES_1961,child,ACTIVE,rules,Maharashtra,36,211,25,25,,,42,5,,Regulation of loans to be granted by societies:- In case of grant of loans,loans;registrar,
MH_RULES_1961_RULE_42_SUB_6,MH_RULES_1961,child,ACTIVE,rules,Maharashtra,114,712,25,25,,,42,6,,Regulation of loans to be granted by societies:- In case of grant of loans,loans;registrar,
MH_RULES_1961_RULE_42_SUB_7,MH_RULES_1961,child,ACTIVE,rules,Maharashtra,54,303,25,25,,,42,7,,Regulation of loans to be granted by societies:- In case of grant of loans,loans;registrar,
MH_RULES_1961_RULE_43,MH_RULES_1961,child,ACTIVE,rules,Maharashtra,294,1680,26,26,,,43,,,Conditions to be complied with by members applying for loans: - (1),deposits;loans;registrar,STRUCTURE_UNCERTAIN
MH_RULES_1961_RULE_45,MH_RULES_1961,child,ACTIVE,rules,Maharashtra,228,1270,26,26,,,45,,,Restrictions on borrowing from more than one credit society:- (1) Every,loans;membership;registrar,STRUCTURE_UNCERTAIN
MH_RULES_1961_RULE_45A,MH_RULES_1961,child,ACTIVE,rules,Maharashtra,306,1715,26,27,,,45A,,,Limits on loans against fixed deposits: - (1) When a society makes a,deposits;loans;registrar,STRUCTURE_UNCERTAIN
MH_RULES_1961_RULE_146A,MH_RULES_1961,child,ACTIVE,rules,Maharashtra,66,427,27,27,,,146A,,,Restrictions on borrowings from non-members:- No society shall receive,loans;registrar,
MH_RULES_1961_RULE_46B,MH_RULES_1961,child,ACTIVE,rules,Maharashtra,62,366,27,27,,,46B,,,Restrictions on credit sales to non-members:,registrar,MALFORMED_NUMBERING_HIERARCHY
MH_RULES_1961_RULE_47,MH_RULES_1961,child,ACTIVE,rules,Maharashtra,78,481,27,27,,,47,,,Restrictions on transactions with non-members:,registrar,
MH_RULES_1961_RULE_48,MH_RULES_1961,child,ACTIVE,rules,Maharashtra,305,1666,27,28,,,48,,,Form of declarations be made by members borrowing loans from certain,loans,STRUCTURE_UNCERTAIN
MH_RULES_1961_CONTEXT_038,MH_RULES_1961,child,ACTIVE,rules,Maharashtra,731,4366,28,29,,,,,,,deposits;loans;registrar,RULE_IDENTIFIER_MISSING;STRUCTURE_UNCERTAIN
MH_RULES_1961_RULE_51,MH_RULES_1961,child,ACTIVE,rules,Maharashtra,147,852,29,29,,,51,,,Amounts to be deducted by a Society from its profits before arriving at,byelaws;loans,
MH_RULES_1961_RULE_52,MH_RULES_1961,child,ACTIVE,rules,Maharashtra,191,1079,29,30,,,52,,,Bonus and Dividend Equalization Fund:,byelaws;registrar,
MH_RULES_1961_RULE_53,MH_RULES_1961,child,ACTIVE,rules,Maharashtra,951,6514,30,33,,,53,,,Rates of annual contribution to education fund of State Federal,,LONG_CHUNK_NO_SAFE_SPLIT
MH_RULES_1961_RULE_53A,MH_RULES_1961,child,ACTIVE,rules,Maharashtra,284,1809,33,34,,,53A,,,"Rates of annual contribution to Co-operative, State Cadre",,
MH_RULES_1961_RULE_153B,MH_RULES_1961,child,ACTIVE,rules,Maharashtra,1630,10485,34,36,,,153B,,,Manner of contributions to be made under the Rule 53A:- (1) The Apex society,loans;pacs;registrar;timeline,LONG_CHUNK_NO_SAFE_SPLIT;STRUCTURE_UNCERTAIN
MH_RULES_1961_RULE_54,MH_RULES_1961,child,ACTIVE,rules,Maharashtra,288,1713,36,37,,,54,,,"Utilisation and investment of reserve fund:- (1) A society shall, in addition",deposits;loans;registrar,MALFORMED_NUMBERING_HIERARCHY;STRUCTURE_UNCERTAIN
MH_RULES_1961_RULE_55,MH_RULES_1961,child,ACTIVE,rules,Maharashtra,383,2239,37,37,,,55,,,Investment of other funds:- (1),registrar,STRUCTURE_UNCERTAIN
MH_RULES_1961_RULE_56,MH_RULES_1961,child,ACTIVE,rules,Maharashtra,144,932,37,38,,,56,,,Maintenance and administration of provident fund:- A society which has,elections;registrar,
MH_RULES_1961_RULE_56A,MH_RULES_1961,child,ACTIVE,rules,Maharashtra,1229,7413,38,40,,,56A,,,Manner of election to notified Societies:- (i) The elections of the societies,byelaws;deposits;elections;management;registrar;timeline,LONG_CHUNK_NO_SAFE_SPLIT;STRUCTURE_UNCERTAIN
MH_RULES_1961_RULE_56C,MH_RULES_1961,child,ACTIVE,rules,Maharashtra,230,1362,40,40,,,56C,,,Particulars to be included in the provisional list of voters:- (1) The,byelaws;elections;registration,
MH_RULES_1961_RULE_56D,MH_RULES_1961,child,ACTIVE,rules,Maharashtra,210,1222,40,40,,,56D,,,"Claims and objections to the provisional list of voters, and the final list",elections;registrar;timeline,STRUCTURE_UNCERTAIN
MH_RULES_1961_RULE_56E,MH_RULES_1961,child,ACTIVE,rules,Maharashtra,278,1741,41,41,,,56E,,,"Appointment of Returning Officers, Assistant Returning Officers and",byelaws;elections;registrar,
MH_RULES_1961_RULE_56_002,MH_RULES_1961,child,ACTIVE,rules,Maharashtra,214,1286,41,41,,,56,,,H. Appointment of Presiding Officers and Polling Officers:- (1) The,byelaws;elections,STRUCTURE_UNCERTAIN
MH_RULES_1961_RULE_56I,MH_RULES_1961,child,ACTIVE,rules,Maharashtra,107,647,41,41,,,56I,,,General duty of Presiding Officer and Polling Officer:- It shall be the,elections,
MH_RULES_1961_RULE_56J,MH_RULES_1961,child,ACTIVE,rules,Maharashtra,406,2372,41,42,,,56J,,,Appointment of dates etc. for various stages of an election:- (1) The,appeal;elections;registrar;timeline,
MH_RULES_1961_RULE_56K,MH_RULES_1961,child,ACTIVE,rules,Maharashtra,292,1677,42,43,,,56K,,,Manner of publication of election programme under Rule 56J:- (1) The,elections;timeline,STRUCTURE_UNCERTAIN
MH_RULES_1961_RULE_56L,MH_RULES_1961,child,ACTIVE,rules,Maharashtra,273,1593,43,43,,,56L,,,Manner of publication of election programme under Rule 56K:- (J) The,byelaws;elections;eligibility;registrar,STRUCTURE_UNCERTAIN
MH_RULES_1961_FORM_M_4,MH_RULES_1961,parent,REFERENCE_ONLY,rules,Maharashtra,153,874,43,56,,,,,,Form M-4 :,elections,CONTEXT_PARENT
MH_RULES_1961_FORM_M_4_SUB_1,MH_RULES_1961,child,ACTIVE,rules,Maharashtra,597,3482,43,44,,,,,,Form M-4 :,byelaws;deposits;elections;membership,
MH_RULES_1961_FORM_M_4_SUB_2,MH_RULES_1961,child,ACTIVE,rules,Maharashtra,594,3459,44,45,,,,,,Form M-4 :,byelaws;elections;registrar,
MH_RULES_1961_FORM_M_4_SUB_3,MH_RULES_1961,child,ACTIVE,rules,Maharashtra,165,1035,45,45,,,,,,Form M-4 :,appeal;elections,
MH_RULES_1961_FORM_M_4_SUB_4,MH_RULES_1961,child,ACTIVE,rules,Maharashtra,208,1286,45,46,,,,,,Form M-4 :,,
MH_RULES_1961_FORM_M_4_SUB_5,MH_RULES_1961,child,REFERENCE_ONLY,rules,Maharashtra,983,5833,46,47,,,,,,Form M-4 :,elections;eligibility,LONG_CHUNK_NO_SAFE_SPLIT
MH_RULES_1961_FORM_M_4_SUB_6,MH_RULES_1961,child,REFERENCE_ONLY,rules,Maharashtra,1446,8022,47,50,,,,,,Form M-4 :,byelaws;deposits;elections,LONG_CHUNK_NO_SAFE_SPLIT
MH_RULES_1961_FORM_M_4_SUB_7,MH_RULES_1961,child,ACTIVE,rules,Maharashtra,217,1170,50,50,,,,,,Form M-4 :,,
MH_RULES_1961_FORM_M_4_SUB_8,MH_RULES_1961,child,ACTIVE,rules,Maharashtra,418,2398,50,51,,,,,,Form M-4 :,,
MH_RULES_1961_FORM_M_4_SUB_9,MH_RULES_1961,child,ACTIVE,rules,Maharashtra,196,1091,51,51,,,,,,Form M-4 :,,
MH_RULES_1961_FORM_M_4_SUB_10,MH_RULES_1961,child,ACTIVE,rules,Maharashtra,96,558,51,52,,,,,,Form M-4 :,,
MH_RULES_1961_FORM_M_4_SUB_11,MH_RULES_1961,child,ACTIVE,rules,Maharashtra,428,2469,52,52,,,,,,Form M-4 :,byelaws;elections,
MH_RULES_1961_FORM_M_4_SUB_12,MH_RULES_1961,child,ACTIVE,rules,Maharashtra,237,1407,52,53,,,,,,Form M-4 :,elections,
MH_RULES_1961_FORM_M_4_SUB_13,MH_RULES_1961,child,REFERENCE_ONLY,rules,Maharashtra,1059,6105,53,55,,,,,,Form M-4 :,byelaws;documents;elections,LONG_CHUNK_NO_SAFE_SPLIT
MH_RULES_1961_FORM_M_4_SUB_14,MH_RULES_1961,child,ACTIVE,rules,Maharashtra,437,2502,55,55,,,,,,Form M-4 :,,
MH_RULES_1961_FORM_M_4_SUB_15,MH_RULES_1961,child,ACTIVE,rules,Maharashtra,158,957,55,56,,,,,,Form M-4 :,elections,
MH_RULES_1961_FORM_M_4_SUB_16,MH_RULES_1961,child,ACTIVE,rules,Maharashtra,203,1145,56,56,,,,,,Form M-4 :,deposits;elections,
MH_RULES_1961_FORM_M_4_SUB_17,MH_RULES_1961,child,ACTIVE,rules,Maharashtra,53,304,56,56,,,,,,Form M-4 :,elections,
MH_RULES_1961_FORM_M_4_SUB_18,MH_RULES_1961,child,ACTIVE,rules,Maharashtra,127,768,56,56,,,,,,Form M-4 :,elections,
MH_RULES_1961_FORM_M_4_SUB_19,MH_RULES_1961,child,ACTIVE,rules,Maharashtra,129,722,56,56,,,,,,Form M-4 :,byelaws;elections;meetings;registrar,
MH_RULES_1961_RULE_57,MH_RULES_1961,parent,REFERENCE_ONLY,rules,Maharashtra,13,95,56,59,,,57,,,Prohibition against being interested in contracts etc:- (1),management,CONTEXT_PARENT;SHORT_CONTEXT_PARENT
MH_RULES_1961_RULE_57_SUB_1,MH_RULES_1961,child,ACTIVE,rules,Maharashtra,1437,8373,57,59,,,57,1,,Prohibition against being interested in contracts etc:- (1),byelaws;elections;loans;management;meetings;registrar;timeline,LONG_CHUNK_NO_SAFE_SPLIT
MH_RULES_1961_RULE_57_SUB_6,MH_RULES_1961,child,ACTIVE,rules,Maharashtra,34,197,59,59,,,57,6,,Prohibition against being interested in contracts etc:- (1),,
MH_RULES_1961_RULE_58,MH_RULES_1961,child,ACTIVE,rules,Maharashtra,312,1863,59,59,,,58,,,Disqualification for membership of committee:- (1) No person shall be,byelaws;elections;eligibility;loans;membership;registrar,STRUCTURE_UNCERTAIN
MH_RULES_1961_RULE_158_A,MH_RULES_1961,child,ACTIVE,rules,Maharashtra,279,1650,60,60,,,158-A,,,Bond to be executed by elected Members of Managing Committee:,elections;management;meetings;registrar;registration;reporting;timeline,
MH_RULES_1961_RULE_60,MH_RULES_1961,parent,REFERENCE_ONLY,rules,Maharashtra,548,3132,60,61,,,60,,,General meetings:,elections;meetings;registrar;reporting;timeline,MALFORMED_NUMBERING_HIERARCHY
MH_RULES_1961_RULE_60_SUB_1,MH_RULES_1961,child,ACTIVE,rules,Maharashtra,99,583,60,60,,,60,1,,General meetings:,meetings;registrar;reporting,MALFORMED_NUMBERING_HIERARCHY
MH_RULES_1961_RULE_60_SUB_2,MH_RULES_1961,child,ACTIVE,rules,Maharashtra,41,225,60,60,,,60,2,,General meetings:,meetings,MALFORMED_NUMBERING_HIERARCHY
MH_RULES_1961_RULE_60_SUB_3,MH_RULES_1961,child,ACTIVE,rules,Maharashtra,90,523,60,61,,,60,3,,General meetings:,meetings,MALFORMED_NUMBERING_HIERARCHY
MH_RULES_1961_RULE_60_SUB_4,MH_RULES_1961,child,ACTIVE,rules,Maharashtra,28,155,61,61,,,60,4,,General meetings:,meetings,MALFORMED_NUMBERING_HIERARCHY
MH_RULES_1961_RULE_60_SUB_5,MH_RULES_1961,child,ACTIVE,rules,Maharashtra,60,356,61,61,,,60,5,,General meetings:,elections;meetings,MALFORMED_NUMBERING_HIERARCHY
MH_RULES_1961_RULE_60_SUB_6,MH_RULES_1961,child,ACTIVE,rules,Maharashtra,24,130,61,61,,,60,6,,General meetings:,meetings,MALFORMED_NUMBERING_HIERARCHY
MH_RULES_1961_RULE_60_SUB_7,MH_RULES_1961,child,ACTIVE,rules,Maharashtra,11,61,61,61,,,60,7,,General meetings:,meetings,DUPLICATE_TEXT;MALFORMED_NUMBERING_HIERARCHY;SHORT_COMPLETE_PROVISION
MH_RULES_1961_RULE_60_SUB_8,MH_RULES_1961,child,ACTIVE,rules,Maharashtra,53,277,61,61,,,60,8,,General meetings:,meetings;timeline,MALFORMED_NUMBERING_HIERARCHY
MH_RULES_1961_RULE_60_SUB_9,MH_RULES_1961,child,ACTIVE,rules,Maharashtra,19,113,61,61,,,60,9,,General meetings:,meetings,DUPLICATE_TEXT;MALFORMED_NUMBERING_HIERARCHY;SHORT_COMPLETE_PROVISION
MH_RULES_1961_RULE_60_SUB_10,MH_RULES_1961,child,ACTIVE,rules,Maharashtra,68,363,61,61,,,60,10,,General meetings:,meetings,MALFORMED_NUMBERING_HIERARCHY
MH_RULES_1961_RULE_60_SUB_11,MH_RULES_1961,child,ACTIVE,rules,Maharashtra,51,301,61,61,,,60,11,,General meetings:,meetings,MALFORMED_NUMBERING_HIERARCHY
MH_RULES_1961_RULE_61,MH_RULES_1961,child,ACTIVE,rules,Maharashtra,132,792,61,61,,,61,,,"Annual statements of accounts including balance sheet, etc:- Within",registrar;timeline,
MH_RULES_1961_RULE_62,MH_RULES_1961,child,ACTIVE,rules,Maharashtra,134,717,61,61,,,62,,,Form for the balance sheet and the profit and loss account:- (1) The,meetings;registrar,STRUCTURE_UNCERTAIN
MH_RULES_1961_RULE_63,MH_RULES_1961,child,ACTIVE,rules,Maharashtra,120,682,62,62,,,63,,,Power to call annual and special general meeting:- If the annual general,meetings;registrar,
MH_RULES_1961_RULE_64,MH_RULES_1961,child,ACTIVE,rules,Maharashtra,516,3081,62,63,,,64,,,"Procedure for appointment, suspension, and removal of members of the",documents;meetings;registrar;timeline,STRUCTURE_UNCERTAIN
MH_RULES_1961_RULE_66,MH_RULES_1961,child,ACTIVE,rules,Maharashtra,65,371,63,63,,,66,,,Copies of monthly returns to be furnished to Registrar: - All Registered,registrar,
MH_RULES_1961_RULE_67,MH_RULES_1961,child,ACTIVE,rules,Maharashtra,284,1624,63,63,,,67,,,Registrars power to enforce performance of obligations: - (i) In addition,registrar,STRUCTURE_UNCERTAIN
MH_RULES_1961_RULE_67A,MH_RULES_1961,child,ACTIVE,rules,Maharashtra,658,3893,63,64,,,67A,,,Directions of Registrar to the society to make regulations on certain,registrar,STRUCTURE_UNCERTAIN
MH_RULES_1961_RULE_68,MH_RULES_1961,child,ACTIVE,rules,Maharashtra,250,1512,64,65,,,68,,,"Procedure to be adopted for taking possession of books, documents,",documents;registrar,STRUCTURE_UNCERTAIN
MH_RULES_1961_RULE_69,MH_RULES_1961,child,ACTIVE,rules,Maharashtra,842,4837,65,66,,,69,,,Procedure for appointment of auditors and for conducting audit:- (1) The,meetings;registrar,STRUCTURE_UNCERTAIN
MH_RULES_1961_RULE_70,MH_RULES_1961,child,ACTIVE,rules,Maharashtra,71,410,66,66,,,70,,,Requisition of the federal society for inquiry:- Any federal society duly,registrar,
MH_RULES_1961_RULE_71,MH_RULES_1961,child,ACTIVE,rules,Maharashtra,558,3251,66,67,,,71,,,Procedure and principles for the conduct of inquiry and inspection:-(1),documents;registrar,STRUCTURE_UNCERTAIN
MH_RULES_1961_RULE_72,MH_RULES_1961,child,ACTIVE,rules,Maharashtra,639,3669,67,68,,,72,,,"Procedure for assessing damages against delinquent promoters, etc",documents;management;registrar;timeline,STRUCTURE_UNCERTAIN
MH_RULES_1961_RULE_74,MH_RULES_1961,child,ACTIVE,rules,Maharashtra,110,672,68,68,,,74,,,Levy of audit charges and supervision charges:- (1) The Registrar may levy,registrar,
MH_RULES_1961_CONTEXT_074,MH_RULES_1961,child,ACTIVE,rules,Maharashtra,78,464,68,68,,,,,,,registrar,RULE_IDENTIFIER_MISSING;STRUCTURE_UNCERTAIN
MH_RULES_1961_RULE_76,MH_RULES_1961,child,ACTIVE,rules,Maharashtra,106,603,68,68,,,76,,,Registrars satisfaction regarding existence of a dispute:- Where any,registrar,
MH_RULES_1961_RULE_77,MH_RULES_1961,child,ACTIVE,rules,Maharashtra,71,461,69,69,,,77,,,Disposal of a dispute or reference to Co-operative Court:- (1) Where the,registrar,STRUCTURE_UNCERTAIN
MH_RULES_1961_RULE_77_A,MH_RULES_1961,child,ACTIVE,rules,Maharashtra,459,2736,69,69,,,77-A,,,"Qualifications of Judges of Co-operative Courts, and their",eligibility;registrar,STRUCTURE_UNCERTAIN
MH_RULES_1961_RULE_77_E,MH_RULES_1961,child,ACTIVE,rules,Maharashtra,422,2331,69,70,,,77-E,,,Procedure for hearing and decision of disputes:,documents;registrar,
MH_RULES_1961_RULE_77_F,MH_RULES_1961,child,ACTIVE,rules,Maharashtra,215,1300,70,71,,,77-F,,,Summary procedure for deciding disputes:,loans,
MH_RULES_1961_FORM_P,MH_RULES_1961,parent,REFERENCE_ONLY,rules,Maharashtra,504,2791,71,77,,,,,,"Form P, make the following averments, namely ;—",documents;registrar;timeline,CONTEXT_PARENT
MH_RULES_1961_FORM_P_SUB_1,MH_RULES_1961,child,ACTIVE,rules,Maharashtra,381,2133,71,72,,,,,,"Form P, make the following averments, namely ;—",documents;registrar,
MH_RULES_1961_FORM_P_SUB_2,MH_RULES_1961,child,ACTIVE,rules,Maharashtra,85,530,72,72,,,,,,"Form P, make the following averments, namely ;—",registrar,
MH_RULES_1961_FORM_P_SUB_3,MH_RULES_1961,child,ACTIVE,rules,Maharashtra,679,3983,72,73,,,,,,"Form P, make the following averments, namely ;—",appeal;registrar,
MH_RULES_1961_FORM_P_SUB_4,MH_RULES_1961,child,ACTIVE,rules,Maharashtra,90,509,73,73,,,,,,"Form P, make the following averments, namely ;—",,
MH_RULES_1961_FORM_P_SUB_5,MH_RULES_1961,child,REFERENCE_ONLY,rules,Maharashtra,1272,7170,73,75,,,,,,"Form P, make the following averments, namely ;—",deposits;management;registrar,LONG_CHUNK_NO_SAFE_SPLIT
MH_RULES_1961_FORM_P_SUB_6,MH_RULES_1961,child,ACTIVE,rules,Maharashtra,637,3706,75,77,,,,,,"Form P, make the following averments, namely ;—",appeal;deposits;documents;loans;registrar,
MH_RULES_1961_RULE_87,MH_RULES_1961,child,ACTIVE,rules,Maharashtra,127,725,77,78,,,87,,,Mode of communication of an interim order under Section 102:- An,appeal;registrar,
MH_RULES_1961_RULE_89,MH_RULES_1961,child,ACTIVE,rules,Maharashtra,858,4955,78,79,,,89,,,Appointment of Liquidator and the procedure to be followed and powers,appeal;documents;meetings;registrar,STRUCTURE_UNCERTAIN
MH_RULES_1961_RULE_91,MH_RULES_1961,child,ACTIVE,rules,Maharashtra,162,902,79,79,,,91,,,Interest on amounts due from a society under liquidation: - The creditor,registrar,
MH_RULES_1961_RULE_92,MH_RULES_1961,child,ACTIVE,rules,Maharashtra,233,1355,79,80,,,92,,,Disposal of records of society whose registration is cancelled:- (1) When,registrar;registration;timeline,STRUCTURE_UNCERTAIN
MH_RULES_1961_RULE_93,MH_RULES_1961,child,ACTIVE,rules,Maharashtra,1449,8564,80,82,,,93,,,Procedure for Submission and consideration of applications for loans,deposits;documents;loans;registrar;timeline,LONG_CHUNK_NO_SAFE_SPLIT;MULTIPLE_FORMS_REVIEW;STRUCTURE_UNCERTAIN
MH_RULES_1961_RULE_94,MH_RULES_1961,child,ACTIVE,rules,Maharashtra,61,370,82,82,,,94,,,Registration of copies of instruments under Section 122:- Copies of,management;registration,
MH_RULES_1961_RULE_95,MH_RULES_1961,child,ACTIVE,rules,Maharashtra,52,320,82,82,,,95,,,Authority to Land Development Bank to exercise power under Section,registrar,
MH_RULES_1961_RULE_96,MH_RULES_1961,child,ACTIVE,rules,Maharashtra,214,1232,82,83,,,96,,,Appointment of Receiver and his powers under Section 133:- (1) The,management,STRUCTURE_UNCERTAIN
MH_RULES_1961_RULE_97,MH_RULES_1961,child,ACTIVE,rules,Maharashtra,84,496,83,83,,,97,,,"Appointment, qualifications and powers and functions of a Sale Officer",registrar,
MH_RULES_1961_RULE_98,MH_RULES_1961,child,ACTIVE,rules,Maharashtra,226,1237,83,83,,,98,,,Procedure for distraint and sale of the produce of the mortgaged land,,
MH_RULES_1961_RULE_99,MH_RULES_1961,child,ACTIVE,rules,Maharashtra,144,868,83,83,,,99,,,Circumstances under which the State Land Development Bank or the,timeline,
MH_RULES_1961_RULE_100,MH_RULES_1961,child,ACTIVE,rules,Maharashtra,366,2170,83,84,,,100,,,Submission of report for confirmation of sale under Section 134,registrar,
MH_RULES_1961_RULE_102,MH_RULES_1961,child,ACTIVE,rules,Maharashtra,193,1124,84,85,,,102,,,Sale of immovable property purchase by a Land Development Bank:,registrar,
MH_RULES_1961_RULE_103,MH_RULES_1961,child,ACTIVE,rules,Maharashtra,91,502,85,85,,,103,,,Certain provisions of Rule 107 to apply to sale of immovable property,registrar,STRUCTURE_UNCERTAIN
MH_RULES_1961_CONTEXT_095,MH_RULES_1961,child,ACTIVE,rules,Maharashtra,554,3195,85,86,,,,,,,appeal;registrar,RULE_IDENTIFIER_MISSING;STRUCTURE_UNCERTAIN
MH_RULES_1961_RULE_105,MH_RULES_1961,child,ACTIVE,rules,Maharashtra,49,315,86,86,,,105,,,Constitution of authority by the State Government to hear appeals,appeal,
MH_RULES_1961_RULE_106,MH_RULES_1961,parent,REFERENCE_ONLY,rules,Maharashtra,597,3367,86,87,,,106,,,Procedure for presentation to and disposal of appeals by State,appeal;registrar;timeline,
MH_RULES_1961_RULE_106_SUB_1,MH_RULES_1961,child,ACTIVE,rules,Maharashtra,39,219,86,86,,,106,1,,Procedure for presentation to and disposal of appeals by State,appeal;registrar,DUPLICATE_TEXT
MH_RULES_1961_RULE_106_SUB_2,MH_RULES_1961,child,ACTIVE,rules,Maharashtra,25,137,86,86,,,106,2,,Procedure for presentation to and disposal of appeals by State,appeal,
MH_RULES_1961_RULE_106_SUB_3,MH_RULES_1961,child,ACTIVE,rules,Maharashtra,19,109,86,86,,,106,3,,Procedure for presentation to and disposal of appeals by State,appeal,DUPLICATE_TEXT;SHORT_COMPLETE_PROVISION
MH_RULES_1961_RULE_106_SUB_4,MH_RULES_1961,child,ACTIVE,rules,Maharashtra,83,463,86,86,,,106,4,,Procedure for presentation to and disposal of appeals by State,appeal,
MH_RULES_1961_RULE_106_SUB_5,MH_RULES_1961,child,ACTIVE,rules,Maharashtra,70,385,86,86,,,106,5,,Procedure for presentation to and disposal of appeals by State,appeal;timeline,
MH_RULES_1961_RULE_106_SUB_6,MH_RULES_1961,child,ACTIVE,rules,Maharashtra,101,538,86,87,,,106,6,,Procedure for presentation to and disposal of appeals by State,appeal;timeline,
MH_RULES_1961_RULE_106_SUB_7,MH_RULES_1961,child,ACTIVE,rules,Maharashtra,29,173,87,87,,,106,7,,Procedure for presentation to and disposal of appeals by State,appeal,
MH_RULES_1961_RULE_106_SUB_8,MH_RULES_1961,child,ACTIVE,rules,Maharashtra,79,446,87,87,,,106,8,,Procedure for presentation to and disposal of appeals by State,appeal;timeline,
MH_RULES_1961_RULE_106_SUB_9,MH_RULES_1961,child,ACTIVE,rules,Maharashtra,30,171,87,87,,,106,9,,Procedure for presentation to and disposal of appeals by State,appeal,
MH_RULES_1961_RULE_106_SUB_10,MH_RULES_1961,child,ACTIVE,rules,Maharashtra,20,115,87,87,,,106,10,,Procedure for presentation to and disposal of appeals by State,appeal,
MH_RULES_1961_RULE_106_SUB_11,MH_RULES_1961,child,ACTIVE,rules,Maharashtra,38,219,87,87,,,106,11,,Procedure for presentation to and disposal of appeals by State,appeal,
MH_RULES_1961_RULE_106_SUB_12,MH_RULES_1961,child,ACTIVE,rules,Maharashtra,47,256,87,87,,,106,12,,Procedure for presentation to and disposal of appeals by State,appeal,
MH_RULES_1961_RULE_107,MH_RULES_1961,child,ACTIVE,rules,Maharashtra,5770,32792,87,95,,,107,,,1 [Procedure for attachment and sale of property under Section 156.]:,deposits;registrar;registration;reporting;timeline,LONG_CHUNK_NO_SAFE_SPLIT;STRUCTURE_UNCERTAIN
MH_RULES_1961_RULE_107A,MH_RULES_1961,child,REFERENCE_ONLY,rules,Maharashtra,1548,8803,95,99,,,107A,,,Maximum rates of travelling allowance and daily allowance and,byelaws;meetings;registrar;timeline,LONG_CHUNK_NO_SAFE_SPLIT;STRUCTURE_UNCERTAIN;TABLE_REVIEW
MH_RULES_1961_RULE_107C,MH_RULES_1961,child,REVIEW,rules,Maharashtra,315,1766,99,101,,,107C,,,Maximum amount of cash which may be handled at a time and who,timeline,TOC_REVIEW
MH_RULES_1961_RULE_108,MH_RULES_1961,child,ACTIVE,rules,Maharashtra,42,258,101,101,,,108,,,"Contributions, fees and charges to be credited to Government:- All",,
MH_RULES_1961_RULE_109,MH_RULES_1961,child,ACTIVE,rules,Maharashtra,67,397,101,101,,,109,,,"Communication of decision, award, etc:- Any order, decision or award",reporting,
MH_RULES_1961_RULE_110,MH_RULES_1961,child,ACTIVE,rules,Maharashtra,30,198,101,101,,,110,,,Repeal of Bombay Co-operative Societies Rules:- The Bombay Co,,
MH_RULES_1961_FORM_A,MH_RULES_1961,child,ACTIVE,rules,Maharashtra,712,4995,101,104,,,,,,Form ‘A’,documents;registrar;registration,
MH_RULES_1961_FORM_B,MH_RULES_1961,child,ACTIVE,rules,Maharashtra,121,733,104,105,,,,,,Form ‘B’,registrar;registration,
MH_RULES_1961_FORM_C,MH_RULES_1961,child,ACTIVE,rules,Maharashtra,259,1863,106,106,,,,,,Form ‘C’,registrar;registration;state_law,
MH_RULES_1961_FORM_D,MH_RULES_1961,child,ACTIVE,rules,Maharashtra,119,700,106,107,,,,,,Form 'D’,registrar;registration,
MH_RULES_1961_FORM_E,MH_RULES_1961,child,ACTIVE,rules,Maharashtra,178,1194,108,108,,,,,,Form 'E’,registrar;state_law;timeline,
MH_RULES_1961_FORM_F,MH_RULES_1961,child,ACTIVE,rules,Maharashtra,181,1147,108,109,,,,,,Form ‘F’,registrar;state_law;timeline,
MH_RULES_1961_FORM_G,MH_RULES_1961,child,ACTIVE,rules,Maharashtra,457,3272,109,110,,,,,,Form ‘G’,management;meetings;membership;registrar;reporting;state_law,
MH_RULES_1961_FORM_H,MH_RULES_1961,child,ACTIVE,rules,Maharashtra,399,2798,110,112,,,,,,Form ‘H',byelaws;eligibility;meetings;membership;registrar;state_law,
MH_RULES_1961_FORM_I,MH_RULES_1961,child,ACTIVE,rules,Maharashtra,156,1054,113,113,,,,,,Form ‘I’,membership;state_law,
MH_RULES_1961_FORM_J,MH_RULES_1961,child,ACTIVE,rules,Maharashtra,23,146,114,114,,,,,,Form ‘J’,,
MH_RULES_1961_FORM_K,MH_RULES_1961,child,ACTIVE,rules,Maharashtra,72,518,114,114,,,,,,Form ‘K’,loans;state_law,
MH_RULES_1961_FORM_L,MH_RULES_1961,child,ACTIVE,rules,Maharashtra,143,1132,114,115,,,,,,Form ‘L’,loans;membership;state_law,
MH_RULES_1961_SCHEDULE_116,MH_RULES_1961,child,ACTIVE,rules,Maharashtra,157,1177,115,116,,,,,,Schedule,loans,
MH_RULES_1961_FORM_M,MH_RULES_1961,child,ACTIVE,rules,Maharashtra,239,1430,116,117,,,,,,Form ‘M’,elections;loans;meetings;registrar,
MH_RULES_1961_FORM_M_2,MH_RULES_1961,child,ACTIVE,rules,Maharashtra,279,1573,117,118,,,,,,Form M-2,byelaws;elections;management;meetings;registrar;registration;timeline,
MH_RULES_1961_FORM_M_3,MH_RULES_1961,child,ACTIVE,rules,Maharashtra,591,3709,118,119,,,,,,Form M-3,deposits;elections;management;state_law,
MH_RULES_1961_FORM_M_4_002,MH_RULES_1961,child,ACTIVE,rules,Maharashtra,461,3730,119,121,,,,,,Form M-4,elections;state_law,
MH_RULES_1961_FORM_M_5,MH_RULES_1961,child,ACTIVE,rules,Maharashtra,128,917,121,122,,,,,,Form M-5,elections;management,
MH_RULES_1961_FORM_M_6,MH_RULES_1961,child,ACTIVE,rules,Maharashtra,144,1175,122,123,,,,,,Form M-6,elections;management,
MH_RULES_1961_FORM_M_7,MH_RULES_1961,child,ACTIVE,rules,Maharashtra,188,1714,123,123,,,,,,Form M-7,elections;management,
MH_RULES_1961_FORM_M_8,MH_RULES_1961,child,ACTIVE,rules,Maharashtra,179,1428,125,125,,,,,,Form M-8,elections;management,
MH_RULES_1961_FORM_M_9,MH_RULES_1961,child,ACTIVE,rules,Maharashtra,152,1259,125,126,,,,,,Form M-9,elections;management;state_law,
MH_RULES_1961_FORM_M_10,MH_RULES_1961,child,ACTIVE,rules,Maharashtra,42,448,126,126,,,,,,Form M-10,elections,
MH_RULES_1961_FORM_M_002,MH_RULES_1961,child,ACTIVE,rules,Maharashtra,119,779,126,127,,,,,,Form M - 1 1,deposits;elections,
MH_RULES_1961_FORM_M_12,MH_RULES_1961,child,ACTIVE,rules,Maharashtra,131,984,127,128,,,,,,Form M-12,elections,
MH_RULES_1961_FORM_M_13,MH_RULES_1961,child,ACTIVE,rules,Maharashtra,67,526,128,128,,,,,,Form M-13,elections,TABLE_REVIEW
MH_RULES_1961_FORM_M_14,MH_RULES_1961,child,ACTIVE,rules,Maharashtra,103,682,128,129,,,,,,Form M-14,elections,TABLE_REVIEW
MH_RULES_1961_FORM_M_15,MH_RULES_1961,child,ACTIVE,rules,Maharashtra,132,939,129,130,,,,,,Form M-15,elections,
MH_RULES_1961_FORM_M_16,MH_RULES_1961,child,ACTIVE,rules,Maharashtra,78,654,130,130,,,,,,Form M-16,elections,
MH_RULES_1961_FORM_M_17,MH_RULES_1961,child,ACTIVE,rules,Maharashtra,231,1910,130,131,,,,,,Form M-17,elections;management;meetings;registrar;state_law,
MH_RULES_1961_FORM_M_19,MH_RULES_1961,child,ACTIVE,rules,Maharashtra,204,2003,131,132,,,,,,Form M-19,management;meetings;registrar,
MH_RULES_1961_FORM_N,MH_RULES_1961,child,REFERENCE_ONLY,rules,Maharashtra,1108,7044,133,138,,,,,,FORM N,deposits;loans;management;premium,LONG_CHUNK_NO_SAFE_SPLIT
MH_RULES_1961_FORM_N_002,MH_RULES_1961,child,ACTIVE,rules,Maharashtra,263,1712,139,139,,,,,,FORM ‘N',loans;management,TABLE_REVIEW
MH_RULES_1961_FORM_O,MH_RULES_1961,child,ACTIVE,rules,Maharashtra,116,700,140,140,,,,,,Form ‘O’,,
MH_RULES_1961_FORM_P_002,MH_RULES_1961,child,ACTIVE,rules,Maharashtra,209,1656,141,141,,,,,,Form ‘P’,documents;governance;registrar,
MH_RULES_1961_FORM_Q,MH_RULES_1961,child,ACTIVE,rules,Maharashtra,337,2006,142,142,,,,,,Form ‘Q’,registrar;state_law,
MH_RULES_1961_FORM_R,MH_RULES_1961,child,ACTIVE,rules,Maharashtra,151,841,143,143,,,,,,Form ‘R’,registrar;state_law,
MH_RULES_1961_SCHEDULE_141,MH_RULES_1961,child,ACTIVE,rules,Maharashtra,29,191,143,143,,,,,,Schedule hereto annexed.,,
MH_RULES_1961_SCHEDULE_142,MH_RULES_1961,child,ACTIVE,rules,Maharashtra,63,451,143,143,,,,,,The Schedule,registrar,
MH_RULES_1961_FORM_S,MH_RULES_1961,child,ACTIVE,rules,Maharashtra,505,3144,144,145,,,,,,Form ‘S’,documents;loans;state_law,
MH_RULES_1961_FORM_T,MH_RULES_1961,child,ACTIVE,rules,Maharashtra,154,942,145,145,,,,,,Form ‘T’,management;state_law,
PACS_MODEL_BYLAWS_DOC,PACS_MODEL_BYLAWS,parent,REFERENCE_ONLY,model_byelaws,Central,2,9,3,37,,,,,,,byelaws;pacs,CONTEXT_PARENT;SHORT_CONTEXT_PARENT
PACS_MODEL_BYLAWS_CLAUSE_1,PACS_MODEL_BYLAWS,child,ACTIVE,model_byelaws,Central,18,143,3,3,,,,,1,NAME,byelaws;pacs,SHORT_COMPLETE_PROVISION
PACS_MODEL_BYLAWS_CLAUSE_2,PACS_MODEL_BYLAWS,child,ACTIVE,model_byelaws,Central,17,101,3,3,,,,,2,ADDRESS,byelaws;pacs,SHORT_COMPLETE_PROVISION
PACS_MODEL_BYLAWS_CLAUSE_3,PACS_MODEL_BYLAWS,child,ACTIVE,model_byelaws,Central,31,191,3,3,,,,,3,AREA OF OPERATION,byelaws;pacs,
PACS_MODEL_BYLAWS_CLAUSE_4,PACS_MODEL_BYLAWS,parent,REFERENCE_ONLY,model_byelaws,Central,841,5438,3,6,,,,,4,DEFINITIONS:,byelaws;governance;management;membership;pacs;registrar;registration,
PACS_MODEL_BYLAWS_CLAUSE_4_SUB_1,PACS_MODEL_BYLAWS,child,ACTIVE,model_byelaws,Central,13,85,3,3,,,,,4,DEFINITIONS:,byelaws;pacs,SHORT_COMPLETE_PROVISION
PACS_MODEL_BYLAWS_CLAUSE_4_SUB_2,PACS_MODEL_BYLAWS,child,ACTIVE,model_byelaws,Central,7,58,3,3,,,,,4,DEFINITIONS:,byelaws;pacs,SHORT_COMPLETE_PROVISION
PACS_MODEL_BYLAWS_CLAUSE_4_SUB_3,PACS_MODEL_BYLAWS,child,ACTIVE,model_byelaws,Central,28,179,3,3,,,,,4,DEFINITIONS:,byelaws;membership;pacs,
PACS_MODEL_BYLAWS_CLAUSE_4_SUB_4,PACS_MODEL_BYLAWS,child,ACTIVE,model_byelaws,Central,39,237,3,3,,,,,4,DEFINITIONS:,byelaws;governance;management;pacs,
PACS_MODEL_BYLAWS_CLAUSE_4_SUB_5,PACS_MODEL_BYLAWS,child,ACTIVE,model_byelaws,Central,7,45,3,3,,,,,4,DEFINITIONS:,byelaws;pacs,SHORT_COMPLETE_PROVISION
PACS_MODEL_BYLAWS_CLAUSE_4_SUB_6,PACS_MODEL_BYLAWS,child,ACTIVE,model_byelaws,Central,13,90,3,3,,,,,4,DEFINITIONS:,byelaws;pacs,SHORT_COMPLETE_PROVISION
PACS_MODEL_BYLAWS_CLAUSE_4_SUB_7,PACS_MODEL_BYLAWS,child,ACTIVE,model_byelaws,Central,55,361,4,4,,,,,4,DEFINITIONS:,byelaws;governance;management;pacs,
PACS_MODEL_BYLAWS_CLAUSE_4_SUB_8,PACS_MODEL_BYLAWS,child,ACTIVE,model_byelaws,Central,11,92,4,4,,,,,4,DEFINITIONS:,byelaws;pacs,SHORT_COMPLETE_PROVISION
PACS_MODEL_BYLAWS_CLAUSE_4_SUB_9,PACS_MODEL_BYLAWS,child,ACTIVE,model_byelaws,Central,19,121,4,4,,,,,4,DEFINITIONS:,byelaws;pacs,SHORT_COMPLETE_PROVISION
PACS_MODEL_BYLAWS_CLAUSE_4_SUB_10,PACS_MODEL_BYLAWS,child,ACTIVE,model_byelaws,Central,28,158,4,4,,,,,4,DEFINITIONS:,byelaws;governance;pacs,
PACS_MODEL_BYLAWS_CLAUSE_4_SUB_11,PACS_MODEL_BYLAWS,child,ACTIVE,model_byelaws,Central,20,124,4,4,,,,,4,DEFINITIONS:,byelaws;governance;pacs,
PACS_MODEL_BYLAWS_CLAUSE_4_SUB_12,PACS_MODEL_BYLAWS,child,ACTIVE,model_byelaws,Central,78,582,4,4,,,,,4,DEFINITIONS:,byelaws;pacs,
PACS_MODEL_BYLAWS_CLAUSE_4_SUB_13,PACS_MODEL_BYLAWS,child,ACTIVE,model_byelaws,Central,33,200,4,4,,,,,4,DEFINITIONS:,byelaws;pacs,
PACS_MODEL_BYLAWS_CLAUSE_4_SUB_14,PACS_MODEL_BYLAWS,child,ACTIVE,model_byelaws,Central,27,146,4,4,,,,,4,DEFINITIONS:,byelaws;pacs,
PACS_MODEL_BYLAWS_CLAUSE_4_SUB_15,PACS_MODEL_BYLAWS,child,ACTIVE,model_byelaws,Central,16,89,4,4,,,,,4,DEFINITIONS:,byelaws;pacs,SHORT_COMPLETE_PROVISION
PACS_MODEL_BYLAWS_CLAUSE_4_SUB_16,PACS_MODEL_BYLAWS,child,ACTIVE,model_byelaws,Central,18,131,4,4,,,,,4,DEFINITIONS:,byelaws;pacs,SHORT_COMPLETE_PROVISION
PACS_MODEL_BYLAWS_CLAUSE_4_SUB_17,PACS_MODEL_BYLAWS,child,ACTIVE,model_byelaws,Central,30,170,5,5,,,,,4,DEFINITIONS:,byelaws;pacs,
PACS_MODEL_BYLAWS_CLAUSE_4_SUB_18,PACS_MODEL_BYLAWS,child,ACTIVE,model_byelaws,Central,22,139,5,5,,,,,4,DEFINITIONS:,byelaws;pacs;registration,
PACS_MODEL_BYLAWS_CLAUSE_4_SUB_19,PACS_MODEL_BYLAWS,child,ACTIVE,model_byelaws,Central,15,104,5,5,,,,,4,DEFINITIONS:,byelaws;pacs,SHORT_COMPLETE_PROVISION
PACS_MODEL_BYLAWS_CLAUSE_4_SUB_20,PACS_MODEL_BYLAWS,child,ACTIVE,model_byelaws,Central,34,197,5,5,,,,,4,DEFINITIONS:,byelaws;membership;pacs,
PACS_MODEL_BYLAWS_CLAUSE_4_SUB_21,PACS_MODEL_BYLAWS,child,ACTIVE,model_byelaws,Central,33,211,5,5,,,,,4,DEFINITIONS:,byelaws;pacs,
PACS_MODEL_BYLAWS_CLAUSE_4_SUB_22,PACS_MODEL_BYLAWS,child,ACTIVE,model_byelaws,Central,12,64,5,5,,,,,4,DEFINITIONS:,byelaws;pacs,SHORT_COMPLETE_PROVISION
PACS_MODEL_BYLAWS_CLAUSE_4_SUB_23,PACS_MODEL_BYLAWS,child,ACTIVE,model_byelaws,Central,56,353,5,5,,,,,4,DEFINITIONS:,byelaws;pacs,
PACS_MODEL_BYLAWS_CLAUSE_4_SUB_24,PACS_MODEL_BYLAWS,child,ACTIVE,model_byelaws,Central,72,477,5,5,,,,,4,DEFINITIONS:,byelaws;governance;management;pacs,
PACS_MODEL_BYLAWS_CLAUSE_4_SUB_25,PACS_MODEL_BYLAWS,child,ACTIVE,model_byelaws,Central,12,67,5,5,,,,,4,DEFINITIONS:,byelaws;pacs,SHORT_COMPLETE_PROVISION
PACS_MODEL_BYLAWS_CLAUSE_4_SUB_26,PACS_MODEL_BYLAWS,child,ACTIVE,model_byelaws,Central,44,280,5,6,,,,,4,DEFINITIONS:,byelaws;pacs;registrar,
PACS_MODEL_BYLAWS_CLAUSE_4_SUB_27,PACS_MODEL_BYLAWS,child,ACTIVE,model_byelaws,Central,16,100,6,6,,,,,4,DEFINITIONS:,byelaws;pacs,SHORT_COMPLETE_PROVISION
PACS_MODEL_BYLAWS_CLAUSE_4_SUB_28,PACS_MODEL_BYLAWS,child,ACTIVE,model_byelaws,Central,13,77,6,6,,,,,4,DEFINITIONS:,byelaws;pacs,SHORT_COMPLETE_PROVISION
PACS_MODEL_BYLAWS_CLAUSE_4_SUB_29,PACS_MODEL_BYLAWS,child,ACTIVE,model_byelaws,Central,6,45,6,6,,,,,4,DEFINITIONS:,byelaws;pacs,SHORT_COMPLETE_PROVISION
PACS_MODEL_BYLAWS_CLAUSE_4_SUB_30,PACS_MODEL_BYLAWS,child,ACTIVE,model_byelaws,Central,32,202,6,6,,,,,4,DEFINITIONS:,byelaws;pacs,
PACS_MODEL_BYLAWS_CLAUSE_4_SUB_31,PACS_MODEL_BYLAWS,child,ACTIVE,model_byelaws,Central,30,177,6,6,,,,,4,DEFINITIONS:,byelaws;pacs,
PACS_MODEL_BYLAWS_CLAUSE_5,PACS_MODEL_BYLAWS,parent,REFERENCE_ONLY,model_byelaws,Central,685,4850,7,9,,,,,5,OBJECTIVES OF THE SOCIETY,byelaws;deposits;loans;management;pacs,
PACS_MODEL_BYLAWS_CLAUSE_5_SUB_1,PACS_MODEL_BYLAWS,child,ACTIVE,model_byelaws,Central,88,619,7,7,,,,,5,OBJECTIVES OF THE SOCIETY,byelaws;deposits;loans;pacs,
PACS_MODEL_BYLAWS_CLAUSE_5_SUB_2,PACS_MODEL_BYLAWS,child,ACTIVE,model_byelaws,Central,31,222,7,7,,,,,5,OBJECTIVES OF THE SOCIETY,byelaws;loans;pacs,
PACS_MODEL_BYLAWS_CLAUSE_5_SUB_3,PACS_MODEL_BYLAWS,child,ACTIVE,model_byelaws,Central,111,848,7,7,,,,,5,OBJECTIVES OF THE SOCIETY,byelaws;pacs,
PACS_MODEL_BYLAWS_CLAUSE_5_SUB_4,PACS_MODEL_BYLAWS,child,ACTIVE,model_byelaws,Central,26,211,7,7,,,,,5,OBJECTIVES OF THE SOCIETY,byelaws;pacs,
PACS_MODEL_BYLAWS_CLAUSE_5_SUB_5,PACS_MODEL_BYLAWS,child,ACTIVE,model_byelaws,Central,60,469,7,8,,,,,5,OBJECTIVES OF THE SOCIETY,byelaws;pacs,
PACS_MODEL_BYLAWS_CLAUSE_5_SUB_6,PACS_MODEL_BYLAWS,child,ACTIVE,model_byelaws,Central,18,112,8,8,,,,,5,OBJECTIVES OF THE SOCIETY,byelaws;pacs,SHORT_COMPLETE_PROVISION
PACS_MODEL_BYLAWS_CLAUSE_5_SUB_7,PACS_MODEL_BYLAWS,child,ACTIVE,model_byelaws,Central,45,313,8,8,,,,,5,OBJECTIVES OF THE SOCIETY,byelaws;pacs,
PACS_MODEL_BYLAWS_CLAUSE_5_SUB_8,PACS_MODEL_BYLAWS,child,ACTIVE,model_byelaws,Central,29,195,8,8,,,,,5,OBJECTIVES OF THE SOCIETY,byelaws;pacs,
PACS_MODEL_BYLAWS_CLAUSE_5_SUB_9,PACS_MODEL_BYLAWS,child,ACTIVE,model_byelaws,Central,50,337,8,8,,,,,5,OBJECTIVES OF THE SOCIETY,byelaws;management;pacs,
PACS_MODEL_BYLAWS_CLAUSE_5_SUB_10,PACS_MODEL_BYLAWS,child,ACTIVE,model_byelaws,Central,15,122,8,8,,,,,5,OBJECTIVES OF THE SOCIETY,byelaws;pacs,SHORT_COMPLETE_PROVISION
PACS_MODEL_BYLAWS_CLAUSE_5_SUB_11,PACS_MODEL_BYLAWS,child,ACTIVE,model_byelaws,Central,21,129,8,8,,,,,5,OBJECTIVES OF THE SOCIETY,byelaws;pacs,
PACS_MODEL_BYLAWS_CLAUSE_5_SUB_12,PACS_MODEL_BYLAWS,child,ACTIVE,model_byelaws,Central,22,126,8,8,,,,,5,OBJECTIVES OF THE SOCIETY,byelaws;pacs,
PACS_MODEL_BYLAWS_CLAUSE_5_SUB_13,PACS_MODEL_BYLAWS,child,ACTIVE,model_byelaws,Central,26,225,8,8,,,,,5,OBJECTIVES OF THE SOCIETY,byelaws;pacs,
PACS_MODEL_BYLAWS_CLAUSE_5_SUB_14,PACS_MODEL_BYLAWS,child,ACTIVE,model_byelaws,Central,21,146,8,8,,,,,5,OBJECTIVES OF THE SOCIETY,byelaws;pacs,
PACS_MODEL_BYLAWS_CLAUSE_5_SUB_15,PACS_MODEL_BYLAWS,child,ACTIVE,model_byelaws,Central,18,102,8,8,,,,,5,OBJECTIVES OF THE SOCIETY,byelaws;pacs,SHORT_COMPLETE_PROVISION
PACS_MODEL_BYLAWS_CLAUSE_5_SUB_16,PACS_MODEL_BYLAWS,child,ACTIVE,model_byelaws,Central,17,107,8,8,,,,,5,OBJECTIVES OF THE SOCIETY,byelaws;pacs,SHORT_COMPLETE_PROVISION
PACS_MODEL_BYLAWS_CLAUSE_5_SUB_17,PACS_MODEL_BYLAWS,child,ACTIVE,model_byelaws,Central,24,144,8,8,,,,,5,OBJECTIVES OF THE SOCIETY,byelaws;pacs,
PACS_MODEL_BYLAWS_CLAUSE_5_SUB_18,PACS_MODEL_BYLAWS,child,ACTIVE,model_byelaws,Central,13,87,8,8,,,,,5,OBJECTIVES OF THE SOCIETY,byelaws;pacs,SHORT_COMPLETE_PROVISION
PACS_MODEL_BYLAWS_CLAUSE_5_SUB_19,PACS_MODEL_BYLAWS,child,ACTIVE,model_byelaws,Central,33,192,9,9,,,,,5,OBJECTIVES OF THE SOCIETY,byelaws;pacs,
PACS_MODEL_BYLAWS_CLAUSE_6,PACS_MODEL_BYLAWS,child,ACTIVE,model_byelaws,Central,215,1506,9,9,,,,,6,SERVICES OF THE SOCIETY,byelaws;loans;pacs,
PACS_MODEL_BYLAWS_CLAUSE_7,PACS_MODEL_BYLAWS,parent,REFERENCE_ONLY,model_byelaws,Central,5,39,10,15,,,,,7,MEMBERSHIP:,byelaws;membership;pacs,CONTEXT_PARENT;SHORT_CONTEXT_PARENT
PACS_MODEL_BYLAWS_CLAUSE_7_SUB_1,PACS_MODEL_BYLAWS,child,ACTIVE,model_byelaws,Central,57,352,10,10,,,,,7,MEMBERSHIP:,byelaws;membership;pacs,
PACS_MODEL_BYLAWS_CLAUSE_7_SUB_2,PACS_MODEL_BYLAWS,child,ACTIVE,model_byelaws,Central,134,802,10,10,,,,,7,MEMBERSHIP:,byelaws;eligibility;membership;pacs;registrar;registration,
PACS_MODEL_BYLAWS_CLAUSE_7_SUB_3,PACS_MODEL_BYLAWS,child,ACTIVE,model_byelaws,Central,229,1397,10,11,,,,,7,MEMBERSHIP:,byelaws;elections;eligibility;meetings;membership;pacs,
PACS_MODEL_BYLAWS_CLAUSE_7_SUB_4,PACS_MODEL_BYLAWS,child,ACTIVE,model_byelaws,Central,222,1299,11,11,,,,,7,MEMBERSHIP:,byelaws;eligibility;governance;loans;membership;pacs;timeline,
PACS_MODEL_BYLAWS_CLAUSE_7_SUB_5,PACS_MODEL_BYLAWS,child,ACTIVE,model_byelaws,Central,266,1601,12,12,,,,,7,MEMBERSHIP:,appeal;byelaws;deposits;documents;eligibility;governance;meetings;membership;pacs;registrar;registration,
PACS_MODEL_BYLAWS_CLAUSE_7_SUB_6,PACS_MODEL_BYLAWS,child,ACTIVE,model_byelaws,Central,200,1204,12,13,,,,,7,MEMBERSHIP:,byelaws;governance;loans;meetings;membership;pacs,
PACS_MODEL_BYLAWS_CLAUSE_7_SUB_7,PACS_MODEL_BYLAWS,child,ACTIVE,model_byelaws,Central,387,2243,13,14,,,,,7,MEMBERSHIP:,byelaws;eligibility;governance;loans;meetings;membership;pacs,
PACS_MODEL_BYLAWS_CLAUSE_7_SUB_8,PACS_MODEL_BYLAWS,child,ACTIVE,model_byelaws,Central,110,631,14,14,,,,,7,MEMBERSHIP:,byelaws;membership;pacs;registration,
PACS_MODEL_BYLAWS_CLAUSE_7_SUB_9,PACS_MODEL_BYLAWS,child,ACTIVE,model_byelaws,Central,41,257,14,14,,,,,7,MEMBERSHIP:,byelaws;membership;pacs,
PACS_MODEL_BYLAWS_CLAUSE_7_SUB_10,PACS_MODEL_BYLAWS,child,ACTIVE,model_byelaws,Central,105,643,15,15,,,,,7,MEMBERSHIP:,byelaws;governance;meetings;membership;pacs,
PACS_MODEL_BYLAWS_CLAUSE_7_SUB_11,PACS_MODEL_BYLAWS,child,ACTIVE,model_byelaws,Central,100,575,15,15,,,,,7,MEMBERSHIP:,appeal;byelaws;membership;pacs,
PACS_MODEL_BYLAWS_CLAUSE_7_SUB_12,PACS_MODEL_BYLAWS,child,ACTIVE,model_byelaws,Central,44,247,15,15,,,,,7,MEMBERSHIP:,byelaws;membership;pacs,
PACS_MODEL_BYLAWS_CLAUSE_8,PACS_MODEL_BYLAWS,child,ACTIVE,model_byelaws,Central,568,3440,16,17,,,,,8,FUNDS AND RESOURCES:,byelaws;deposits;governance;loans;membership;pacs;registrar,
PACS_MODEL_BYLAWS_CLAUSE_9,PACS_MODEL_BYLAWS,parent,REFERENCE_ONLY,model_byelaws,Central,830,4860,18,20,,,,,9,GENERAL BODY,byelaws;elections;governance;loans;management;meetings;pacs;registrar;timeline,
PACS_MODEL_BYLAWS_CLAUSE_9_SUB_1,PACS_MODEL_BYLAWS,child,ACTIVE,model_byelaws,Central,37,224,18,18,,,,,9,GENERAL BODY,byelaws;pacs,
PACS_MODEL_BYLAWS_CLAUSE_9_SUB_2,PACS_MODEL_BYLAWS,child,ACTIVE,model_byelaws,Central,193,1208,18,18,,,,,9,GENERAL BODY,byelaws;elections;governance;loans;meetings;pacs;registrar,
PACS_MODEL_BYLAWS_CLAUSE_9_SUB_3,PACS_MODEL_BYLAWS,child,ACTIVE,model_byelaws,Central,193,1127,19,19,,,,,9,GENERAL BODY,byelaws;meetings;pacs;registrar;timeline,
PACS_MODEL_BYLAWS_CLAUSE_9_SUB_4,PACS_MODEL_BYLAWS,child,ACTIVE,model_byelaws,Central,35,186,19,19,,,,,9,GENERAL BODY,byelaws;meetings;pacs,
PACS_MODEL_BYLAWS_CLAUSE_9_SUB_5,PACS_MODEL_BYLAWS,child,ACTIVE,model_byelaws,Central,97,527,19,19,,,,,9,GENERAL BODY,byelaws;meetings;pacs,
PACS_MODEL_BYLAWS_CLAUSE_9_SUB_6,PACS_MODEL_BYLAWS,child,ACTIVE,model_byelaws,Central,107,615,20,20,,,,,9,GENERAL BODY,byelaws;meetings;pacs,
PACS_MODEL_BYLAWS_CLAUSE_9_SUB_7,PACS_MODEL_BYLAWS,child,ACTIVE,model_byelaws,Central,39,224,20,20,,,,,9,GENERAL BODY,byelaws;meetings;pacs,
PACS_MODEL_BYLAWS_CLAUSE_9_SUB_8,PACS_MODEL_BYLAWS,child,ACTIVE,model_byelaws,Central,34,195,20,20,,,,,9,GENERAL BODY,byelaws;meetings;pacs,
PACS_MODEL_BYLAWS_CLAUSE_9_SUB_9,PACS_MODEL_BYLAWS,child,ACTIVE,model_byelaws,Central,54,306,20,20,,,,,9,GENERAL BODY,byelaws;pacs,
PACS_MODEL_BYLAWS_CLAUSE_9_SUB_10,PACS_MODEL_BYLAWS,child,ACTIVE,model_byelaws,Central,33,179,20,20,,,,,9,GENERAL BODY,byelaws;meetings;pacs,
PACS_MODEL_BYLAWS_CLAUSE_10,PACS_MODEL_BYLAWS,parent,REFERENCE_ONLY,model_byelaws,Central,1048,5924,20,27,,,,,10,BOARD OF DIRECTOR,byelaws;elections;eligibility;governance;loans;management;meetings;pacs;registrar;reporting;timeline,CONTEXT_PARENT;LONG_CHUNK_NO_SAFE_SPLIT
PACS_MODEL_BYLAWS_CLAUSE_10_SUB_15,PACS_MODEL_BYLAWS,child,ACTIVE,model_byelaws,Central,91,533,23,23,,,,,10,BOARD OF DIRECTOR,byelaws;meetings;pacs,
PACS_MODEL_BYLAWS_CLAUSE_10_SUB_16,PACS_MODEL_BYLAWS,child,ACTIVE,model_byelaws,Central,883,5381,23,26,,,,,10,BOARD OF DIRECTOR,appeal;byelaws;deposits;elections;governance;loans;meetings;pacs;registrar;timeline,
PACS_MODEL_BYLAWS_CLAUSE_10_SUB_17,PACS_MODEL_BYLAWS,child,ACTIVE,model_byelaws,Central,101,721,26,26,,,,,10,BOARD OF DIRECTOR,byelaws;governance;meetings;pacs,
PACS_MODEL_BYLAWS_CLAUSE_10_SUB_18,PACS_MODEL_BYLAWS,child,ACTIVE,model_byelaws,Central,42,255,26,27,,,,,10,BOARD OF DIRECTOR,byelaws;governance;pacs,
PACS_MODEL_BYLAWS_CLAUSE_10_SUB_19,PACS_MODEL_BYLAWS,child,ACTIVE,model_byelaws,Central,49,267,27,27,,,,,10,BOARD OF DIRECTOR,byelaws;governance;meetings;pacs,
PACS_MODEL_BYLAWS_CLAUSE_10_SUB_20,PACS_MODEL_BYLAWS,child,ACTIVE,model_byelaws,Central,48,245,27,27,,,,,10,BOARD OF DIRECTOR,byelaws;pacs,
PACS_MODEL_BYLAWS_CLAUSE_11,PACS_MODEL_BYLAWS,child,ACTIVE,model_byelaws,Central,189,1101,27,27,,,,,11,PRESIDENT AND HIS POWERS:,byelaws;governance;meetings;pacs,
PACS_MODEL_BYLAWS_CLAUSE_12,PACS_MODEL_BYLAWS,child,ACTIVE,model_byelaws,Central,389,2345,27,29,,,,,12,CHIEF EXECUTIVE OFFICER,byelaws;documents;governance;loans;meetings;pacs,
PACS_MODEL_BYLAWS_CLAUSE_13,PACS_MODEL_BYLAWS,parent,REFERENCE_ONLY,model_byelaws,Central,557,3467,30,32,,,,,13,MAINTENANCE OF BOOKS AND ACCOUNTS AND REGISTERS,byelaws;computerization;deposits;governance;loans;meetings;membership;pacs;timeline,
PACS_MODEL_BYLAWS_CLAUSE_13_SUB_1,PACS_MODEL_BYLAWS,child,ACTIVE,model_byelaws,Central,300,1947,30,31,,,,,13,MAINTENANCE OF BOOKS AND ACCOUNTS AND REGISTERS,byelaws;deposits;loans;membership;pacs;timeline,
PACS_MODEL_BYLAWS_CLAUSE_13_SUB_2,PACS_MODEL_BYLAWS,child,ACTIVE,model_byelaws,Central,34,185,31,31,,,,,13,MAINTENANCE OF BOOKS AND ACCOUNTS AND REGISTERS,byelaws;pacs,
PACS_MODEL_BYLAWS_CLAUSE_13_SUB_3,PACS_MODEL_BYLAWS,child,ACTIVE,model_byelaws,Central,58,332,31,32,,,,,13,MAINTENANCE OF BOOKS AND ACCOUNTS AND REGISTERS,byelaws;pacs,
PACS_MODEL_BYLAWS_CLAUSE_13_SUB_4,PACS_MODEL_BYLAWS,child,ACTIVE,model_byelaws,Central,25,142,32,32,,,,,13,MAINTENANCE OF BOOKS AND ACCOUNTS AND REGISTERS,byelaws;governance;pacs;timeline,
PACS_MODEL_BYLAWS_CLAUSE_13_SUB_5,PACS_MODEL_BYLAWS,child,ACTIVE,model_byelaws,Central,51,290,32,32,,,,,13,MAINTENANCE OF BOOKS AND ACCOUNTS AND REGISTERS,byelaws;governance;meetings;pacs,
PACS_MODEL_BYLAWS_CLAUSE_13_SUB_6,PACS_MODEL_BYLAWS,child,ACTIVE,model_byelaws,Central,35,207,32,32,,,,,13,MAINTENANCE OF BOOKS AND ACCOUNTS AND REGISTERS,byelaws;pacs,
PACS_MODEL_BYLAWS_CLAUSE_13_SUB_7,PACS_MODEL_BYLAWS,child,ACTIVE,model_byelaws,Central,21,127,32,32,,,,,13,MAINTENANCE OF BOOKS AND ACCOUNTS AND REGISTERS,byelaws;pacs,
PACS_MODEL_BYLAWS_CLAUSE_13_SUB_8,PACS_MODEL_BYLAWS,child,ACTIVE,model_byelaws,Central,21,140,32,32,,,,,13,MAINTENANCE OF BOOKS AND ACCOUNTS AND REGISTERS,byelaws;computerization;pacs,
PACS_MODEL_BYLAWS_CLAUSE_14,PACS_MODEL_BYLAWS,child,ACTIVE,model_byelaws,Central,194,1121,32,33,,,,,14,AUDIT OF THE SOCIETY,byelaws;governance;management;pacs;registrar;timeline,
PACS_MODEL_BYLAWS_CLAUSE_15,PACS_MODEL_BYLAWS,parent,REFERENCE_ONLY,model_byelaws,Central,515,3094,33,34,,,,,15,"CHANGE OF LIABILITY, TRANSFER OF ASSETS AND LIABILITIES, DIVISION,",byelaws;deposits;loans;meetings;pacs;registrar;registration,
PACS_MODEL_BYLAWS_CLAUSE_15_SUB_1,PACS_MODEL_BYLAWS,child,ACTIVE,model_byelaws,Central,74,429,33,33,,,,,15,"CHANGE OF LIABILITY, TRANSFER OF ASSETS AND LIABILITIES, DIVISION,",byelaws;pacs,
PACS_MODEL_BYLAWS_CLAUSE_15_SUB_2,PACS_MODEL_BYLAWS,child,ACTIVE,model_byelaws,Central,24,143,33,33,,,,,15,"CHANGE OF LIABILITY, TRANSFER OF ASSETS AND LIABILITIES, DIVISION,",byelaws;pacs,
PACS_MODEL_BYLAWS_CLAUSE_15_SUB_3,PACS_MODEL_BYLAWS,child,ACTIVE,model_byelaws,Central,49,296,33,33,,,,,15,"CHANGE OF LIABILITY, TRANSFER OF ASSETS AND LIABILITIES, DIVISION,",byelaws;meetings;pacs,
PACS_MODEL_BYLAWS_CLAUSE_15_SUB_4,PACS_MODEL_BYLAWS,child,ACTIVE,model_byelaws,Central,82,486,34,34,,,,,15,"CHANGE OF LIABILITY, TRANSFER OF ASSETS AND LIABILITIES, DIVISION,",byelaws;deposits;loans;pacs,
PACS_MODEL_BYLAWS_CLAUSE_15_SUB_5,PACS_MODEL_BYLAWS,child,ACTIVE,model_byelaws,Central,30,177,34,34,,,,,15,"CHANGE OF LIABILITY, TRANSFER OF ASSETS AND LIABILITIES, DIVISION,",byelaws;pacs,
PACS_MODEL_BYLAWS_CLAUSE_15_SUB_6,PACS_MODEL_BYLAWS,child,ACTIVE,model_byelaws,Central,122,729,34,34,,,,,15,"CHANGE OF LIABILITY, TRANSFER OF ASSETS AND LIABILITIES, DIVISION,",byelaws;pacs;registrar;registration,
PACS_MODEL_BYLAWS_CLAUSE_15_SUB_7,PACS_MODEL_BYLAWS,child,ACTIVE,model_byelaws,Central,26,160,34,34,,,,,15,"CHANGE OF LIABILITY, TRANSFER OF ASSETS AND LIABILITIES, DIVISION,",byelaws;pacs,
PACS_MODEL_BYLAWS_CLAUSE_15_SUB_8,PACS_MODEL_BYLAWS,child,ACTIVE,model_byelaws,Central,53,309,34,34,,,,,15,"CHANGE OF LIABILITY, TRANSFER OF ASSETS AND LIABILITIES, DIVISION,",byelaws;pacs;registration,
PACS_MODEL_BYLAWS_CLAUSE_15_SUB_9,PACS_MODEL_BYLAWS,child,ACTIVE,model_byelaws,Central,37,217,34,34,,,,,15,"CHANGE OF LIABILITY, TRANSFER OF ASSETS AND LIABILITIES, DIVISION,",byelaws;pacs;registration,
PACS_MODEL_BYLAWS_CLAUSE_16,PACS_MODEL_BYLAWS,child,ACTIVE,model_byelaws,Central,275,1695,35,35,,,,,16,PROMOTION OF SUBSIDIARY ORGANISATION:,byelaws;meetings;pacs;registrar,
PACS_MODEL_BYLAWS_CLAUSE_17,PACS_MODEL_BYLAWS,child,ACTIVE,model_byelaws,Central,69,450,36,36,,,,,17,DISPUTE SETTLEMENT PROCEDURE,byelaws;management;pacs,
PACS_MODEL_BYLAWS_CLAUSE_18,PACS_MODEL_BYLAWS,child,ACTIVE,model_byelaws,Central,101,643,36,36,,,,,18,LIQUIDATION,byelaws;pacs;registrar,
PACS_MODEL_BYLAWS_CLAUSE_19,PACS_MODEL_BYLAWS,child,ACTIVE,model_byelaws,Central,119,716,37,37,,,,,19,MISCELLANEOUS,byelaws;pacs;registrar,
PACS_COMPUTERIZATION_DOC,PACS_COMPUTERIZATION,parent,REFERENCE_ONLY,scheme_guideline,Central,3,19,1,26,,,,,,,computerization;pacs,CONTEXT_PARENT;SHORT_CONTEXT_PARENT
PACS_COMPUTERIZATION_SEC_001,PACS_COMPUTERIZATION,child,ACTIVE,scheme_guideline,Central,21,184,1,1,,,,,,Implementing Agency: NABARD,computerization;pacs,
PACS_COMPUTERIZATION_SEC_1,PACS_COMPUTERIZATION,child,ACTIVE,scheme_guideline,Central,274,1822,3,3,1,,,,,Introduction,computerization;pacs,
PACS_COMPUTERIZATION_SEC_2,PACS_COMPUTERIZATION,child,ACTIVE,scheme_guideline,Central,269,1869,3,4,2,,,,,Aims & Objectives of the Project,computerization;management;pacs;pacs_services;reporting,
PACS_COMPUTERIZATION_SEC_3,PACS_COMPUTERIZATION,parent,REFERENCE_ONLY,scheme_guideline,Central,3,17,4,15,3,,,,,Project Details,computerization;pacs,SHORT_CONTEXT_PARENT
PACS_COMPUTERIZATION_SEC_3_1,PACS_COMPUTERIZATION,child,ACTIVE,scheme_guideline,Central,15,118,4,4,3.1,,,,,Project Details,computerization;pacs,SHORT_COMPLETE_PROVISION
PACS_COMPUTERIZATION_SEC_3_2,PACS_COMPUTERIZATION,child,ACTIVE,scheme_guideline,Central,9,68,4,4,3.2,,,,,Project Details,computerization;pacs,SHORT_COMPLETE_PROVISION
PACS_COMPUTERIZATION_SEC_3_3,PACS_COMPUTERIZATION,child,ACTIVE,scheme_guideline,Central,15,80,4,4,3.3,,,,,Project Details,computerization;pacs,SHORT_COMPLETE_PROVISION
PACS_COMPUTERIZATION_SEC_3_4,PACS_COMPUTERIZATION,child,ACTIVE,scheme_guideline,Central,16,81,5,5,3.4,,,,,Project Details,computerization;pacs,SHORT_COMPLETE_PROVISION
PACS_COMPUTERIZATION_SEC_3_5,PACS_COMPUTERIZATION,child,ACTIVE,scheme_guideline,Central,21,155,5,5,3.5,,,,,Project Details,computerization;pacs,
PACS_COMPUTERIZATION_SEC_3_6,PACS_COMPUTERIZATION,child,ACTIVE,scheme_guideline,Central,73,490,5,5,3.6,,,,,Project Details,computerization;pacs,
PACS_COMPUTERIZATION_SEC_3_7,PACS_COMPUTERIZATION,parent,REFERENCE_ONLY,scheme_guideline,Central,3,28,5,5,3.7,,,,,Project Details,computerization;pacs,SHORT_CONTEXT_PARENT
PACS_COMPUTERIZATION_SEC_3_7_1,PACS_COMPUTERIZATION,child,ACTIVE,scheme_guideline,Central,41,322,5,5,3.7.1,,,,,Implementation Mechanism,computerization;pacs,
PACS_COMPUTERIZATION_SEC_013,PACS_COMPUTERIZATION,child,ACTIVE,scheme_guideline,Central,65,509,5,5,,,,,,a) Members of NLMIC:,computerization;management;pacs,
PACS_COMPUTERIZATION_SEC_014,PACS_COMPUTERIZATION,child,ACTIVE,scheme_guideline,Central,183,1165,5,6,,,,,,b) Role of NLMIC:,computerization;grievance;pacs,
PACS_COMPUTERIZATION_SEC_015,PACS_COMPUTERIZATION,child,ACTIVE,scheme_guideline,Central,56,423,6,6,,,,,,a) Members of SLIMC,computerization;management;pacs;registrar,
PACS_COMPUTERIZATION_SEC_016,PACS_COMPUTERIZATION,child,ACTIVE,scheme_guideline,Central,56,298,6,6,,,,,,b) Role of SLIMC,computerization;pacs,
PACS_COMPUTERIZATION_SEC_017,PACS_COMPUTERIZATION,child,ACTIVE,scheme_guideline,Central,62,446,6,7,,,,,,a) Members of the DLIMC:,computerization;management;pacs,
PACS_COMPUTERIZATION_SEC_018,PACS_COMPUTERIZATION,child,ACTIVE,scheme_guideline,Central,54,333,7,7,,,,,,b) Role of DLIMC:,computerization;pacs,
PACS_COMPUTERIZATION_SEC_3_8,PACS_COMPUTERIZATION,parent,REFERENCE_ONLY,scheme_guideline,Central,9,52,7,12,3.8,,,,,Project Details,computerization;pacs,SHORT_CONTEXT_PARENT
PACS_COMPUTERIZATION_SEC_3_8_1,PACS_COMPUTERIZATION,child,ACTIVE,scheme_guideline,Central,64,407,7,7,3.8.1,,,,,"Project Cost, Sources of Funds & Funding Pattern",computerization;pacs,TABLE_REVIEW
PACS_COMPUTERIZATION_SEC_3_8_2,PACS_COMPUTERIZATION,child,ACTIVE,scheme_guideline,Central,133,849,7,8,3.8.2,,,,,"Project Cost, Sources of Funds & Funding Pattern",computerization;pacs,TABLE_REVIEW
PACS_COMPUTERIZATION_SEC_3_8_3,PACS_COMPUTERIZATION,child,ACTIVE,scheme_guideline,Central,17,96,8,8,3.8.3,,,,,"Project Cost, Sources of Funds & Funding Pattern",computerization;pacs,SHORT_COMPLETE_PROVISION
PACS_COMPUTERIZATION_SEC_023,PACS_COMPUTERIZATION,child,ACTIVE,scheme_guideline,Central,83,647,8,8,,,,,,₹ per PACS,computerization;deposits;management;membership;pacs,TABLE_REVIEW
PACS_COMPUTERIZATION_SEC_024,PACS_COMPUTERIZATION,child,ACTIVE,scheme_guideline,Central,72,540,9,9,,,,,,₹ per PACS,computerization;pacs;pacs_services,TABLE_REVIEW
PACS_COMPUTERIZATION_SEC_3_8_4,PACS_COMPUTERIZATION,child,ACTIVE,scheme_guideline,Central,502,3053,9,12,3.8.4,,,,,"Project Cost, Sources of Funds & Funding Pattern",computerization;pacs;pacs_services,TABLE_REVIEW
PACS_COMPUTERIZATION_SEC_3_9,PACS_COMPUTERIZATION,child,ACTIVE,scheme_guideline,Central,5,26,12,12,3.9,,,,,Project Details,computerization;pacs,SHORT_COMPLETE_PROVISION
PACS_COMPUTERIZATION_SEC_027,PACS_COMPUTERIZATION,child,ACTIVE,scheme_guideline,Central,43,270,12,12,,,,,,Total No. of PACS to be Maintenance and hand-,computerization;pacs,TABLE_REVIEW
PACS_COMPUTERIZATION_SEC_3_9_002,PACS_COMPUTERIZATION,child,ACTIVE,scheme_guideline,Central,6,37,13,13,3.9,,,,,Project Details,computerization;pacs,SHORT_COMPLETE_PROVISION
PACS_COMPUTERIZATION_SEC_3_10_1,PACS_COMPUTERIZATION,child,ACTIVE,scheme_guideline,Central,75,483,13,13,3.10.1,,,,,Project Details,computerization;pacs,
PACS_COMPUTERIZATION_SEC_3_10_2,PACS_COMPUTERIZATION,child,ACTIVE,scheme_guideline,Central,316,1959,13,14,3.10.2,,,,,Project Details,computerization;pacs,
PACS_COMPUTERIZATION_SEC_3_10_3,PACS_COMPUTERIZATION,child,ACTIVE,scheme_guideline,Central,147,1005,14,14,3.10.3,,,,,Project Details,computerization;pacs,
PACS_COMPUTERIZATION_SEC_3_10_4,PACS_COMPUTERIZATION,child,ACTIVE,scheme_guideline,Central,102,643,14,14,3.10.4,,,,,Project Details,computerization;pacs,
PACS_COMPUTERIZATION_SEC_3_11,PACS_COMPUTERIZATION,child,ACTIVE,scheme_guideline,Central,131,834,15,15,3.11,,,,,Project Details,computerization;management;pacs,
PACS_COMPUTERIZATION_SEC_3_11_002,PACS_COMPUTERIZATION,child,ACTIVE,scheme_guideline,Central,175,1078,15,15,3.11,,,,,Project Details,computerization;eligibility;pacs,
PACS_COMPUTERIZATION_SEC_4,PACS_COMPUTERIZATION,parent,REFERENCE_ONLY,scheme_guideline,Central,6,47,16,18,4,,,,,Project Monitoring Units (PMUs)/Support Teams,computerization;pacs,SHORT_CONTEXT_PARENT
PACS_COMPUTERIZATION_SEC_4_1,PACS_COMPUTERIZATION,child,ACTIVE,scheme_guideline,Central,3,16,16,16,4.1,,,,,Project Monitoring Units (PMUs)/Support Teams,computerization;pacs,SHORT_COMPLETE_PROVISION
PACS_COMPUTERIZATION_SEC_037,PACS_COMPUTERIZATION,child,ACTIVE,scheme_guideline,Central,245,1671,16,17,,,,,,a. Roles and responsibilities of central PMU,computerization;management;pacs;reporting,
PACS_COMPUTERIZATION_SEC_4_2,PACS_COMPUTERIZATION,child,ACTIVE,scheme_guideline,Central,3,15,17,17,4.2,,,,,Project Monitoring Units (PMUs)/Support Teams,computerization;pacs,SHORT_COMPLETE_PROVISION
PACS_COMPUTERIZATION_SEC_039,PACS_COMPUTERIZATION,child,ACTIVE,scheme_guideline,Central,194,1317,17,17,,,,,,a. Roles and responsibilities of State PMU,computerization;management;pacs,
PACS_COMPUTERIZATION_SEC_4_3,PACS_COMPUTERIZATION,child,ACTIVE,scheme_guideline,Central,106,671,17,18,4.3,,,,,Project Monitoring Units (PMUs)/Support Teams,computerization;pacs,
PACS_COMPUTERIZATION_SEC_5,PACS_COMPUTERIZATION,parent,REFERENCE_ONLY,scheme_guideline,Central,2,14,18,22,5,,,,,Stakeholders,computerization;pacs,SHORT_CONTEXT_PARENT
PACS_COMPUTERIZATION_SEC_5_1,PACS_COMPUTERIZATION,parent,REFERENCE_ONLY,scheme_guideline,Central,10,69,18,22,5.1,,,,,Stakeholders,computerization;pacs,SHORT_CONTEXT_PARENT
PACS_COMPUTERIZATION_SEC_5_1_1,PACS_COMPUTERIZATION,child,ACTIVE,scheme_guideline,Central,26,182,18,18,5.1.1,,,,,,computerization;pacs,
PACS_COMPUTERIZATION_SEC_5_1_2,PACS_COMPUTERIZATION,child,ACTIVE,scheme_guideline,Central,417,2702,18,19,5.1.2,,,,,,computerization;eligibility;meetings;pacs;pacs_services,
PACS_COMPUTERIZATION_SEC_5_1_3,PACS_COMPUTERIZATION,child,ACTIVE,scheme_guideline,Central,70,451,19,20,5.1.3,,,,,,computerization;management;pacs,
PACS_COMPUTERIZATION_SEC_5_1_4,PACS_COMPUTERIZATION,child,ACTIVE,scheme_guideline,Central,93,588,20,20,5.1.4,,,,,,computerization;pacs,
PACS_COMPUTERIZATION_SEC_5_1_5,PACS_COMPUTERIZATION,child,ACTIVE,scheme_guideline,Central,198,1219,20,21,5.1.5,,,,,,computerization;eligibility;meetings;pacs,
PACS_COMPUTERIZATION_SEC_5_1_6,PACS_COMPUTERIZATION,child,ACTIVE,scheme_guideline,Central,234,1442,21,21,5.1.6,,,,,,computerization;eligibility;pacs,
PACS_COMPUTERIZATION_SEC_5_1_7,PACS_COMPUTERIZATION,child,ACTIVE,scheme_guideline,Central,63,413,21,22,5.1.7,,,,,,computerization;pacs,
PACS_COMPUTERIZATION_SEC_5_1_8,PACS_COMPUTERIZATION,child,ACTIVE,scheme_guideline,Central,42,288,22,22,5.1.8,,,,,,computerization;management;pacs,
PACS_COMPUTERIZATION_SEC_5_1_9,PACS_COMPUTERIZATION,child,ACTIVE,scheme_guideline,Central,111,717,22,22,5.1.9,,,,,,computerization;pacs,
PACS_COMPUTERIZATION_SEC_6,PACS_COMPUTERIZATION,child,ACTIVE,scheme_guideline,Central,80,513,22,23,6,,,,,Legal Framework,computerization;pacs;pacs_services,
PACS_COMPUTERIZATION_SEC_7,PACS_COMPUTERIZATION,parent,REFERENCE_ONLY,scheme_guideline,Central,7,42,23,23,7,,,,,Upkeep and maintenance of assets created,computerization;pacs,SHORT_CONTEXT_PARENT
PACS_COMPUTERIZATION_SEC_7_1,PACS_COMPUTERIZATION,child,ACTIVE,scheme_guideline,Central,49,308,23,23,7.1,,,,,Upkeep and maintenance of assets created,computerization;pacs,
PACS_COMPUTERIZATION_SEC_7_2,PACS_COMPUTERIZATION,child,ACTIVE,scheme_guideline,Central,29,180,23,23,7.2,,,,,Upkeep and maintenance of assets created,computerization;pacs,
PACS_COMPUTERIZATION_SEC_7_3,PACS_COMPUTERIZATION,child,ACTIVE,scheme_guideline,Central,43,279,23,23,7.3,,,,,Upkeep and maintenance of assets created,computerization;pacs,
PACS_COMPUTERIZATION_SEC_7_4,PACS_COMPUTERIZATION,child,ACTIVE,scheme_guideline,Central,30,185,23,23,7.4,,,,,Upkeep and maintenance of assets created,computerization;pacs,
PACS_COMPUTERIZATION_SEC_7_5,PACS_COMPUTERIZATION,child,ACTIVE,scheme_guideline,Central,51,313,23,23,7.5,,,,,Upkeep and maintenance of assets created,computerization;pacs,
PACS_COMPUTERIZATION_SEC_8,PACS_COMPUTERIZATION,parent,REFERENCE_ONLY,scheme_guideline,Central,5,29,24,24,8,,,,,Deliverables of the Project,computerization;pacs,SHORT_CONTEXT_PARENT
PACS_COMPUTERIZATION_SEC_8_1,PACS_COMPUTERIZATION,child,ACTIVE,scheme_guideline,Central,128,900,24,24,8.1,,,,,Deliverables of the Project,computerization;management;pacs,
PACS_COMPUTERIZATION_SEC_8_2,PACS_COMPUTERIZATION,child,ACTIVE,scheme_guideline,Central,39,249,24,24,8.2,,,,,Deliverables of the Project,computerization;governance;meetings;pacs,
PACS_COMPUTERIZATION_SEC_8_3,PACS_COMPUTERIZATION,child,ACTIVE,scheme_guideline,Central,57,438,24,24,8.3,,,,,Deliverables of the Project,computerization;pacs,
PACS_COMPUTERIZATION_SEC_9,PACS_COMPUTERIZATION,parent,REFERENCE_ONLY,scheme_guideline,Central,65,427,25,26,9,,,,,Expected Outcomes of the Project:,computerization;pacs,
PACS_COMPUTERIZATION_SEC_9_1,PACS_COMPUTERIZATION,child,ACTIVE,scheme_guideline,Central,57,375,25,25,9.1,,,,,Expected Outcomes of the Project:,computerization;pacs;timeline,
PACS_COMPUTERIZATION_SEC_9_2,PACS_COMPUTERIZATION,child,ACTIVE,scheme_guideline,Central,46,324,25,25,9.2,,,,,Expected Outcomes of the Project:,computerization;pacs,
PACS_COMPUTERIZATION_SEC_9_3,PACS_COMPUTERIZATION,child,ACTIVE,scheme_guideline,Central,31,248,25,26,9.3,,,,,Expected Outcomes of the Project:,computerization;management;pacs,
PACS_COMPUTERIZATION_SEC_067,PACS_COMPUTERIZATION,child,ACTIVE,scheme_guideline,Central,17,141,26,26,,,,,,Ministry of Cooperation,computerization;pacs,SHORT_CHUNK
PMFBY_2023_DOC,PMFBY_2023,parent,REFERENCE_ONLY,scheme_guideline,India,5,32,1,213,,,,,,,crop_insurance;pmfby,CONTEXT_PARENT;SHORT_CONTEXT_PARENT
PMFBY_2023_SEC_001,PMFBY_2023,child,REVIEW,scheme_guideline,India,20,147,1,1,,,,,,Department of Agriculture & Farmers Welfare\,crop_insurance;pmfby,TOC_REVIEW
PMFBY_2023_SEC_002,PMFBY_2023,child,REVIEW,scheme_guideline,India,440,3110,1,3,,,,,,Ministry of Agriculture & Farmers Welfare,claim;crop_insurance;crop_loss;grievance;management;pmfby;premium;reporting,TABLE_REVIEW;TOC_REVIEW
PMFBY_2023_SEC_003,PMFBY_2023,child,REFERENCE_ONLY,scheme_guideline,India,1184,8457,4,9,,,,,,TABLE INDEX,crop_insurance;crop_loss;grievance;management;pacs;pmfby;premium,LONG_CHUNK_NO_SAFE_SPLIT
PMFBY_2023_SEC_004,PMFBY_2023,parent,REFERENCE_ONLY,scheme_guideline,India,542,3785,10,11,,,,,,Pradhan Mantri Fasal Bima Yojana,crop_insurance;documents;grievance;management;pmfby,
PMFBY_2023_SEC_004_SUB_1,PMFBY_2023,child,ACTIVE,scheme_guideline,India,394,2809,10,10,,,,,,Pradhan Mantri Fasal Bima Yojana,crop_insurance;management;pmfby,
PMFBY_2023_SEC_004_SUB_2,PMFBY_2023,child,ACTIVE,scheme_guideline,India,148,974,10,11,,,,,,Pradhan Mantri Fasal Bima Yojana,crop_insurance;documents;grievance;pmfby,
PMFBY_2023_SEC_005,PMFBY_2023,child,ACTIVE,scheme_guideline,India,99,708,11,11,,,,,,Objective of the Scheme,crop_insurance;crop_loss;pmfby,
PMFBY_2023_SEC_2,PMFBY_2023,parent,REFERENCE_ONLY,scheme_guideline,India,7,51,11,14,2,,,,,Adoption of Technology for Scheme Administration,crop_insurance;pmfby,SHORT_CONTEXT_PARENT
PMFBY_2023_SEC_2_1,PMFBY_2023,child,ACTIVE,scheme_guideline,India,68,485,11,11,2.1,,,,,Adoption of Technology for Scheme Administration,crop_insurance;pmfby,
PMFBY_2023_SEC_2_2,PMFBY_2023,child,ACTIVE,scheme_guideline,India,42,318,11,11,2.2,,,,,Adoption of Technology for Scheme Administration,crop_insurance;pmfby,
PMFBY_2023_SEC_2_3,PMFBY_2023,child,ACTIVE,scheme_guideline,India,94,641,11,11,2.3,,,,,Adoption of Technology for Scheme Administration,crop_insurance;pmfby;premium;timeline,
PMFBY_2023_SEC_2_4,PMFBY_2023,child,ACTIVE,scheme_guideline,India,41,274,11,11,2.4,,,,,Adoption of Technology for Scheme Administration,crop_insurance;documents;pmfby;premium,
PMFBY_2023_SEC_2_5,PMFBY_2023,child,ACTIVE,scheme_guideline,India,50,343,11,12,2.5,,,,,Adoption of Technology for Scheme Administration,crop_insurance;pmfby,
PMFBY_2023_SEC_2_6,PMFBY_2023,child,ACTIVE,scheme_guideline,India,36,243,12,12,2.6,,,,,Adoption of Technology for Scheme Administration,crop_insurance;pmfby,
PMFBY_2023_SEC_2_7,PMFBY_2023,child,ACTIVE,scheme_guideline,India,49,384,12,12,2.7,,,,,Adoption of Technology for Scheme Administration,crop_insurance;pmfby,
PMFBY_2023_SEC_2_8,PMFBY_2023,child,ACTIVE,scheme_guideline,India,53,430,12,12,2.8,,,,,Adoption of Technology for Scheme Administration,crop_insurance;pacs;pacs_services;pmfby,
PMFBY_2023_SEC_2_9,PMFBY_2023,child,ACTIVE,scheme_guideline,India,59,369,12,12,2.9,,,,,Adoption of Technology for Scheme Administration,crop_insurance;eligibility;pmfby;premium;timeline,
PMFBY_2023_SEC_2_10,PMFBY_2023,child,ACTIVE,scheme_guideline,India,176,1074,12,12,2.10,,,,,Adoption of Technology for Scheme Administration,claim;crop_insurance;documents;pmfby;premium,
PMFBY_2023_SEC_2_11,PMFBY_2023,child,ACTIVE,scheme_guideline,India,39,307,12,12,2.11,,,,,Adoption of Technology for Scheme Administration,crop_insurance;pmfby,
PMFBY_2023_SEC_2_12,PMFBY_2023,child,ACTIVE,scheme_guideline,India,80,531,12,13,2.12,,,,,Adoption of Technology for Scheme Administration,crop_insurance;loans;pmfby,
PMFBY_2023_SEC_2_13,PMFBY_2023,child,ACTIVE,scheme_guideline,India,140,1004,13,13,2.13,,,,,Adoption of Technology for Scheme Administration,crop_insurance;meetings;pmfby,
PMFBY_2023_SEC_2_14,PMFBY_2023,child,ACTIVE,scheme_guideline,India,157,1057,13,13,2.14,,,,,Adoption of Technology for Scheme Administration,crop_insurance;crop_loss;pmfby;reporting,
PMFBY_2023_SEC_2_15,PMFBY_2023,child,ACTIVE,scheme_guideline,India,50,324,13,13,2.15,,,,,Adoption of Technology for Scheme Administration,crop_insurance;management;pmfby,
PMFBY_2023_SEC_2_16,PMFBY_2023,child,ACTIVE,scheme_guideline,India,43,302,13,13,2.16,,,,,Adoption of Technology for Scheme Administration,crop_insurance;pmfby,
PMFBY_2023_SEC_2_17,PMFBY_2023,child,ACTIVE,scheme_guideline,India,41,248,13,13,2.17,,,,,Adoption of Technology for Scheme Administration,crop_insurance;pmfby,
PMFBY_2023_SEC_2_18,PMFBY_2023,child,ACTIVE,scheme_guideline,India,61,403,13,13,2.18,,,,,Adoption of Technology for Scheme Administration,crop_insurance;pmfby,
PMFBY_2023_SEC_2_19,PMFBY_2023,child,ACTIVE,scheme_guideline,India,70,472,13,14,2.19,,,,,Adoption of Technology for Scheme Administration,crop_insurance;pmfby,
PMFBY_2023_SEC_2_20,PMFBY_2023,child,ACTIVE,scheme_guideline,India,66,468,14,14,2.20,,,,,Adoption of Technology for Scheme Administration,crop_insurance;pmfby,
PMFBY_2023_SEC_2_21,PMFBY_2023,child,ACTIVE,scheme_guideline,India,40,238,14,14,2.21,,,,,Adoption of Technology for Scheme Administration,crop_insurance;pmfby,
PMFBY_2023_SEC_2_22,PMFBY_2023,child,ACTIVE,scheme_guideline,India,29,173,14,14,2.22,,,,,Adoption of Technology for Scheme Administration,crop_insurance;pmfby,
PMFBY_2023_SEC_2_23,PMFBY_2023,child,ACTIVE,scheme_guideline,India,42,251,14,14,2.23,,,,,Adoption of Technology for Scheme Administration,crop_insurance;pmfby,
PMFBY_2023_SEC_2_24,PMFBY_2023,child,ACTIVE,scheme_guideline,India,36,259,14,14,2.24,,,,,Adoption of Technology for Scheme Administration,crop_insurance;pmfby,
PMFBY_2023_SEC_3,PMFBY_2023,parent,REFERENCE_ONLY,scheme_guideline,India,4,22,14,16,3,,,,,Coverage of Farmers,crop_insurance;pmfby,SHORT_CONTEXT_PARENT
PMFBY_2023_SEC_3_1,PMFBY_2023,parent,REFERENCE_ONLY,scheme_guideline,India,172,1180,14,16,3.1,,,,,Coverage of Farmers,crop_insurance;documents;eligibility;loans;pmfby,
PMFBY_2023_SEC_3_1_1_1,PMFBY_2023,child,ACTIVE,scheme_guideline,India,105,676,14,15,3.1.1.1,,,,,,crop_insurance;eligibility;loans;pmfby,
PMFBY_2023_SEC_3_1_1_2,PMFBY_2023,child,ACTIVE,scheme_guideline,India,42,278,15,15,3.1.1.2,,,,,,crop_insurance;loans;pmfby,
PMFBY_2023_SEC_3_1_1_3,PMFBY_2023,child,ACTIVE,scheme_guideline,India,62,440,15,15,3.1.1.3,,,,,,crop_insurance;deposits;eligibility;loans;pmfby,
PMFBY_2023_SEC_3_1_2_1,PMFBY_2023,child,ACTIVE,scheme_guideline,India,34,215,15,15,3.1.2.1,,,,,,crop_insurance;pmfby,
PMFBY_2023_SEC_3_1_3,PMFBY_2023,child,ACTIVE,scheme_guideline,India,50,340,15,15,3.1.3,,,,,,crop_insurance;pmfby,
PMFBY_2023_SEC_3_1_4,PMFBY_2023,child,ACTIVE,scheme_guideline,India,185,1218,15,15,3.1.4,,,,,,crop_insurance;pmfby;premium;timeline,
PMFBY_2023_SEC_3_1_5,PMFBY_2023,child,ACTIVE,scheme_guideline,India,75,454,15,16,3.1.5,,,,,,crop_insurance;crop_loss;pmfby,
PMFBY_2023_SEC_3_1_6,PMFBY_2023,child,ACTIVE,scheme_guideline,India,135,891,16,16,3.1.6,,,,,,claim;crop_insurance;crop_loss;pmfby,
PMFBY_2023_SEC_3_1_7,PMFBY_2023,child,ACTIVE,scheme_guideline,India,30,196,16,16,3.1.7,,,,,,crop_insurance;pmfby;premium,
PMFBY_2023_SEC_3_2_1,PMFBY_2023,parent,REFERENCE_ONLY,scheme_guideline,India,45,301,16,16,3.2.1,,,,,Coverage of Farmers,crop_insurance;eligibility;pmfby,
PMFBY_2023_SEC_3_2_1_1,PMFBY_2023,child,ACTIVE,scheme_guideline,India,87,577,16,16,3.2.1.1,,,,,,crop_insurance;pmfby,
PMFBY_2023_SEC_3_2_1_2,PMFBY_2023,child,ACTIVE,scheme_guideline,India,48,347,16,16,3.2.1.2,,,,,,crop_insurance;pmfby;premium,
PMFBY_2023_SEC_4,PMFBY_2023,child,ACTIVE,scheme_guideline,India,94,623,16,17,4,,,,,Coverage of Crops,crop_insurance;pmfby,
PMFBY_2023_SEC_5,PMFBY_2023,parent,REFERENCE_ONLY,scheme_guideline,India,6,35,17,23,5,,,,,Coverage of Risks and Exclusions,crop_insurance;pmfby,SHORT_CONTEXT_PARENT
PMFBY_2023_SEC_5_1,PMFBY_2023,child,ACTIVE,scheme_guideline,India,60,408,17,17,5.1,,,,,Coverage of Risks and Exclusions,crop_insurance;pmfby,
PMFBY_2023_SEC_5_2,PMFBY_2023,parent,REFERENCE_ONLY,scheme_guideline,India,60,376,17,18,5.2,,,,,Coverage of Risks and Exclusions,crop_insurance;crop_loss;pmfby,
PMFBY_2023_SEC_5_2_1,PMFBY_2023,child,ACTIVE,scheme_guideline,India,18,172,17,17,5.2.1,,,,,,crop_insurance;pmfby,SHORT_COMPLETE_PROVISION
PMFBY_2023_SEC_5_2_2,PMFBY_2023,child,ACTIVE,scheme_guideline,India,62,389,17,17,5.2.2,,,,,,crop_insurance;pmfby,
PMFBY_2023_SEC_5_2_3,PMFBY_2023,child,ACTIVE,scheme_guideline,India,61,371,17,17,5.2.3,,,,,,crop_insurance;pmfby,
PMFBY_2023_SEC_5_2_4,PMFBY_2023,child,ACTIVE,scheme_guideline,India,34,248,17,17,5.2.4,,,,,,crop_insurance;pmfby,
PMFBY_2023_SEC_5_2_5,PMFBY_2023,child,ACTIVE,scheme_guideline,India,175,1101,17,18,5.2.5,,,,,,crop_insurance;crop_loss;pmfby;premium,
PMFBY_2023_SEC_5_3,PMFBY_2023,child,ACTIVE,scheme_guideline,India,34,209,18,18,5.3,,,,,Coverage of Risks and Exclusions,crop_insurance;pmfby,
PMFBY_2023_SEC_5_4,PMFBY_2023,child,ACTIVE,scheme_guideline,India,20,132,18,18,5.4,,,,,Coverage of Risks and Exclusions,crop_insurance;pmfby,
PMFBY_2023_SEC_5_5,PMFBY_2023,child,ACTIVE,scheme_guideline,India,93,654,18,18,5.5,,,,,Coverage of Risks and Exclusions,crop_insurance;pmfby;reporting,
PMFBY_2023_SEC_5_6,PMFBY_2023,child,ACTIVE,scheme_guideline,India,23,153,18,18,5.6,,,,,Coverage of Risks and Exclusions,claim;crop_insurance;management;pmfby,
PMFBY_2023_SEC_5_7_1,PMFBY_2023,child,ACTIVE,scheme_guideline,India,37,257,18,18,5.7.1,,,,,Coverage of Risks and Exclusions,crop_insurance;pmfby;premium,
PMFBY_2023_SEC_5_7_2,PMFBY_2023,child,ACTIVE,scheme_guideline,India,92,565,18,18,5.7.2,,,,,Coverage of Risks and Exclusions,crop_insurance;pmfby;premium,
PMFBY_2023_SEC_5_7_3,PMFBY_2023,child,ACTIVE,scheme_guideline,India,32,172,18,18,5.7.3,,,,,Coverage of Risks and Exclusions,crop_insurance;pmfby,
PMFBY_2023_SEC_5_7_4,PMFBY_2023,parent,REFERENCE_ONLY,scheme_guideline,India,11,80,18,21,5.7.4,,,,,Coverage of Risks and Exclusions,crop_insurance;pmfby,SHORT_CONTEXT_PARENT
PMFBY_2023_SEC_5_7_4_1,PMFBY_2023,child,ACTIVE,scheme_guideline,India,99,621,18,19,5.7.4.1,,,,,,crop_insurance;pmfby,TABLE_REVIEW
PMFBY_2023_SEC_063,PMFBY_2023,child,ACTIVE,scheme_guideline,India,20,94,19,19,,,,,,Profit = 100%- LR = 100%,crop_insurance;pmfby,
PMFBY_2023_SEC_064,PMFBY_2023,child,ACTIVE,scheme_guideline,India,87,434,19,19,,,,,,Loss = 100%- LR = -250%,crop_insurance;pmfby,
PMFBY_2023_SEC_065,PMFBY_2023,child,ACTIVE,scheme_guideline,India,182,1089,19,19,,,,,,102% of the premium,crop_insurance;pmfby;premium,
PMFBY_2023_SEC_5_7_4_2,PMFBY_2023,child,ACTIVE,scheme_guideline,India,119,753,20,20,5.7.4.2,,,,,,crop_insurance;pmfby;premium,TABLE_REVIEW
PMFBY_2023_SEC_067,PMFBY_2023,child,ACTIVE,scheme_guideline,India,78,476,20,20,,,,,,II. Surplus Sharing:,crop_insurance;pmfby,
PMFBY_2023_SEC_5_7_4_3,PMFBY_2023,child,ACTIVE,scheme_guideline,India,160,1006,20,21,5.7.4.3,,,,,,crop_insurance;pmfby;premium,TABLE_REVIEW
PMFBY_2023_SEC_069,PMFBY_2023,child,ACTIVE,scheme_guideline,India,61,356,21,21,,,,,,II. Surplus Sharing:,crop_insurance;pmfby,
PMFBY_2023_SEC_5_7_4_4,PMFBY_2023,child,ACTIVE,scheme_guideline,India,192,1201,21,21,5.7.4.4,,,,,,claim;crop_insurance;pmfby,
PMFBY_2023_SEC_5_7_4_5,PMFBY_2023,child,ACTIVE,scheme_guideline,India,130,795,21,21,5.7.4.5,,,,,,crop_insurance;pmfby;premium,
PMFBY_2023_SEC_5_8_1,PMFBY_2023,child,ACTIVE,scheme_guideline,India,164,1164,21,22,5.8.1,,,,,Coverage of Risks and Exclusions,crop_insurance;pmfby,
PMFBY_2023_SEC_5_8_2,PMFBY_2023,child,ACTIVE,scheme_guideline,India,116,806,22,22,5.8.2,,,,,Coverage of Risks and Exclusions,crop_insurance;pmfby,
PMFBY_2023_SEC_5_8_3,PMFBY_2023,child,ACTIVE,scheme_guideline,India,133,890,22,22,5.8.3,,,,,Coverage of Risks and Exclusions,crop_insurance;pmfby;premium,
PMFBY_2023_SEC_5_8_4,PMFBY_2023,child,ACTIVE,scheme_guideline,India,106,728,22,22,5.8.4,,,,,Coverage of Risks and Exclusions,crop_insurance;pmfby,
PMFBY_2023_SEC_5_8_5,PMFBY_2023,child,ACTIVE,scheme_guideline,India,48,403,22,23,5.8.5,,,,,Coverage of Risks and Exclusions,crop_insurance;pmfby,
PMFBY_2023_SEC_5_8_6,PMFBY_2023,child,ACTIVE,scheme_guideline,India,148,1095,23,23,5.8.6,,,,,Coverage of Risks and Exclusions,complaint;crop_insurance;grievance;pmfby;registration,
PMFBY_2023_SEC_5_8_7,PMFBY_2023,child,ACTIVE,scheme_guideline,India,27,186,23,23,5.8.7,,,,,Coverage of Risks and Exclusions,crop_insurance;pmfby,
PMFBY_2023_SEC_6,PMFBY_2023,parent,REFERENCE_ONLY,scheme_guideline,India,54,370,23,29,6,,,,,Preconditions for Implementation of the Scheme,crop_insurance;pmfby,
PMFBY_2023_SEC_6_1_1,PMFBY_2023,child,ACTIVE,scheme_guideline,India,67,465,23,23,6.1.1,,,,,Preconditions for Implementation of the Scheme,crop_insurance;pmfby,
PMFBY_2023_SEC_6_1_2,PMFBY_2023,child,ACTIVE,scheme_guideline,India,108,675,23,23,6.1.2,,,,,Preconditions for Implementation of the Scheme,crop_insurance;crop_loss;pmfby,
PMFBY_2023_SEC_6_1_3,PMFBY_2023,child,ACTIVE,scheme_guideline,India,67,461,23,24,6.1.3,,,,,Preconditions for Implementation of the Scheme,crop_insurance;meetings;pmfby,
PMFBY_2023_SEC_6_1_4,PMFBY_2023,child,ACTIVE,scheme_guideline,India,31,176,24,24,6.1.4,,,,,Preconditions for Implementation of the Scheme,crop_insurance;pmfby,
PMFBY_2023_SEC_6_1_5,PMFBY_2023,child,ACTIVE,scheme_guideline,India,54,339,24,24,6.1.5,,,,,Preconditions for Implementation of the Scheme,claim;crop_insurance;pmfby,
PMFBY_2023_SEC_6_1_6,PMFBY_2023,child,ACTIVE,scheme_guideline,India,40,255,24,24,6.1.6,,,,,Preconditions for Implementation of the Scheme,crop_insurance;pmfby,
PMFBY_2023_SEC_086,PMFBY_2023,child,ACTIVE,scheme_guideline,India,25,178,24,24,,,,,,II. Notwithstanding any legal order specifically restricting the release of subsidy the,crop_insurance;pmfby,
PMFBY_2023_SEC_087,PMFBY_2023,child,ACTIVE,scheme_guideline,India,29,214,24,24,,,,,,III. All the financial transactions (subsidy and claims) including farmers premium being,crop_insurance;pmfby;premium,
PMFBY_2023_SEC_088,PMFBY_2023,child,ACTIVE,scheme_guideline,India,33,233,24,24,,,,,,IV. The States/UTs are required to commit their liabilities in advance as per modalities,crop_insurance;pmfby,
PMFBY_2023_SEC_089,PMFBY_2023,child,ACTIVE,scheme_guideline,India,20,129,24,24,,,,,,CNA to Confirm on NCIP,crop_insurance;pmfby,
PMFBY_2023_SEC_6_1_7,PMFBY_2023,parent,REFERENCE_ONLY,scheme_guideline,India,737,4657,25,26,6.1.7,,,,,Preconditions for Implementation of the Scheme,crop_insurance;pmfby;premium;reporting;timeline,
PMFBY_2023_SEC_6_1_7_SUB_1,PMFBY_2023,child,ACTIVE,scheme_guideline,India,462,2873,25,25,6.1.7,,,,,Preconditions for Implementation of the Scheme,crop_insurance;pmfby;premium;reporting,
PMFBY_2023_SEC_6_1_7_SUB_2,PMFBY_2023,child,ACTIVE,scheme_guideline,India,275,1782,25,26,6.1.7,,,,,Preconditions for Implementation of the Scheme,crop_insurance;pmfby;premium;timeline,
PMFBY_2023_SEC_6_1_8,PMFBY_2023,child,ACTIVE,scheme_guideline,India,39,262,26,26,6.1.8,,,,,Preconditions for Implementation of the Scheme,crop_insurance;pmfby,
PMFBY_2023_SEC_6_1_9,PMFBY_2023,child,ACTIVE,scheme_guideline,India,119,963,26,26,6.1.9,,,,,Preconditions for Implementation of the Scheme,crop_insurance;pmfby,
PMFBY_2023_SEC_6_1_10,PMFBY_2023,child,ACTIVE,scheme_guideline,India,41,256,26,26,6.1.10,,,,,Preconditions for Implementation of the Scheme,crop_insurance;crop_loss;pmfby,
PMFBY_2023_SEC_6_1_11,PMFBY_2023,child,ACTIVE,scheme_guideline,India,92,659,26,27,6.1.11,,,,,Preconditions for Implementation of the Scheme,complaint;crop_insurance;grievance;pmfby,
PMFBY_2023_SEC_6_2_1,PMFBY_2023,child,ACTIVE,scheme_guideline,India,24,155,27,27,6.2.1,,,,,Preconditions for Implementation of the Scheme,crop_insurance;pmfby,
PMFBY_2023_SEC_6_2_2,PMFBY_2023,child,ACTIVE,scheme_guideline,India,43,271,27,27,6.2.2,,,,,Preconditions for Implementation of the Scheme,crop_insurance;pmfby,
PMFBY_2023_SEC_6_2_3,PMFBY_2023,child,ACTIVE,scheme_guideline,India,42,253,27,27,6.2.3,,,,,Preconditions for Implementation of the Scheme,crop_insurance;crop_loss;pmfby,
PMFBY_2023_SEC_6_2_4,PMFBY_2023,child,ACTIVE,scheme_guideline,India,49,334,27,27,6.2.4,,,,,Preconditions for Implementation of the Scheme,crop_insurance;pmfby,
PMFBY_2023_SEC_6_2_5,PMFBY_2023,child,ACTIVE,scheme_guideline,India,45,314,27,27,6.2.5,,,,,Preconditions for Implementation of the Scheme,crop_insurance;grievance;pmfby;registration;reporting,
PMFBY_2023_SEC_6_2_6,PMFBY_2023,child,ACTIVE,scheme_guideline,India,31,201,27,27,6.2.6,,,,,Preconditions for Implementation of the Scheme,crop_insurance;eligibility;pmfby,
PMFBY_2023_SEC_6_2_7,PMFBY_2023,child,ACTIVE,scheme_guideline,India,31,210,27,27,6.2.7,,,,,Preconditions for Implementation of the Scheme,crop_insurance;pmfby;premium,
PMFBY_2023_SEC_6_2_8,PMFBY_2023,child,ACTIVE,scheme_guideline,India,22,145,27,27,6.2.8,,,,,Preconditions for Implementation of the Scheme,crop_insurance;pmfby,
PMFBY_2023_SEC_6_2_9,PMFBY_2023,child,ACTIVE,scheme_guideline,India,96,695,27,28,6.2.9,,,,,Preconditions for Implementation of the Scheme,complaint;crop_insurance;grievance;pmfby,
PMFBY_2023_SEC_6_3_1,PMFBY_2023,child,ACTIVE,scheme_guideline,India,73,466,28,28,6.3.1,,,,,Preconditions for Implementation of the Scheme,crop_insurance;pacs;pmfby,
PMFBY_2023_SEC_6_3_2,PMFBY_2023,child,ACTIVE,scheme_guideline,India,43,285,28,28,6.3.2,,,,,Preconditions for Implementation of the Scheme,crop_insurance;eligibility;pmfby,
PMFBY_2023_SEC_6_3_3,PMFBY_2023,child,ACTIVE,scheme_guideline,India,43,312,28,28,6.3.3,,,,,Preconditions for Implementation of the Scheme,crop_insurance;documents;pmfby,
PMFBY_2023_SEC_6_3_4,PMFBY_2023,child,ACTIVE,scheme_guideline,India,20,147,28,28,6.3.4,,,,,Preconditions for Implementation of the Scheme,crop_insurance;pmfby;premium,
PMFBY_2023_SEC_6_3_5,PMFBY_2023,child,ACTIVE,scheme_guideline,India,47,306,28,28,6.3.5,,,,,Preconditions for Implementation of the Scheme,complaint;crop_insurance;grievance;pmfby,
PMFBY_2023_SEC_6_4_1,PMFBY_2023,child,ACTIVE,scheme_guideline,India,29,199,28,28,6.4.1,,,,,Preconditions for Implementation of the Scheme,crop_insurance;pmfby,
PMFBY_2023_SEC_6_4_2,PMFBY_2023,child,ACTIVE,scheme_guideline,India,78,482,28,28,6.4.2,,,,,Preconditions for Implementation of the Scheme,crop_insurance;pmfby,
PMFBY_2023_SEC_6_4_3,PMFBY_2023,child,ACTIVE,scheme_guideline,India,70,472,28,28,6.4.3,,,,,Preconditions for Implementation of the Scheme,crop_insurance;loans;pmfby,
PMFBY_2023_SEC_6_5_1,PMFBY_2023,child,ACTIVE,scheme_guideline,India,66,424,28,29,6.5.1,,,,,Preconditions for Implementation of the Scheme,crop_insurance;documents;pmfby,
PMFBY_2023_SEC_7,PMFBY_2023,parent,REFERENCE_ONLY,scheme_guideline,India,13,84,29,42,7,,,,,Procedure for Issuance of Tender by the States/UTs,crop_insurance;pmfby,SHORT_CONTEXT_PARENT
PMFBY_2023_SEC_7_1_1,PMFBY_2023,child,ACTIVE,scheme_guideline,India,81,500,29,29,7.1.1,,,,,Procedure for Issuance of Tender by the States/UTs,crop_insurance;pmfby;premium,
PMFBY_2023_SEC_7_1_2,PMFBY_2023,child,ACTIVE,scheme_guideline,India,19,126,29,29,7.1.2,,,,,Procedure for Issuance of Tender by the States/UTs,crop_insurance;documents;pmfby,SHORT_COMPLETE_PROVISION
PMFBY_2023_SEC_7_1_3,PMFBY_2023,child,ACTIVE,scheme_guideline,India,51,309,29,29,7.1.3,,,,,Procedure for Issuance of Tender by the States/UTs,crop_insurance;meetings;pmfby,
PMFBY_2023_SEC_7_1_4,PMFBY_2023,child,ACTIVE,scheme_guideline,India,45,280,29,29,7.1.4,,,,,Procedure for Issuance of Tender by the States/UTs,crop_insurance;documents;pmfby,
PMFBY_2023_SEC_7_1_5,PMFBY_2023,child,ACTIVE,scheme_guideline,India,81,560,29,29,7.1.5,,,,,Procedure for Issuance of Tender by the States/UTs,crop_insurance;documents;pmfby;premium,
PMFBY_2023_SEC_7_1_6,PMFBY_2023,child,ACTIVE,scheme_guideline,India,72,442,29,29,7.1.6,,,,,Procedure for Issuance of Tender by the States/UTs,crop_insurance;documents;pmfby,
PMFBY_2023_SEC_7_1_7,PMFBY_2023,child,ACTIVE,scheme_guideline,India,60,386,29,29,7.1.7,,,,,Procedure for Issuance of Tender by the States/UTs,crop_insurance;pmfby;premium,
PMFBY_2023_SEC_121,PMFBY_2023,child,ACTIVE,scheme_guideline,India,33,244,29,30,,,,,,"A. Details of Automatic Weather Stations (AWS), Automatic Rain Gauges (ARG) or",crop_insurance;pmfby,
PMFBY_2023_SEC_122,PMFBY_2023,child,ACTIVE,scheme_guideline,India,34,208,30,30,,,,,,B. Year wise historical Average Yield data for each notiﬁed crop at the Notiﬁed IU level,crop_insurance;pmfby,
PMFBY_2023_SEC_123,PMFBY_2023,child,ACTIVE,scheme_guideline,India,29,187,30,30,,,,,,"C. Year wise, Crop-wise, IU level historical Coverage and Claim data for past 3 years",crop_insurance;pmfby,
PMFBY_2023_SEC_124,PMFBY_2023,child,ACTIVE,scheme_guideline,India,24,160,30,30,,,,,,D. Crop-wise nomenclature of yield being collated and reported along with the,crop_insurance;pmfby;reporting,
PMFBY_2023_SEC_125,PMFBY_2023,child,ACTIVE,scheme_guideline,India,35,225,30,30,,,,,,E. List of cluster wise distribution of districts and list of crops proposed to be covered,crop_insurance;pmfby,
PMFBY_2023_SEC_126,PMFBY_2023,child,ACTIVE,scheme_guideline,India,47,337,30,30,,,,,,F. Classiﬁcation of irrigated and unirrigated districts in clusters as per irrigation facilities,crop_insurance;pmfby,
PMFBY_2023_SEC_127,PMFBY_2023,child,ACTIVE,scheme_guideline,India,22,147,30,30,,,,,,G. Details of Alternate Risk Management Models (ARTM) and Yield Estimation Models,crop_insurance;management;pmfby,
PMFBY_2023_SEC_7_1_8,PMFBY_2023,parent,REFERENCE_ONLY,scheme_guideline,India,125,714,30,31,7.1.8,,,,,Procedure for Issuance of Tender by the States/UTs,crop_insurance;pmfby;premium,
PMFBY_2023_SEC_7_1_8_1,PMFBY_2023,child,ACTIVE,scheme_guideline,India,22,125,30,30,7.1.8.1,,,,,,crop_insurance;pmfby,
PMFBY_2023_SEC_7_1_8_2,PMFBY_2023,child,ACTIVE,scheme_guideline,India,128,807,30,30,7.1.8.2,,,,,,crop_insurance;documents;pmfby;premium,
PMFBY_2023_SEC_7_1_8_3,PMFBY_2023,child,ACTIVE,scheme_guideline,India,120,741,30,31,7.1.8.3,,,,,,crop_insurance;documents;pmfby;premium,
PMFBY_2023_SEC_7_1_9,PMFBY_2023,child,ACTIVE,scheme_guideline,India,182,1152,31,31,7.1.9,,,,,Procedure for Issuance of Tender by the States/UTs,crop_insurance;pmfby;premium,
PMFBY_2023_SEC_7_1_10,PMFBY_2023,child,ACTIVE,scheme_guideline,India,64,374,31,31,7.1.10,,,,,Procedure for Issuance of Tender by the States/UTs,crop_insurance;pmfby;premium,
PMFBY_2023_SEC_7_1_11,PMFBY_2023,child,ACTIVE,scheme_guideline,India,151,966,31,31,7.1.11,,,,,Procedure for Issuance of Tender by the States/UTs,crop_insurance;pmfby,
PMFBY_2023_SEC_7_1_12,PMFBY_2023,child,ACTIVE,scheme_guideline,India,69,499,31,31,7.1.12,,,,,Procedure for Issuance of Tender by the States/UTs,crop_insurance;documents;management;meetings;pmfby,
PMFBY_2023_SEC_7_1_13,PMFBY_2023,child,ACTIVE,scheme_guideline,India,70,417,31,32,7.1.13,,,,,Procedure for Issuance of Tender by the States/UTs,crop_insurance;documents;pmfby;timeline,
PMFBY_2023_SEC_7_1_14,PMFBY_2023,child,ACTIVE,scheme_guideline,India,71,426,32,32,7.1.14,,,,,Procedure for Issuance of Tender by the States/UTs,crop_insurance;pmfby;premium,
PMFBY_2023_SEC_7_1_15,PMFBY_2023,child,ACTIVE,scheme_guideline,India,41,260,32,32,7.1.15,,,,,Procedure for Issuance of Tender by the States/UTs,crop_insurance;pmfby,
PMFBY_2023_SEC_7_1_16,PMFBY_2023,child,ACTIVE,scheme_guideline,India,57,383,32,32,7.1.16,,,,,Procedure for Issuance of Tender by the States/UTs,crop_insurance;pmfby,
PMFBY_2023_SEC_7_1_17_1,PMFBY_2023,child,ACTIVE,scheme_guideline,India,234,1515,32,32,7.1.17.1,,,,,Procedure for Issuance of Tender by the States/UTs,crop_insurance;pmfby;premium,
PMFBY_2023_SEC_7_1_17_2,PMFBY_2023,child,ACTIVE,scheme_guideline,India,69,427,32,33,7.1.17.2,,,,,Procedure for Issuance of Tender by the States/UTs,crop_insurance;pmfby;premium,
PMFBY_2023_SEC_7_2_1_1,PMFBY_2023,child,ACTIVE,scheme_guideline,India,177,1018,33,33,7.2.1.1,,,,,Procedure for Issuance of Tender by the States/UTs,crop_insurance;meetings;pmfby;premium,
PMFBY_2023_SEC_7_2_1_2,PMFBY_2023,child,ACTIVE,scheme_guideline,India,58,339,33,33,7.2.1.2,,,,,Procedure for Issuance of Tender by the States/UTs,crop_insurance;crop_loss;pmfby,
PMFBY_2023_SEC_7_2_1_3,PMFBY_2023,child,ACTIVE,scheme_guideline,India,106,656,33,33,7.2.1.3,,,,,Procedure for Issuance of Tender by the States/UTs,claim;crop_insurance;pmfby,
PMFBY_2023_SEC_7_2_1_4,PMFBY_2023,child,ACTIVE,scheme_guideline,India,161,944,33,33,7.2.1.4,,,,,Procedure for Issuance of Tender by the States/UTs,crop_insurance;documents;pmfby;premium,
PMFBY_2023_SEC_7_2_1_5,PMFBY_2023,child,ACTIVE,scheme_guideline,India,85,521,33,34,7.2.1.5,,,,,Procedure for Issuance of Tender by the States/UTs,crop_insurance;pmfby,
PMFBY_2023_SEC_7_2_1_6,PMFBY_2023,child,ACTIVE,scheme_guideline,India,133,841,34,34,7.2.1.6,,,,,Procedure for Issuance of Tender by the States/UTs,crop_insurance;documents;pmfby;reporting,
PMFBY_2023_SEC_7_2_1_7,PMFBY_2023,child,ACTIVE,scheme_guideline,India,125,738,34,34,7.2.1.7,,,,,Procedure for Issuance of Tender by the States/UTs,crop_insurance;pmfby;premium,
PMFBY_2023_SEC_7_2_1_8,PMFBY_2023,child,ACTIVE,scheme_guideline,India,117,721,34,34,7.2.1.8,,,,,Procedure for Issuance of Tender by the States/UTs,crop_insurance;pmfby;premium,
PMFBY_2023_SEC_7_2_1_9,PMFBY_2023,child,ACTIVE,scheme_guideline,India,81,537,34,34,7.2.1.9,,,,,Procedure for Issuance of Tender by the States/UTs,crop_insurance;pmfby,
PMFBY_2023_SEC_7_3_1,PMFBY_2023,child,ACTIVE,scheme_guideline,India,152,885,34,35,7.3.1,,,,,Procedure for Issuance of Tender by the States/UTs,claim;crop_insurance;documents;pmfby,
PMFBY_2023_SEC_7_3_2,PMFBY_2023,child,ACTIVE,scheme_guideline,India,102,670,35,35,7.3.2,,,,,Procedure for Issuance of Tender by the States/UTs,crop_insurance;pmfby,
PMFBY_2023_SEC_7_3_3,PMFBY_2023,parent,REFERENCE_ONLY,scheme_guideline,India,90,558,35,38,7.3.3,,,,,Procedure for Issuance of Tender by the States/UTs,crop_insurance;pmfby,
PMFBY_2023_SEC_7_3_3_1,PMFBY_2023,child,ACTIVE,scheme_guideline,India,105,581,35,35,7.3.3.1,,,,,,crop_insurance;pmfby;premium,
PMFBY_2023_SEC_155,PMFBY_2023,child,ACTIVE,scheme_guideline,India,70,394,35,35,,,,,,Threshold Yield:,crop_insurance;pmfby,
PMFBY_2023_SEC_156,PMFBY_2023,child,ACTIVE,scheme_guideline,India,71,390,35,36,,,,,,Premium Rate:,crop_insurance;pmfby;premium,
PMFBY_2023_SEC_157,PMFBY_2023,child,ACTIVE,scheme_guideline,India,56,375,36,36,,,,,,Evaluation of tender process and determination of L1 Company:,crop_insurance;pmfby;premium,
PMFBY_2023_SEC_7_3_3_2,PMFBY_2023,child,ACTIVE,scheme_guideline,India,216,1212,36,36,7.3.3.2,,,,,,crop_insurance;pmfby;premium,
PMFBY_2023_SEC_159,PMFBY_2023,child,ACTIVE,scheme_guideline,India,133,777,36,37,,,,,,Threshold Yield:,crop_insurance;pmfby,
PMFBY_2023_SEC_160,PMFBY_2023,child,ACTIVE,scheme_guideline,India,117,682,37,37,,,,,,Evaluation of tender process and determination of L1 Company:,crop_insurance;pmfby;premium,
PMFBY_2023_SEC_161,PMFBY_2023,child,ACTIVE,scheme_guideline,India,200,1129,37,37,,,,,,Indemnity Level-70%,crop_insurance;pmfby,
PMFBY_2023_SEC_162,PMFBY_2023,child,ACTIVE,scheme_guideline,India,62,408,37,38,,,,,,Evaluation of tender process and determination of L1 Company:,crop_insurance;pmfby;premium,
PMFBY_2023_SEC_7_3_3_3,PMFBY_2023,child,ACTIVE,scheme_guideline,India,74,463,38,38,7.3.3.3,,,,,,crop_insurance;pmfby;premium,
PMFBY_2023_SEC_164,PMFBY_2023,child,ACTIVE,scheme_guideline,India,139,888,38,38,,,,,,responding Increase/ Decrease in APR against each 1% point Increase/Decrease in,crop_insurance;pmfby;premium,TABLE_REVIEW
PMFBY_2023_SEC_165,PMFBY_2023,child,ACTIVE,scheme_guideline,India,192,1097,38,39,,,,,,Premium rate quoted by L1 Insurance Company for a district crop combination =13%,crop_insurance;pmfby;premium,
PMFBY_2023_SEC_166,PMFBY_2023,child,ACTIVE,scheme_guideline,India,45,313,39,39,,,,,,Evaluation of tender process and determination of L1 Company:,crop_insurance;pmfby;premium,
PMFBY_2023_SEC_167,PMFBY_2023,child,ACTIVE,scheme_guideline,India,346,2124,39,40,,,,,,Actual Premium Rate (APR),crop_insurance;pmfby;premium,
PMFBY_2023_SEC_7_3_4,PMFBY_2023,child,ACTIVE,scheme_guideline,India,382,2458,40,40,7.3.4,,,,,Procedure for Issuance of Tender by the States/UTs,crop_insurance;crop_loss;pmfby;premium,
PMFBY_2023_SEC_7_6_1,PMFBY_2023,child,ACTIVE,scheme_guideline,India,56,405,41,41,7.6.1,,,,,Procedure for Issuance of Tender by the States/UTs,crop_insurance;pmfby,
PMFBY_2023_SEC_7_6_2,PMFBY_2023,child,ACTIVE,scheme_guideline,India,33,253,41,41,7.6.2,,,,,Procedure for Issuance of Tender by the States/UTs,crop_insurance;documents;pmfby,
PMFBY_2023_SEC_7_6_3,PMFBY_2023,child,ACTIVE,scheme_guideline,India,62,492,41,41,7.6.3,,,,,Procedure for Issuance of Tender by the States/UTs,crop_insurance;documents;pmfby,
PMFBY_2023_SEC_7_6_4,PMFBY_2023,child,ACTIVE,scheme_guideline,India,31,191,41,41,7.6.4,,,,,Procedure for Issuance of Tender by the States/UTs,crop_insurance;pmfby,
PMFBY_2023_SEC_7_6_5,PMFBY_2023,child,ACTIVE,scheme_guideline,India,47,316,41,41,7.6.5,,,,,Procedure for Issuance of Tender by the States/UTs,crop_insurance;pmfby,
PMFBY_2023_SEC_7_6_6,PMFBY_2023,child,ACTIVE,scheme_guideline,India,103,716,41,41,7.6.6,,,,,Procedure for Issuance of Tender by the States/UTs,crop_insurance;pmfby,
PMFBY_2023_SEC_7_6_7,PMFBY_2023,child,ACTIVE,scheme_guideline,India,56,354,41,41,7.6.7,,,,,Procedure for Issuance of Tender by the States/UTs,crop_insurance;pmfby,
PMFBY_2023_SEC_7_6_8,PMFBY_2023,child,ACTIVE,scheme_guideline,India,74,446,41,41,7.6.8,,,,,Procedure for Issuance of Tender by the States/UTs,crop_insurance;pmfby,
PMFBY_2023_SEC_7_6_9,PMFBY_2023,child,ACTIVE,scheme_guideline,India,81,505,42,42,7.6.9,,,,,Procedure for Issuance of Tender by the States/UTs,crop_insurance;crop_loss;pmfby,
PMFBY_2023_SEC_7_6_10,PMFBY_2023,child,ACTIVE,scheme_guideline,India,92,560,42,42,7.6.10,,,,,Procedure for Issuance of Tender by the States/UTs,crop_insurance;pmfby;premium,TABLE_REVIEW
PMFBY_2023_SEC_7_6_11,PMFBY_2023,child,ACTIVE,scheme_guideline,India,61,459,42,42,7.6.11,,,,,Procedure for Issuance of Tender by the States/UTs,crop_insurance;management;pmfby,
PMFBY_2023_SEC_7_6_12,PMFBY_2023,child,ACTIVE,scheme_guideline,India,86,539,42,42,7.6.12,,,,,Procedure for Issuance of Tender by the States/UTs,crop_insurance;pmfby,
PMFBY_2023_SEC_7_6_13,PMFBY_2023,child,ACTIVE,scheme_guideline,India,29,153,42,42,7.6.13,,,,,Procedure for Issuance of Tender by the States/UTs,crop_insurance;pmfby,
PMFBY_2023_SEC_7_6_14,PMFBY_2023,child,ACTIVE,scheme_guideline,India,47,296,42,42,7.6.14,,,,,Procedure for Issuance of Tender by the States/UTs,crop_insurance;pmfby,
PMFBY_2023_SEC_8,PMFBY_2023,parent,REFERENCE_ONLY,scheme_guideline,India,9,56,42,44,8,,,,,Engagement of Common Service Centers (CSCs) and Other,crop_insurance;pmfby,SHORT_CONTEXT_PARENT
PMFBY_2023_SEC_8_1,PMFBY_2023,child,ACTIVE,scheme_guideline,India,82,564,42,43,8.1,,,,,Engagement of Common Service Centers (CSCs) and Other,crop_insurance;pmfby,
PMFBY_2023_SEC_8_2,PMFBY_2023,child,ACTIVE,scheme_guideline,India,43,266,43,43,8.2,,,,,Engagement of Common Service Centers (CSCs) and Other,crop_insurance;pmfby,
PMFBY_2023_SEC_8_3,PMFBY_2023,child,ACTIVE,scheme_guideline,India,109,681,43,43,8.3,,,,,Engagement of Common Service Centers (CSCs) and Other,crop_insurance;pmfby;timeline,
PMFBY_2023_SEC_8_4,PMFBY_2023,child,ACTIVE,scheme_guideline,India,69,450,43,43,8.4,,,,,Engagement of Common Service Centers (CSCs) and Other,crop_insurance;pmfby,
PMFBY_2023_SEC_8_5,PMFBY_2023,child,ACTIVE,scheme_guideline,India,108,700,43,43,8.5,,,,,Engagement of Common Service Centers (CSCs) and Other,crop_insurance;pmfby;premium,
PMFBY_2023_SEC_8_6,PMFBY_2023,child,ACTIVE,scheme_guideline,India,307,1937,43,44,8.6,,,,,Engagement of Common Service Centers (CSCs) and Other,crop_insurance;documents;pmfby;timeline,
PMFBY_2023_SEC_8_7,PMFBY_2023,child,ACTIVE,scheme_guideline,India,46,336,44,44,8.7,,,,,Engagement of Common Service Centers (CSCs) and Other,crop_insurance;pmfby,
PMFBY_2023_SEC_8_8,PMFBY_2023,child,ACTIVE,scheme_guideline,India,143,921,44,44,8.8,,,,,Engagement of Common Service Centers (CSCs) and Other,crop_insurance;eligibility;loans;pmfby;premium,
PMFBY_2023_SEC_8_9,PMFBY_2023,child,ACTIVE,scheme_guideline,India,76,499,44,44,8.9,,,,,Engagement of Common Service Centers (CSCs) and Other,crop_insurance;pmfby;timeline,
PMFBY_2023_SEC_9,PMFBY_2023,parent,REFERENCE_ONLY,scheme_guideline,India,5,33,44,46,9,,,,,Electronic Remittance of Funds,crop_insurance;pmfby,SHORT_CONTEXT_PARENT
PMFBY_2023_SEC_9_1,PMFBY_2023,child,ACTIVE,scheme_guideline,India,82,582,44,44,9.1,,,,,Electronic Remittance of Funds,crop_insurance;eligibility;management;pmfby;premium,
PMFBY_2023_SEC_9_2,PMFBY_2023,child,ACTIVE,scheme_guideline,India,121,831,44,45,9.2,,,,,Electronic Remittance of Funds,crop_insurance;pmfby;premium,
PMFBY_2023_SEC_9_3,PMFBY_2023,child,ACTIVE,scheme_guideline,India,102,630,45,45,9.3,,,,,Electronic Remittance of Funds,crop_insurance;pmfby;premium,
PMFBY_2023_SEC_9_4,PMFBY_2023,child,ACTIVE,scheme_guideline,India,128,847,45,45,9.4,,,,,Electronic Remittance of Funds,crop_insurance;deposits;pmfby;premium,
PMFBY_2023_SEC_9_5,PMFBY_2023,child,ACTIVE,scheme_guideline,India,64,449,45,45,9.5,,,,,Electronic Remittance of Funds,claim;crop_insurance;pmfby;reporting,
PMFBY_2023_SEC_9_6,PMFBY_2023,child,ACTIVE,scheme_guideline,India,106,708,45,45,9.6,,,,,Electronic Remittance of Funds,claim;crop_insurance;pmfby,
PMFBY_2023_SEC_9_7,PMFBY_2023,child,ACTIVE,scheme_guideline,India,165,1157,45,46,9.7,,,,,Electronic Remittance of Funds,crop_insurance;management;pmfby,
PMFBY_2023_SEC_9_8,PMFBY_2023,child,ACTIVE,scheme_guideline,India,121,787,46,46,9.8,,,,,Electronic Remittance of Funds,crop_insurance;pmfby,
PMFBY_2023_SEC_9_9,PMFBY_2023,child,ACTIVE,scheme_guideline,India,47,304,46,46,9.9,,,,,Electronic Remittance of Funds,claim;crop_insurance;pmfby,
PMFBY_2023_SEC_10,PMFBY_2023,parent,REFERENCE_ONLY,scheme_guideline,India,6,35,46,46,10,,,,,Census Code Mapping of Entities,crop_insurance;pmfby,SHORT_CONTEXT_PARENT
PMFBY_2023_SEC_10_1,PMFBY_2023,child,ACTIVE,scheme_guideline,India,79,544,46,46,10.1,,,,,Census Code Mapping of Entities,crop_insurance;pmfby,
PMFBY_2023_SEC_10_2,PMFBY_2023,child,ACTIVE,scheme_guideline,India,60,390,46,46,10.2,,,,,Census Code Mapping of Entities,crop_insurance;pmfby;reporting,
PMFBY_2023_SEC_10_3,PMFBY_2023,child,ACTIVE,scheme_guideline,India,77,486,46,46,10.3,,,,,Census Code Mapping of Entities,crop_insurance;crop_loss;pmfby,
PMFBY_2023_SEC_11_1,PMFBY_2023,child,ACTIVE,scheme_guideline,India,114,758,47,47,11.1,,,,,,crop_insurance;eligibility;pmfby,STRUCTURE_UNCERTAIN
PMFBY_2023_SEC_12,PMFBY_2023,parent,REFERENCE_ONLY,scheme_guideline,India,4,30,47,47,12,,,,,Sum Insured/Coverage Limit,crop_insurance;pmfby,SHORT_CONTEXT_PARENT
PMFBY_2023_SEC_12_1,PMFBY_2023,child,ACTIVE,scheme_guideline,India,148,855,47,47,12.1,,,,,Sum Insured/Coverage Limit,crop_insurance;pmfby,
PMFBY_2023_SEC_12_2,PMFBY_2023,child,ACTIVE,scheme_guideline,India,43,302,47,47,12.2,,,,,Sum Insured/Coverage Limit,crop_insurance;pmfby;premium,
PMFBY_2023_SEC_12_3,PMFBY_2023,child,ACTIVE,scheme_guideline,India,30,200,47,47,12.3,,,,,Sum Insured/Coverage Limit,crop_insurance;pmfby,
PMFBY_2023_SEC_13,PMFBY_2023,parent,REFERENCE_ONLY,scheme_guideline,India,6,37,47,50,13,,,,,Premium Rates and Premium Subsidy,crop_insurance;pmfby;premium,SHORT_CONTEXT_PARENT
PMFBY_2023_SEC_13_1,PMFBY_2023,parent,REFERENCE_ONLY,scheme_guideline,India,147,857,47,50,13.1,,,,,Premium Rates and Premium Subsidy,crop_insurance;pmfby;premium,TABLE_REVIEW
PMFBY_2023_SEC_214,PMFBY_2023,child,ACTIVE,scheme_guideline,India,44,282,48,48,,,,,,Payment of Government Subsidy,crop_insurance;pmfby;premium,
PMFBY_2023_SEC_13_1_1,PMFBY_2023,child,ACTIVE,scheme_guideline,India,66,405,48,48,13.1.1,,,,,,crop_insurance;pmfby;premium,
PMFBY_2023_SEC_13_1_2,PMFBY_2023,child,ACTIVE,scheme_guideline,India,130,778,48,48,13.1.2,,,,,,crop_insurance;documents;pmfby;premium,
PMFBY_2023_SEC_13_1_3,PMFBY_2023,child,ACTIVE,scheme_guideline,India,27,175,48,48,13.1.3,,,,,,crop_insurance;pmfby,
PMFBY_2023_SEC_13_1_4,PMFBY_2023,child,ACTIVE,scheme_guideline,India,17,102,48,48,13.1.4,,,,,,crop_insurance;pmfby,SHORT_COMPLETE_PROVISION
PMFBY_2023_SEC_13_1_5,PMFBY_2023,child,ACTIVE,scheme_guideline,India,54,308,48,48,13.1.5,,,,,,crop_insurance;pmfby;premium,
PMFBY_2023_SEC_13_1_6,PMFBY_2023,child,ACTIVE,scheme_guideline,India,106,687,48,48,13.1.6,,,,,,crop_insurance;pmfby;premium,
PMFBY_2023_SEC_13_1_7,PMFBY_2023,child,ACTIVE,scheme_guideline,India,65,413,48,49,13.1.7,,,,,,crop_insurance;pmfby,
PMFBY_2023_SEC_13_1_8,PMFBY_2023,child,ACTIVE,scheme_guideline,India,145,926,49,49,13.1.8,,,,,,crop_insurance;pmfby,
PMFBY_2023_SEC_13_1_9,PMFBY_2023,child,ACTIVE,scheme_guideline,India,59,367,49,49,13.1.9,,,,,,crop_insurance;pmfby;premium,
PMFBY_2023_SEC_13_1_10,PMFBY_2023,child,ACTIVE,scheme_guideline,India,102,724,49,49,13.1.10,,,,,,claim;crop_insurance;pmfby;premium,
PMFBY_2023_SEC_13_1_11,PMFBY_2023,child,ACTIVE,scheme_guideline,India,100,645,49,49,13.1.11,,,,,,crop_insurance;pmfby,
PMFBY_2023_SEC_13_1_12,PMFBY_2023,child,ACTIVE,scheme_guideline,India,47,327,49,49,13.1.12,,,,,,crop_insurance;documents;pmfby,
PMFBY_2023_SEC_13_1_13,PMFBY_2023,child,ACTIVE,scheme_guideline,India,40,274,49,49,13.1.13,,,,,,crop_insurance;pmfby;premium,
PMFBY_2023_SEC_13_1_14,PMFBY_2023,child,ACTIVE,scheme_guideline,India,132,826,50,50,13.1.14,,,,,,crop_insurance;pmfby;premium;timeline,
PMFBY_2023_SEC_14,PMFBY_2023,parent,REFERENCE_ONLY,scheme_guideline,India,5,38,50,50,14,,,,,Budget for Administrative Expenses,crop_insurance;pmfby,SHORT_CONTEXT_PARENT
PMFBY_2023_SEC_14_1,PMFBY_2023,child,ACTIVE,scheme_guideline,India,84,614,50,50,14.1,,,,,Budget for Administrative Expenses,crop_insurance;crop_loss;pmfby,
PMFBY_2023_SEC_14_2,PMFBY_2023,child,ACTIVE,scheme_guideline,India,46,353,50,50,14.2,,,,,Budget for Administrative Expenses,crop_insurance;pmfby,
PMFBY_2023_SEC_15,PMFBY_2023,parent,REFERENCE_ONLY,scheme_guideline,India,9,58,50,51,15,,,,,Central Program Management Unit (CPMU) & State Program,crop_insurance;management;pmfby,SHORT_CONTEXT_PARENT
PMFBY_2023_SEC_15_1,PMFBY_2023,child,ACTIVE,scheme_guideline,India,67,494,50,50,15.1,,,,,Central Program Management Unit (CPMU) & State Program,crop_insurance;management;pmfby,
PMFBY_2023_SEC_15_2,PMFBY_2023,child,ACTIVE,scheme_guideline,India,127,795,50,50,15.2,,,,,Central Program Management Unit (CPMU) & State Program,crop_insurance;management;pmfby;premium,
PMFBY_2023_SEC_15_3,PMFBY_2023,child,ACTIVE,scheme_guideline,India,107,737,50,51,15.3,,,,,Central Program Management Unit (CPMU) & State Program,crop_insurance;management;pmfby;premium,
PMFBY_2023_SEC_15_4,PMFBY_2023,child,ACTIVE,scheme_guideline,India,121,799,51,51,15.4,,,,,Central Program Management Unit (CPMU) & State Program,crop_insurance;management;pmfby,
PMFBY_2023_SEC_15_5,PMFBY_2023,child,ACTIVE,scheme_guideline,India,141,1015,51,51,15.5,,,,,Central Program Management Unit (CPMU) & State Program,crop_insurance;management;pmfby,
PMFBY_2023_SEC_16,PMFBY_2023,parent,REFERENCE_ONLY,scheme_guideline,India,3,26,51,59,16,,,,,Seasonality Discipline,crop_insurance;pmfby,SHORT_CONTEXT_PARENT
PMFBY_2023_SEC_16_1,PMFBY_2023,child,ACTIVE,scheme_guideline,India,149,987,51,52,16.1,,,,,Seasonality Discipline,crop_insurance;pmfby;premium,
PMFBY_2023_SEC_16_2,PMFBY_2023,child,ACTIVE,scheme_guideline,India,69,408,52,52,16.2,,,,,Seasonality Discipline,crop_insurance;pmfby,
PMFBY_2023_SEC_16_3,PMFBY_2023,child,ACTIVE,scheme_guideline,India,61,390,52,52,16.3,,,,,Seasonality Discipline,crop_insurance;pmfby;premium,
PMFBY_2023_SEC_16_4,PMFBY_2023,child,REFERENCE_ONLY,scheme_guideline,India,2475,16021,52,57,16.4,,,,,Seasonality Discipline,claim;complaint;crop_insurance;crop_loss;documents;meetings;pacs;pmfby;premium;registration;reporting;timeline,LONG_CHUNK_NO_SAFE_SPLIT;TABLE_REVIEW
PMFBY_2023_SEC_16_5,PMFBY_2023,child,ACTIVE,scheme_guideline,India,125,721,57,57,16.5,,,,,Seasonality Discipline,crop_insurance;pmfby;premium;reporting,
PMFBY_2023_SEC_16_6,PMFBY_2023,child,ACTIVE,scheme_guideline,India,82,467,57,57,16.6,,,,,Seasonality Discipline,crop_insurance;pmfby,
PMFBY_2023_SEC_16_7,PMFBY_2023,child,ACTIVE,scheme_guideline,India,36,238,57,57,16.7,,,,,Seasonality Discipline,crop_insurance;pmfby,
PMFBY_2023_SEC_16_8,PMFBY_2023,child,ACTIVE,scheme_guideline,India,156,980,57,58,16.8,,,,,Seasonality Discipline,crop_insurance;crop_loss;eligibility;pmfby;premium,
PMFBY_2023_SEC_16_9,PMFBY_2023,child,ACTIVE,scheme_guideline,India,111,668,58,58,16.9,,,,,Seasonality Discipline,crop_insurance;pmfby;premium,
PMFBY_2023_SEC_16_10,PMFBY_2023,child,ACTIVE,scheme_guideline,India,100,609,58,58,16.10,,,,,Seasonality Discipline,crop_insurance;pmfby;premium,
PMFBY_2023_SEC_16_11,PMFBY_2023,child,ACTIVE,scheme_guideline,India,97,641,58,58,16.11,,,,,Seasonality Discipline,crop_insurance;pmfby;premium,
PMFBY_2023_SEC_16_12,PMFBY_2023,child,ACTIVE,scheme_guideline,India,113,727,58,58,16.12,,,,,Seasonality Discipline,claim;crop_insurance;eligibility;pmfby,
PMFBY_2023_SEC_16_13,PMFBY_2023,child,ACTIVE,scheme_guideline,India,161,967,58,59,16.13,,,,,Seasonality Discipline,claim;crop_insurance;pmfby;premium,
PMFBY_2023_SEC_16_14,PMFBY_2023,child,ACTIVE,scheme_guideline,India,135,896,59,59,16.14,,,,,Seasonality Discipline,claim;crop_insurance;management;pmfby;premium,
PMFBY_2023_SEC_16_15,PMFBY_2023,child,ACTIVE,scheme_guideline,India,60,378,59,59,16.15,,,,,Seasonality Discipline,crop_insurance;eligibility;pmfby,
PMFBY_2023_SEC_17,PMFBY_2023,parent,REFERENCE_ONLY,scheme_guideline,India,8,54,59,69,17,,,,,Collection of Applications and Premium from Farmers,crop_insurance;pmfby;premium,SHORT_CONTEXT_PARENT
PMFBY_2023_SEC_17_1,PMFBY_2023,child,ACTIVE,scheme_guideline,India,242,1718,59,59,17.1,,,,,Collection of Applications and Premium from Farmers,crop_insurance;pacs;pmfby;premium,
PMFBY_2023_SEC_17_2,PMFBY_2023,child,ACTIVE,scheme_guideline,India,139,877,59,60,17.2,,,,,Collection of Applications and Premium from Farmers,crop_insurance;eligibility;pmfby;premium,
PMFBY_2023_SEC_17_3,PMFBY_2023,child,ACTIVE,scheme_guideline,India,40,285,60,60,17.3,,,,,Collection of Applications and Premium from Farmers,crop_insurance;pacs;pmfby;premium,
PMFBY_2023_SEC_17_4,PMFBY_2023,child,ACTIVE,scheme_guideline,India,97,613,60,60,17.4,,,,,Collection of Applications and Premium from Farmers,crop_insurance;pmfby;premium,
PMFBY_2023_SEC_17_5,PMFBY_2023,child,ACTIVE,scheme_guideline,India,39,231,60,60,17.5,,,,,Collection of Applications and Premium from Farmers,crop_insurance;pmfby;premium,
PMFBY_2023_SEC_17_6,PMFBY_2023,parent,REFERENCE_ONLY,scheme_guideline,India,3,20,60,64,17.6,,,,,Collection of Applications and Premium from Farmers,crop_insurance;pmfby;premium,SHORT_CONTEXT_PARENT
PMFBY_2023_SEC_17_6_1,PMFBY_2023,child,ACTIVE,scheme_guideline,India,231,1461,60,60,17.6.1,,,,,Loanee Farmers:,crop_insurance;documents;eligibility;loans;pacs;pmfby;premium,
PMFBY_2023_SEC_17_6_2,PMFBY_2023,child,ACTIVE,scheme_guideline,India,228,1441,60,61,17.6.2,,,,,Loanee Farmers:,crop_insurance;eligibility;loans;pacs;pmfby;premium,
PMFBY_2023_SEC_17_6_3,PMFBY_2023,child,ACTIVE,scheme_guideline,India,147,984,61,61,17.6.3,,,,,Loanee Farmers:,computerization;crop_insurance;eligibility;loans;pacs;pmfby,
PMFBY_2023_SEC_17_6_4,PMFBY_2023,child,ACTIVE,scheme_guideline,India,55,386,61,61,17.6.4,,,,,Loanee Farmers:,crop_insurance;documents;pmfby;reporting,
PMFBY_2023_SEC_17_6_5,PMFBY_2023,child,ACTIVE,scheme_guideline,India,88,590,61,61,17.6.5,,,,,Loanee Farmers:,crop_insurance;eligibility;pmfby;premium,
PMFBY_2023_SEC_17_6_6,PMFBY_2023,child,ACTIVE,scheme_guideline,India,317,1789,61,62,17.6.6,,,,,Loanee Farmers:,crop_insurance;documents;loans;pmfby;premium,TABLE_REVIEW
PMFBY_2023_SEC_17_6_7,PMFBY_2023,child,ACTIVE,scheme_guideline,India,104,663,62,63,17.6.7,,,,,Loanee Farmers:,crop_insurance;loans;pmfby;premium,
PMFBY_2023_SEC_17_6_8,PMFBY_2023,child,ACTIVE,scheme_guideline,India,40,271,63,63,17.6.8,,,,,Loanee Farmers:,crop_insurance;pacs;pmfby;premium,
PMFBY_2023_SEC_17_6_9,PMFBY_2023,child,ACTIVE,scheme_guideline,India,55,354,63,63,17.6.9,,,,,Loanee Farmers:,crop_insurance;pmfby;premium,
PMFBY_2023_SEC_17_6_10,PMFBY_2023,child,ACTIVE,scheme_guideline,India,61,424,63,63,17.6.10,,,,,Loanee Farmers:,crop_insurance;pmfby,
PMFBY_2023_SEC_17_6_11,PMFBY_2023,child,ACTIVE,scheme_guideline,India,181,1192,63,63,17.6.11,,,,,Loanee Farmers:,complaint;crop_insurance;pmfby;premium,
PMFBY_2023_SEC_17_6_12,PMFBY_2023,child,ACTIVE,scheme_guideline,India,46,261,63,63,17.6.12,,,,,Loanee Farmers:,crop_insurance;eligibility;pmfby;premium,
PMFBY_2023_SEC_17_6_13,PMFBY_2023,child,ACTIVE,scheme_guideline,India,67,393,63,63,17.6.13,,,,,Loanee Farmers:,crop_insurance;pmfby,
PMFBY_2023_SEC_17_6_14,PMFBY_2023,child,ACTIVE,scheme_guideline,India,43,278,63,64,17.6.14,,,,,Loanee Farmers:,crop_insurance;loans;pmfby,
PMFBY_2023_SEC_17_6_15,PMFBY_2023,child,ACTIVE,scheme_guideline,India,88,555,64,64,17.6.15,,,,,Loanee Farmers:,claim;crop_insurance;eligibility;pmfby;premium,
PMFBY_2023_SEC_17_6_16,PMFBY_2023,child,ACTIVE,scheme_guideline,India,70,437,64,64,17.6.16,,,,,Loanee Farmers:,claim;crop_insurance;pacs;pmfby;timeline,
PMFBY_2023_SEC_17_6_17,PMFBY_2023,child,ACTIVE,scheme_guideline,India,22,140,64,64,17.6.17,,,,,Loanee Farmers:,crop_insurance;pmfby,
PMFBY_2023_SEC_17_7,PMFBY_2023,parent,REFERENCE_ONLY,scheme_guideline,India,9,64,64,65,17.7,,,,,Collection of Applications and Premium from Farmers,crop_insurance;pmfby;premium,SHORT_CONTEXT_PARENT
PMFBY_2023_SEC_17_7_1,PMFBY_2023,child,ACTIVE,scheme_guideline,India,59,376,64,64,17.7.1,,,,,Non-Loanee Farmers through Banks and other Channel Partners,crop_insurance;pmfby,
PMFBY_2023_SEC_17_7_2,PMFBY_2023,child,ACTIVE,scheme_guideline,India,38,238,64,64,17.7.2,,,,,Non-Loanee Farmers through Banks and other Channel Partners,crop_insurance;eligibility;pmfby,
PMFBY_2023_SEC_17_7_3,PMFBY_2023,child,ACTIVE,scheme_guideline,India,150,946,64,64,17.7.3,,,,,Non-Loanee Farmers through Banks and other Channel Partners,crop_insurance;documents;pacs;pmfby;premium,
PMFBY_2023_SEC_17_7_4,PMFBY_2023,child,ACTIVE,scheme_guideline,India,102,676,64,65,17.7.4,,,,,Non-Loanee Farmers through Banks and other Channel Partners,crop_insurance;documents;pmfby,
PMFBY_2023_SEC_17_7_5,PMFBY_2023,child,ACTIVE,scheme_guideline,India,144,1075,65,65,17.7.5,,,,,Non-Loanee Farmers through Banks and other Channel Partners,computerization;crop_insurance;documents;eligibility;pacs;pmfby;premium,
PMFBY_2023_SEC_17_7_6,PMFBY_2023,child,ACTIVE,scheme_guideline,India,94,632,65,65,17.7.6,,,,,Non-Loanee Farmers through Banks and other Channel Partners,crop_insurance;pmfby;premium,
PMFBY_2023_SEC_17_7_7,PMFBY_2023,child,ACTIVE,scheme_guideline,India,134,926,65,65,17.7.7,,,,,Non-Loanee Farmers through Banks and other Channel Partners,crop_insurance;pmfby;premium;timeline,
PMFBY_2023_SEC_17_7_8,PMFBY_2023,child,ACTIVE,scheme_guideline,India,75,471,65,65,17.7.8,,,,,Non-Loanee Farmers through Banks and other Channel Partners,claim;crop_insurance;pacs;pmfby;timeline,
PMFBY_2023_SEC_17_7_9,PMFBY_2023,child,ACTIVE,scheme_guideline,India,22,139,65,65,17.7.9,,,,,Non-Loanee Farmers through Banks and other Channel Partners,crop_insurance;pmfby,
PMFBY_2023_SEC_17_7_10,PMFBY_2023,child,ACTIVE,scheme_guideline,India,29,202,65,65,17.7.10,,,,,Non-Loanee Farmers through Banks and other Channel Partners,crop_insurance;pmfby,
PMFBY_2023_SEC_17_8,PMFBY_2023,parent,REFERENCE_ONLY,scheme_guideline,India,12,79,66,66,17.8,,,,,Collection of Applications and Premium from Farmers,crop_insurance;pmfby;premium,SHORT_CONTEXT_PARENT
PMFBY_2023_SEC_17_8_1,PMFBY_2023,child,ACTIVE,scheme_guideline,India,26,195,66,66,17.8.1,,,,,,crop_insurance;documents;pmfby;premium,
PMFBY_2023_SEC_17_8_2,PMFBY_2023,child,ACTIVE,scheme_guideline,India,145,971,66,66,17.8.2,,,,,,crop_insurance;documents;pmfby;premium;reporting,
PMFBY_2023_SEC_17_8_3,PMFBY_2023,child,ACTIVE,scheme_guideline,India,116,711,66,66,17.8.3,,,,,,claim;crop_insurance;documents;pmfby;premium,
PMFBY_2023_SEC_17_8_4,PMFBY_2023,child,ACTIVE,scheme_guideline,India,81,536,66,66,17.8.4,,,,,,crop_insurance;documents;pmfby;premium;timeline,
PMFBY_2023_SEC_17_8_5,PMFBY_2023,child,ACTIVE,scheme_guideline,India,77,513,66,66,17.8.5,,,,,,claim;crop_insurance;pacs;pmfby;timeline,
PMFBY_2023_SEC_17_8_6,PMFBY_2023,child,ACTIVE,scheme_guideline,India,22,141,66,66,17.8.6,,,,,,crop_insurance;pmfby,
PMFBY_2023_SEC_17_9,PMFBY_2023,parent,REFERENCE_ONLY,scheme_guideline,India,10,49,66,67,17.9,,,,,Collection of Applications and Premium from Farmers,crop_insurance;pmfby;premium,SHORT_CONTEXT_PARENT
PMFBY_2023_SEC_17_9_1,PMFBY_2023,child,ACTIVE,scheme_guideline,India,175,1057,66,67,17.9.1,,,,,,crop_insurance;loans;pmfby;premium,
PMFBY_2023_SEC_17_9_2,PMFBY_2023,child,ACTIVE,scheme_guideline,India,128,813,67,67,17.9.2,,,,,,crop_insurance;pmfby;premium;reporting,
PMFBY_2023_SEC_17_10,PMFBY_2023,child,ACTIVE,scheme_guideline,India,190,1273,67,67,17.10,,,,,Collection of Applications and Premium from Farmers,claim;crop_insurance;eligibility;pacs;pmfby;premium,
PMFBY_2023_SEC_17_11,PMFBY_2023,child,ACTIVE,scheme_guideline,India,130,865,67,67,17.11,,,,,Collection of Applications and Premium from Farmers,crop_insurance;pacs;pmfby;premium,
PMFBY_2023_SEC_17_12,PMFBY_2023,child,ACTIVE,scheme_guideline,India,120,875,68,68,17.12,,,,,Collection of Applications and Premium from Farmers,crop_insurance;documents;pmfby;premium,
PMFBY_2023_SEC_17_13,PMFBY_2023,child,ACTIVE,scheme_guideline,India,202,1426,68,68,17.13,,,,,Collection of Applications and Premium from Farmers,crop_insurance;documents;eligibility;pacs;pmfby;premium;reporting;timeline,
PMFBY_2023_SEC_17_14,PMFBY_2023,child,ACTIVE,scheme_guideline,India,101,683,68,68,17.14,,,,,Collection of Applications and Premium from Farmers,crop_insurance;eligibility;pmfby;premium,
PMFBY_2023_SEC_17_15,PMFBY_2023,child,ACTIVE,scheme_guideline,India,119,860,68,69,17.15,,,,,Collection of Applications and Premium from Farmers,crop_insurance;pmfby;premium,
PMFBY_2023_SEC_17_16,PMFBY_2023,parent,REFERENCE_ONLY,scheme_guideline,India,37,248,69,69,17.16,,,,,Collection of Applications and Premium from Farmers,crop_insurance;pmfby;premium,
PMFBY_2023_SEC_17_16_1,PMFBY_2023,child,ACTIVE,scheme_guideline,India,13,84,69,69,17.16.1,,,,,,crop_insurance;loans;pmfby;premium,SHORT_COMPLETE_PROVISION
PMFBY_2023_SEC_17_16_2,PMFBY_2023,child,ACTIVE,scheme_guideline,India,19,96,69,69,17.16.2,,,,,,crop_insurance;pmfby,SHORT_COMPLETE_PROVISION
PMFBY_2023_SEC_17_16_3,PMFBY_2023,child,ACTIVE,scheme_guideline,India,17,99,69,69,17.16.3,,,,,,crop_insurance;pmfby,SHORT_COMPLETE_PROVISION
PMFBY_2023_SEC_17_16_4,PMFBY_2023,child,ACTIVE,scheme_guideline,India,11,68,69,69,17.16.4,,,,,,crop_insurance;pmfby,SHORT_COMPLETE_PROVISION
PMFBY_2023_SEC_17_16_5,PMFBY_2023,child,ACTIVE,scheme_guideline,India,13,71,69,69,17.16.5,,,,,,crop_insurance;pmfby,SHORT_COMPLETE_PROVISION
PMFBY_2023_SEC_17_16_6,PMFBY_2023,child,ACTIVE,scheme_guideline,India,19,128,69,69,17.16.6,,,,,,crop_insurance;pmfby,SHORT_COMPLETE_PROVISION
PMFBY_2023_SEC_17_16_7,PMFBY_2023,child,ACTIVE,scheme_guideline,India,24,141,69,69,17.16.7,,,,,,crop_insurance;eligibility;pmfby,
PMFBY_2023_SEC_17_16_8,PMFBY_2023,child,ACTIVE,scheme_guideline,India,19,107,69,69,17.16.8,,,,,,crop_insurance;pmfby,SHORT_COMPLETE_PROVISION
PMFBY_2023_SEC_17_17,PMFBY_2023,child,ACTIVE,scheme_guideline,India,24,153,69,69,17.17,,,,,Collection of Applications and Premium from Farmers,crop_insurance;pmfby;premium,
PMFBY_2023_SEC_17_18,PMFBY_2023,child,ACTIVE,scheme_guideline,India,106,738,69,69,17.18,,,,,Collection of Applications and Premium from Farmers,crop_insurance;pmfby;premium;reporting;timeline,
PMFBY_2023_SEC_17_19,PMFBY_2023,child,ACTIVE,scheme_guideline,India,83,564,69,69,17.19,,,,,Collection of Applications and Premium from Farmers,crop_insurance;pmfby;premium,
PMFBY_2023_SEC_17_20,PMFBY_2023,child,ACTIVE,scheme_guideline,India,22,124,69,69,17.20,,,,,Collection of Applications and Premium from Farmers,crop_insurance;pmfby;premium,
PMFBY_2023_SEC_18,PMFBY_2023,parent,REFERENCE_ONLY,scheme_guideline,India,8,42,69,75,18,,,,,Assessment of Loss / Shortfall in Yield,crop_insurance;pmfby,SHORT_CONTEXT_PARENT
PMFBY_2023_SEC_18_1,PMFBY_2023,child,ACTIVE,scheme_guideline,India,175,1085,70,70,18.1,,,,,Assessment of Loss / Shortfall in Yield,claim;crop_insurance;eligibility;pmfby,
PMFBY_2023_SEC_18_2,PMFBY_2023,child,ACTIVE,scheme_guideline,India,187,1142,70,70,18.2,,,,,Assessment of Loss / Shortfall in Yield,crop_insurance;crop_loss;pmfby,
PMFBY_2023_SEC_18_3,PMFBY_2023,child,ACTIVE,scheme_guideline,India,72,411,70,70,18.3,,,,,Assessment of Loss / Shortfall in Yield,crop_insurance;pmfby,
PMFBY_2023_SEC_18_4,PMFBY_2023,parent,REFERENCE_ONLY,scheme_guideline,India,39,268,70,71,18.4,,,,,Assessment of Loss / Shortfall in Yield,crop_insurance;pmfby,
PMFBY_2023_SEC_18_4_1,PMFBY_2023,child,ACTIVE,scheme_guideline,India,50,335,70,71,18.4.1,,,,,Smart Sampling Methodology for Crop Yield Estimation,crop_insurance;pmfby,
PMFBY_2023_SEC_18_5,PMFBY_2023,parent,REFERENCE_ONLY,scheme_guideline,India,8,62,71,75,18.5,,,,,Assessment of Loss / Shortfall in Yield,crop_insurance;pmfby,SHORT_CONTEXT_PARENT
PMFBY_2023_SEC_18_5_1,PMFBY_2023,child,ACTIVE,scheme_guideline,India,309,1915,71,71,18.5.1,,,,,Modalities for Conducting Crop Cutting Experiments (CCEs),crop_insurance;pmfby,
PMFBY_2023_SEC_18_5_2,PMFBY_2023,child,ACTIVE,scheme_guideline,India,44,292,71,71,18.5.2,,,,,Modalities for Conducting Crop Cutting Experiments (CCEs),crop_insurance;pmfby,
PMFBY_2023_SEC_18_5_3,PMFBY_2023,child,ACTIVE,scheme_guideline,India,129,835,71,71,18.5.3,,,,,Modalities for Conducting Crop Cutting Experiments (CCEs),crop_insurance;pmfby,
PMFBY_2023_SEC_18_5_4,PMFBY_2023,child,ACTIVE,scheme_guideline,India,72,429,72,72,18.5.4,,,,,Modalities for Conducting Crop Cutting Experiments (CCEs),crop_insurance;pmfby,
PMFBY_2023_SEC_18_5_5,PMFBY_2023,child,ACTIVE,scheme_guideline,India,57,348,72,72,18.5.5,,,,,Modalities for Conducting Crop Cutting Experiments (CCEs),crop_insurance;pmfby,
PMFBY_2023_SEC_18_5_6,PMFBY_2023,child,ACTIVE,scheme_guideline,India,30,209,72,72,18.5.6,,,,,Modalities for Conducting Crop Cutting Experiments (CCEs),crop_insurance;pmfby,
PMFBY_2023_SEC_18_5_7,PMFBY_2023,child,ACTIVE,scheme_guideline,India,23,129,72,72,18.5.7,,,,,Modalities for Conducting Crop Cutting Experiments (CCEs),crop_insurance;pmfby,
PMFBY_2023_SEC_18_5_8,PMFBY_2023,child,ACTIVE,scheme_guideline,India,36,217,72,72,18.5.8,,,,,Modalities for Conducting Crop Cutting Experiments (CCEs),crop_insurance;pmfby,
PMFBY_2023_SEC_18_5_9,PMFBY_2023,child,ACTIVE,scheme_guideline,India,53,339,72,72,18.5.9,,,,,Modalities for Conducting Crop Cutting Experiments (CCEs),crop_insurance;pmfby,
PMFBY_2023_SEC_18_5_10,PMFBY_2023,child,ACTIVE,scheme_guideline,India,82,544,72,72,18.5.10,,,,,Modalities for Conducting Crop Cutting Experiments (CCEs),crop_insurance;pmfby,
PMFBY_2023_SEC_18_5_11,PMFBY_2023,child,ACTIVE,scheme_guideline,India,396,2697,72,73,18.5.11,,,,,Modalities for Conducting Crop Cutting Experiments (CCEs),crop_insurance;pmfby,
PMFBY_2023_SEC_18_5_12,PMFBY_2023,child,ACTIVE,scheme_guideline,India,211,1337,73,73,18.5.12,,,,,Modalities for Conducting Crop Cutting Experiments (CCEs),crop_insurance;pmfby,
PMFBY_2023_SEC_18_5_13_1,PMFBY_2023,child,ACTIVE,scheme_guideline,India,99,666,73,74,18.5.13.1,,,,,Modalities for Conducting Crop Cutting Experiments (CCEs),crop_insurance;pmfby,
PMFBY_2023_SEC_18_5_13_2,PMFBY_2023,child,ACTIVE,scheme_guideline,India,38,225,74,74,18.5.13.2,,,,,Modalities for Conducting Crop Cutting Experiments (CCEs),crop_insurance;pmfby,
PMFBY_2023_SEC_18_5_13_3,PMFBY_2023,child,ACTIVE,scheme_guideline,India,49,318,74,74,18.5.13.3,,,,,Modalities for Conducting Crop Cutting Experiments (CCEs),crop_insurance;pmfby,
PMFBY_2023_SEC_340,PMFBY_2023,child,ACTIVE,scheme_guideline,India,258,1059,74,74,,,,,,An Example for Yield Calculation for multi-picking crop is mentioned in Table 5 below:,crop_insurance;pmfby,TABLE_REVIEW
PMFBY_2023_SEC_18_5_13_4,PMFBY_2023,child,ACTIVE,scheme_guideline,India,69,424,74,74,18.5.13.4,,,,,Modalities for Conducting Crop Cutting Experiments (CCEs),crop_insurance;pmfby,
PMFBY_2023_SEC_18_5_13_5,PMFBY_2023,child,ACTIVE,scheme_guideline,India,95,613,74,75,18.5.13.5,,,,,Modalities for Conducting Crop Cutting Experiments (CCEs),crop_insurance;pmfby,
PMFBY_2023_SEC_18_5_13_6,PMFBY_2023,child,ACTIVE,scheme_guideline,India,197,1213,75,75,18.5.13.6,,,,,Modalities for Conducting Crop Cutting Experiments (CCEs),crop_insurance;pmfby,
PMFBY_2023_SEC_18_5_13_7,PMFBY_2023,child,ACTIVE,scheme_guideline,India,140,956,75,75,18.5.13.7,,,,,Modalities for Conducting Crop Cutting Experiments (CCEs),crop_insurance;documents;pmfby,
PMFBY_2023_FORM_2,PMFBY_2023,child,ACTIVE,scheme_guideline,India,29,201,75,75,,,,,,"Form-2 etc. to the Insurance Companies, however, the State/UT should provide",crop_insurance;documents;pmfby,MULTIPLE_FORMS_REVIEW
PMFBY_2023_SEC_19,PMFBY_2023,parent,REFERENCE_ONLY,scheme_guideline,India,8,57,75,81,19,,,,,Dispute resolution regarding Yield Data/Crop Loss Data,crop_insurance;crop_loss;pmfby,SHORT_CONTEXT_PARENT
PMFBY_2023_SEC_19_1,PMFBY_2023,child,ACTIVE,scheme_guideline,India,36,232,75,75,19.1,,,,,Dispute resolution regarding Yield Data/Crop Loss Data,claim;crop_insurance;crop_loss;pmfby,
PMFBY_2023_SEC_19_2,PMFBY_2023,child,ACTIVE,scheme_guideline,India,353,2247,75,76,19.2,,,,,Dispute resolution regarding Yield Data/Crop Loss Data,appeal;crop_insurance;crop_loss;documents;meetings;pmfby;reporting;timeline,
PMFBY_2023_SEC_16_14_002,PMFBY_2023,child,ACTIVE,scheme_guideline,India,3,14,76,76,16.14,,,,,,crop_insurance;pmfby,SHORT_COMPLETE_PROVISION;STRUCTURE_UNCERTAIN
PMFBY_2023_SEC_19_3,PMFBY_2023,child,ACTIVE,scheme_guideline,India,124,927,77,77,19.3,,,,,Dispute resolution regarding Yield Data/Crop Loss Data,crop_insurance;crop_loss;pmfby,
PMFBY_2023_SEC_19_4,PMFBY_2023,child,ACTIVE,scheme_guideline,India,84,556,77,77,19.4,,,,,Dispute resolution regarding Yield Data/Crop Loss Data,crop_insurance;crop_loss;pmfby,
PMFBY_2023_SEC_19_5,PMFBY_2023,child,ACTIVE,scheme_guideline,India,88,620,77,77,19.5,,,,,Dispute resolution regarding Yield Data/Crop Loss Data,crop_insurance;crop_loss;pmfby,
PMFBY_2023_SEC_19_6,PMFBY_2023,child,ACTIVE,scheme_guideline,India,29,218,77,77,19.6,,,,,Dispute resolution regarding Yield Data/Crop Loss Data,crop_insurance;crop_loss;pmfby,
PMFBY_2023_SEC_19_7,PMFBY_2023,parent,REFERENCE_ONLY,scheme_guideline,India,13,68,77,81,19.7,,,,,Dispute resolution regarding Yield Data/Crop Loss Data,crop_insurance;crop_loss;pmfby,SHORT_CONTEXT_PARENT
PMFBY_2023_SEC_19_7_1,PMFBY_2023,child,ACTIVE,scheme_guideline,India,258,1557,77,78,19.7.1,,,,,,crop_insurance;documents;pmfby,
PMFBY_2023_SEC_19_7_2,PMFBY_2023,child,ACTIVE,scheme_guideline,India,60,406,78,78,19.7.2,,,,,,crop_insurance;pmfby,
PMFBY_2023_SEC_19_7_3,PMFBY_2023,child,ACTIVE,scheme_guideline,India,167,1047,78,78,19.7.3,,,,,,crop_insurance;crop_loss;pmfby,
PMFBY_2023_SEC_19_7_4,PMFBY_2023,child,ACTIVE,scheme_guideline,India,115,744,78,78,19.7.4,,,,,,crop_insurance;crop_loss;pmfby,
PMFBY_2023_SEC_19_7_5,PMFBY_2023,child,ACTIVE,scheme_guideline,India,44,229,79,79,19.7.5,,,,,,crop_insurance;pmfby,
PMFBY_2023_SEC_360,PMFBY_2023,child,ACTIVE,scheme_guideline,India,192,1326,79,79,,,,,,a) Statistical analysis of the yield assessment survey and/or CCE yield data:,crop_insurance;pmfby,
PMFBY_2023_SEC_0_25,PMFBY_2023,child,ACTIVE,scheme_guideline,India,28,167,79,79,0.25,,,,,,crop_insurance;pmfby,STRUCTURE_UNCERTAIN
PMFBY_2023_SEC_362,PMFBY_2023,child,ACTIVE,scheme_guideline,India,122,902,79,79,,,,,,c) Analysis of Long-term Yield Data: Analysis of previous 10 years' yield data (at,crop_insurance;pmfby,
PMFBY_2023_SEC_363,PMFBY_2023,child,ACTIVE,scheme_guideline,India,60,436,79,79,,,,,,"e) Analysis of Vegetation Index from Satellite Data: The vegetation indices, which",crop_insurance;pmfby,
PMFBY_2023_SEC_364,PMFBY_2023,parent,REFERENCE_ONLY,scheme_guideline,India,823,5081,79,81,,,,,,levels of analysis,crop_insurance;documents;pmfby,
PMFBY_2023_SEC_364_SUB_1,PMFBY_2023,child,ACTIVE,scheme_guideline,India,522,3190,79,80,,,,,,levels of analysis,crop_insurance;documents;pmfby,
PMFBY_2023_SEC_364_SUB_2,PMFBY_2023,child,ACTIVE,scheme_guideline,India,336,2095,80,81,,,,,,levels of analysis,crop_insurance;pmfby,
PMFBY_2023_SEC_19_7_6,PMFBY_2023,child,ACTIVE,scheme_guideline,India,33,200,81,81,19.7.6,,,,,,crop_insurance;pmfby,
PMFBY_2023_SEC_19_7_7,PMFBY_2023,child,ACTIVE,scheme_guideline,India,56,333,81,81,19.7.7,,,,,,crop_insurance;pmfby,
PMFBY_2023_SEC_19_7_8,PMFBY_2023,child,ACTIVE,scheme_guideline,India,48,306,81,81,19.7.8,,,,,,crop_insurance;pmfby,
PMFBY_2023_SEC_19_7_9,PMFBY_2023,child,ACTIVE,scheme_guideline,India,175,1159,81,81,19.7.9,,,,,,crop_insurance;crop_loss;pmfby,
PMFBY_2023_SEC_20,PMFBY_2023,parent,REFERENCE_ONLY,scheme_guideline,India,8,53,82,88,20,,,,,Use of Innovative Technologies in Yield Estimation,crop_insurance;pmfby,SHORT_CONTEXT_PARENT
PMFBY_2023_SEC_20_1,PMFBY_2023,parent,REFERENCE_ONLY,scheme_guideline,India,9,61,82,84,20.1,,,,,Use of Innovative Technologies in Yield Estimation,crop_insurance;pmfby,SHORT_CONTEXT_PARENT
PMFBY_2023_SEC_20_1_1,PMFBY_2023,child,ACTIVE,scheme_guideline,India,219,1441,82,82,20.1.1,,,,,Rationalization of CCEs - Smart Sampling Technique (SST),crop_insurance;pmfby,
PMFBY_2023_SEC_20_1_2,PMFBY_2023,parent,REFERENCE_ONLY,scheme_guideline,India,28,168,82,82,20.1.2,,,,,Rationalization of CCEs - Smart Sampling Technique (SST),crop_insurance;pmfby,
PMFBY_2023_SEC_20_1_2_1,PMFBY_2023,child,ACTIVE,scheme_guideline,India,119,784,82,82,20.1.2.1,,,,,,crop_insurance;pmfby,
PMFBY_2023_SEC_20_1_2_2,PMFBY_2023,child,ACTIVE,scheme_guideline,India,118,714,82,82,20.1.2.2,,,,,,crop_insurance;pmfby,
PMFBY_2023_SEC_20_1_3,PMFBY_2023,child,ACTIVE,scheme_guideline,India,190,1193,83,83,20.1.3,,,,,Rationalization of CCEs - Smart Sampling Technique (SST),crop_insurance;pmfby,
PMFBY_2023_SEC_20_1_4,PMFBY_2023,child,ACTIVE,scheme_guideline,India,98,644,83,83,20.1.4,,,,,Rationalization of CCEs - Smart Sampling Technique (SST),crop_insurance;pmfby,
PMFBY_2023_SEC_20_1_5,PMFBY_2023,child,ACTIVE,scheme_guideline,India,86,546,83,83,20.1.5,,,,,Rationalization of CCEs - Smart Sampling Technique (SST),crop_insurance;pmfby,
PMFBY_2023_SEC_20_1_6,PMFBY_2023,parent,REFERENCE_ONLY,scheme_guideline,India,42,259,83,84,20.1.6,,,,,Rationalization of CCEs - Smart Sampling Technique (SST),crop_insurance;pmfby,
PMFBY_2023_SEC_20_1_6_1,PMFBY_2023,child,ACTIVE,scheme_guideline,India,44,259,83,83,20.1.6.1,,,,,,crop_insurance;pmfby,
PMFBY_2023_SEC_20_1_6_2,PMFBY_2023,child,ACTIVE,scheme_guideline,India,42,284,83,83,20.1.6.2,,,,,,crop_insurance;pmfby,
PMFBY_2023_SEC_20_1_6_3,PMFBY_2023,child,ACTIVE,scheme_guideline,India,63,394,83,84,20.1.6.3,,,,,,crop_insurance;pmfby,
PMFBY_2023_SEC_20_1_6_4,PMFBY_2023,child,ACTIVE,scheme_guideline,India,44,262,84,84,20.1.6.4,,,,,,crop_insurance;pmfby,
PMFBY_2023_SEC_20_1_7,PMFBY_2023,child,ACTIVE,scheme_guideline,India,48,297,84,84,20.1.7,,,,,Rationalization of CCEs - Smart Sampling Technique (SST),crop_insurance;pmfby,
PMFBY_2023_SEC_20_2,PMFBY_2023,parent,REFERENCE_ONLY,scheme_guideline,India,6,47,84,86,20.2,,,,,Use of Innovative Technologies in Yield Estimation,crop_insurance;pmfby,SHORT_CONTEXT_PARENT
PMFBY_2023_SEC_20_2_1,PMFBY_2023,parent,REFERENCE_ONLY,scheme_guideline,India,8,61,84,85,20.2.1,,,,,Direct Yield Estimation through Technology,crop_insurance;pmfby,SHORT_CONTEXT_PARENT
PMFBY_2023_SEC_20_2_1_1,PMFBY_2023,child,ACTIVE,scheme_guideline,India,145,1022,84,84,20.2.1.1,,,,,Yield Estimation System Based on Technology (YES-TECH),claim;crop_insurance;pmfby,
PMFBY_2023_SEC_20_2_1_2,PMFBY_2023,child,ACTIVE,scheme_guideline,India,13,89,84,84,20.2.1.2,,,,,Yield Estimation System Based on Technology (YES-TECH),crop_insurance;pmfby,SHORT_COMPLETE_PROVISION
PMFBY_2023_SEC_20_2_1_1_002,PMFBY_2023,child,ACTIVE,scheme_guideline,India,48,313,84,84,20.2.1.1,,,,,Yield Estimation System Based on Technology (YES-TECH),crop_insurance;pmfby,
PMFBY_2023_SEC_20_2_1_3,PMFBY_2023,child,ACTIVE,scheme_guideline,India,39,289,84,84,20.2.1.3,,,,,Yield Estimation System Based on Technology (YES-TECH),claim;crop_insurance;pmfby,
PMFBY_2023_SEC_20_2_1_4,PMFBY_2023,child,ACTIVE,scheme_guideline,India,30,166,84,84,20.2.1.4,,,,,Yield Estimation System Based on Technology (YES-TECH),crop_insurance;pmfby,
PMFBY_2023_SEC_20_2_1_5,PMFBY_2023,child,ACTIVE,scheme_guideline,India,69,474,84,84,20.2.1.5,,,,,Yield Estimation System Based on Technology (YES-TECH),crop_insurance;pmfby,
PMFBY_2023_SEC_20_2_1_6,PMFBY_2023,child,ACTIVE,scheme_guideline,India,40,259,85,85,20.2.1.6,,,,,Yield Estimation System Based on Technology (YES-TECH),crop_insurance;pmfby,
PMFBY_2023_SEC_20_2_1_7,PMFBY_2023,child,ACTIVE,scheme_guideline,India,70,359,85,85,20.2.1.7,,,,,Yield Estimation System Based on Technology (YES-TECH),crop_insurance;pmfby,
PMFBY_2023_SEC_20_2_1_8,PMFBY_2023,child,ACTIVE,scheme_guideline,India,136,906,85,85,20.2.1.8,,,,,Yield Estimation System Based on Technology (YES-TECH),crop_insurance;pmfby,
PMFBY_2023_SEC_20_2_1_9,PMFBY_2023,child,ACTIVE,scheme_guideline,India,83,484,85,85,20.2.1.9,,,,,Yield Estimation System Based on Technology (YES-TECH),crop_insurance;pmfby,TABLE_REVIEW
PMFBY_2023_SEC_20_2_2,PMFBY_2023,parent,REFERENCE_ONLY,scheme_guideline,India,10,72,85,86,20.2.2,,,,,Direct Yield Estimation through Technology,crop_insurance;pmfby,SHORT_CONTEXT_PARENT
PMFBY_2023_SEC_20_2_2_1,PMFBY_2023,child,ACTIVE,scheme_guideline,India,46,296,85,85,20.2.2.1,,,,,,crop_insurance;pmfby,
PMFBY_2023_SEC_20_2_2_2,PMFBY_2023,child,ACTIVE,scheme_guideline,India,42,240,85,85,20.2.2.2,,,,,,crop_insurance;pmfby,
PMFBY_2023_SEC_20_2_2_3,PMFBY_2023,child,ACTIVE,scheme_guideline,India,17,114,86,86,20.2.2.3,,,,,,crop_insurance;pmfby,SHORT_COMPLETE_PROVISION
PMFBY_2023_SEC_20_2_2_4,PMFBY_2023,child,ACTIVE,scheme_guideline,India,53,338,86,86,20.2.2.4,,,,,,crop_insurance;eligibility;pmfby,
PMFBY_2023_SEC_20_2_2_5,PMFBY_2023,child,ACTIVE,scheme_guideline,India,71,445,86,86,20.2.2.5,,,,,,crop_insurance;pmfby,
PMFBY_2023_SEC_20_2_2_6,PMFBY_2023,child,ACTIVE,scheme_guideline,India,17,109,86,86,20.2.2.6,,,,,,crop_insurance;pmfby,SHORT_COMPLETE_PROVISION
PMFBY_2023_SEC_20_3,PMFBY_2023,parent,REFERENCE_ONLY,scheme_guideline,India,11,68,86,86,20.3,,,,,Use of Innovative Technologies in Yield Estimation,crop_insurance;pmfby;reporting,SHORT_CONTEXT_PARENT
PMFBY_2023_SEC_20_3_1,PMFBY_2023,child,ACTIVE,scheme_guideline,India,97,585,86,86,20.3.1,,,,,,claim;crop_insurance;pmfby,
PMFBY_2023_SEC_20_3_2,PMFBY_2023,child,ACTIVE,scheme_guideline,India,227,1453,86,86,20.3.2,,,,,,claim;crop_insurance;meetings;pmfby;timeline,
PMFBY_2023_SEC_20_4,PMFBY_2023,parent,REFERENCE_ONLY,scheme_guideline,India,7,46,86,88,20.4,,,,,Use of Innovative Technologies in Yield Estimation,crop_insurance;pmfby,SHORT_CONTEXT_PARENT
PMFBY_2023_SEC_20_4_1,PMFBY_2023,child,ACTIVE,scheme_guideline,India,54,390,86,87,20.4.1,,,,,Fund for Innovation and Technology (FIAT),crop_insurance;meetings;pmfby,
PMFBY_2023_SEC_20_4_2,PMFBY_2023,child,ACTIVE,scheme_guideline,India,82,534,87,87,20.4.2,,,,,Fund for Innovation and Technology (FIAT),crop_insurance;pmfby;premium,
PMFBY_2023_SEC_20_4_3,PMFBY_2023,child,ACTIVE,scheme_guideline,India,127,901,87,87,20.4.3,,,,,Fund for Innovation and Technology (FIAT),crop_insurance;crop_loss;pmfby,
PMFBY_2023_SEC_20_4_4,PMFBY_2023,child,ACTIVE,scheme_guideline,India,267,1892,87,88,20.4.4,,,,,Fund for Innovation and Technology (FIAT),crop_insurance;management;pmfby,
PMFBY_2023_SEC_21,PMFBY_2023,parent,REFERENCE_ONLY,scheme_guideline,India,7,42,88,121,21,,,,,Assessment of Claims & Claim Settlement,claim;crop_insurance;pmfby,SHORT_CONTEXT_PARENT
PMFBY_2023_SEC_21_1,PMFBY_2023,child,ACTIVE,scheme_guideline,India,163,1077,88,88,21.1,,,,,Assessment of Claims & Claim Settlement,claim;crop_insurance;pmfby;premium,
PMFBY_2023_SEC_21_2,PMFBY_2023,parent,REFERENCE_ONLY,scheme_guideline,India,10,63,88,89,21.2,,,,,Assessment of Claims & Claim Settlement,claim;crop_insurance;pmfby,SHORT_CONTEXT_PARENT
PMFBY_2023_SEC_21_2_1,PMFBY_2023,child,ACTIVE,scheme_guideline,India,289,1634,88,89,21.2.1,,,,,,crop_insurance;pmfby,
PMFBY_2023_SEC_21_2_2,PMFBY_2023,child,ACTIVE,scheme_guideline,India,28,213,89,89,21.2.2,,,,,,crop_insurance;pmfby,
PMFBY_2023_SEC_21_3,PMFBY_2023,parent,REFERENCE_ONLY,scheme_guideline,India,7,70,89,95,21.3,,,,,Assessment of Claims & Claim Settlement,claim;crop_insurance;pmfby,SHORT_CONTEXT_PARENT
PMFBY_2023_SEC_21_3_1,PMFBY_2023,child,ACTIVE,scheme_guideline,India,104,574,89,89,21.3.1,,,,,Prevented/Failed Sowing and Prevented Planting/Germination Claims,crop_insurance;crop_loss;eligibility;pmfby;timeline,
PMFBY_2023_SEC_21_3_2_1,PMFBY_2023,child,ACTIVE,scheme_guideline,India,16,91,89,89,21.3.2.1,,,,,Prevented/Failed Sowing and Prevented Planting/Germination Claims,crop_insurance;pmfby,SHORT_COMPLETE_PROVISION
PMFBY_2023_SEC_21_3_2_2,PMFBY_2023,child,ACTIVE,scheme_guideline,India,72,454,89,89,21.3.2.2,,,,,Prevented/Failed Sowing and Prevented Planting/Germination Claims,crop_insurance;eligibility;pmfby,
PMFBY_2023_SEC_21_3_2_3,PMFBY_2023,child,ACTIVE,scheme_guideline,India,78,485,89,89,21.3.2.3,,,,,Prevented/Failed Sowing and Prevented Planting/Germination Claims,crop_insurance;eligibility;loans;pmfby;premium;timeline,
PMFBY_2023_SEC_21_3_2_4,PMFBY_2023,child,ACTIVE,scheme_guideline,India,61,394,89,89,21.3.2.4,,,,,Prevented/Failed Sowing and Prevented Planting/Germination Claims,crop_insurance;pmfby,
PMFBY_2023_SEC_21_3_2_5,PMFBY_2023,child,ACTIVE,scheme_guideline,India,117,822,89,90,21.3.2.5,,,,,Prevented/Failed Sowing and Prevented Planting/Germination Claims,claim;crop_insurance;crop_loss;eligibility;pmfby;reporting,
PMFBY_2023_SEC_21_3_2_6,PMFBY_2023,child,ACTIVE,scheme_guideline,India,54,332,90,90,21.3.2.6,,,,,Prevented/Failed Sowing and Prevented Planting/Germination Claims,crop_insurance;pmfby,
PMFBY_2023_SEC_21_3_2_7,PMFBY_2023,child,ACTIVE,scheme_guideline,India,106,655,90,90,21.3.2.7,,,,,Prevented/Failed Sowing and Prevented Planting/Germination Claims,crop_insurance;pmfby;premium;timeline,
PMFBY_2023_SEC_21_3_3,PMFBY_2023,child,ACTIVE,scheme_guideline,India,75,521,90,90,21.3.3,,,,,Prevented/Failed Sowing and Prevented Planting/Germination Claims,crop_insurance;pmfby;reporting,
PMFBY_2023_SEC_21_3_4_1,PMFBY_2023,child,ACTIVE,scheme_guideline,India,69,420,90,90,21.3.4.1,,,,,Prevented/Failed Sowing and Prevented Planting/Germination Claims,crop_insurance;pmfby;timeline,
PMFBY_2023_SEC_21_3_4_2,PMFBY_2023,child,ACTIVE,scheme_guideline,India,124,834,90,90,21.3.4.2,,,,,Prevented/Failed Sowing and Prevented Planting/Germination Claims,crop_insurance;pmfby,
PMFBY_2023_SEC_21_3_4_3,PMFBY_2023,child,ACTIVE,scheme_guideline,India,137,864,90,91,21.3.4.3,,,,,Prevented/Failed Sowing and Prevented Planting/Germination Claims,crop_insurance;meetings;pmfby,
PMFBY_2023_SEC_21_3_4_4,PMFBY_2023,child,ACTIVE,scheme_guideline,India,48,344,91,91,21.3.4.4,,,,,Prevented/Failed Sowing and Prevented Planting/Germination Claims,crop_insurance;eligibility;pmfby,
PMFBY_2023_SEC_21_3_4_5,PMFBY_2023,child,ACTIVE,scheme_guideline,India,40,298,91,91,21.3.4.5,,,,,Prevented/Failed Sowing and Prevented Planting/Germination Claims,claim;crop_insurance;pmfby,
PMFBY_2023_SEC_21_3_4_6,PMFBY_2023,child,ACTIVE,scheme_guideline,India,53,329,91,91,21.3.4.6,,,,,Prevented/Failed Sowing and Prevented Planting/Germination Claims,crop_insurance;crop_loss;pmfby,
PMFBY_2023_SEC_21_3_4_7,PMFBY_2023,child,ACTIVE,scheme_guideline,India,31,207,91,91,21.3.4.7,,,,,Prevented/Failed Sowing and Prevented Planting/Germination Claims,crop_insurance;pmfby,
PMFBY_2023_SEC_21_3_5_1,PMFBY_2023,child,ACTIVE,scheme_guideline,India,45,267,91,91,21.3.5.1,,,,,Prevented/Failed Sowing and Prevented Planting/Germination Claims,crop_insurance;pmfby,
PMFBY_2023_SEC_21_3_5_2,PMFBY_2023,child,ACTIVE,scheme_guideline,India,22,152,91,91,21.3.5.2,,,,,Prevented/Failed Sowing and Prevented Planting/Germination Claims,crop_insurance;eligibility;loans;pmfby;premium,
PMFBY_2023_SEC_21_3_5_3,PMFBY_2023,child,ACTIVE,scheme_guideline,India,113,660,91,91,21.3.5.3,,,,,Prevented/Failed Sowing and Prevented Planting/Germination Claims,crop_insurance;pmfby;premium;timeline,
PMFBY_2023_SEC_21_3_5_4,PMFBY_2023,child,ACTIVE,scheme_guideline,India,22,141,91,91,21.3.5.4,,,,,Prevented/Failed Sowing and Prevented Planting/Germination Claims,crop_insurance;pmfby;timeline,
PMFBY_2023_SEC_21_3_5_5,PMFBY_2023,child,ACTIVE,scheme_guideline,India,35,216,91,91,21.3.5.5,,,,,Prevented/Failed Sowing and Prevented Planting/Germination Claims,crop_insurance;pmfby;premium,
PMFBY_2023_SEC_21_3_5_6,PMFBY_2023,child,ACTIVE,scheme_guideline,India,53,297,91,92,21.3.5.6,,,,,Prevented/Failed Sowing and Prevented Planting/Germination Claims,crop_insurance;eligibility;pmfby,
PMFBY_2023_SEC_21_3_5_7,PMFBY_2023,child,ACTIVE,scheme_guideline,India,21,126,92,92,21.3.5.7,,,,,Prevented/Failed Sowing and Prevented Planting/Germination Claims,crop_insurance;pmfby,
PMFBY_2023_SEC_21_3_5_8,PMFBY_2023,child,ACTIVE,scheme_guideline,India,26,156,92,92,21.3.5.8,,,,,Prevented/Failed Sowing and Prevented Planting/Germination Claims,crop_insurance;pmfby,
PMFBY_2023_SEC_21_3_5_9,PMFBY_2023,child,ACTIVE,scheme_guideline,India,46,298,92,92,21.3.5.9,,,,,Prevented/Failed Sowing and Prevented Planting/Germination Claims,crop_insurance;eligibility;pmfby;premium;reporting;timeline,
PMFBY_2023_SEC_21_3_5_10,PMFBY_2023,child,ACTIVE,scheme_guideline,India,88,489,92,92,21.3.5.10,,,,,Prevented/Failed Sowing and Prevented Planting/Germination Claims,crop_insurance;pmfby,
PMFBY_2023_SEC_21_3_5_11,PMFBY_2023,child,REFERENCE_ONLY,scheme_guideline,India,1117,7236,92,95,21.3.5.11,,,,,Prevented/Failed Sowing and Prevented Planting/Germination Claims,appeal;crop_insurance;documents;eligibility;grievance;meetings;pmfby;premium;timeline,LONG_CHUNK_NO_SAFE_SPLIT;TABLE_REVIEW
PMFBY_2023_SEC_21_4,PMFBY_2023,parent,REFERENCE_ONLY,scheme_guideline,India,9,61,95,102,21.4,,,,,Assessment of Claims & Claim Settlement,claim;crop_insurance;pmfby,SHORT_CONTEXT_PARENT
PMFBY_2023_SEC_21_4_1,PMFBY_2023,child,ACTIVE,scheme_guideline,India,84,498,95,95,21.4.1,,,,,On-Account Payment of Claims due to Mid-Season Adversity,crop_insurance;eligibility;pmfby;timeline,
PMFBY_2023_SEC_21_4_2_1,PMFBY_2023,child,ACTIVE,scheme_guideline,India,17,102,95,95,21.4.2.1,,,,,On-Account Payment of Claims due to Mid-Season Adversity,crop_insurance;pmfby,SHORT_COMPLETE_PROVISION
PMFBY_2023_SEC_21_4_2_2,PMFBY_2023,child,ACTIVE,scheme_guideline,India,48,276,96,96,21.4.2.2,,,,,On-Account Payment of Claims due to Mid-Season Adversity,crop_insurance;eligibility;pmfby,
PMFBY_2023_SEC_21_4_2_3,PMFBY_2023,child,ACTIVE,scheme_guideline,India,48,293,96,96,21.4.2.3,,,,,On-Account Payment of Claims due to Mid-Season Adversity,crop_insurance;pmfby,
PMFBY_2023_SEC_21_4_2_4,PMFBY_2023,child,ACTIVE,scheme_guideline,India,104,741,96,96,21.4.2.4,,,,,On-Account Payment of Claims due to Mid-Season Adversity,claim;crop_insurance;pmfby;reporting,
PMFBY_2023_SEC_21_4_2_5,PMFBY_2023,child,ACTIVE,scheme_guideline,India,58,368,96,96,21.4.2.5,,,,,On-Account Payment of Claims due to Mid-Season Adversity,crop_insurance;pmfby,
PMFBY_2023_SEC_21_4_2_6,PMFBY_2023,child,ACTIVE,scheme_guideline,India,73,431,96,96,21.4.2.6,,,,,On-Account Payment of Claims due to Mid-Season Adversity,crop_insurance;eligibility;loans;pmfby;premium;timeline,
PMFBY_2023_SEC_21_4_2_7,PMFBY_2023,child,ACTIVE,scheme_guideline,India,25,158,96,96,21.4.2.7,,,,,On-Account Payment of Claims due to Mid-Season Adversity,crop_insurance;pmfby,
PMFBY_2023_SEC_21_4_2_8,PMFBY_2023,child,ACTIVE,scheme_guideline,India,93,592,96,96,21.4.2.8,,,,,On-Account Payment of Claims due to Mid-Season Adversity,crop_insurance;pmfby;timeline,
PMFBY_2023_SEC_21_4_2_9,PMFBY_2023,child,ACTIVE,scheme_guideline,India,51,293,96,96,21.4.2.9,,,,,On-Account Payment of Claims due to Mid-Season Adversity,crop_insurance;pmfby,
PMFBY_2023_SEC_21_4_2_10,PMFBY_2023,child,ACTIVE,scheme_guideline,India,20,117,96,96,21.4.2.10,,,,,On-Account Payment of Claims due to Mid-Season Adversity,crop_insurance;pmfby,
PMFBY_2023_SEC_21_4_2_11,PMFBY_2023,child,ACTIVE,scheme_guideline,India,47,312,97,97,21.4.2.11,,,,,On-Account Payment of Claims due to Mid-Season Adversity,claim;crop_insurance;crop_loss;pmfby,
PMFBY_2023_SEC_21_4_3,PMFBY_2023,child,ACTIVE,scheme_guideline,India,108,748,97,97,21.4.3,,,,,On-Account Payment of Claims due to Mid-Season Adversity,crop_insurance;pmfby;reporting,
PMFBY_2023_SEC_21_4_4_1,PMFBY_2023,child,ACTIVE,scheme_guideline,India,42,260,97,97,21.4.4.1,,,,,On-Account Payment of Claims due to Mid-Season Adversity,crop_insurance;crop_loss;pmfby,
PMFBY_2023_SEC_21_4_4_2,PMFBY_2023,child,ACTIVE,scheme_guideline,India,199,1267,97,97,21.4.4.2,,,,,On-Account Payment of Claims due to Mid-Season Adversity,crop_insurance;meetings;pmfby,
PMFBY_2023_SEC_21_4_4_3,PMFBY_2023,child,ACTIVE,scheme_guideline,India,54,403,97,97,21.4.4.3,,,,,On-Account Payment of Claims due to Mid-Season Adversity,crop_insurance;eligibility;pmfby,
PMFBY_2023_SEC_21_4_4_4,PMFBY_2023,child,ACTIVE,scheme_guideline,India,69,414,97,97,21.4.4.4,,,,,On-Account Payment of Claims due to Mid-Season Adversity,crop_insurance;pmfby;timeline,
PMFBY_2023_SEC_21_4_4_5,PMFBY_2023,child,ACTIVE,scheme_guideline,India,52,336,97,98,21.4.4.5,,,,,On-Account Payment of Claims due to Mid-Season Adversity,crop_insurance;pmfby,
PMFBY_2023_SEC_21_4_4_6,PMFBY_2023,child,ACTIVE,scheme_guideline,India,28,187,98,98,21.4.4.6,,,,,On-Account Payment of Claims due to Mid-Season Adversity,crop_insurance;pmfby,
PMFBY_2023_SEC_21_4_4_7,PMFBY_2023,child,ACTIVE,scheme_guideline,India,75,452,98,98,21.4.4.7,,,,,On-Account Payment of Claims due to Mid-Season Adversity,crop_insurance;crop_loss;pmfby;timeline,
PMFBY_2023_SEC_21_4_4_8,PMFBY_2023,child,ACTIVE,scheme_guideline,India,40,248,98,98,21.4.4.8,,,,,On-Account Payment of Claims due to Mid-Season Adversity,crop_insurance;pmfby,
PMFBY_2023_SEC_21_4_4_9,PMFBY_2023,child,ACTIVE,scheme_guideline,India,31,210,98,98,21.4.4.9,,,,,On-Account Payment of Claims due to Mid-Season Adversity,crop_insurance;pmfby,
PMFBY_2023_SEC_21_4_5_1,PMFBY_2023,child,ACTIVE,scheme_guideline,India,46,304,98,98,21.4.5.1,,,,,On-Account Payment of Claims due to Mid-Season Adversity,crop_insurance;pmfby;timeline,
PMFBY_2023_SEC_21_4_5_2,PMFBY_2023,child,ACTIVE,scheme_guideline,India,51,307,98,98,21.4.5.2,,,,,On-Account Payment of Claims due to Mid-Season Adversity,crop_insurance;eligibility;pmfby;timeline,
PMFBY_2023_SEC_21_4_5_3,PMFBY_2023,child,ACTIVE,scheme_guideline,India,28,187,98,98,21.4.5.3,,,,,On-Account Payment of Claims due to Mid-Season Adversity,crop_insurance;pmfby,
PMFBY_2023_SEC_21_4_5_4,PMFBY_2023,child,ACTIVE,scheme_guideline,India,43,319,98,98,21.4.5.4,,,,,On-Account Payment of Claims due to Mid-Season Adversity,claim;crop_insurance;pmfby,
PMFBY_2023_SEC_21_4_6_1,PMFBY_2023,child,ACTIVE,scheme_guideline,India,26,165,98,98,21.4.6.1,,,,,On-Account Payment of Claims due to Mid-Season Adversity,crop_insurance;eligibility;loans;pmfby;premium,
PMFBY_2023_SEC_21_4_6_2,PMFBY_2023,child,ACTIVE,scheme_guideline,India,34,203,99,99,21.4.6.2,,,,,On-Account Payment of Claims due to Mid-Season Adversity,crop_insurance;pmfby;premium,
PMFBY_2023_SEC_21_4_6_3,PMFBY_2023,child,ACTIVE,scheme_guideline,India,35,235,99,99,21.4.6.3,,,,,On-Account Payment of Claims due to Mid-Season Adversity,crop_insurance;eligibility;pmfby,
PMFBY_2023_SEC_21_4_6_4,PMFBY_2023,child,ACTIVE,scheme_guideline,India,15,96,99,99,21.4.6.4,,,,,On-Account Payment of Claims due to Mid-Season Adversity,crop_insurance;pmfby,SHORT_COMPLETE_PROVISION
PMFBY_2023_SEC_21_4_6_5,PMFBY_2023,child,ACTIVE,scheme_guideline,India,201,1185,99,99,21.4.6.5,,,,,On-Account Payment of Claims due to Mid-Season Adversity,crop_insurance;pmfby;premium;reporting;timeline,
PMFBY_2023_SEC_21_4_6_6,PMFBY_2023,child,ACTIVE,scheme_guideline,India,886,5662,99,102,21.4.6.6,,,,,On-Account Payment of Claims due to Mid-Season Adversity,appeal;crop_insurance;eligibility;grievance;meetings;pmfby;timeline,TABLE_REVIEW
PMFBY_2023_SEC_21_5,PMFBY_2023,parent,REFERENCE_ONLY,scheme_guideline,India,3,23,102,109,21.5,,,,,Assessment of Claims & Claim Settlement,claim;crop_insurance;pmfby,SHORT_CONTEXT_PARENT
PMFBY_2023_SEC_21_5_1,PMFBY_2023,child,ACTIVE,scheme_guideline,India,45,285,102,102,21.5.1,,,,,Localized Calamity,crop_insurance;crop_loss;pmfby,
PMFBY_2023_SEC_21_5_2,PMFBY_2023,child,ACTIVE,scheme_guideline,India,65,372,102,102,21.5.2,,,,,Localized Calamity,crop_insurance;crop_loss;pmfby,
PMFBY_2023_SEC_21_5_3,PMFBY_2023,child,ACTIVE,scheme_guideline,India,87,548,102,102,21.5.3,,,,,Localized Calamity,crop_insurance;documents;eligibility;pmfby,
PMFBY_2023_SEC_21_5_4_1,PMFBY_2023,child,ACTIVE,scheme_guideline,India,17,102,102,102,21.5.4.1,,,,,Localized Calamity,crop_insurance;pmfby,SHORT_COMPLETE_PROVISION
PMFBY_2023_SEC_21_5_4_2,PMFBY_2023,child,ACTIVE,scheme_guideline,India,28,173,102,102,21.5.4.2,,,,,Localized Calamity,crop_insurance;pmfby,
PMFBY_2023_SEC_21_5_4_3,PMFBY_2023,child,ACTIVE,scheme_guideline,India,37,244,102,102,21.5.4.3,,,,,Localized Calamity,crop_insurance;eligibility;pmfby,
PMFBY_2023_SEC_21_5_4_4,PMFBY_2023,child,ACTIVE,scheme_guideline,India,34,206,102,102,21.5.4.4,,,,,Localized Calamity,crop_insurance;eligibility;pmfby;premium,
PMFBY_2023_SEC_21_5_4_5,PMFBY_2023,child,ACTIVE,scheme_guideline,India,51,293,102,102,21.5.4.5,,,,,Localized Calamity,crop_insurance;pmfby,
PMFBY_2023_SEC_21_5_4_6,PMFBY_2023,child,ACTIVE,scheme_guideline,India,20,116,102,102,21.5.4.6,,,,,Localized Calamity,crop_insurance;pmfby,
PMFBY_2023_SEC_21_5_4_7,PMFBY_2023,child,ACTIVE,scheme_guideline,India,47,311,102,103,21.5.4.7,,,,,Localized Calamity,claim;crop_insurance;crop_loss;pmfby,
PMFBY_2023_SEC_21_5_4_8,PMFBY_2023,child,ACTIVE,scheme_guideline,India,68,514,103,103,21.5.4.8,,,,,Localized Calamity,crop_insurance;pmfby,
PMFBY_2023_SEC_21_5_5_1,PMFBY_2023,child,ACTIVE,scheme_guideline,India,8,53,103,103,21.5.5.1,,,,,Localized Calamity,crop_insurance;pmfby;reporting,SHORT_COMPLETE_PROVISION
PMFBY_2023_SEC_490,PMFBY_2023,child,ACTIVE,scheme_guideline,India,48,302,103,103,,,,,,A. The State/UT Government shall define the period during which the crop is in,crop_insurance;pmfby,
PMFBY_2023_SEC_21_5_5_4,PMFBY_2023,child,ACTIVE,scheme_guideline,India,16,99,103,103,21.5.5.4,,,,,Localized Calamity,crop_insurance;pmfby;reporting,SHORT_COMPLETE_PROVISION
PMFBY_2023_SEC_492,PMFBY_2023,child,ACTIVE,scheme_guideline,India,59,377,103,103,,,,,,"C. Intimation must contain details of insured farmer's name, affected survey number-",crop_insurance;pmfby;reporting,
PMFBY_2023_SEC_493,PMFBY_2023,child,ACTIVE,scheme_guideline,India,38,208,103,103,,,,,,"D. Premium payment veriﬁcation to be done from the portal and in case of need, may",crop_insurance;pmfby;premium;timeline,
PMFBY_2023_SEC_494,PMFBY_2023,child,ACTIVE,scheme_guideline,India,27,193,103,103,,,,,,E. Mobile application may be used for reporting incidence of localized calamities for,crop_insurance;pmfby;reporting,DUPLICATE_TEXT
PMFBY_2023_SEC_21_5_5_2,PMFBY_2023,child,ACTIVE,scheme_guideline,India,35,220,103,103,21.5.5.2,,,,,Localized Calamity,crop_insurance;pmfby,
PMFBY_2023_SEC_21_5_5_3,PMFBY_2023,child,ACTIVE,scheme_guideline,India,37,251,103,103,21.5.5.3,,,,,Localized Calamity,crop_insurance;crop_loss;pmfby,
PMFBY_2023_SEC_21_5_5_4_002,PMFBY_2023,child,ACTIVE,scheme_guideline,India,136,910,103,104,21.5.5.4,,,,,Localized Calamity,crop_insurance;crop_loss;pmfby;premium;reporting,
PMFBY_2023_SEC_21_5_5_5,PMFBY_2023,child,ACTIVE,scheme_guideline,India,29,192,104,104,21.5.5.5,,,,,Localized Calamity,crop_insurance;pmfby;reporting,
PMFBY_2023_SEC_21_5_5_6,PMFBY_2023,child,ACTIVE,scheme_guideline,India,55,363,104,104,21.5.5.6,,,,,Localized Calamity,crop_insurance;documents;pmfby;reporting,
PMFBY_2023_SEC_21_5_6_1,PMFBY_2023,child,ACTIVE,scheme_guideline,India,73,453,104,104,21.5.6.1,,,,,Localized Calamity,crop_insurance;crop_loss;documents;pmfby;reporting;timeline,
PMFBY_2023_SEC_21_5_6_2,PMFBY_2023,child,ACTIVE,scheme_guideline,India,91,606,104,104,21.5.6.2,,,,,Localized Calamity,crop_insurance;documents;pmfby;reporting,
PMFBY_2023_SEC_21_5_6_3,PMFBY_2023,child,ACTIVE,scheme_guideline,India,43,285,104,104,21.5.6.3,,,,,Localized Calamity,crop_insurance;pmfby,
PMFBY_2023_SEC_21_5_7_1,PMFBY_2023,child,ACTIVE,scheme_guideline,India,100,710,104,104,21.5.7.1,,,,,Localized Calamity,crop_insurance;pmfby,
PMFBY_2023_SEC_21_5_7_2,PMFBY_2023,child,ACTIVE,scheme_guideline,India,24,164,104,104,21.5.7.2,,,,,Localized Calamity,crop_insurance;pmfby,
PMFBY_2023_SEC_21_5_7_3,PMFBY_2023,child,ACTIVE,scheme_guideline,India,599,3605,105,106,21.5.7.3,,,,,Localized Calamity,claim;crop_insurance;crop_loss;eligibility;pmfby;premium;reporting,
PMFBY_2023_SEC_506,PMFBY_2023,child,ACTIVE,scheme_guideline,India,40,264,106,106,,,,,,D. The tentative sample size would be as under:,crop_insurance;pmfby;reporting,TABLE_REVIEW
PMFBY_2023_SEC_21_5_9_1,PMFBY_2023,child,ACTIVE,scheme_guideline,India,25,165,106,106,21.5.9.1,,,,,Localized Calamity,crop_insurance;eligibility;loans;pmfby;premium,
PMFBY_2023_SEC_21_5_9_2,PMFBY_2023,child,ACTIVE,scheme_guideline,India,66,411,106,106,21.5.9.2,,,,,Localized Calamity,crop_insurance;eligibility;pmfby;premium;reporting,
PMFBY_2023_SEC_21_5_9_3,PMFBY_2023,child,ACTIVE,scheme_guideline,India,110,659,106,106,21.5.9.3,,,,,Localized Calamity,crop_insurance;eligibility;pmfby,
PMFBY_2023_SEC_21_5_9_4,PMFBY_2023,child,ACTIVE,scheme_guideline,India,119,824,106,106,21.5.9.4,,,,,Localized Calamity,claim;crop_insurance;eligibility;pmfby;reporting,
PMFBY_2023_SEC_21_5_9_5,PMFBY_2023,child,ACTIVE,scheme_guideline,India,54,334,106,106,21.5.9.5,,,,,Localized Calamity,crop_insurance;pmfby,
PMFBY_2023_SEC_21_5_9_6,PMFBY_2023,child,ACTIVE,scheme_guideline,India,34,206,106,106,21.5.9.6,,,,,Localized Calamity,crop_insurance;pmfby;premium,
PMFBY_2023_SEC_21_5_9_7,PMFBY_2023,child,ACTIVE,scheme_guideline,India,17,101,106,107,21.5.9.7,,,,,Localized Calamity,crop_insurance;pmfby;timeline,SHORT_COMPLETE_PROVISION
PMFBY_2023_SEC_21_5_9_8,PMFBY_2023,child,ACTIVE,scheme_guideline,India,33,200,107,107,21.5.9.8,,,,,Localized Calamity,crop_insurance;eligibility;pmfby;premium,
PMFBY_2023_SEC_21_5_10,PMFBY_2023,child,ACTIVE,scheme_guideline,India,629,3989,107,109,21.5.10,,,,,Localized Calamity,crop_insurance;crop_loss;loans;pacs;pmfby;reporting;timeline,TABLE_REVIEW
PMFBY_2023_SEC_516,PMFBY_2023,parent,REFERENCE_ONLY,scheme_guideline,India,647,4041,109,111,,,,,,Protocol for Area based Assessment: If affected area >25% of total insured Area:,appeal;crop_insurance;crop_loss;eligibility;grievance;meetings;pmfby;reporting;timeline,TABLE_REVIEW
PMFBY_2023_SEC_516_SUB_1,PMFBY_2023,child,ACTIVE,scheme_guideline,India,529,3422,109,111,,,,,,Protocol for Area based Assessment: If affected area >25% of total insured Area:,appeal;crop_insurance;crop_loss;eligibility;grievance;meetings;pmfby;reporting;timeline,TABLE_REVIEW
PMFBY_2023_SEC_516_SUB_2,PMFBY_2023,child,ACTIVE,scheme_guideline,India,192,1078,111,111,,,,,,Protocol for Area based Assessment: If affected area >25% of total insured Area:,crop_insurance;crop_loss;eligibility;pmfby;reporting;timeline,TABLE_REVIEW
PMFBY_2023_SEC_21_6,PMFBY_2023,parent,REFERENCE_ONLY,scheme_guideline,India,3,24,111,117,21.6,,,,,Assessment of Claims & Claim Settlement,claim;crop_insurance;pmfby,SHORT_CONTEXT_PARENT
PMFBY_2023_SEC_21_6_1,PMFBY_2023,child,ACTIVE,scheme_guideline,India,69,393,111,111,21.6.1,,,,,Post-Harvest Losses,crop_insurance;pmfby,
PMFBY_2023_SEC_21_6_2,PMFBY_2023,child,ACTIVE,scheme_guideline,India,38,252,111,111,21.6.2,,,,,Post-Harvest Losses,crop_insurance;crop_loss;pmfby,
PMFBY_2023_SEC_21_6_3,PMFBY_2023,child,ACTIVE,scheme_guideline,India,78,509,111,111,21.6.3,,,,,Post-Harvest Losses,crop_insurance;documents;eligibility;pmfby,
PMFBY_2023_SEC_21_6_4_1,PMFBY_2023,child,ACTIVE,scheme_guideline,India,17,102,111,111,21.6.4.1,,,,,Post-Harvest Losses,crop_insurance;pmfby,SHORT_COMPLETE_PROVISION
PMFBY_2023_SEC_21_6_4_2,PMFBY_2023,child,ACTIVE,scheme_guideline,India,29,187,111,111,21.6.4.2,,,,,Post-Harvest Losses,crop_insurance;pmfby,
PMFBY_2023_SEC_21_6_4_3,PMFBY_2023,child,ACTIVE,scheme_guideline,India,60,373,111,111,21.6.4.3,,,,,Post-Harvest Losses,crop_insurance;eligibility;pmfby;timeline,
PMFBY_2023_SEC_21_6_4_4,PMFBY_2023,child,ACTIVE,scheme_guideline,India,34,206,111,111,21.6.4.4,,,,,Post-Harvest Losses,crop_insurance;eligibility;pmfby;premium,
PMFBY_2023_SEC_21_6_4_5,PMFBY_2023,child,ACTIVE,scheme_guideline,India,46,259,112,112,21.6.4.5,,,,,Post-Harvest Losses,crop_insurance;pmfby,
PMFBY_2023_SEC_21_6_4_6,PMFBY_2023,child,ACTIVE,scheme_guideline,India,20,115,112,112,21.6.4.6,,,,,Post-Harvest Losses,crop_insurance;pmfby,
PMFBY_2023_SEC_21_6_5,PMFBY_2023,child,ACTIVE,scheme_guideline,India,62,456,112,112,21.6.5,,,,,Post-Harvest Losses,crop_insurance;pmfby,
PMFBY_2023_SEC_21_6_6,PMFBY_2023,parent,REFERENCE_ONLY,scheme_guideline,India,4,32,112,113,21.6.6,,,,,Post-Harvest Losses,crop_insurance;pmfby,SHORT_CONTEXT_PARENT
PMFBY_2023_SEC_21_6_6_1,PMFBY_2023,child,ACTIVE,scheme_guideline,India,80,546,112,112,21.6.6.1,,,,,Loss Assessment Procedure,crop_insurance;pmfby;reporting,
PMFBY_2023_SEC_21_6_6_4,PMFBY_2023,child,ACTIVE,scheme_guideline,India,123,775,112,112,21.6.6.4,,,,,Loss Assessment Procedure,crop_insurance;pmfby;premium;reporting;timeline,
PMFBY_2023_SEC_21_6_6_2,PMFBY_2023,child,ACTIVE,scheme_guideline,India,35,221,112,112,21.6.6.2,,,,,Loss Assessment Procedure,crop_insurance;pmfby,
PMFBY_2023_SEC_21_6_6_3,PMFBY_2023,child,ACTIVE,scheme_guideline,India,37,251,112,112,21.6.6.3,,,,,Loss Assessment Procedure,crop_insurance;crop_loss;pmfby,
PMFBY_2023_SEC_21_6_6_4_002,PMFBY_2023,child,ACTIVE,scheme_guideline,India,136,911,112,113,21.6.6.4,,,,,Loss Assessment Procedure,crop_insurance;crop_loss;pmfby;premium;reporting,
PMFBY_2023_SEC_21_6_6_5,PMFBY_2023,child,ACTIVE,scheme_guideline,India,30,203,113,113,21.6.6.5,,,,,Loss Assessment Procedure,crop_insurance;pmfby;reporting,
PMFBY_2023_SEC_21_6_6_6,PMFBY_2023,child,ACTIVE,scheme_guideline,India,55,363,113,113,21.6.6.6,,,,,Loss Assessment Procedure,crop_insurance;documents;pmfby;reporting,
PMFBY_2023_SEC_21_6_7_1,PMFBY_2023,child,ACTIVE,scheme_guideline,India,69,440,113,113,21.6.7.1,,,,,Post-Harvest Losses,crop_insurance;documents;pmfby;reporting,
PMFBY_2023_SEC_21_6_7_2,PMFBY_2023,child,ACTIVE,scheme_guideline,India,91,606,113,113,21.6.7.2,,,,,Post-Harvest Losses,crop_insurance;documents;pmfby;reporting,
PMFBY_2023_SEC_21_6_7_3,PMFBY_2023,child,ACTIVE,scheme_guideline,India,43,280,113,113,21.6.7.3,,,,,Post-Harvest Losses,crop_insurance;pmfby,
PMFBY_2023_SEC_21_6_8_1,PMFBY_2023,child,ACTIVE,scheme_guideline,India,93,678,113,113,21.6.8.1,,,,,Post-Harvest Losses,crop_insurance;pmfby,
PMFBY_2023_SEC_21_6_8_2,PMFBY_2023,child,ACTIVE,scheme_guideline,India,24,164,113,113,21.6.8.2,,,,,Post-Harvest Losses,crop_insurance;pmfby,
PMFBY_2023_SEC_21_6_8_3,PMFBY_2023,child,ACTIVE,scheme_guideline,India,612,3655,114,114,21.6.8.3,,,,,Post-Harvest Losses,claim;crop_insurance;crop_loss;eligibility;pmfby;premium;reporting,
PMFBY_2023_SEC_542,PMFBY_2023,child,ACTIVE,scheme_guideline,India,39,251,114,115,,,,,,I. The tentative sample size would be as under:,crop_insurance;pmfby;reporting,TABLE_REVIEW
PMFBY_2023_SEC_21_6_10_1,PMFBY_2023,child,ACTIVE,scheme_guideline,India,25,166,115,115,21.6.10.1,,,,,Post-Harvest Losses,crop_insurance;eligibility;loans;pmfby;premium,
PMFBY_2023_SEC_21_6_10_2,PMFBY_2023,child,ACTIVE,scheme_guideline,India,67,408,115,115,21.6.10.2,,,,,Post-Harvest Losses,crop_insurance;eligibility;pmfby;premium;reporting,
PMFBY_2023_SEC_21_6_10_3,PMFBY_2023,child,ACTIVE,scheme_guideline,India,109,654,115,115,21.6.10.3,,,,,Post-Harvest Losses,crop_insurance;eligibility;pmfby,
PMFBY_2023_SEC_21_6_10_4,PMFBY_2023,child,ACTIVE,scheme_guideline,India,122,833,115,115,21.6.10.4,,,,,Post-Harvest Losses,claim;crop_insurance;eligibility;pmfby;reporting,
PMFBY_2023_SEC_21_6_10_5,PMFBY_2023,child,ACTIVE,scheme_guideline,India,60,366,115,115,21.6.10.5,,,,,Post-Harvest Losses,crop_insurance;pmfby,
PMFBY_2023_SEC_21_6_10_6,PMFBY_2023,child,ACTIVE,scheme_guideline,India,35,212,115,115,21.6.10.6,,,,,Post-Harvest Losses,crop_insurance;pmfby;premium,
PMFBY_2023_SEC_21_6_10_7,PMFBY_2023,child,ACTIVE,scheme_guideline,India,21,126,115,115,21.6.10.7,,,,,Post-Harvest Losses,crop_insurance;pmfby;timeline,
PMFBY_2023_SEC_21_6_10_8,PMFBY_2023,child,ACTIVE,scheme_guideline,India,636,4044,115,117,21.6.10.8,,,,,Post-Harvest Losses,crop_insurance;crop_loss;eligibility;loans;pacs;pmfby;premium;reporting;timeline,TABLE_REVIEW
PMFBY_2023_SEC_551,PMFBY_2023,child,ACTIVE,scheme_guideline,India,387,2514,117,118,,,,,,Sl. No. Action required to be taken Action to be taken by Schedule for taking action,appeal;claim;crop_insurance;eligibility;grievance;meetings;pmfby;timeline,TABLE_REVIEW
PMFBY_2023_SEC_552,PMFBY_2023,child,ACTIVE,scheme_guideline,India,196,1097,119,119,,,,,,Sl. No. Action required to be taken Action to be taken by Schedule for taking action,crop_insurance;crop_loss;eligibility;pmfby;reporting;timeline,TABLE_REVIEW
PMFBY_2023_SEC_21_7,PMFBY_2023,parent,REFERENCE_ONLY,scheme_guideline,India,11,74,119,121,21.7,,,,,Assessment of Claims & Claim Settlement,claim;crop_insurance;pmfby,SHORT_CONTEXT_PARENT
PMFBY_2023_SEC_21_7_1,PMFBY_2023,child,ACTIVE,scheme_guideline,India,65,442,119,119,21.7.1,,,,,,claim;crop_insurance;pmfby,
PMFBY_2023_SEC_21_7_2,PMFBY_2023,child,ACTIVE,scheme_guideline,India,57,393,119,119,21.7.2,,,,,,crop_insurance;pmfby,
PMFBY_2023_SEC_21_7_3,PMFBY_2023,child,ACTIVE,scheme_guideline,India,70,442,119,119,21.7.3,,,,,,claim;crop_insurance;pmfby,
PMFBY_2023_SEC_21_7_4,PMFBY_2023,child,ACTIVE,scheme_guideline,India,104,691,119,120,21.7.4,,,,,,crop_insurance;pmfby,
PMFBY_2023_SEC_21_7_5,PMFBY_2023,child,ACTIVE,scheme_guideline,India,97,669,120,120,21.7.5,,,,,,crop_insurance;pmfby,
PMFBY_2023_SEC_21_7_6,PMFBY_2023,child,ACTIVE,scheme_guideline,India,60,382,120,120,21.7.6,,,,,,claim;crop_insurance;pmfby,
PMFBY_2023_SEC_21_7_7,PMFBY_2023,child,ACTIVE,scheme_guideline,India,102,649,120,120,21.7.7,,,,,,claim;crop_insurance;eligibility;pmfby,
PMFBY_2023_SEC_21_7_8,PMFBY_2023,child,ACTIVE,scheme_guideline,India,6,59,121,121,21.7.8,,,,,,claim;crop_insurance;pmfby,SHORT_COMPLETE_PROVISION
PMFBY_2023_SEC_562,PMFBY_2023,child,ACTIVE,scheme_guideline,India,219,1416,121,121,,,,,,Claim Reported,crop_insurance;pmfby;reporting,TABLE_REVIEW
PMFBY_2023_SEC_563,PMFBY_2023,child,ACTIVE,scheme_guideline,India,21,133,121,121,,,,,,Season ends,crop_insurance;pmfby,
PMFBY_2023_SEC_22,PMFBY_2023,parent,REFERENCE_ONLY,scheme_guideline,India,11,82,121,122,22,,,,,Participation of Loss Assessors/Evaluators for Loss Assessment,crop_insurance;pmfby,SHORT_CONTEXT_PARENT
PMFBY_2023_SEC_22_1,PMFBY_2023,parent,REFERENCE_ONLY,scheme_guideline,India,3,25,121,122,22.1,,,,,Participation of Loss Assessors/Evaluators for Loss Assessment,crop_insurance;pmfby,SHORT_CONTEXT_PARENT
PMFBY_2023_SEC_22_1_1,PMFBY_2023,child,ACTIVE,scheme_guideline,India,62,433,121,122,22.1.1,,,,,Empanelment Criteria,crop_insurance;crop_loss;pmfby,
PMFBY_2023_SEC_22_1_2,PMFBY_2023,child,ACTIVE,scheme_guideline,India,57,377,122,122,22.1.2,,,,,Empanelment Criteria,crop_insurance;pmfby,
PMFBY_2023_SEC_22_1_3,PMFBY_2023,child,ACTIVE,scheme_guideline,India,58,382,122,122,22.1.3,,,,,Empanelment Criteria,crop_insurance;pmfby,
PMFBY_2023_SEC_22_1_4,PMFBY_2023,child,ACTIVE,scheme_guideline,India,50,362,122,122,22.1.4,,,,,Empanelment Criteria,crop_insurance;crop_loss;pmfby,
PMFBY_2023_SEC_22_1_5,PMFBY_2023,child,ACTIVE,scheme_guideline,India,66,457,122,122,22.1.5,,,,,Empanelment Criteria,claim;crop_insurance;pmfby,
PMFBY_2023_SEC_22_1_6,PMFBY_2023,child,ACTIVE,scheme_guideline,India,62,417,122,122,22.1.6,,,,,Empanelment Criteria,crop_insurance;crop_loss;pmfby,
PMFBY_2023_SEC_22_1_7,PMFBY_2023,child,ACTIVE,scheme_guideline,India,45,283,122,122,22.1.7,,,,,Empanelment Criteria,crop_insurance;crop_loss;pmfby,
PMFBY_2023_SEC_23,PMFBY_2023,parent,REFERENCE_ONLY,scheme_guideline,India,9,52,122,125,23,,,,,Procedure for Settlement of Claims to the Farmers,crop_insurance;pmfby,SHORT_CONTEXT_PARENT
PMFBY_2023_SEC_23_1,PMFBY_2023,child,ACTIVE,scheme_guideline,India,118,750,122,122,23.1,,,,,Procedure for Settlement of Claims to the Farmers,claim;crop_insurance;pmfby;premium,
PMFBY_2023_SEC_23_2,PMFBY_2023,child,ACTIVE,scheme_guideline,India,96,606,122,123,23.2,,,,,Procedure for Settlement of Claims to the Farmers,crop_insurance;pmfby,
PMFBY_2023_SEC_23_3,PMFBY_2023,child,ACTIVE,scheme_guideline,India,187,1174,123,123,23.3,,,,,Procedure for Settlement of Claims to the Farmers,claim;crop_insurance;crop_loss;pmfby;timeline,
PMFBY_2023_SEC_23_4,PMFBY_2023,child,ACTIVE,scheme_guideline,India,115,756,123,123,23.4,,,,,Procedure for Settlement of Claims to the Farmers,crop_insurance;eligibility;pmfby,
PMFBY_2023_SEC_23_5,PMFBY_2023,child,ACTIVE,scheme_guideline,India,110,743,123,123,23.5,,,,,Procedure for Settlement of Claims to the Farmers,crop_insurance;management;pmfby,
PMFBY_2023_SEC_23_6,PMFBY_2023,child,ACTIVE,scheme_guideline,India,96,634,123,124,23.6,,,,,Procedure for Settlement of Claims to the Farmers,claim;crop_insurance;eligibility;pmfby,
PMFBY_2023_SEC_23_7,PMFBY_2023,child,ACTIVE,scheme_guideline,India,155,994,124,124,23.7,,,,,Procedure for Settlement of Claims to the Farmers,claim;crop_insurance;loans;pmfby,
PMFBY_2023_SEC_23_8,PMFBY_2023,child,ACTIVE,scheme_guideline,India,127,792,124,124,23.8,,,,,Procedure for Settlement of Claims to the Farmers,crop_insurance;pmfby,
PMFBY_2023_SEC_23_9,PMFBY_2023,child,ACTIVE,scheme_guideline,India,37,243,124,124,23.9,,,,,Procedure for Settlement of Claims to the Farmers,crop_insurance;pmfby,
PMFBY_2023_SEC_23_10,PMFBY_2023,child,ACTIVE,scheme_guideline,India,85,534,124,124,23.10,,,,,Procedure for Settlement of Claims to the Farmers,crop_insurance;pmfby,
PMFBY_2023_SEC_23_11,PMFBY_2023,child,ACTIVE,scheme_guideline,India,155,959,124,124,23.11,,,,,Procedure for Settlement of Claims to the Farmers,crop_insurance;eligibility;loans;pmfby,
PMFBY_2023_SEC_23_12,PMFBY_2023,child,ACTIVE,scheme_guideline,India,35,249,125,125,23.12,,,,,Procedure for Settlement of Claims to the Farmers,claim;crop_insurance;pmfby,
PMFBY_2023_SEC_23_13,PMFBY_2023,child,ACTIVE,scheme_guideline,India,116,830,125,125,23.13,,,,,Procedure for Settlement of Claims to the Farmers,claim;crop_insurance;grievance;pmfby;reporting,
PMFBY_2023_SEC_23_14,PMFBY_2023,child,ACTIVE,scheme_guideline,India,107,694,125,125,23.14,,,,,Procedure for Settlement of Claims to the Farmers,claim;crop_insurance;eligibility;pmfby;timeline,
PMFBY_2023_SEC_23_15,PMFBY_2023,child,ACTIVE,scheme_guideline,India,46,290,125,125,23.15,,,,,Procedure for Settlement of Claims to the Farmers,claim;crop_insurance;pmfby,
PMFBY_2023_SEC_23_16,PMFBY_2023,parent,REFERENCE_ONLY,scheme_guideline,India,70,420,125,125,23.16,,,,,Procedure for Settlement of Claims to the Farmers,crop_insurance;pmfby,
PMFBY_2023_SEC_23_16_1,PMFBY_2023,child,ACTIVE,scheme_guideline,India,20,115,125,125,23.16.1,,,,,,crop_insurance;pmfby,
PMFBY_2023_SEC_23_16_2,PMFBY_2023,child,ACTIVE,scheme_guideline,India,22,128,125,125,23.16.2,,,,,,crop_insurance;pmfby,
PMFBY_2023_SEC_23_16_3,PMFBY_2023,child,ACTIVE,scheme_guideline,India,29,158,125,125,23.16.3,,,,,,crop_insurance;pmfby,
PMFBY_2023_SEC_24,PMFBY_2023,parent,REFERENCE_ONLY,scheme_guideline,India,9,65,125,126,24,,,,,Important Conditions/ Clauses Applicable for Coverage of Risks,crop_insurance;pmfby,SHORT_CONTEXT_PARENT
PMFBY_2023_SEC_24_1,PMFBY_2023,child,ACTIVE,scheme_guideline,India,59,373,125,126,24.1,,,,,Important Conditions/ Clauses Applicable for Coverage of Risks,crop_insurance;eligibility;pmfby;premium,
PMFBY_2023_SEC_24_2,PMFBY_2023,child,ACTIVE,scheme_guideline,India,46,289,126,126,24.2,,,,,Important Conditions/ Clauses Applicable for Coverage of Risks,crop_insurance;pmfby,
PMFBY_2023_SEC_24_3,PMFBY_2023,child,ACTIVE,scheme_guideline,India,67,407,126,126,24.3,,,,,Important Conditions/ Clauses Applicable for Coverage of Risks,crop_insurance;eligibility;loans;pmfby;premium,
PMFBY_2023_SEC_24_4,PMFBY_2023,child,ACTIVE,scheme_guideline,India,58,361,126,126,24.4,,,,,Important Conditions/ Clauses Applicable for Coverage of Risks,crop_insurance;pmfby,
PMFBY_2023_SEC_25,PMFBY_2023,parent,REFERENCE_ONLY,scheme_guideline,India,3,22,126,128,25,,,,,Acreage Discrepancy,crop_insurance;pmfby,SHORT_CONTEXT_PARENT
PMFBY_2023_SEC_25_1,PMFBY_2023,child,ACTIVE,scheme_guideline,India,452,2966,126,127,25.1,,,,,Acreage Discrepancy,crop_insurance;loans;pmfby;premium;reporting,
PMFBY_2023_SEC_25_2,PMFBY_2023,child,ACTIVE,scheme_guideline,India,33,198,127,127,25.2,,,,,Acreage Discrepancy,crop_insurance;pmfby,
PMFBY_2023_SEC_25_3,PMFBY_2023,child,ACTIVE,scheme_guideline,India,165,1001,127,127,25.3,,,,,Acreage Discrepancy,crop_insurance;crop_loss;pmfby;premium;reporting,
PMFBY_2023_SEC_25_4,PMFBY_2023,child,ACTIVE,scheme_guideline,India,107,652,127,127,25.4,,,,,Acreage Discrepancy,crop_insurance;pmfby,
PMFBY_2023_SEC_25_5,PMFBY_2023,child,ACTIVE,scheme_guideline,India,202,1280,127,127,25.5,,,,,Acreage Discrepancy,crop_insurance;pmfby;premium;reporting,
PMFBY_2023_SEC_25_6,PMFBY_2023,child,ACTIVE,scheme_guideline,India,76,468,127,128,25.6,,,,,Acreage Discrepancy,crop_insurance;pmfby,
PMFBY_2023_SEC_25_7,PMFBY_2023,child,ACTIVE,scheme_guideline,India,138,836,128,128,25.7,,,,,Acreage Discrepancy,crop_insurance;pmfby,
PMFBY_2023_SEC_25_8,PMFBY_2023,child,ACTIVE,scheme_guideline,India,73,494,128,128,25.8,,,,,Acreage Discrepancy,crop_insurance;pmfby;premium,
PMFBY_2023_SEC_25_9,PMFBY_2023,child,ACTIVE,scheme_guideline,India,37,255,128,128,25.9,,,,,Acreage Discrepancy,crop_insurance;pmfby;premium,
PMFBY_2023_SEC_26,PMFBY_2023,parent,REFERENCE_ONLY,scheme_guideline,India,9,68,128,131,26,,,,,Information Education & Communication (IEC) and Capacity Building,crop_insurance;pmfby,SHORT_CONTEXT_PARENT
PMFBY_2023_SEC_26_1,PMFBY_2023,child,ACTIVE,scheme_guideline,India,150,1139,128,128,26.1,,,,,Information Education & Communication (IEC) and Capacity Building,crop_insurance;management;pacs;pacs_services;pmfby,
PMFBY_2023_SEC_26_2,PMFBY_2023,child,ACTIVE,scheme_guideline,India,178,1222,128,129,26.2,,,,,Information Education & Communication (IEC) and Capacity Building,claim;crop_insurance;pmfby,
PMFBY_2023_SEC_26_3,PMFBY_2023,child,ACTIVE,scheme_guideline,India,97,683,129,129,26.3,,,,,Information Education & Communication (IEC) and Capacity Building,claim;crop_insurance;grievance;pmfby,
PMFBY_2023_SEC_26_4,PMFBY_2023,parent,REFERENCE_ONLY,scheme_guideline,India,25,157,129,131,26.4,,,,,Information Education & Communication (IEC) and Capacity Building,crop_insurance;pmfby,
PMFBY_2023_SEC_26_4_1,PMFBY_2023,child,ACTIVE,scheme_guideline,India,101,690,129,129,26.4.1,,,,,,crop_insurance;management;pmfby,
PMFBY_2023_SEC_26_4_2,PMFBY_2023,child,ACTIVE,scheme_guideline,India,71,484,129,129,26.4.2,,,,,,crop_insurance;pmfby;timeline,
PMFBY_2023_SEC_26_4_3,PMFBY_2023,child,ACTIVE,scheme_guideline,India,40,284,129,129,26.4.3,,,,,,crop_insurance;pmfby,
PMFBY_2023_SEC_26_4_4,PMFBY_2023,child,ACTIVE,scheme_guideline,India,71,461,129,130,26.4.4,,,,,,crop_insurance;pmfby,
PMFBY_2023_SEC_26_4_5,PMFBY_2023,child,ACTIVE,scheme_guideline,India,66,421,130,130,26.4.5,,,,,,claim;crop_insurance;pmfby;timeline,
PMFBY_2023_SEC_26_4_6,PMFBY_2023,child,ACTIVE,scheme_guideline,India,22,153,130,130,26.4.6,,,,,,crop_insurance;pmfby,
PMFBY_2023_SEC_26_4_7,PMFBY_2023,child,ACTIVE,scheme_guideline,India,28,237,130,130,26.4.7,,,,,,crop_insurance;pmfby,
PMFBY_2023_SEC_26_4_8,PMFBY_2023,child,ACTIVE,scheme_guideline,India,55,386,130,130,26.4.8,,,,,,crop_insurance;pmfby;premium,
PMFBY_2023_SEC_26_4_9,PMFBY_2023,child,ACTIVE,scheme_guideline,India,168,1137,130,130,26.4.9,,,,,,crop_insurance;pmfby;premium,
PMFBY_2023_SEC_26_4_10,PMFBY_2023,child,ACTIVE,scheme_guideline,India,68,444,130,130,26.4.10,,,,,,crop_insurance;pmfby,
PMFBY_2023_SEC_26_4_11,PMFBY_2023,child,ACTIVE,scheme_guideline,India,35,213,130,130,26.4.11,,,,,,crop_insurance;pmfby,
PMFBY_2023_SEC_26_4_12,PMFBY_2023,child,ACTIVE,scheme_guideline,India,34,248,130,130,26.4.12,,,,,,crop_insurance;pmfby,
PMFBY_2023_SEC_26_4_13,PMFBY_2023,child,ACTIVE,scheme_guideline,India,61,457,130,131,26.4.13,,,,,,crop_insurance;pmfby,
PMFBY_2023_SEC_26_4_14,PMFBY_2023,child,ACTIVE,scheme_guideline,India,25,165,131,131,26.4.14,,,,,,crop_insurance;pmfby,
PMFBY_2023_SEC_26_4_15,PMFBY_2023,child,ACTIVE,scheme_guideline,India,65,507,131,131,26.4.15,,,,,,crop_insurance;pmfby,
PMFBY_2023_SEC_26_4_16,PMFBY_2023,child,ACTIVE,scheme_guideline,India,49,330,131,131,26.4.16,,,,,,crop_insurance;pmfby,
PMFBY_2023_SEC_27_1,PMFBY_2023,child,ACTIVE,scheme_guideline,India,41,246,131,131,27.1,,,,,,crop_insurance;pmfby,STRUCTURE_UNCERTAIN
PMFBY_2023_SEC_27_2,PMFBY_2023,child,ACTIVE,scheme_guideline,India,44,322,131,131,27.2,,,,,,crop_insurance;pmfby;premium,STRUCTURE_UNCERTAIN
PMFBY_2023_SEC_27_3,PMFBY_2023,child,ACTIVE,scheme_guideline,India,84,566,131,131,27.3,,,,,,crop_insurance;pmfby,STRUCTURE_UNCERTAIN
PMFBY_2023_SEC_27_4,PMFBY_2023,child,ACTIVE,scheme_guideline,India,85,590,131,131,27.4,,,,,,crop_insurance;pmfby;premium,STRUCTURE_UNCERTAIN
PMFBY_2023_SEC_27_5,PMFBY_2023,child,ACTIVE,scheme_guideline,India,48,303,131,132,27.5,,,,,,crop_insurance;pmfby,STRUCTURE_UNCERTAIN
PMFBY_2023_SEC_27_6,PMFBY_2023,child,ACTIVE,scheme_guideline,India,42,265,132,132,27.6,,,,,,crop_insurance;pmfby;premium,STRUCTURE_UNCERTAIN
PMFBY_2023_SEC_27_7,PMFBY_2023,parent,REFERENCE_ONLY,scheme_guideline,India,6,31,132,132,27.7,,,,,Bank HQs and Bank Branches,crop_insurance;pmfby,SHORT_CONTEXT_PARENT;STRUCTURE_UNCERTAIN
PMFBY_2023_SEC_27_7_1,PMFBY_2023,child,ACTIVE,scheme_guideline,India,237,1480,132,132,27.7.1,,,,,Bank HQs and Bank Branches,crop_insurance;pmfby;premium;timeline,
PMFBY_2023_SEC_27_8,PMFBY_2023,parent,REFERENCE_ONLY,scheme_guideline,India,6,36,132,133,27.8,,,,,"CSC, BCs & Other Intermediaries",crop_insurance;pmfby,SHORT_CONTEXT_PARENT;STRUCTURE_UNCERTAIN
PMFBY_2023_SEC_27_8_1,PMFBY_2023,child,ACTIVE,scheme_guideline,India,148,870,132,132,27.8.1,,,,,"CSC, BCs & Other Intermediaries",crop_insurance;pmfby;timeline,
PMFBY_2023_SEC_27_8_2,PMFBY_2023,child,ACTIVE,scheme_guideline,India,117,836,132,133,27.8.2,,,,,"CSC, BCs & Other Intermediaries",crop_insurance;documents;pmfby;premium,
PMFBY_2023_SEC_27_8_3,PMFBY_2023,child,ACTIVE,scheme_guideline,India,82,510,133,133,27.8.3,,,,,"CSC, BCs & Other Intermediaries",crop_insurance;pmfby,
PMFBY_2023_SEC_28,PMFBY_2023,parent,REFERENCE_ONLY,scheme_guideline,India,6,28,133,133,28,,,,,Goods & Service Tax (GST),crop_insurance;pmfby,SHORT_CONTEXT_PARENT
PMFBY_2023_SEC_28_1,PMFBY_2023,child,ACTIVE,scheme_guideline,India,17,105,133,133,28.1,,,,,Goods & Service Tax (GST),crop_insurance;pmfby;premium,SHORT_COMPLETE_PROVISION
PMFBY_2023_SEC_29,PMFBY_2023,parent,REFERENCE_ONLY,scheme_guideline,India,7,38,133,134,29,,,,,Monitoring and Review of the Scheme,crop_insurance;pmfby,SHORT_CONTEXT_PARENT
PMFBY_2023_SEC_29_1,PMFBY_2023,child,ACTIVE,scheme_guideline,India,50,327,133,133,29.1,,,,,Monitoring and Review of the Scheme,crop_insurance;pmfby,
PMFBY_2023_SEC_29_2,PMFBY_2023,child,ACTIVE,scheme_guideline,India,90,578,133,133,29.2,,,,,Monitoring and Review of the Scheme,crop_insurance;pmfby,
PMFBY_2023_SEC_29_3,PMFBY_2023,parent,REFERENCE_ONLY,scheme_guideline,India,25,169,133,134,29.3,,,,,Monitoring and Review of the Scheme,crop_insurance;pmfby,
PMFBY_2023_SEC_29_3_1,PMFBY_2023,child,ACTIVE,scheme_guideline,India,80,535,133,133,29.3.1,,,,,,crop_insurance;pmfby,
PMFBY_2023_SEC_29_3_2,PMFBY_2023,child,ACTIVE,scheme_guideline,India,91,523,133,133,29.3.2,,,,,,crop_insurance;pmfby;reporting;timeline,
PMFBY_2023_SEC_29_3_3,PMFBY_2023,child,ACTIVE,scheme_guideline,India,78,516,134,134,29.3.3,,,,,,crop_insurance;pmfby;premium,
PMFBY_2023_SEC_29_3_4,PMFBY_2023,child,ACTIVE,scheme_guideline,India,54,339,134,134,29.3.4,,,,,,crop_insurance;pmfby,
PMFBY_2023_SEC_29_3_5,PMFBY_2023,child,ACTIVE,scheme_guideline,India,61,392,134,134,29.3.5,,,,,,complaint;crop_insurance;grievance;pmfby,
PMFBY_2023_SEC_29_3_6,PMFBY_2023,child,ACTIVE,scheme_guideline,India,76,523,134,134,29.3.6,,,,,,crop_insurance;pmfby;premium,
PMFBY_2023_SEC_29_3_7,PMFBY_2023,child,ACTIVE,scheme_guideline,India,35,216,134,134,29.3.7,,,,,,crop_insurance;pmfby,
PMFBY_2023_SEC_29_3_8,PMFBY_2023,child,ACTIVE,scheme_guideline,India,30,179,134,134,29.3.8,,,,,,crop_insurance;pmfby,
PMFBY_2023_SEC_29_3_9,PMFBY_2023,child,ACTIVE,scheme_guideline,India,40,222,134,134,29.3.9,,,,,,crop_insurance;pmfby,
PMFBY_2023_SEC_30,PMFBY_2023,parent,REFERENCE_ONLY,scheme_guideline,India,4,32,134,138,30,,,,,Grievance Redressal Mechanism,crop_insurance;grievance;pmfby,SHORT_CONTEXT_PARENT
PMFBY_2023_SEC_30_1,PMFBY_2023,child,ACTIVE,scheme_guideline,India,39,294,134,134,30.1,,,,,Grievance Redressal Mechanism,crop_insurance;grievance;pmfby,
PMFBY_2023_SEC_30_2,PMFBY_2023,child,ACTIVE,scheme_guideline,India,94,650,134,135,30.2,,,,,Grievance Redressal Mechanism,crop_insurance;grievance;pmfby;timeline,
PMFBY_2023_SEC_30_3,PMFBY_2023,child,ACTIVE,scheme_guideline,India,199,1374,135,135,30.3,,,,,Grievance Redressal Mechanism,appeal;crop_insurance;grievance;management;pmfby;timeline,
PMFBY_2023_SEC_30_4,PMFBY_2023,child,ACTIVE,scheme_guideline,India,101,781,135,135,30.4,,,,,Grievance Redressal Mechanism,crop_insurance;grievance;management;pmfby,
PMFBY_2023_SEC_30_5,PMFBY_2023,child,ACTIVE,scheme_guideline,India,372,2442,135,136,30.5,,,,,Grievance Redressal Mechanism,complaint;crop_insurance;grievance;pmfby;reporting;timeline,
PMFBY_2023_SEC_30_6,PMFBY_2023,parent,REFERENCE_ONLY,scheme_guideline,India,7,44,136,137,30.6,,,,,Grievance Redressal Mechanism,crop_insurance;grievance;pmfby,SHORT_CONTEXT_PARENT
PMFBY_2023_SEC_30_6_1,PMFBY_2023,child,ACTIVE,scheme_guideline,India,160,1035,136,136,30.6.1,,,,,Krishi Rakshak Portal & Helpline (KRPH),complaint;crop_insurance;grievance;pmfby;timeline,
PMFBY_2023_SEC_30_6_2,PMFBY_2023,child,ACTIVE,scheme_guideline,India,58,439,136,136,30.6.2,,,,,Krishi Rakshak Portal & Helpline (KRPH),complaint;crop_insurance;pmfby,
PMFBY_2023_SEC_30_6_3,PMFBY_2023,child,ACTIVE,scheme_guideline,India,175,1167,136,137,30.6.3,,,,,Krishi Rakshak Portal & Helpline (KRPH),appeal;crop_insurance;grievance;pmfby,
PMFBY_2023_SEC_30_6_4,PMFBY_2023,child,ACTIVE,scheme_guideline,India,52,364,137,137,30.6.4,,,,,Krishi Rakshak Portal & Helpline (KRPH),crop_insurance;grievance;pmfby,
PMFBY_2023_SEC_30_6_5,PMFBY_2023,child,ACTIVE,scheme_guideline,India,73,455,137,137,30.6.5,,,,,Krishi Rakshak Portal & Helpline (KRPH),crop_insurance;grievance;pmfby,
PMFBY_2023_SEC_30_6_6,PMFBY_2023,child,ACTIVE,scheme_guideline,India,94,668,137,137,30.6.6,,,,,Krishi Rakshak Portal & Helpline (KRPH),complaint;crop_insurance;grievance;management;pmfby;registration,
PMFBY_2023_SEC_30_6_7,PMFBY_2023,child,ACTIVE,scheme_guideline,India,24,158,137,137,30.6.7,,,,,Krishi Rakshak Portal & Helpline (KRPH),crop_insurance;grievance;pmfby,
PMFBY_2023_SEC_30_7,PMFBY_2023,parent,REFERENCE_ONLY,scheme_guideline,India,7,55,137,138,30.7,,,,,Grievance Redressal Mechanism,crop_insurance;grievance;pmfby,SHORT_CONTEXT_PARENT
PMFBY_2023_SEC_30_7_1,PMFBY_2023,child,ACTIVE,scheme_guideline,India,116,843,137,137,30.7.1,,,,,Grievance Redressal Mechanism by Insurance Company,complaint;crop_insurance;grievance;meetings;pmfby,
PMFBY_2023_SEC_30_7_2,PMFBY_2023,child,ACTIVE,scheme_guideline,India,25,160,137,137,30.7.2,,,,,Grievance Redressal Mechanism by Insurance Company,crop_insurance;grievance;meetings;pmfby,
PMFBY_2023_SEC_30_7_3,PMFBY_2023,child,ACTIVE,scheme_guideline,India,47,308,138,138,30.7.3,,,,,Grievance Redressal Mechanism by Insurance Company,complaint;crop_insurance;grievance;pmfby;timeline,
PMFBY_2023_SEC_30_7_4,PMFBY_2023,child,ACTIVE,scheme_guideline,India,35,237,138,138,30.7.4,,,,,Grievance Redressal Mechanism by Insurance Company,crop_insurance;grievance;pmfby;reporting,
PMFBY_2023_SEC_30_7_5,PMFBY_2023,child,ACTIVE,scheme_guideline,India,23,152,138,138,30.7.5,,,,,Grievance Redressal Mechanism by Insurance Company,complaint;crop_insurance;grievance;pmfby,
PMFBY_2023_SEC_30_8,PMFBY_2023,parent,REFERENCE_ONLY,scheme_guideline,India,18,125,138,138,30.8,,,,,Grievance Redressal Mechanism,crop_insurance;grievance;pmfby,SHORT_CONTEXT_PARENT
PMFBY_2023_SEC_30_8_1,PMFBY_2023,child,ACTIVE,scheme_guideline,India,90,673,138,138,30.8.1,,,,,,crop_insurance;grievance;pmfby,
PMFBY_2023_SEC_30_8_2,PMFBY_2023,child,ACTIVE,scheme_guideline,India,19,136,138,138,30.8.2,,,,,,crop_insurance;pmfby,SHORT_COMPLETE_PROVISION
PMFBY_2023_SEC_30_8_3,PMFBY_2023,child,ACTIVE,scheme_guideline,India,46,328,138,138,30.8.3,,,,,,crop_insurance;pmfby,
PMFBY_2023_SEC_30_8_4,PMFBY_2023,child,ACTIVE,scheme_guideline,India,64,443,138,138,30.8.4,,,,,,crop_insurance;grievance;pmfby,
PMFBY_2023_SEC_31,PMFBY_2023,parent,REFERENCE_ONLY,scheme_guideline,India,8,57,138,140,31,,,,,Empanelment and Selection of Insurance Companies (ICs),crop_insurance;pmfby,SHORT_CONTEXT_PARENT
PMFBY_2023_SEC_31_1,PMFBY_2023,parent,REFERENCE_ONLY,scheme_guideline,India,3,25,138,139,31.1,,,,,Empanelment and Selection of Insurance Companies (ICs),crop_insurance;pmfby,SHORT_CONTEXT_PARENT
PMFBY_2023_SEC_31_1_1,PMFBY_2023,child,ACTIVE,scheme_guideline,India,82,581,138,138,31.1.1,,,,,Empanelment Criteria,crop_insurance;pmfby,
PMFBY_2023_SEC_31_1_2,PMFBY_2023,child,ACTIVE,scheme_guideline,India,163,1061,139,139,31.1.2,,,,,Empanelment Criteria,crop_insurance;pmfby,
PMFBY_2023_SEC_31_1_3,PMFBY_2023,child,ACTIVE,scheme_guideline,India,28,178,139,139,31.1.3,,,,,Empanelment Criteria,crop_insurance;pmfby,
PMFBY_2023_SEC_31_1_4,PMFBY_2023,child,ACTIVE,scheme_guideline,India,56,376,139,139,31.1.4,,,,,Empanelment Criteria,claim;crop_insurance;grievance;pmfby,
PMFBY_2023_SEC_31_1_5,PMFBY_2023,child,ACTIVE,scheme_guideline,India,80,522,139,139,31.1.5,,,,,Empanelment Criteria,crop_insurance;pmfby;premium,
PMFBY_2023_SEC_31_2,PMFBY_2023,parent,REFERENCE_ONLY,scheme_guideline,India,11,84,139,140,31.2,,,,,Empanelment and Selection of Insurance Companies (ICs),crop_insurance;pmfby,SHORT_CONTEXT_PARENT
PMFBY_2023_SEC_31_2_1,PMFBY_2023,child,ACTIVE,scheme_guideline,India,76,457,139,139,31.2.1,,,,,Selection Criteria of Empaneled Insurance Companies as Implementing,crop_insurance;pmfby,
PMFBY_2023_SEC_31_2_2,PMFBY_2023,child,ACTIVE,scheme_guideline,India,100,660,139,139,31.2.2,,,,,Selection Criteria of Empaneled Insurance Companies as Implementing,crop_insurance;pmfby;premium,
PMFBY_2023_SEC_31_2_3,PMFBY_2023,child,ACTIVE,scheme_guideline,India,57,353,140,140,31.2.3,,,,,Selection Criteria of Empaneled Insurance Companies as Implementing,crop_insurance;pmfby;premium,
PMFBY_2023_SEC_31_2_4,PMFBY_2023,child,ACTIVE,scheme_guideline,India,122,904,140,140,31.2.4,,,,,Selection Criteria of Empaneled Insurance Companies as Implementing,crop_insurance;pmfby,
PMFBY_2023_SEC_31_2_5,PMFBY_2023,child,ACTIVE,scheme_guideline,India,67,397,140,140,31.2.5,,,,,Selection Criteria of Empaneled Insurance Companies as Implementing,crop_insurance;pmfby,
PMFBY_2023_SEC_31_2_6,PMFBY_2023,child,ACTIVE,scheme_guideline,India,89,564,140,140,31.2.6,,,,,Selection Criteria of Empaneled Insurance Companies as Implementing,crop_insurance;pmfby,
PMFBY_2023_SEC_32,PMFBY_2023,parent,REFERENCE_ONLY,scheme_guideline,India,9,63,140,141,32,,,,,Clustering/Clubbing of Districts for Bidding by the State/UT,crop_insurance;pmfby,SHORT_CONTEXT_PARENT
PMFBY_2023_SEC_32_1,PMFBY_2023,child,ACTIVE,scheme_guideline,India,161,984,140,140,32.1,,,,,Clustering/Clubbing of Districts for Bidding by the State/UT,crop_insurance;pmfby,
PMFBY_2023_SEC_32_2,PMFBY_2023,child,ACTIVE,scheme_guideline,India,74,489,140,141,32.2,,,,,Clustering/Clubbing of Districts for Bidding by the State/UT,crop_insurance;pmfby,
PMFBY_2023_SEC_32_3,PMFBY_2023,child,ACTIVE,scheme_guideline,India,103,631,141,141,32.3,,,,,Clustering/Clubbing of Districts for Bidding by the State/UT,crop_insurance;pmfby,
PMFBY_2023_SEC_32_4,PMFBY_2023,child,ACTIVE,scheme_guideline,India,67,416,141,141,32.4,,,,,Clustering/Clubbing of Districts for Bidding by the State/UT,crop_insurance;pmfby,
PMFBY_2023_SEC_32_5,PMFBY_2023,child,ACTIVE,scheme_guideline,India,80,499,141,141,32.5,,,,,Clustering/Clubbing of Districts for Bidding by the State/UT,crop_insurance;crop_loss;pmfby,
PMFBY_2023_SEC_32_6,PMFBY_2023,child,ACTIVE,scheme_guideline,India,146,988,141,141,32.6,,,,,Clustering/Clubbing of Districts for Bidding by the State/UT,crop_insurance;pmfby,
PMFBY_2023_SEC_32_7,PMFBY_2023,child,ACTIVE,scheme_guideline,India,38,258,141,141,32.7,,,,,Clustering/Clubbing of Districts for Bidding by the State/UT,crop_insurance;pmfby,
PMFBY_2023_SEC_32_8,PMFBY_2023,child,ACTIVE,scheme_guideline,India,21,151,141,141,32.8,,,,,Clustering/Clubbing of Districts for Bidding by the State/UT,crop_insurance;pmfby,
PMFBY_2023_SEC_33,PMFBY_2023,parent,REFERENCE_ONLY,scheme_guideline,India,9,70,142,142,33,,,,,Assessment of Performance and De-empanelment of Insurance,crop_insurance;pmfby,SHORT_CONTEXT_PARENT
PMFBY_2023_SEC_33_1,PMFBY_2023,child,ACTIVE,scheme_guideline,India,62,419,142,142,33.1,,,,,Assessment of Performance and De-empanelment of Insurance,crop_insurance;pmfby,
PMFBY_2023_SEC_33_2,PMFBY_2023,child,ACTIVE,scheme_guideline,India,30,205,142,142,33.2,,,,,Assessment of Performance and De-empanelment of Insurance,crop_insurance;pmfby,
PMFBY_2023_SEC_33_3,PMFBY_2023,child,ACTIVE,scheme_guideline,India,60,375,142,142,33.3,,,,,Assessment of Performance and De-empanelment of Insurance,crop_insurance;pmfby,
PMFBY_2023_SEC_33_4,PMFBY_2023,child,ACTIVE,scheme_guideline,India,117,773,142,142,33.4,,,,,Assessment of Performance and De-empanelment of Insurance,crop_insurance;pmfby,
PMFBY_2023_SEC_33_5,PMFBY_2023,child,ACTIVE,scheme_guideline,India,52,329,142,142,33.5,,,,,Assessment of Performance and De-empanelment of Insurance,crop_insurance;pmfby,
PMFBY_2023_SEC_33_6,PMFBY_2023,child,ACTIVE,scheme_guideline,India,38,237,142,142,33.6,,,,,Assessment of Performance and De-empanelment of Insurance,crop_insurance;pmfby,
PMFBY_2023_SEC_34,PMFBY_2023,parent,REFERENCE_ONLY,scheme_guideline,India,10,63,142,142,34,,,,,Evaluation of Efﬁciency of Nodal Departments of the State/UT,crop_insurance;pmfby,SHORT_CONTEXT_PARENT
PMFBY_2023_SEC_34_1,PMFBY_2023,child,ACTIVE,scheme_guideline,India,32,214,142,142,34.1,,,,,Evaluation of Efﬁciency of Nodal Departments of the State/UT,crop_insurance;pmfby,
PMFBY_2023_SEC_34_2,PMFBY_2023,child,ACTIVE,scheme_guideline,India,30,205,142,142,34.2,,,,,Evaluation of Efﬁciency of Nodal Departments of the State/UT,crop_insurance;pmfby,
PMFBY_2023_SEC_35,PMFBY_2023,parent,REFERENCE_ONLY,scheme_guideline,India,6,39,142,143,35,,,,,Evaluation of Efﬁciency of Districts,crop_insurance;pmfby,SHORT_CONTEXT_PARENT
PMFBY_2023_SEC_35_1,PMFBY_2023,child,ACTIVE,scheme_guideline,India,30,203,142,143,35.1,,,,,Evaluation of Efﬁciency of Districts,crop_insurance;pmfby,
PMFBY_2023_SEC_35_2,PMFBY_2023,child,ACTIVE,scheme_guideline,India,30,205,143,143,35.2,,,,,Evaluation of Efﬁciency of Districts,crop_insurance;pmfby,
PMFBY_2023_SEC_35_3,PMFBY_2023,child,ACTIVE,scheme_guideline,India,37,225,143,143,35.3,,,,,Evaluation of Efﬁciency of Districts,crop_insurance;pmfby,
PMFBY_2023_SEC_36,PMFBY_2023,parent,REFERENCE_ONLY,scheme_guideline,India,6,35,143,143,36,,,,,Evaluation of Efﬁciency of Banks,crop_insurance;pmfby,SHORT_CONTEXT_PARENT
PMFBY_2023_SEC_36_1,PMFBY_2023,child,ACTIVE,scheme_guideline,India,34,225,143,143,36.1,,,,,Evaluation of Efﬁciency of Banks,crop_insurance;pmfby,
PMFBY_2023_SEC_36_2,PMFBY_2023,child,ACTIVE,scheme_guideline,India,30,205,143,143,36.2,,,,,Evaluation of Efﬁciency of Banks,crop_insurance;pmfby,
PMFBY_2023_SEC_37,PMFBY_2023,parent,REFERENCE_ONLY,scheme_guideline,India,6,38,143,143,37,,,,,Evaluation of Efﬁciency of CSC-VLEs,crop_insurance;pmfby,SHORT_CONTEXT_PARENT
PMFBY_2023_SEC_37_1,PMFBY_2023,child,ACTIVE,scheme_guideline,India,31,196,143,143,37.1,,,,,Evaluation of Efﬁciency of CSC-VLEs,crop_insurance;pmfby,
PMFBY_2023_SEC_37_2,PMFBY_2023,child,ACTIVE,scheme_guideline,India,62,447,143,143,37.2,,,,,Evaluation of Efﬁciency of CSC-VLEs,crop_insurance;pmfby,
PMFBY_2023_SEC_38_1_1,PMFBY_2023,child,ACTIVE,scheme_guideline,India,35,274,143,143,38.1.1,,,,,,crop_insurance;pmfby,STRUCTURE_UNCERTAIN
PMFBY_2023_SEC_38_1_2,PMFBY_2023,child,ACTIVE,scheme_guideline,India,25,168,143,143,38.1.2,,,,,,crop_insurance;pmfby,STRUCTURE_UNCERTAIN
PMFBY_2023_SEC_38_1_3,PMFBY_2023,child,ACTIVE,scheme_guideline,India,46,325,143,143,38.1.3,,,,,"Design, development, operationalization and maintenance of National Crop",crop_insurance;crop_loss;pmfby,STRUCTURE_UNCERTAIN
PMFBY_2023_SEC_38_1_4,PMFBY_2023,child,ACTIVE,scheme_guideline,India,20,128,144,144,38.1.4,,,,,,crop_insurance;management;pmfby,STRUCTURE_UNCERTAIN
PMFBY_2023_SEC_38_1_5,PMFBY_2023,child,ACTIVE,scheme_guideline,India,32,212,144,144,38.1.5,,,,,,crop_insurance;pmfby,STRUCTURE_UNCERTAIN
PMFBY_2023_SEC_38_1_6,PMFBY_2023,child,ACTIVE,scheme_guideline,India,19,130,144,144,38.1.6,,,,,,crop_insurance;pmfby,SHORT_COMPLETE_PROVISION;STRUCTURE_UNCERTAIN
PMFBY_2023_SEC_38_1_7,PMFBY_2023,child,ACTIVE,scheme_guideline,India,41,229,144,144,38.1.7,,,,,,crop_insurance;pmfby;premium,STRUCTURE_UNCERTAIN
PMFBY_2023_SEC_38_1_8,PMFBY_2023,child,ACTIVE,scheme_guideline,India,23,147,144,144,38.1.8,,,,,,crop_insurance;pmfby;premium,STRUCTURE_UNCERTAIN
PMFBY_2023_SEC_38_1_9,PMFBY_2023,child,ACTIVE,scheme_guideline,India,49,397,144,144,38.1.9,,,,,,crop_insurance;pmfby;premium,STRUCTURE_UNCERTAIN
PMFBY_2023_SEC_38_1_10,PMFBY_2023,child,ACTIVE,scheme_guideline,India,50,369,144,144,38.1.10,,,,,,crop_insurance;pmfby,STRUCTURE_UNCERTAIN
PMFBY_2023_SEC_38_1_11,PMFBY_2023,child,ACTIVE,scheme_guideline,India,29,215,144,144,38.1.11,,,,,,crop_insurance;pmfby,STRUCTURE_UNCERTAIN
PMFBY_2023_SEC_38_1_12,PMFBY_2023,child,ACTIVE,scheme_guideline,India,45,301,144,144,38.1.12,,,,,,crop_insurance;pmfby;premium,STRUCTURE_UNCERTAIN
PMFBY_2023_SEC_38_1_13,PMFBY_2023,child,ACTIVE,scheme_guideline,India,23,178,144,144,38.1.13,,,,,,claim;crop_insurance;pmfby,STRUCTURE_UNCERTAIN
PMFBY_2023_SEC_38_1_14,PMFBY_2023,child,ACTIVE,scheme_guideline,India,62,445,144,144,38.1.14,,,,,"Empanelment of Insurance Companies, constitutions of various committees",crop_insurance;pmfby,STRUCTURE_UNCERTAIN
PMFBY_2023_SEC_38_1_15,PMFBY_2023,child,ACTIVE,scheme_guideline,India,47,357,144,145,38.1.15,,,,,,crop_insurance;pmfby,STRUCTURE_UNCERTAIN
PMFBY_2023_SEC_38_1_16,PMFBY_2023,child,ACTIVE,scheme_guideline,India,40,278,145,145,38.1.16,,,,,,crop_insurance;pmfby,STRUCTURE_UNCERTAIN
PMFBY_2023_SEC_38_1_17,PMFBY_2023,child,ACTIVE,scheme_guideline,India,29,197,145,145,38.1.17,,,,,,crop_insurance;pmfby,STRUCTURE_UNCERTAIN
PMFBY_2023_SEC_38_1_18,PMFBY_2023,child,ACTIVE,scheme_guideline,India,33,213,145,145,38.1.18,,,,,,crop_insurance;pmfby,STRUCTURE_UNCERTAIN
PMFBY_2023_SEC_38_2,PMFBY_2023,parent,REFERENCE_ONLY,scheme_guideline,India,4,39,145,147,38.2,,,,,State Government/UT Administration,crop_insurance;pmfby,SHORT_CONTEXT_PARENT;STRUCTURE_UNCERTAIN
PMFBY_2023_SEC_38_2_1,PMFBY_2023,child,ACTIVE,scheme_guideline,India,44,292,145,145,38.2.1,,,,,State Government/UT Administration,crop_insurance;pmfby,
PMFBY_2023_SEC_38_2_2,PMFBY_2023,child,ACTIVE,scheme_guideline,India,40,255,145,145,38.2.2,,,,,State Government/UT Administration,crop_insurance;grievance;pmfby,
PMFBY_2023_SEC_38_2_3,PMFBY_2023,child,ACTIVE,scheme_guideline,India,49,335,145,145,38.2.3,,,,,State Government/UT Administration,crop_insurance;crop_loss;grievance;meetings;pmfby,
PMFBY_2023_SEC_38_2_4,PMFBY_2023,child,ACTIVE,scheme_guideline,India,45,295,145,145,38.2.4,,,,,State Government/UT Administration,crop_insurance;documents;meetings;pmfby,
PMFBY_2023_SEC_38_2_5,PMFBY_2023,child,ACTIVE,scheme_guideline,India,32,179,145,145,38.2.5,,,,,State Government/UT Administration,crop_insurance;documents;pmfby,
PMFBY_2023_SEC_38_2_6,PMFBY_2023,child,ACTIVE,scheme_guideline,India,30,207,145,145,38.2.6,,,,,State Government/UT Administration,crop_insurance;pmfby,
PMFBY_2023_SEC_38_2_7,PMFBY_2023,child,ACTIVE,scheme_guideline,India,18,143,145,145,38.2.7,,,,,State Government/UT Administration,crop_insurance;pmfby,SHORT_COMPLETE_PROVISION
PMFBY_2023_SEC_38_2_8,PMFBY_2023,child,ACTIVE,scheme_guideline,India,42,250,145,145,38.2.8,,,,,State Government/UT Administration,crop_insurance;pmfby,
PMFBY_2023_SEC_38_2_9,PMFBY_2023,child,ACTIVE,scheme_guideline,India,75,443,146,146,38.2.9,,,,,State Government/UT Administration,crop_insurance;documents;pmfby,
PMFBY_2023_SEC_38_2_10,PMFBY_2023,child,ACTIVE,scheme_guideline,India,34,230,146,146,38.2.10,,,,,State Government/UT Administration,crop_insurance;pmfby,
PMFBY_2023_SEC_38_2_11,PMFBY_2023,child,ACTIVE,scheme_guideline,India,36,245,146,146,38.2.11,,,,,State Government/UT Administration,crop_insurance;pmfby,
PMFBY_2023_SEC_38_2_12,PMFBY_2023,child,ACTIVE,scheme_guideline,India,42,236,146,146,38.2.12,,,,,State Government/UT Administration,crop_insurance;pmfby;premium,
PMFBY_2023_SEC_38_2_13,PMFBY_2023,child,ACTIVE,scheme_guideline,India,23,148,146,146,38.2.13,,,,,State Government/UT Administration,crop_insurance;pmfby;premium,
PMFBY_2023_SEC_38_2_14,PMFBY_2023,child,ACTIVE,scheme_guideline,India,31,191,146,146,38.2.14,,,,,State Government/UT Administration,crop_insurance;pmfby,
PMFBY_2023_SEC_38_2_15,PMFBY_2023,child,ACTIVE,scheme_guideline,India,46,321,146,146,38.2.15,,,,,State Government/UT Administration,crop_insurance;crop_loss;pmfby,
PMFBY_2023_SEC_38_2_16,PMFBY_2023,child,ACTIVE,scheme_guideline,India,42,246,146,146,38.2.16,,,,,State Government/UT Administration,crop_insurance;pmfby,
PMFBY_2023_SEC_38_2_17,PMFBY_2023,child,ACTIVE,scheme_guideline,India,46,256,146,146,38.2.17,,,,,State Government/UT Administration,crop_insurance;pmfby,
PMFBY_2023_SEC_38_2_18,PMFBY_2023,child,ACTIVE,scheme_guideline,India,56,351,146,146,38.2.18,,,,,State Government/UT Administration,crop_insurance;documents;pmfby,
PMFBY_2023_SEC_38_2_19,PMFBY_2023,child,ACTIVE,scheme_guideline,India,20,147,146,146,38.2.19,,,,,State Government/UT Administration,crop_insurance;pmfby,
PMFBY_2023_SEC_38_2_20,PMFBY_2023,child,ACTIVE,scheme_guideline,India,21,174,146,146,38.2.20,,,,,State Government/UT Administration,crop_insurance;pmfby,
PMFBY_2023_SEC_38_2_21,PMFBY_2023,child,ACTIVE,scheme_guideline,India,20,117,147,147,38.2.21,,,,,State Government/UT Administration,crop_insurance;pmfby,
PMFBY_2023_SEC_38_2_22,PMFBY_2023,child,ACTIVE,scheme_guideline,India,27,173,147,147,38.2.22,,,,,State Government/UT Administration,crop_insurance;pmfby,
PMFBY_2023_SEC_38_2_23,PMFBY_2023,child,ACTIVE,scheme_guideline,India,13,86,147,147,38.2.23,,,,,State Government/UT Administration,crop_insurance;pmfby,SHORT_COMPLETE_PROVISION
PMFBY_2023_SEC_38_2_24,PMFBY_2023,child,ACTIVE,scheme_guideline,India,30,221,147,147,38.2.24,,,,,State Government/UT Administration,crop_insurance;pmfby,
PMFBY_2023_SEC_38_2_25,PMFBY_2023,child,ACTIVE,scheme_guideline,India,17,142,147,147,38.2.25,,,,,State Government/UT Administration,crop_insurance;pmfby,SHORT_COMPLETE_PROVISION
PMFBY_2023_SEC_38_2_26,PMFBY_2023,child,ACTIVE,scheme_guideline,India,17,120,147,147,38.2.26,,,,,State Government/UT Administration,crop_insurance;pmfby,SHORT_COMPLETE_PROVISION
PMFBY_2023_SEC_38_2_27,PMFBY_2023,child,ACTIVE,scheme_guideline,India,28,192,147,147,38.2.27,,,,,State Government/UT Administration,crop_insurance;pmfby,
PMFBY_2023_SEC_38_3,PMFBY_2023,parent,REFERENCE_ONLY,scheme_guideline,India,6,32,147,148,38.3,,,,,Central PMUs and State PMUs,crop_insurance;pmfby,SHORT_CONTEXT_PARENT;STRUCTURE_UNCERTAIN
PMFBY_2023_SEC_38_3_1,PMFBY_2023,child,ACTIVE,scheme_guideline,India,14,97,147,147,38.3.1,,,,,Central PMUs and State PMUs,crop_insurance;pmfby,SHORT_COMPLETE_PROVISION
PMFBY_2023_SEC_38_3_2,PMFBY_2023,child,ACTIVE,scheme_guideline,India,21,180,147,147,38.3.2,,,,,Central PMUs and State PMUs,crop_insurance;pmfby,
PMFBY_2023_SEC_38_3_3,PMFBY_2023,child,ACTIVE,scheme_guideline,India,24,160,147,147,38.3.3,,,,,Central PMUs and State PMUs,crop_insurance;pmfby,
PMFBY_2023_SEC_38_3_4,PMFBY_2023,child,ACTIVE,scheme_guideline,India,16,140,147,147,38.3.4,,,,,Central PMUs and State PMUs,crop_insurance;pmfby,SHORT_COMPLETE_PROVISION
PMFBY_2023_SEC_38_3_5,PMFBY_2023,child,ACTIVE,scheme_guideline,India,18,131,147,147,38.3.5,,,,,Central PMUs and State PMUs,crop_insurance;pmfby,SHORT_COMPLETE_PROVISION
PMFBY_2023_SEC_38_3_6,PMFBY_2023,child,ACTIVE,scheme_guideline,India,16,112,147,147,38.3.6,,,,,Central PMUs and State PMUs,crop_insurance;pmfby,SHORT_COMPLETE_PROVISION
PMFBY_2023_SEC_38_3_7,PMFBY_2023,child,ACTIVE,scheme_guideline,India,14,104,147,147,38.3.7,,,,,Central PMUs and State PMUs,crop_insurance;pmfby,SHORT_COMPLETE_PROVISION
PMFBY_2023_SEC_38_3_8,PMFBY_2023,child,ACTIVE,scheme_guideline,India,30,213,147,147,38.3.8,,,,,Central PMUs and State PMUs,crop_insurance;crop_loss;pmfby,
PMFBY_2023_SEC_38_3_9,PMFBY_2023,child,ACTIVE,scheme_guideline,India,30,211,147,147,38.3.9,,,,,Central PMUs and State PMUs,crop_insurance;pmfby,
PMFBY_2023_SEC_38_3_10,PMFBY_2023,child,ACTIVE,scheme_guideline,India,16,125,148,148,38.3.10,,,,,Central PMUs and State PMUs,crop_insurance;management;pmfby,SHORT_COMPLETE_PROVISION
PMFBY_2023_SEC_38_3_11,PMFBY_2023,child,ACTIVE,scheme_guideline,India,27,202,148,148,38.3.11,,,,,Central PMUs and State PMUs,crop_insurance;pmfby,
PMFBY_2023_SEC_38_4,PMFBY_2023,parent,REFERENCE_ONLY,scheme_guideline,India,4,30,148,149,38.4,,,,,Insurance Companies (ICs),crop_insurance;pmfby,SHORT_CONTEXT_PARENT;STRUCTURE_UNCERTAIN
PMFBY_2023_SEC_38_4_1,PMFBY_2023,child,ACTIVE,scheme_guideline,India,24,187,148,148,38.4.1,,,,,Insurance Companies (ICs),crop_insurance;meetings;pmfby,
PMFBY_2023_SEC_38_4_2,PMFBY_2023,child,ACTIVE,scheme_guideline,India,31,237,148,148,38.4.2,,,,,Insurance Companies (ICs),claim;crop_insurance;grievance;pmfby,
PMFBY_2023_SEC_38_4_3,PMFBY_2023,child,ACTIVE,scheme_guideline,India,35,221,148,148,38.4.3,,,,,Insurance Companies (ICs),claim;crop_insurance;crop_loss;pmfby,
PMFBY_2023_SEC_38_4_4,PMFBY_2023,child,ACTIVE,scheme_guideline,India,22,159,148,148,38.4.4,,,,,Insurance Companies (ICs),crop_insurance;pmfby,
PMFBY_2023_SEC_38_4_5,PMFBY_2023,child,ACTIVE,scheme_guideline,India,54,312,148,148,38.4.5,,,,,Insurance Companies (ICs),crop_insurance;pmfby,
PMFBY_2023_SEC_38_4_6,PMFBY_2023,child,ACTIVE,scheme_guideline,India,49,323,148,148,38.4.6,,,,,Insurance Companies (ICs),crop_insurance;crop_loss;pmfby,
PMFBY_2023_SEC_38_4_7,PMFBY_2023,child,ACTIVE,scheme_guideline,India,21,145,148,148,38.4.7,,,,,Insurance Companies (ICs),crop_insurance;pmfby,
PMFBY_2023_SEC_38_4_8,PMFBY_2023,child,ACTIVE,scheme_guideline,India,66,421,148,148,38.4.8,,,,,Insurance Companies (ICs),crop_insurance;pmfby,
PMFBY_2023_SEC_38_4_9,PMFBY_2023,child,ACTIVE,scheme_guideline,India,16,126,148,148,38.4.9,,,,,Insurance Companies (ICs),crop_insurance;pmfby,SHORT_COMPLETE_PROVISION
PMFBY_2023_SEC_38_4_10,PMFBY_2023,child,ACTIVE,scheme_guideline,India,29,202,148,148,38.4.10,,,,,Insurance Companies (ICs),crop_insurance;pmfby,
PMFBY_2023_SEC_38_4_11,PMFBY_2023,child,ACTIVE,scheme_guideline,India,30,206,148,149,38.4.11,,,,,Insurance Companies (ICs),crop_insurance;pmfby,
PMFBY_2023_SEC_38_4_12,PMFBY_2023,child,ACTIVE,scheme_guideline,India,48,319,149,149,38.4.12,,,,,Insurance Companies (ICs),complaint;crop_insurance;grievance;pmfby,
PMFBY_2023_SEC_38_4_13,PMFBY_2023,child,ACTIVE,scheme_guideline,India,38,254,149,149,38.4.13,,,,,Insurance Companies (ICs),crop_insurance;eligibility;pmfby,
PMFBY_2023_SEC_38_4_14,PMFBY_2023,child,ACTIVE,scheme_guideline,India,148,985,149,149,38.4.14,,,,,Insurance Companies (ICs),crop_insurance;pmfby,
PMFBY_2023_SEC_38_4_15,PMFBY_2023,child,ACTIVE,scheme_guideline,India,17,132,149,149,38.4.15,,,,,Insurance Companies (ICs),crop_insurance;pmfby,SHORT_COMPLETE_PROVISION
PMFBY_2023_SEC_38_4_16,PMFBY_2023,child,ACTIVE,scheme_guideline,India,39,251,149,149,38.4.16,,,,,Insurance Companies (ICs),crop_insurance;pmfby,
PMFBY_2023_SEC_38_4_17,PMFBY_2023,child,ACTIVE,scheme_guideline,India,29,223,149,149,38.4.17,,,,,Insurance Companies (ICs),crop_insurance;pmfby;premium,
PMFBY_2023_SEC_38_4_18,PMFBY_2023,child,ACTIVE,scheme_guideline,India,18,134,149,149,38.4.18,,,,,Insurance Companies (ICs),crop_insurance;pmfby,SHORT_COMPLETE_PROVISION
PMFBY_2023_SEC_38_4_19,PMFBY_2023,child,ACTIVE,scheme_guideline,India,50,315,149,149,38.4.19,,,,,Insurance Companies (ICs),crop_insurance;documents;pmfby,
PMFBY_2023_SEC_38_5,PMFBY_2023,parent,REFERENCE_ONLY,scheme_guideline,India,3,33,149,151,38.5,,,,,Financial Institutions/Banks,crop_insurance;pmfby,SHORT_CONTEXT_PARENT;STRUCTURE_UNCERTAIN
PMFBY_2023_SEC_38_5_1,PMFBY_2023,child,ACTIVE,scheme_guideline,India,28,179,149,149,38.5.1,,,,,Financial Institutions/Banks,crop_insurance;loans;pmfby,
PMFBY_2023_SEC_38_5_2,PMFBY_2023,child,ACTIVE,scheme_guideline,India,35,238,150,150,38.5.2,,,,,Financial Institutions/Banks,crop_insurance;pmfby,
PMFBY_2023_SEC_38_5_3,PMFBY_2023,child,ACTIVE,scheme_guideline,India,21,144,150,150,38.5.3,,,,,Financial Institutions/Banks,crop_insurance;pmfby,
PMFBY_2023_SEC_38_5_4,PMFBY_2023,child,ACTIVE,scheme_guideline,India,22,156,150,150,38.5.4,,,,,Financial Institutions/Banks,crop_insurance;loans;pmfby;premium,
PMFBY_2023_SEC_38_5_5,PMFBY_2023,child,ACTIVE,scheme_guideline,India,19,114,150,150,38.5.5,,,,,Financial Institutions/Banks,crop_insurance;eligibility;pmfby,SHORT_COMPLETE_PROVISION
PMFBY_2023_SEC_38_5_6,PMFBY_2023,child,ACTIVE,scheme_guideline,India,56,368,150,150,38.5.6,,,,,Financial Institutions/Banks,crop_insurance;eligibility;pmfby;premium,
PMFBY_2023_SEC_38_5_7,PMFBY_2023,child,ACTIVE,scheme_guideline,India,32,196,150,150,38.5.7,,,,,Financial Institutions/Banks,crop_insurance;pmfby;premium,
PMFBY_2023_SEC_38_5_8,PMFBY_2023,child,ACTIVE,scheme_guideline,India,118,799,150,150,38.5.8,,,,,Financial Institutions/Banks,crop_insurance;eligibility;loans;pmfby,
PMFBY_2023_SEC_38_5_9,PMFBY_2023,child,ACTIVE,scheme_guideline,India,103,657,150,150,38.5.9,,,,,Financial Institutions/Banks,crop_insurance;eligibility;pmfby;premium;timeline,
PMFBY_2023_SEC_38_5_10,PMFBY_2023,child,ACTIVE,scheme_guideline,India,89,572,150,150,38.5.10,,,,,Financial Institutions/Banks,crop_insurance;pmfby;timeline,
PMFBY_2023_SEC_38_5_11,PMFBY_2023,child,ACTIVE,scheme_guideline,India,28,208,151,151,38.5.11,,,,,Financial Institutions/Banks,crop_insurance;pmfby;premium,
PMFBY_2023_SEC_38_5_12,PMFBY_2023,child,ACTIVE,scheme_guideline,India,59,367,151,151,38.5.12,,,,,Financial Institutions/Banks,crop_insurance;loans;pmfby,
PMFBY_2023_SEC_38_5_13,PMFBY_2023,child,ACTIVE,scheme_guideline,India,30,184,151,151,38.5.13,,,,,Financial Institutions/Banks,crop_insurance;pacs;pmfby,
PMFBY_2023_SEC_38_5_14,PMFBY_2023,child,ACTIVE,scheme_guideline,India,49,273,151,151,38.5.14,,,,,Financial Institutions/Banks,claim;crop_insurance;pacs;pmfby,
PMFBY_2023_SEC_38_5_15,PMFBY_2023,child,ACTIVE,scheme_guideline,India,18,112,151,151,38.5.15,,,,,Financial Institutions/Banks,crop_insurance;pmfby,SHORT_COMPLETE_PROVISION
PMFBY_2023_SEC_38_5_16,PMFBY_2023,child,ACTIVE,scheme_guideline,India,33,200,151,151,38.5.16,,,,,Financial Institutions/Banks,crop_insurance;documents;pmfby,
PMFBY_2023_SEC_38_5_17,PMFBY_2023,child,ACTIVE,scheme_guideline,India,29,179,151,151,38.5.17,,,,,Financial Institutions/Banks,crop_insurance;eligibility;pmfby;premium,
PMFBY_2023_SEC_38_5_18,PMFBY_2023,child,ACTIVE,scheme_guideline,India,32,219,151,151,38.5.18,,,,,Financial Institutions/Banks,crop_insurance;documents;loans;pmfby,
PMFBY_2023_SEC_38_5_19,PMFBY_2023,child,ACTIVE,scheme_guideline,India,44,269,151,151,38.5.19,,,,,Financial Institutions/Banks,crop_insurance;pmfby;timeline,
PMFBY_2023_SEC_38_5_20,PMFBY_2023,child,ACTIVE,scheme_guideline,India,26,176,151,151,38.5.20,,,,,Financial Institutions/Banks,crop_insurance;pmfby;premium,
PMFBY_2023_SEC_38_5_21,PMFBY_2023,child,ACTIVE,scheme_guideline,India,30,202,151,151,38.5.21,,,,,Financial Institutions/Banks,crop_insurance;pmfby,
PMFBY_2023_SEC_38_6,PMFBY_2023,parent,REFERENCE_ONLY,scheme_guideline,India,8,61,151,152,38.6,,,,,Common Service Centre- Special Purpose Vehicle (CSC-SPV),crop_insurance;pmfby,SHORT_CONTEXT_PARENT;STRUCTURE_UNCERTAIN
PMFBY_2023_SEC_38_6_1,PMFBY_2023,child,ACTIVE,scheme_guideline,India,20,134,151,151,38.6.1,,,,,Common Service Centre- Special Purpose Vehicle (CSC-SPV),crop_insurance;pmfby,
PMFBY_2023_SEC_38_6_2,PMFBY_2023,child,ACTIVE,scheme_guideline,India,22,122,151,151,38.6.2,,,,,Common Service Centre- Special Purpose Vehicle (CSC-SPV),crop_insurance;pmfby,
PMFBY_2023_SEC_38_6_3,PMFBY_2023,child,ACTIVE,scheme_guideline,India,28,169,152,152,38.6.3,,,,,Common Service Centre- Special Purpose Vehicle (CSC-SPV),crop_insurance;pmfby;premium;timeline,
PMFBY_2023_SEC_38_6_4,PMFBY_2023,child,ACTIVE,scheme_guideline,India,26,163,152,152,38.6.4,,,,,Common Service Centre- Special Purpose Vehicle (CSC-SPV),crop_insurance;pmfby;premium;timeline,
PMFBY_2023_SEC_38_6_5,PMFBY_2023,child,ACTIVE,scheme_guideline,India,25,169,152,152,38.6.5,,,,,Common Service Centre- Special Purpose Vehicle (CSC-SPV),crop_insurance;pmfby,
PMFBY_2023_SEC_38_6_6,PMFBY_2023,child,ACTIVE,scheme_guideline,India,14,95,152,152,38.6.6,,,,,Common Service Centre- Special Purpose Vehicle (CSC-SPV),crop_insurance;grievance;pmfby,SHORT_COMPLETE_PROVISION
PMFBY_2023_SEC_38_6_7,PMFBY_2023,child,ACTIVE,scheme_guideline,India,38,236,152,152,38.6.7,,,,,Common Service Centre- Special Purpose Vehicle (CSC-SPV),crop_insurance;pmfby;timeline,
PMFBY_2023_SEC_38_6_8,PMFBY_2023,child,ACTIVE,scheme_guideline,India,58,354,152,152,38.6.8,,,,,Common Service Centre- Special Purpose Vehicle (CSC-SPV),crop_insurance;pmfby,
PMFBY_2023_SEC_38_6_9,PMFBY_2023,child,ACTIVE,scheme_guideline,India,21,134,152,152,38.6.9,,,,,Common Service Centre- Special Purpose Vehicle (CSC-SPV),crop_insurance;pmfby,
PMFBY_2023_SEC_38_6_10,PMFBY_2023,child,ACTIVE,scheme_guideline,India,97,595,152,152,38.6.10,,,,,Common Service Centre- Special Purpose Vehicle (CSC-SPV),claim;crop_insurance;documents;pmfby,
PMFBY_2023_SEC_38_7,PMFBY_2023,parent,REFERENCE_ONLY,scheme_guideline,India,9,67,152,153,38.7,,,,,Common Service Centers - Village Level Entrepreneurs (CSC-VLE),crop_insurance;pmfby,SHORT_CONTEXT_PARENT;STRUCTURE_UNCERTAIN
PMFBY_2023_SEC_38_7_1,PMFBY_2023,child,ACTIVE,scheme_guideline,India,109,705,152,152,38.7.1,,,,,Common Service Centers - Village Level Entrepreneurs (CSC-VLE),crop_insurance;documents;pmfby,
PMFBY_2023_SEC_38_7_2,PMFBY_2023,child,ACTIVE,scheme_guideline,India,26,193,152,152,38.7.2,,,,,Common Service Centers - Village Level Entrepreneurs (CSC-VLE),crop_insurance;pmfby,
PMFBY_2023_SEC_38_7_3,PMFBY_2023,child,ACTIVE,scheme_guideline,India,32,205,152,153,38.7.3,,,,,Common Service Centers - Village Level Entrepreneurs (CSC-VLE),crop_insurance;pmfby,
PMFBY_2023_SEC_38_7_4,PMFBY_2023,child,ACTIVE,scheme_guideline,India,19,112,153,153,38.7.4,,,,,Common Service Centers - Village Level Entrepreneurs (CSC-VLE),crop_insurance;documents;pmfby,SHORT_COMPLETE_PROVISION
PMFBY_2023_SEC_38_7_5,PMFBY_2023,child,ACTIVE,scheme_guideline,India,71,425,153,153,38.7.5,,,,,Common Service Centers - Village Level Entrepreneurs (CSC-VLE),crop_insurance;pmfby;premium,
PMFBY_2023_SEC_38_7_6,PMFBY_2023,child,ACTIVE,scheme_guideline,India,55,328,153,153,38.7.6,,,,,Common Service Centers - Village Level Entrepreneurs (CSC-VLE),crop_insurance;documents;pmfby,
PMFBY_2023_SEC_38_7_7,PMFBY_2023,child,ACTIVE,scheme_guideline,India,57,369,153,153,38.7.7,,,,,Common Service Centers - Village Level Entrepreneurs (CSC-VLE),crop_insurance;pmfby;reporting,
PMFBY_2023_SEC_38_7_8,PMFBY_2023,child,ACTIVE,scheme_guideline,India,17,123,153,153,38.7.8,,,,,Common Service Centers - Village Level Entrepreneurs (CSC-VLE),crop_insurance;pmfby,SHORT_COMPLETE_PROVISION
PMFBY_2023_SEC_38_7_9,PMFBY_2023,child,ACTIVE,scheme_guideline,India,129,804,153,153,38.7.9,,,,,Common Service Centers - Village Level Entrepreneurs (CSC-VLE),crop_insurance;pmfby;reporting;timeline,
PMFBY_2023_SEC_38_7_10,PMFBY_2023,child,ACTIVE,scheme_guideline,India,69,425,153,153,38.7.10,,,,,Common Service Centers - Village Level Entrepreneurs (CSC-VLE),claim;crop_insurance;documents;pmfby,
PMFBY_2023_SEC_38_8,PMFBY_2023,parent,REFERENCE_ONLY,scheme_guideline,India,5,57,153,155,38.8,,,,,Designated Insurance Agents/Insurance Intermediaries,crop_insurance;pmfby,SHORT_CONTEXT_PARENT;STRUCTURE_UNCERTAIN
PMFBY_2023_SEC_38_8_1,PMFBY_2023,child,ACTIVE,scheme_guideline,India,110,724,153,154,38.8.1,,,,,Designated Insurance Agents/Insurance Intermediaries,crop_insurance;documents;pmfby,
PMFBY_2023_SEC_38_8_2,PMFBY_2023,child,ACTIVE,scheme_guideline,India,31,242,154,154,38.8.2,,,,,Designated Insurance Agents/Insurance Intermediaries,crop_insurance;pmfby,
PMFBY_2023_SEC_38_8_3,PMFBY_2023,child,ACTIVE,scheme_guideline,India,32,205,154,154,38.8.3,,,,,Designated Insurance Agents/Insurance Intermediaries,crop_insurance;pmfby,
PMFBY_2023_SEC_38_8_4,PMFBY_2023,child,ACTIVE,scheme_guideline,India,22,127,154,154,38.8.4,,,,,Designated Insurance Agents/Insurance Intermediaries,crop_insurance;documents;pmfby,
PMFBY_2023_SEC_38_8_5,PMFBY_2023,child,ACTIVE,scheme_guideline,India,87,572,154,154,38.8.5,,,,,Designated Insurance Agents/Insurance Intermediaries,crop_insurance;pmfby;premium,
PMFBY_2023_SEC_38_8_6,PMFBY_2023,child,ACTIVE,scheme_guideline,India,58,336,154,154,38.8.6,,,,,Designated Insurance Agents/Insurance Intermediaries,crop_insurance;documents;pmfby,
PMFBY_2023_SEC_38_8_7,PMFBY_2023,child,ACTIVE,scheme_guideline,India,58,385,154,154,38.8.7,,,,,Designated Insurance Agents/Insurance Intermediaries,crop_insurance;pmfby;reporting,
PMFBY_2023_SEC_38_8_8,PMFBY_2023,child,ACTIVE,scheme_guideline,India,17,122,154,154,38.8.8,,,,,Designated Insurance Agents/Insurance Intermediaries,crop_insurance;pmfby,SHORT_COMPLETE_PROVISION
PMFBY_2023_SEC_38_8_9,PMFBY_2023,child,ACTIVE,scheme_guideline,India,15,106,154,154,38.8.9,,,,,Designated Insurance Agents/Insurance Intermediaries,claim;crop_insurance;grievance;pmfby;reporting,SHORT_COMPLETE_PROVISION
PMFBY_2023_SEC_38_8_10,PMFBY_2023,child,ACTIVE,scheme_guideline,India,136,876,154,154,38.8.10,,,,,Designated Insurance Agents/Insurance Intermediaries,crop_insurance;pmfby;reporting;timeline,
PMFBY_2023_SEC_38_8_11,PMFBY_2023,child,ACTIVE,scheme_guideline,India,77,490,155,155,38.8.11,,,,,Designated Insurance Agents/Insurance Intermediaries,claim;crop_insurance;documents;pmfby,
PMFBY_2023_SEC_38_9,PMFBY_2023,child,ACTIVE,scheme_guideline,India,75,495,155,155,38.9,,,,,,claim;crop_insurance;documents;pmfby,STRUCTURE_UNCERTAIN
PMFBY_2023_SEC_38_10,PMFBY_2023,parent,REFERENCE_ONLY,scheme_guideline,India,3,20,155,155,38.10,,,,,Loanee Farmers,crop_insurance;pmfby,SHORT_CONTEXT_PARENT;STRUCTURE_UNCERTAIN
PMFBY_2023_SEC_38_10_1,PMFBY_2023,child,ACTIVE,scheme_guideline,India,149,871,155,155,38.10.1,,,,,Loanee Farmers,crop_insurance;loans;pmfby;premium,
PMFBY_2023_SEC_38_10_2,PMFBY_2023,child,ACTIVE,scheme_guideline,India,38,258,155,155,38.10.2,,,,,Loanee Farmers,crop_insurance;pmfby,
PMFBY_2023_SEC_38_10_3,PMFBY_2023,child,ACTIVE,scheme_guideline,India,66,409,155,155,38.10.3,,,,,Loanee Farmers,crop_insurance;pmfby;premium,
PMFBY_2023_SEC_38_10_4,PMFBY_2023,child,ACTIVE,scheme_guideline,India,54,347,155,155,38.10.4,,,,,Loanee Farmers,crop_insurance;grievance;pmfby,
PMFBY_2023_SEC_38_10_5,PMFBY_2023,child,ACTIVE,scheme_guideline,India,75,459,155,155,38.10.5,,,,,Loanee Farmers,crop_insurance;loans;pmfby;premium;reporting,
PMFBY_2023_SEC_38_11,PMFBY_2023,parent,REFERENCE_ONLY,scheme_guideline,India,3,24,156,157,38.11,,,,,Non-Loanee Farmers,crop_insurance;pmfby,SHORT_CONTEXT_PARENT;STRUCTURE_UNCERTAIN
PMFBY_2023_SEC_38_11_1,PMFBY_2023,child,ACTIVE,scheme_guideline,India,38,262,156,156,38.11.1,,,,,Non-Loanee Farmers,crop_insurance;pmfby,
PMFBY_2023_SEC_38_11_2,PMFBY_2023,child,ACTIVE,scheme_guideline,India,107,699,156,156,38.11.2,,,,,Non-Loanee Farmers,crop_insurance;documents;pacs;pmfby;premium,
PMFBY_2023_SEC_38_11_3,PMFBY_2023,child,ACTIVE,scheme_guideline,India,69,462,156,156,38.11.3,,,,,Non-Loanee Farmers,crop_insurance;documents;pmfby,
PMFBY_2023_SEC_38_11_4,PMFBY_2023,child,ACTIVE,scheme_guideline,India,60,389,156,156,38.11.4,,,,,Non-Loanee Farmers,crop_insurance;pmfby,
PMFBY_2023_SEC_38_11_5,PMFBY_2023,child,ACTIVE,scheme_guideline,India,28,186,156,156,38.11.5,,,,,Non-Loanee Farmers,crop_insurance;pmfby,
PMFBY_2023_SEC_38_11_6,PMFBY_2023,child,ACTIVE,scheme_guideline,India,43,270,156,156,38.11.6,,,,,Non-Loanee Farmers,crop_insurance;pmfby;premium,
PMFBY_2023_SEC_38_11_7,PMFBY_2023,child,ACTIVE,scheme_guideline,India,30,200,156,156,38.11.7,,,,,Non-Loanee Farmers,crop_insurance;pmfby,
PMFBY_2023_SEC_38_11_8,PMFBY_2023,child,ACTIVE,scheme_guideline,India,54,347,156,156,38.11.8,,,,,Non-Loanee Farmers,crop_insurance;grievance;pmfby,
PMFBY_2023_SEC_38_11_9,PMFBY_2023,child,ACTIVE,scheme_guideline,India,98,625,156,157,38.11.9,,,,,Non-Loanee Farmers,crop_insurance;pmfby;premium;reporting,
PMFBY_2023_SEC_39,PMFBY_2023,parent,REFERENCE_ONLY,scheme_guideline,India,14,97,157,159,39,,,,,National Crop Insurance Portal (NCIP) for Administration of Crop,crop_insurance;pmfby,SHORT_CONTEXT_PARENT
PMFBY_2023_SEC_39_1_1,PMFBY_2023,child,ACTIVE,scheme_guideline,India,187,1305,157,157,39.1.1,,,,,National Crop Insurance Portal (NCIP) for Administration of Crop,crop_insurance;pmfby,
PMFBY_2023_SEC_39_2,PMFBY_2023,child,ACTIVE,scheme_guideline,India,188,1362,157,157,39.2,,,,,National Crop Insurance Portal (NCIP) for Administration of Crop,claim;crop_insurance;documents;pmfby;premium,
PMFBY_2023_SEC_39_3,PMFBY_2023,child,ACTIVE,scheme_guideline,India,65,468,157,157,39.3,,,,,National Crop Insurance Portal (NCIP) for Administration of Crop,crop_insurance;management;pmfby,
PMFBY_2023_SEC_39_4,PMFBY_2023,parent,REFERENCE_ONLY,scheme_guideline,India,766,4888,158,159,39.4,,,,,National Crop Insurance Portal (NCIP) for Administration of Crop,crop_insurance;management;pmfby;premium,MULTIPLE_FORMS_REVIEW
PMFBY_2023_SEC_39_4_SUB_1,PMFBY_2023,child,ACTIVE,scheme_guideline,India,447,2852,158,158,39.4,,,,,National Crop Insurance Portal (NCIP) for Administration of Crop,crop_insurance;management;pmfby;premium,
PMFBY_2023_SEC_39_4_SUB_2,PMFBY_2023,child,ACTIVE,scheme_guideline,India,392,2482,158,159,39.4,,,,,National Crop Insurance Portal (NCIP) for Administration of Crop,crop_insurance;management;pmfby,MULTIPLE_FORMS_REVIEW
PMFBY_2023_SEC_880,PMFBY_2023,child,ACTIVE,scheme_guideline,India,173,1094,159,160,,,,,,a) CCE schedule digitization,crop_insurance;pmfby,
PMFBY_2023_SEC_881,PMFBY_2023,child,ACTIVE,scheme_guideline,India,71,425,160,160,,,,,,b) Smart Sampling Technique,crop_insurance;pmfby,
PMFBY_2023_SEC_882,PMFBY_2023,child,ACTIVE,scheme_guideline,India,187,1208,160,160,,,,,,c) State Speciﬁc customization,crop_insurance;pmfby;premium,
PMFBY_2023_SEC_883,PMFBY_2023,child,ACTIVE,scheme_guideline,India,92,559,160,160,,,,,,a) Absolute amount-based farmer premium,crop_insurance;pmfby;premium,
PMFBY_2023_SEC_884,PMFBY_2023,parent,REFERENCE_ONLY,scheme_guideline,India,4,33,160,167,,,,,,b) Limited area-based notiﬁcation,crop_insurance;pmfby,CONTEXT_PARENT;SHORT_CONTEXT_PARENT
PMFBY_2023_SEC_884_SUB_1,PMFBY_2023,child,ACTIVE,scheme_guideline,India,454,3099,160,161,,,,,,b) Limited area-based notiﬁcation,claim;crop_insurance;crop_loss;pmfby;premium;reporting,
PMFBY_2023_SEC_884_SUB_2,PMFBY_2023,child,ACTIVE,scheme_guideline,India,485,3196,161,162,,,,,,b) Limited area-based notiﬁcation,claim;crop_insurance;grievance;pmfby,
PMFBY_2023_SEC_884_SUB_3,PMFBY_2023,child,ACTIVE,scheme_guideline,India,665,4293,162,164,,,,,,b) Limited area-based notiﬁcation,crop_insurance;pmfby;premium;registration;timeline,
PMFBY_2023_SEC_884_SUB_4,PMFBY_2023,child,ACTIVE,scheme_guideline,India,448,2889,164,165,,,,,,b) Limited area-based notiﬁcation,crop_insurance;crop_loss;eligibility;loans;pmfby;premium;reporting,
PMFBY_2023_SEC_884_SUB_5,PMFBY_2023,child,ACTIVE,scheme_guideline,India,586,3806,165,166,,,,,,b) Limited area-based notiﬁcation,crop_insurance;crop_loss;pmfby;premium,
PMFBY_2023_SEC_884_SUB_6,PMFBY_2023,child,ACTIVE,scheme_guideline,India,523,3421,166,167,,,,,,b) Limited area-based notiﬁcation,claim;crop_insurance;crop_loss;pmfby,
PMFBY_2023_SEC_884_SUB_7,PMFBY_2023,child,ACTIVE,scheme_guideline,India,399,2669,167,167,,,,,,b) Limited area-based notiﬁcation,crop_insurance;crop_loss;eligibility;loans;management;pmfby,
PMFBY_2023_ANNEXURE_I,PMFBY_2023,child,ACTIVE,scheme_guideline,India,25,131,168,168,,,,,,ANNEXURE – I,crop_insurance;crop_loss;pmfby,
PMFBY_2023_SEC_1_1,PMFBY_2023,child,ACTIVE,scheme_guideline,India,97,588,168,168,1.1,,,,,,crop_insurance;eligibility;pmfby,STRUCTURE_UNCERTAIN
PMFBY_2023_SEC_1_2,PMFBY_2023,child,ACTIVE,scheme_guideline,India,66,438,168,168,1.2,,,,,,crop_insurance;pmfby,STRUCTURE_UNCERTAIN
PMFBY_2023_SEC_2_002,PMFBY_2023,parent,REFERENCE_ONLY,scheme_guideline,India,3,17,168,168,2,,,,,Risks Covered:,crop_insurance;pmfby,SHORT_CONTEXT_PARENT
PMFBY_2023_SEC_2_1_002,PMFBY_2023,child,ACTIVE,scheme_guideline,India,80,480,168,168,2.1,,,,,Risks Covered:,crop_insurance;pmfby,
PMFBY_2023_SEC_2_2_002,PMFBY_2023,child,ACTIVE,scheme_guideline,India,23,131,168,168,2.2,,,,,Risks Covered:,crop_insurance;pmfby,
PMFBY_2023_SEC_3_002,PMFBY_2023,parent,REFERENCE_ONLY,scheme_guideline,India,3,19,168,171,3,,,,,Risk Acceptance:,crop_insurance;pmfby,SHORT_CONTEXT_PARENT
PMFBY_2023_SEC_3_1_002,PMFBY_2023,child,ACTIVE,scheme_guideline,India,156,899,168,168,3.1,,,,,Risk Acceptance:,crop_insurance;pmfby;premium,
PMFBY_2023_SEC_3_2,PMFBY_2023,child,ACTIVE,scheme_guideline,India,35,221,168,168,3.2,,,,,Risk Acceptance:,crop_insurance;pmfby;premium,
PMFBY_2023_SEC_3_3,PMFBY_2023,child,ACTIVE,scheme_guideline,India,165,1032,168,169,3.3,,,,,Risk Acceptance:,crop_insurance;crop_loss;pmfby;premium,
PMFBY_2023_SEC_3_4,PMFBY_2023,child,ACTIVE,scheme_guideline,India,102,582,169,169,3.4,,,,,Risk Acceptance:,crop_insurance;crop_loss;eligibility;pmfby,
PMFBY_2023_SEC_3_5,PMFBY_2023,child,ACTIVE,scheme_guideline,India,127,897,169,169,3.5,,,,,Risk Acceptance:,crop_insurance;eligibility;management;pmfby,
PMFBY_2023_SEC_3_6,PMFBY_2023,child,ACTIVE,scheme_guideline,India,70,467,169,169,3.6,,,,,Risk Acceptance:,crop_insurance;pmfby;premium,
PMFBY_2023_SEC_3_7,PMFBY_2023,child,ACTIVE,scheme_guideline,India,99,612,169,169,3.7,,,,,Risk Acceptance:,crop_insurance;eligibility;pmfby;premium,
PMFBY_2023_SEC_899,PMFBY_2023,child,ACTIVE,scheme_guideline,India,74,443,169,170,,,,,,Case - I:,claim;crop_insurance;crop_loss;pmfby,
PMFBY_2023_SEC_900,PMFBY_2023,child,ACTIVE,scheme_guideline,India,140,837,170,170,,,,,,Case - II:,crop_insurance;crop_loss;eligibility;pmfby,
PMFBY_2023_SEC_3_8,PMFBY_2023,child,ACTIVE,scheme_guideline,India,61,390,170,170,3.8,,,,,Risk Acceptance:,crop_insurance;meetings;pmfby,
PMFBY_2023_SEC_3_9,PMFBY_2023,child,ACTIVE,scheme_guideline,India,39,260,170,170,3.9,,,,,Risk Acceptance:,crop_insurance;crop_loss;meetings;pmfby,
PMFBY_2023_SEC_3_10,PMFBY_2023,parent,REFERENCE_ONLY,scheme_guideline,India,3,26,170,171,3.10,,,,,Risk Acceptance:,crop_insurance;eligibility;pmfby,SHORT_CONTEXT_PARENT
PMFBY_2023_SEC_3_10_1,PMFBY_2023,child,ACTIVE,scheme_guideline,India,18,117,170,170,3.10.1,,,,,Eligibility Criteria:,crop_insurance;eligibility;pmfby,SHORT_COMPLETE_PROVISION
PMFBY_2023_SEC_3_10_2,PMFBY_2023,child,ACTIVE,scheme_guideline,India,32,198,170,170,3.10.2,,,,,Eligibility Criteria:,crop_insurance;eligibility;pmfby,
PMFBY_2023_SEC_3_10_3,PMFBY_2023,child,ACTIVE,scheme_guideline,India,38,226,170,170,3.10.3,,,,,Eligibility Criteria:,crop_insurance;eligibility;pmfby;premium,
PMFBY_2023_SEC_3_10_4,PMFBY_2023,child,ACTIVE,scheme_guideline,India,40,240,170,170,3.10.4,,,,,Eligibility Criteria:,crop_insurance;eligibility;pmfby,
PMFBY_2023_SEC_3_10_5,PMFBY_2023,child,ACTIVE,scheme_guideline,India,71,408,170,170,3.10.5,,,,,Eligibility Criteria:,crop_insurance;eligibility;pmfby,
PMFBY_2023_SEC_3_10_6,PMFBY_2023,child,ACTIVE,scheme_guideline,India,53,330,170,171,3.10.6,,,,,Eligibility Criteria:,crop_insurance;eligibility;pmfby;premium,
PMFBY_2023_SEC_3_10_7,PMFBY_2023,child,ACTIVE,scheme_guideline,India,85,535,171,171,3.10.7,,,,,Eligibility Criteria:,crop_insurance;eligibility;pmfby;premium,
PMFBY_2023_SEC_3_10_8,PMFBY_2023,child,ACTIVE,scheme_guideline,India,12,74,171,171,3.10.8,,,,,Eligibility Criteria:,crop_insurance;eligibility;pmfby,SHORT_COMPLETE_PROVISION
PMFBY_2023_SEC_3_10_9,PMFBY_2023,child,ACTIVE,scheme_guideline,India,34,222,171,171,3.10.9,,,,,Eligibility Criteria:,crop_insurance;eligibility;pmfby,
PMFBY_2023_SEC_3_10_10,PMFBY_2023,child,ACTIVE,scheme_guideline,India,29,186,171,171,3.10.10,,,,,Eligibility Criteria:,crop_insurance;eligibility;pmfby,
PMFBY_2023_SEC_3_10_11,PMFBY_2023,child,ACTIVE,scheme_guideline,India,56,339,171,171,3.10.11,,,,,Eligibility Criteria:,crop_insurance;eligibility;pmfby,
PMFBY_2023_SEC_3_10_12,PMFBY_2023,child,ACTIVE,scheme_guideline,India,31,175,171,171,3.10.12,,,,,Eligibility Criteria:,crop_insurance;eligibility;pmfby,
PMFBY_2023_SEC_4_002,PMFBY_2023,parent,REFERENCE_ONLY,scheme_guideline,India,2,20,171,171,4,,,,,Proxy-Indicators:,crop_insurance;pmfby,SHORT_CONTEXT_PARENT
PMFBY_2023_SEC_4_1_1,PMFBY_2023,child,ACTIVE,scheme_guideline,India,89,585,171,171,4.1.1,,,,,Proxy-Indicators:,crop_insurance;crop_loss;eligibility;pmfby;reporting,
PMFBY_2023_SEC_5_002,PMFBY_2023,parent,REFERENCE_ONLY,scheme_guideline,India,4,29,171,172,5,,,,,Loss Assessment Procedure:,crop_insurance;pmfby,SHORT_CONTEXT_PARENT
PMFBY_2023_SEC_5_1_002,PMFBY_2023,child,ACTIVE,scheme_guideline,India,8,49,171,171,5.1,,,,,Loss Assessment Procedure:,crop_insurance;pmfby;reporting,SHORT_COMPLETE_PROVISION
PMFBY_2023_SEC_920,PMFBY_2023,child,ACTIVE,scheme_guideline,India,54,350,171,171,,,,,,A. The State Governments/UT Administrations would notify crop-wise and the agro-,crop_insurance;pmfby,
PMFBY_2023_SEC_5_2_002,PMFBY_2023,child,ACTIVE,scheme_guideline,India,18,107,171,171,5.2,,,,,Loss Assessment Procedure:,crop_insurance;pmfby;reporting,SHORT_COMPLETE_PROVISION
PMFBY_2023_SEC_922,PMFBY_2023,child,ACTIVE,scheme_guideline,India,59,378,171,171,,,,,,"C. Intimation must contain details of insured farmer's name, affected survey number-",crop_insurance;pmfby;reporting,
PMFBY_2023_SEC_923,PMFBY_2023,child,ACTIVE,scheme_guideline,India,38,206,172,172,,,,,,"D. Premium payment veriﬁcation to be done from the NCIP and in case of need, may be",crop_insurance;pmfby;premium;timeline,
PMFBY_2023_SEC_924,PMFBY_2023,child,ACTIVE,scheme_guideline,India,27,193,172,172,,,,,,E. Mobile application may be used for reporting incidence of localized calamities for,crop_insurance;pmfby;reporting,DUPLICATE_TEXT
PMFBY_2023_SEC_5_2_003,PMFBY_2023,child,ACTIVE,scheme_guideline,India,38,233,172,172,5.2,,,,,Loss Assessment Procedure:,crop_insurance;pmfby,
PMFBY_2023_SEC_5_3_002,PMFBY_2023,child,ACTIVE,scheme_guideline,India,39,260,172,172,5.3,,,,,Loss Assessment Procedure:,crop_insurance;crop_loss;pmfby,
PMFBY_2023_SEC_6_002,PMFBY_2023,parent,REFERENCE_ONLY,scheme_guideline,India,9,49,172,172,6,,,,,Channel of Reporting i.e. Whom to be Reported:,crop_insurance;pmfby;reporting,SHORT_CONTEXT_PARENT
PMFBY_2023_SEC_6_1,PMFBY_2023,child,ACTIVE,scheme_guideline,India,128,866,172,172,6.1,,,,,Channel of Reporting i.e. Whom to be Reported:,crop_insurance;crop_loss;pmfby;premium;reporting,
PMFBY_2023_SEC_6_2,PMFBY_2023,child,ACTIVE,scheme_guideline,India,29,187,172,172,6.2,,,,,Channel of Reporting i.e. Whom to be Reported:,crop_insurance;pmfby;reporting,
PMFBY_2023_SEC_6_3,PMFBY_2023,child,ACTIVE,scheme_guideline,India,48,300,172,172,6.3,,,,,Channel of Reporting i.e. Whom to be Reported:,crop_insurance;pmfby;reporting,
PMFBY_2023_SEC_7_002,PMFBY_2023,parent,REFERENCE_ONLY,scheme_guideline,India,7,54,172,173,7,,,,,Documentary Evidence Required for Claim Assessment:,claim;crop_insurance;documents;pmfby,SHORT_CONTEXT_PARENT
PMFBY_2023_SEC_7_1,PMFBY_2023,child,ACTIVE,scheme_guideline,India,71,438,172,172,7.1,,,,,Documentary Evidence Required for Claim Assessment:,claim;crop_insurance;crop_loss;documents;pmfby;reporting;timeline,
PMFBY_2023_SEC_7_2,PMFBY_2023,child,ACTIVE,scheme_guideline,India,90,600,172,173,7.2,,,,,Documentary Evidence Required for Claim Assessment:,claim;crop_insurance;documents;pmfby;reporting,
PMFBY_2023_SEC_8_002,PMFBY_2023,parent,REFERENCE_ONLY,scheme_guideline,India,9,58,173,173,8,,,,,Appointment of Loss Assessors by the Insurance Company:,crop_insurance;pmfby,SHORT_CONTEXT_PARENT
PMFBY_2023_SEC_8_1_002,PMFBY_2023,child,ACTIVE,scheme_guideline,India,98,700,173,173,8.1,,,,,Appointment of Loss Assessors by the Insurance Company:,crop_insurance;pmfby,
PMFBY_2023_SEC_8_2_002,PMFBY_2023,child,ACTIVE,scheme_guideline,India,24,159,173,173,8.2,,,,,Appointment of Loss Assessors by the Insurance Company:,crop_insurance;pmfby,
PMFBY_2023_SEC_8_3_002,PMFBY_2023,child,ACTIVE,scheme_guideline,India,87,525,173,173,8.3,,,,,Appointment of Loss Assessors by the Insurance Company:,crop_insurance;eligibility;pmfby,
PMFBY_2023_SEC_9_002,PMFBY_2023,child,ACTIVE,scheme_guideline,India,224,1307,173,173,9,,,,,Time Frame for Loss Assessment and Claims Payment:,claim;crop_insurance;eligibility;pmfby;premium,
PMFBY_2023_ANNEXURE_II,PMFBY_2023,child,ACTIVE,scheme_guideline,India,376,2229,174,175,,,,,,ANNEXURE - II,crop_insurance;loans;pmfby;reporting,TABLE_REVIEW
PMFBY_2023_ANNEXURE_III,PMFBY_2023,parent,REFERENCE_ONLY,scheme_guideline,India,682,3553,176,181,,,,,,ANNEXURE- III,crop_insurance;pmfby,CONTEXT_PARENT;TABLE_REVIEW
PMFBY_2023_ANNEXURE_III_SUB_1,PMFBY_2023,child,ACTIVE,scheme_guideline,India,227,1195,178,178,,,,,,ANNEXURE- III,crop_insurance;pmfby,TABLE_REVIEW
PMFBY_2023_ANNEXURE_III_SUB_2,PMFBY_2023,child,ACTIVE,scheme_guideline,India,280,1802,178,179,,,,,,ANNEXURE- III,crop_insurance;pmfby;premium;timeline,TABLE_REVIEW
PMFBY_2023_ANNEXURE_III_SUB_3,PMFBY_2023,child,ACTIVE,scheme_guideline,India,893,4519,179,181,,,,,,ANNEXURE- III,crop_insurance;pmfby;premium,TABLE_REVIEW
PMFBY_2023_ANNEXURE_IV,PMFBY_2023,child,REFERENCE_ONLY,scheme_guideline,India,1100,6673,182,185,,,,,,ANNEXURE- IV,appeal;crop_insurance;documents;eligibility;meetings;pmfby;timeline,LONG_CHUNK_NO_SAFE_SPLIT;TABLE_REVIEW
PMFBY_2023_ANNEXURE_V,PMFBY_2023,parent,REFERENCE_ONLY,scheme_guideline,India,8736,47422,186,210,,,,,,ANNEXURE- V,claim;crop_insurance;crop_loss;eligibility;pmfby,CONTEXT_PARENT;LONG_CHUNK_NO_SAFE_SPLIT;TABLE_REVIEW
PMFBY_2023_ANNEXURE_V_SUB_1,PMFBY_2023,child,ACTIVE,scheme_guideline,India,718,4558,206,207,,,,,,ANNEXURE- V,crop_insurance;crop_loss;eligibility;pmfby,TABLE_REVIEW
PMFBY_2023_ANNEXURE_V_SUB_2,PMFBY_2023,child,REFERENCE_ONLY,scheme_guideline,India,1104,6596,208,210,,,,,,ANNEXURE- V,crop_insurance;crop_loss;eligibility;pmfby,LONG_CHUNK_NO_SAFE_SPLIT;TABLE_REVIEW
PMFBY_2023_ANNEXURE_VL,PMFBY_2023,child,ACTIVE,scheme_guideline,India,282,2091,211,213,,,,,,Annexure-Vl,crop_insurance;documents;loans;management;pmfby,
CRCS_OMBUDSMAN_DOC,CRCS_OMBUDSMAN,parent,REFERENCE_ONLY,grievance_guidance,Central,12,57,1,2,,,,,,,grievance;ombudsman,CONTEXT_PARENT;SHORT_CONTEXT_PARENT
CRCS_OMBUDSMAN_CONTEXT_001,CRCS_OMBUDSMAN,child,REFERENCE_ONLY,grievance_guidance,Central,157,1032,1,1,,,,,,,appeal;complaint;deposits;grievance;ombudsman;registrar,
CRCS_OMBUDSMAN_SEC_002,CRCS_OMBUDSMAN,child,ACTIVE,grievance_guidance,Central,47,297,1,1,,,,,,How to file a Complaint,complaint;documents;form_vi;grievance;ombudsman,
CRCS_OMBUDSMAN_SEC_003,CRCS_OMBUDSMAN,child,ACTIVE,grievance_guidance,Central,47,274,1,1,,,,,,How to file an Appeal,appeal;complaint;grievance;ombudsman,
CRCS_OMBUDSMAN_SEC_004,CRCS_OMBUDSMAN,child,ACTIVE,grievance_guidance,Central,30,200,1,1,,,,,,Complaint or Appeal to the Cooperative Ombudsman shall be filed on the following address,appeal;complaint;grievance;ombudsman,
CRCS_OMBUDSMAN_SEC_005,CRCS_OMBUDSMAN,child,ACTIVE,grievance_guidance,Central,86,573,1,2,,,,,,Complaint or Appeal to the Cooperative Ombudsman can also be filed online on the following e-mail address,appeal;complaint;grievance;management;ombudsman,
