chunk_id,source_id,record_type,word_count,page_start,page_end,section,rule,clause,heading,warning,audit_flags,severity,groups,text_excerpt
MSCS_ACT_2002_DOC,MSCS_ACT_2002,parent,6,6,77,,,,,CONTEXT_PARENT;SHORT_CONTEXT_PARENT,,INFO,B_SHORT,"The Multi-State Cooperative Societies Act, 2002"
MSCS_ACT_2002_CONTEXT_001,MSCS_ACT_2002,child,104,6,6,,,,,,,INFO,,"The Multi-State Cooperative Societies Act, 2002

[Act No of 39 of 2002]

[3rd July 2002] An Act to consolidate and amend the law relating to cooperative societies, with objects not confined to one Sta"
MSCS_ACT_2002_SEC_1,MSCS_ACT_2002,child,89,6,6,1,,,"Short title, extent and commencement",,,INFO,,"Chapter I

Preliminary

1. Short title, extent and commencement

(1) This Act may be called the Multi-State Cooperative Societies Act,

2002.

(2) It extends to the whole of India.

(3) It shall come "
MSCS_ACT_2002_SEC_2,MSCS_ACT_2002,child,88,6,7,2,,,Application,,,INFO,,"2. Application

This Act shall apply to -

(a) all cooperative societies, with objects not confined to one State

which were incorporated before the commencement of this Act

(i) under the Cooperative"
MSCS_ACT_2002_SEC_3,MSCS_ACT_2002,parent,661,7,8,3,,,Definitions,,,INFO,,"3. Definitions

In this Act, unless the context otherwise requires, -

(a) “area of operation” means the area from which the persons are

admitted as members;

(b) “board” means the board of directors"
MSCS_ACT_2002_SEC_3_SUB_A,MSCS_ACT_2002,child,15,7,7,3,,a,Definitions,SHORT_COMPLETE_PROVISION,,INFO,B_SHORT,"(a) “area of operation” means the area from which the persons are

admitted as members;"
MSCS_ACT_2002_SEC_3_SUB_B,MSCS_ACT_2002,child,37,7,7,3,,b,Definitions,,,INFO,,"(b) “board” means the board of directors or the governing body of a

multi-state cooperative society, by whatever name called, to which the direction and control of the management of the affairs of th"
MSCS_ACT_2002_SEC_3_SUB_C,MSCS_ACT_2002,child,43,7,7,3,,c,Definitions,,,INFO,,(c) “bye-laws” means the bye-laws for the time being in force which have been duly registered or deemed to have been registered under this Act and includes amendments thereto which have been duly regi
MSCS_ACT_2002_SEC_3_SUB_D,MSCS_ACT_2002,child,36,7,7,3,,d,Definitions,,,INFO,,"(d) “Central Registrar” means the Central Registrar of Cooperative

Societies appointed under sub-section (1) of section 4 and includes any officer empowered to exercise the powers of the Central Regi"
MSCS_ACT_2002_SEC_3_SUB_E,MSCS_ACT_2002,child,16,7,7,3,,e,Definitions,SHORT_COMPLETE_PROVISION,,INFO,B_SHORT,"(e) “Chief Executive” means a Chief Executive of a multi-state

cooperative society appointed under section 51;"
MSCS_ACT_2002_SEC_3_SUB_F,MSCS_ACT_2002,child,12,7,7,3,,f,Definitions,SHORT_COMPLETE_PROVISION,,INFO,B_SHORT,(f) “cooperative bank” means a multi-state cooperative society which undertakes banking business;
MSCS_ACT_2002_SEC_3_SUB_G,MSCS_ACT_2002,child,12,7,7,3,,g,Definitions,SHORT_COMPLETE_PROVISION,,INFO,B_SHORT,"(g) “cooperative principles” means the cooperative principles

specified in the First Schedule;"
MSCS_ACT_2002_SEC_3_SUB_H,MSCS_ACT_2002,child,28,7,7,3,,h,Definitions,,,INFO,,"(h) “cooperative society” means a society registered or deemed to be

registered under any law relating to cooperative societies for the time being in force in any State;"
MSCS_ACT_2002_SEC_3_SUB_I,MSCS_ACT_2002,child,60,7,7,3,,i,Definitions,,,INFO,,"(i) “cooperative year”, in relation to any multi-state cooperative society or class of such societies, means the year ending on the 31st day of March of the year and where the accounts of such society"
MSCS_ACT_2002_SEC_3_SUB_J,MSCS_ACT_2002,child,26,7,7,3,,j,Definitions,,,INFO,,"(j) “Deposit Insurance Corporation” means the Deposit Insurance and Credit Guarantee Corporation established under section 3 of the Deposit Insurance Corporation Act, 1961 (47 of 1961);"
MSCS_ACT_2002_SEC_3_SUB_K,MSCS_ACT_2002,child,28,7,7,3,,k,Definitions,,,INFO,,(k) “federal cooperative” means a federation of cooperative societies registered under this Act and whose membership is available only to a cooperative society or a multi-state cooperative society;
MSCS_ACT_2002_SEC_3_SUB_L,MSCS_ACT_2002,child,59,7,7,3,,l,Definitions,,,INFO,,"(l) “general body”, in relation to a multi-state cooperative society, means all the members of that society and in relation to a national cooperative society or a federal cooperative means all the del"
MSCS_ACT_2002_SEC_3_SUB_M,MSCS_ACT_2002,child,21,7,7,3,,m,Definitions,,,INFO,,"(m) “general meeting” means a meeting of the general body of a multi-

state cooperative societies and includes special general meeting;"
MSCS_ACT_2002_SEC_3_SUB_N,MSCS_ACT_2002,child,40,7,8,3,,n,Definitions,,,INFO,,(n) “member” means a person joining in the application for the registration of a multi-state cooperative society and includes a person admitted to membership after such registration in accordance with
MSCS_ACT_2002_SEC_3_SUB_O,MSCS_ACT_2002,child,20,8,8,3,,o,Definitions,,,INFO,,"(o) “member cooperative” means a cooperative society or a multi-

state cooperative society which is member of a federal cooperative;"
MSCS_ACT_2002_SEC_3_SUB_P,MSCS_ACT_2002,child,26,8,8,3,,p,Definitions,,,INFO,,"(p) “multi-state cooperative society” means a society registered or

deemed to be registered under this Act and includes a national cooperative society and a Federal cooperative;"
MSCS_ACT_2002_SEC_3_SUB_Q,MSCS_ACT_2002,child,59,8,8,3,,q,Definitions,,,INFO,,"(q) “multi-state cooperative society with limited liability” means a

society having the liability of its members limited by its bye-laws to the amount, if any, unpaid on the shares, respectively, hel"
MSCS_ACT_2002_SEC_3_SUB_R,MSCS_ACT_2002,child,14,8,8,3,,r,Definitions,SHORT_COMPLETE_PROVISION,,INFO,B_SHORT,(r) “national cooperative society” means a multi-state cooperative society specified in the Second Schedule;
MSCS_ACT_2002_SEC_3_SUB_S,MSCS_ACT_2002,child,10,8,8,3,,s,Definitions,SHORT_COMPLETE_PROVISION,,INFO,B_SHORT,(s) “notification” means a notification published in the Official Gazette;
MSCS_ACT_2002_SEC_3_SUB_T,MSCS_ACT_2002,child,52,8,8,3,,t,Definitions,,,INFO,,"(t) “officer” means a president, vice-president, chairperson, vice-chairperson, managing director, secretary, manager, member of a board, treasurer, liquidator, an administrator appointed under sectio"
MSCS_ACT_2002_SEC_3_SUB_U,MSCS_ACT_2002,child,6,8,8,3,,u,Definitions,SHORT_COMPLETE_PROVISION,,INFO,B_SHORT,(u) “prescribed” means prescribed by rules;
MSCS_ACT_2002_SEC_3_SUB_V,MSCS_ACT_2002,child,21,8,8,3,,v,Definitions,,,INFO,,"(v) “Reserve Bank” means the Reserve Bank of India constituted under the Reserve Bank of India Act, 1934 (2 of 1934);"
MSCS_ACT_2002_SEC_3_SUB_W,MSCS_ACT_2002,child,9,8,8,3,,w,Definitions,SHORT_COMPLETE_PROVISION,,INFO,B_SHORT,(w) “rules” means the rules made under this Act.
MSCS_ACT_2002_SEC_4,MSCS_ACT_2002,child,147,8,9,4,,,Central Registrar,,,INFO,,"Chapter II

Central Registrar and Registration of Multi-State Cooperative Societies 4. Central Registrar

(1) The Central Government may appoint a person to be the Central

Registrar of Cooperative So"
MSCS_ACT_2002_SEC_5,MSCS_ACT_2002,child,89,9,9,5,,,Multi-state cooperative societies which may be registered,,,INFO,,"5. Multi-state cooperative societies which may be registered

(1) No multi-state cooperative society shall be registered under this

Act, unless,

(a) its main objects are to serve the interests of me"
MSCS_ACT_2002_SEC_6,MSCS_ACT_2002,child,264,9,10,6,,,Application for registration,,,INFO,,"6. Application for registration

(1) For the purposes of registration of a multi-state cooperative society

under this Act, an application shall be made to the Central Registrar in such form and with "
MSCS_ACT_2002_SEC_7,MSCS_ACT_2002,child,267,10,10,7,,,Registration,,,INFO,,"7. Registration

(1) If the Central Registrar is satisfied

(a) that the application complies with the provisions of this Act and

the rules;

(b) that the proposed multi-state cooperative society sat"
MSCS_ACT_2002_SEC_8,MSCS_ACT_2002,child,54,10,10,8,,,Registration certificate,,,INFO,,"8. Registration certificate

Where a multi-state cooperative society is registered under this Act, the Central Registrar shall issue a certificate of registration signed by him, which shall be conclus"
MSCS_ACT_2002_SEC_9,MSCS_ACT_2002,child,120,11,11,9,,,Multi-state cooperative society to be body corporate,,,INFO,,"9. Multi-state cooperative society to be body corporate

(1) The registration of a multi-state cooperative society shall render it a

body corporate by the name under which it is registered having per"
MSCS_ACT_2002_SEC_10,MSCS_ACT_2002,parent,520,11,12,10,,,Bye-laws of multi-state cooperative societies,,,INFO,,"10. Bye-laws of multi-state cooperative societies

(1) Every multi-state cooperative society may make its bye-laws

consistent with the provisions of this act and the rules made thereunder.

(2) In pa"
MSCS_ACT_2002_SEC_10_SUB_1,MSCS_ACT_2002,child,21,11,11,10,,,Bye-laws of multi-state cooperative societies,,,INFO,,"(1) Every multi-state cooperative society may make its bye-laws

consistent with the provisions of this act and the rules made thereunder."
MSCS_ACT_2002_SEC_10_SUB_2,MSCS_ACT_2002,child,493,11,12,10,,,Bye-laws of multi-state cooperative societies,,,INFO,,"(2) In particular, and without prejudice to the generality of the foregoing

power, such bye-laws may provide for all or any of the following matters, namely:

(a) the name, address and area of operat"
MSCS_ACT_2002_SEC_11,MSCS_ACT_2002,parent,627,12,14,11,,,Amendment of bye-laws of a multi-state cooperative society,,,INFO,,"11. Amendment of bye-laws of a multi-state cooperative society

(1) No amendment of any bye-law of a multi-state cooperative society

shall be valid, unless such amendment has been registered under th"
MSCS_ACT_2002_SEC_11_SUB_1,MSCS_ACT_2002,child,23,12,12,11,,,Amendment of bye-laws of a multi-state cooperative society,,,INFO,,"(1) No amendment of any bye-law of a multi-state cooperative society

shall be valid, unless such amendment has been registered under this Act."
MSCS_ACT_2002_SEC_11_SUB_2,MSCS_ACT_2002,child,34,12,12,11,,,Amendment of bye-laws of a multi-state cooperative society,,,INFO,,"(2) The amendment to the bye-laws of a multi-state cooperative society

shall be made by a resolution passed by a two-third majority of the members present and voting at general meeting of the society"
MSCS_ACT_2002_SEC_11_SUB_3,MSCS_ACT_2002,child,22,12,12,11,,,Amendment of bye-laws of a multi-state cooperative society,,,INFO,,"(3) No such resolution shall be valid unless fifteen clear days’ notice of

the proposed amendment has been given to the members."
MSCS_ACT_2002_SEC_11_SUB_4,MSCS_ACT_2002,child,237,13,13,11,,,Amendment of bye-laws of a multi-state cooperative society,,,INFO,,"(4) In every case in which a multi-state cooperative society proposes to

amend its bye-laws, an application to register such amendments shall be made to the Central Registrar together with-

(a) a co"
MSCS_ACT_2002_SEC_11_SUB_5,MSCS_ACT_2002,child,26,13,13,11,,,Amendment of bye-laws of a multi-state cooperative society,,,INFO,,"(5) Every such application shall be made within sixty days from the

date of the general meeting at which such amendment to the bye-laws was passed."
MSCS_ACT_2002_SEC_11_SUB_6,MSCS_ACT_2002,child,40,13,13,11,,,Amendment of bye-laws of a multi-state cooperative society,,,INFO,,"(6) The procedure given in sub-sections (2) to (5) of this section shall

apply to the amendment of the bye-laws of a cooperative society desiring to convert itself into a multi-state cooperative soci"
MSCS_ACT_2002_SEC_11_SUB_7,MSCS_ACT_2002,child,74,13,14,11,,,Amendment of bye-laws of a multi-state cooperative society,,,INFO,,"(7) If, on receipt of application under sub-section (5), the Central

Registrar is satisfied that the proposed amendment-

(a) is not contrary to the provisions of this Act or of the rules;

(b) does "
MSCS_ACT_2002_SEC_11_SUB_8,MSCS_ACT_2002,child,50,14,14,11,,,Amendment of bye-laws of a multi-state cooperative society,,,INFO,,"(8) The Central Registrar shall forward to the multi-state cooperative

society a copy of the registered amendment together with a certificate signed by him within a period of one month from the date "
MSCS_ACT_2002_SEC_11_SUB_9,MSCS_ACT_2002,child,112,14,14,11,,,Amendment of bye-laws of a multi-state cooperative society,,,INFO,,"(9) Where the Central Registrar refuses to register an amendment of

the bye-laws of a multi-state cooperative society, he shall communicate the order of refusal together with the reasons therefor to "
MSCS_ACT_2002_SEC_12,MSCS_ACT_2002,child,42,14,14,12,,,When amendment of bye-laws comes into force,,,INFO,,"12. When amendment of bye-laws comes into force

An amendment of the bye-laws of a multi-state cooperative society shall, unless it is expressed to come into operation on a particular day, come into f"
MSCS_ACT_2002_SEC_13,MSCS_ACT_2002,child,114,14,14,13,,,Change of name,,,INFO,,"13. Change of name

(1) A multi-state cooperative society may, by an amendment of its bye-

laws, change its name but such change shall not affect any right or obligation of the multi-state cooperativ"
MSCS_ACT_2002_SEC_14,MSCS_ACT_2002,child,31,15,15,14,,,Change of address,,,INFO,,14. Change of address Every multi-state cooperative society shall have principal place of business and an address registered in the manner prescribed to which all notices and communications may be sen
MSCS_ACT_2002_SEC_15,MSCS_ACT_2002,child,197,15,15,15,,,Publication of name by multi state cooperative society,,,INFO,,"15. Publication of name by multi state cooperative society Every multi-state cooperative society-

(a) shall paint or affix its name and the address of its registered office

and keep the same painted"
MSCS_ACT_2002_SEC_16,MSCS_ACT_2002,child,285,15,16,16,,,Liability,,,INFO,,"16. Liability

(1) No multi-state cooperative society with unlimited liability shall be

registered after the commencement of this Act:

Provided that where a multi-state cooperative society with unli"
MSCS_ACT_2002_SEC_17,MSCS_ACT_2002,parent,512,16,17,17,,,"Amalgamation or transfer of assets and liabilities, or division of",,,INFO,,"17. Amalgamation or transfer of assets and liabilities, or division of multi-state cooperative societies

(1) A multi-state cooperative society may, by a resolution passed by a

majority of not less t"
MSCS_ACT_2002_SEC_17_SUB_1,MSCS_ACT_2002,child,74,16,16,17,,,"Amalgamation or transfer of assets and liabilities, or division of",,,INFO,,"(1) A multi-state cooperative society may, by a resolution passed by a

majority of not less than two-thirds of the members, present and voting at a general meeting of the society held for the purpose"
MSCS_ACT_2002_SEC_17_SUB_2,MSCS_ACT_2002,child,44,16,16,17,,,"Amalgamation or transfer of assets and liabilities, or division of",,,INFO,,"(2) Any two or more multi-state cooperative societies may, by a

resolution passed by a majority of not less than two-thirds of the members present and voting at a general meeting of each such society"
MSCS_ACT_2002_SEC_17_SUB_3,MSCS_ACT_2002,child,31,16,16,17,,,"Amalgamation or transfer of assets and liabilities, or division of",,,INFO,,"(3) The resolution of a multi-state cooperative society under sub-

section (1) or sub-section (2) shall contain all particulars of the transfer or division or amalgamation, as the case may be."
MSCS_ACT_2002_SEC_17_SUB_4,MSCS_ACT_2002,child,77,16,16,17,,,"Amalgamation or transfer of assets and liabilities, or division of",,,INFO,,"(4) When a multi-state cooperative society has passed a resolution

under sub-section (1) or sub-section (2), it shall give notice thereof in writing to all the members and creditors, and, notwithstan"
MSCS_ACT_2002_SEC_17_SUB_5,MSCS_ACT_2002,child,31,17,17,17,,,"Amalgamation or transfer of assets and liabilities, or division of",,,INFO,,"(5) Any member or creditor who does not exercise his option within the

period specified in sub-section (4) shall be deemed to have assented to the proposals contained in the resolution."
MSCS_ACT_2002_SEC_17_SUB_6,MSCS_ACT_2002,child,63,17,17,17,,,"Amalgamation or transfer of assets and liabilities, or division of",,,INFO,,"(6) (a) A resolution passed by a multi-state cooperative society under

this section shall not take effect until the assent thereto of all the members and creditors has been obtained.

(b) The multi-s"
MSCS_ACT_2002_SEC_17_SUB_7,MSCS_ACT_2002,child,88,17,17,17,,,"Amalgamation or transfer of assets and liabilities, or division of",,,INFO,,"(7) On receipt of an application for the registration of new societies

formed by division in accordance with the resolution passed under sub-section (1) or of a new society formed by amalgamation in "
MSCS_ACT_2002_SEC_17_SUB_8,MSCS_ACT_2002,child,36,17,17,17,,,"Amalgamation or transfer of assets and liabilities, or division of",,,INFO,,"(8) On the issue of an order under sub-section (7), the provisions of

section 21 shall, so far as may be, apply to the multi-state cooperative society so divided or the multi-state cooperative societ"
MSCS_ACT_2002_SEC_17_SUB_9,MSCS_ACT_2002,child,54,17,17,17,,,"Amalgamation or transfer of assets and liabilities, or division of",,,INFO,,"(9) Where a resolution passed by a multi-state cooperative society

under this section involves the transfer of any assets and liabilities, the resolution shall, notwithstanding anything contained in "
MSCS_ACT_2002_SEC_18,MSCS_ACT_2002,child,94,17,17,18,,,Central Registrar to prepare scheme of amalgamation or,,,INFO,,"18. Central Registrar to prepare scheme of amalgamation or reorganisation of a cooperative bank in certain cases

When an order of moratorium has been made by the Central Government under sub-section "
MSCS_ACT_2002_SEC_19,MSCS_ACT_2002,child,235,18,18,19,,,Promotion of subsidiary institution,,,INFO,,"19. Promotion of subsidiary institution

(1) Any multi-state cooperative society may, by a resolution passed at

general meeting by a majority of members present and voting, promote one or more subsid"
MSCS_ACT_2002_SEC_20,MSCS_ACT_2002,child,144,18,19,20,,,Liability of a cooperative bank to deposit insurance and credit,,,INFO,,"20. Liability of a cooperative bank to deposit insurance and credit guarantee corporation

Notwithstanding anything contained in section 17 or any other provision of this Act, where a cooperative bank"
MSCS_ACT_2002_SEC_21,MSCS_ACT_2002,child,292,19,19,21,,,Cancellation of registration certificate of multi-state cooperative,,,INFO,,"21. Cancellation of registration certificate of multi-state cooperative societies in certain cases

(1) Where the whole of the assets and liabilities of a multi-state

cooperative society are transfer"
MSCS_ACT_2002_SEC_22,MSCS_ACT_2002,child,392,19,20,22,,,Conversion of a cooperative society into a multi-state cooperative,,,INFO,,"22. Conversion of a cooperative society into a multi-state cooperative society

(1) A cooperative society may, by an amendment of its bye-laws,

extend its jurisdiction and convert itself into a multi"
MSCS_ACT_2002_SEC_23,MSCS_ACT_2002,child,88,21,21,23,,,Registration of federal cooperative,,,INFO,,"Chapter III

Registration and Functions of Federal Cooperatives 23. Registration of federal cooperative

(1) Every federal cooperative shall obtain registration certification in

accordance with the p"
MSCS_ACT_2002_SEC_24,MSCS_ACT_2002,child,219,21,21,24,,,Functions of federal cooperative,,,INFO,,"24. Functions of federal cooperative

(1) Subject to the provisions of this Act and any other law for the time

being in force, a federal cooperative may discharge the functions to facilitate the volu"
MSCS_ACT_2002_SEC_25,MSCS_ACT_2002,child,335,22,22,25,,,Persons who may become members,,,INFO,,"Chapter IV

Members of Multi-state Cooperative Societies and their duties,

rights and liabilities

25. Persons who may become members

(1) No person shall be admitted as a member of a multi-state

co"
MSCS_ACT_2002_SEC_26,MSCS_ACT_2002,child,69,23,23,26,,,Nominal or associate members of society,,,INFO,,"26. Nominal or associate members of society

A multi-state cooperative society may, if provided in its bye-laws, admit a person as nominal or associate member:

Provided that no such nominal or associ"
MSCS_ACT_2002_SEC_27,MSCS_ACT_2002,child,34,23,23,27,,,Educational course for members,,,INFO,,"27. Educational course for members

(1) Every multi-state cooperative society shall organise cooperative

education programmes for its members, directors and employees.

(2) Every multi-state cooperat"
MSCS_ACT_2002_SEC_28,MSCS_ACT_2002,child,52,23,23,28,,,Members not to exercise rights till due payment made,,,INFO,,"28. Members not to exercise rights till due payment made

No member of a multi-state cooperative society shall exercise the rights of a member, unless he has made the payment to the society in respect"
MSCS_ACT_2002_SEC_29,MSCS_ACT_2002,child,113,23,23,29,,,Disqualification for member of a multi-state cooperative society,,,INFO,,"29. Disqualification for member of a multi-state cooperative society No person shall be eligible for being a member of a multi-state cooperative society if-

(a) his business is in conflict or competi"
MSCS_ACT_2002_SEC_30,MSCS_ACT_2002,child,113,23,24,30,,,Expulsion of members,,,INFO,,"30. Expulsion of members

(1) A multi-state cooperative society may, by resolution passed by a

majority of not less than two-thirds of the members present and voting at a general meeting of members h"
MSCS_ACT_2002_SEC_31,MSCS_ACT_2002,child,204,24,24,31,,,Vote of members,,,INFO,,"31. Vote of members

Every member of a multi-state cooperative society, including a member who is an employee of such society, shall have one vote in the affairs of the society:

Provided that-

(a) a"
MSCS_ACT_2002_SEC_32,MSCS_ACT_2002,child,82,24,24,32,,,Manner of Exercising Vote,,,INFO,,"32. Manner of Exercising Vote

Every member of a multi-state cooperative society shall exercise his vote in person and no member shall be permitted to vote by proxy:

Provided that a multi-state coope"
MSCS_ACT_2002_SEC_33,MSCS_ACT_2002,child,68,25,25,33,,,Restriction on holding of shares,,,INFO,,"33. Restriction on holding of shares

No member, other than the authorities referred to in clauses (c) to (g) of sub-section (1) of section 25 of a multi-state cooperative society or a cooperative soc"
MSCS_ACT_2002_SEC_34,MSCS_ACT_2002,child,40,25,25,34,,,Restriction on transfer of shares or interest,,,INFO,,"34. Restriction on transfer of shares or interest

The transfer of share or interest of a member in the capital of a multi-state cooperative society shall be subject to such conditions as to maximum h"
MSCS_ACT_2002_SEC_35,MSCS_ACT_2002,child,93,25,25,35,,,Redemption of shares,,,INFO,,"35. Redemption of shares

(1) Shares held in a multi-state cooperative society by any of the

authorities referred to in clauses (c) to (g) of sub-section (1) of section 25 shall be redeemable in acco"
MSCS_ACT_2002_SEC_36,MSCS_ACT_2002,child,210,25,26,36,,,Transfer of interest on death of members,,,INFO,,"36. Transfer of interest on death of members

(1) On the death of a member, a multi-state cooperative society may

transfer the share or interest of the deceased member to the person nominated in acco"
MSCS_ACT_2002_SEC_37,MSCS_ACT_2002,child,184,26,26,37,,,Liabilities of past member and estate of deceased member,,,INFO,,"37. Liabilities of past member and estate of deceased member

(1) Subject to the provisions of sub-section (2), the liability of a past

member or of the estate of a deceased member of a multi-state c"
MSCS_ACT_2002_SEC_38,MSCS_ACT_2002,child,322,26,27,38,,,"Constitution, powers and functions of general body",,,INFO,,"Chapter V

Direction and Management of Multi-State Cooperative Societies 38. Constitution, powers and functions of general body

(1) The general body of a multi-state cooperative society shall consist"
MSCS_ACT_2002_SEC_39,MSCS_ACT_2002,child,334,27,28,39,,,Annual general meeting of general body,,,INFO,,"39. Annual general meeting of general body

(1) The board of every multi-state cooperative society shall, within such

period as may be prescribed, and not later than six months after the close of the"
MSCS_ACT_2002_SEC_40,MSCS_ACT_2002,child,191,28,28,40,,,Special general meeting of general body,,,INFO,,"40. Special general meeting of general body

(1) The Chief Executive may, at any time, on the direction of the board,

call a special general meeting of the society and shall call such meeting within "
MSCS_ACT_2002_SEC_41,MSCS_ACT_2002,child,150,28,29,41,,,Board of directors,,,INFO,,"41. Board of directors

(1) Subject to the provisions of this Act and rules, there shall be a

board of directors for every multi-state cooperative society consisting of such number of members as spec"
MSCS_ACT_2002_SEC_42,MSCS_ACT_2002,child,70,29,29,42,,,Association of employees in management decision making process,,,INFO,,"42. Association of employees in management decision making process Every multi-state cooperative society shall devise such procedure, as may be specified in the bye-laws or in the administrative instr"
MSCS_ACT_2002_SEC_43,MSCS_ACT_2002,parent,667,29,31,43,,,Disqualifications for being a member of board,,,INFO,,"43. Disqualifications for being a member of board

(1) No member of any multi-state cooperative society or nominee of a

member, society or a national cooperative society shall be eligible for being c"
MSCS_ACT_2002_SEC_43_SUB_1,MSCS_ACT_2002,child,588,29,30,43,,,Disqualifications for being a member of board,,,INFO,,"(1) No member of any multi-state cooperative society or nominee of a

member, society or a national cooperative society shall be eligible for being chosen as, or for being, a member of the board of su"
MSCS_ACT_2002_SEC_43_SUB_2,MSCS_ACT_2002,child,71,30,31,43,,,Disqualifications for being a member of board,,,INFO,,"(2) A person shall not be eligible for being elected as member of board

of a multi-state cooperative society for a period of five years if the board of such multi-state cooperative society fails-

(a"
MSCS_ACT_2002_SEC_44,MSCS_ACT_2002,child,174,31,31,44,,,Prohibition to hold office of chairperson or president or vice,,,INFO,,"44. Prohibition to hold office of chairperson or president or vice-chairperson or vice president in certain cases

(1) No member of a board shall be eligible to be elected as the

chairperson or presi"
MSCS_ACT_2002_SEC_45,MSCS_ACT_2002,child,267,31,32,45,,,Elections of members of board,,,INFO,,"45. Elections of members of board

(1) The conduct of elections to the board of a multi-state cooperative

society shall be the responsibility of the existing board.

(2) The election of members of bo"
MSCS_ACT_2002_SEC_46,MSCS_ACT_2002,child,44,32,32,46,,,Holding of office in cooperative society,,,INFO,,"46. Holding of office in cooperative society Notwithstanding anything contained in this Act, no person shall be eligible to hold, at the same time, office of a president or chairperson or vice-preside"
MSCS_ACT_2002_SEC_47,MSCS_ACT_2002,child,95,32,32,47,,,Removal of elected members by general body,,,INFO,,"47. Removal of elected members by general body

An elected member of a board, who has acted adversely to the interests of multi-state cooperative society, may on the basis of a report of the Central R"
MSCS_ACT_2002_SEC_48,MSCS_ACT_2002,child,346,32,33,48,,,Nominee of Central Government or State Government on the board,,,INFO,,"48. Nominee of Central Government or State Government on the board

(1) Where the Central Government or a State Government has

subscribed to the share capital of a multi-state cooperative society, th"
MSCS_ACT_2002_SEC_49,MSCS_ACT_2002,child,236,33,34,49,,,Powers and functions of board,,,INFO,,"49. Powers and functions of board

(1) The board may exercise all such powers as may be necessary or

expedient for the purpose of carrying out its functions under this Act.

(2) Without prejudice to "
MSCS_ACT_2002_SEC_50,MSCS_ACT_2002,child,124,34,34,50,,,Meeting of board,,,INFO,,"50. Meeting of board

(1) The Chief Executive shall convene the meetings of the board at the

instance of the chairperson or president of the multi-state cooperative society.

(2) The total number of "
MSCS_ACT_2002_SEC_51,MSCS_ACT_2002,child,130,34,34,51,,,Chief Executive,,,INFO,,"51. Chief Executive

(1) There shall be a Chief Executive, by whatever designation called, of

every multi-state cooperative society to be appointed by the board and he shall be a full-time employee o"
MSCS_ACT_2002_SEC_52,MSCS_ACT_2002,child,264,35,35,52,,,Powers and functions of Chief Executive,,,INFO,,"52. Powers and functions of Chief Executive The Chief Executive shall under the general superintendence, direction and control of the board, exercise the powers and discharge the functions specified b"
MSCS_ACT_2002_SEC_53,MSCS_ACT_2002,child,78,35,35,53,,,Committees of board,,,INFO,,"53. Committees of board

(1) The board may, subject to such conditions as may be prescribed,

constitute an Executive Committee and other committees or sub-committees as may be considered necessary:

"
MSCS_ACT_2002_SEC_54,MSCS_ACT_2002,child,230,36,36,54,,,"Securing possession of records, etc",,,INFO,,"54. Securing possession of records, etc

(1) if-

(a) the records, including registers and books of account of a multi-

state cooperative society are likely to be tampered with or destroyed or the fu"
MSCS_ACT_2002_SEC_55,MSCS_ACT_2002,child,122,36,36,55,,,Charge and set-off in respect of share or contribution or interest of,,,INFO,,"Chapter VI

Privileges of Multi-State Cooperative Societies 55. Charge and set-off in respect of share or contribution or interest of members

A multi-state cooperative society shall have a charge on "
MSCS_ACT_2002_SEC_56,MSCS_ACT_2002,child,157,37,37,56,,,Share of contribution or interest not liable to attachment,,,INFO,,"56. Share of contribution or interest not liable to attachment

(1) Subject to the provisions of section 55, the share or contribution or

interest of a member or past or deceased member in the capita"
MSCS_ACT_2002_SEC_57,MSCS_ACT_2002,child,62,37,37,57,,,Register of members,,,INFO,,"57. Register of members Any register or list of members or shares kept by any multi-state cooperative society shall be prima facie evidence of any of the following particulars entered therein, namely:"
MSCS_ACT_2002_SEC_58,MSCS_ACT_2002,child,180,37,37,58,,,Admissibility of copy of entry as evidence,,,INFO,,"58. Admissibility of copy of entry as evidence

(1) A copy of any entry in a book of a multi-state cooperative society

regularly kept in the course of its business shall, if certified in such manner "
MSCS_ACT_2002_SEC_59,MSCS_ACT_2002,child,150,37,38,59,,,Exemption from compulsory registration of instruments,,,INFO,,"59. Exemption from compulsory registration of instruments

Nothing in clauses (b) and (c) of sub-section (1) of section 17 of the Registration Act, 1908 (16 of 1908) shall apply to-

(a) any instrumen"
MSCS_ACT_2002_SEC_60,MSCS_ACT_2002,child,333,38,38,60,,,Deduction from salary to meet multi-state cooperative society’s,,,INFO,,"60. Deduction from salary to meet multi-state cooperative society’s claim in certain cases

(1) Notwithstanding anything contained in any law for the time being in

force, a member of a multi-state co"
MSCS_ACT_2002_SEC_61,MSCS_ACT_2002,child,167,39,39,61,,,Government aid to multi-state cooperative societies,,,INFO,,"61. Government aid to multi-state cooperative societies

Notwithstanding anything contained in any law for the time being in force, the Central Government or a State Government, on receipt of request "
MSCS_ACT_2002_SEC_62,MSCS_ACT_2002,child,268,39,40,62,,,Funds not to be divided by way of profit,,,INFO,,"Chapter VII

Properties and Funds of Multi-State Cooperative Societies

62. Funds not to be divided by way of profit

(1) No part of the funds, other than net profits, of a multi-state

cooperative so"
MSCS_ACT_2002_SEC_63,MSCS_ACT_2002,child,208,40,40,63,,,Disposal of net profits,,,INFO,,"63. Disposal of net profits

(1) A multi-state cooperative society shall, out of its net profits in any

year-

(a) transfer an amount not less than twenty-five per cent, to the

reserve fund;

(b) cr"
MSCS_ACT_2002_SEC_64,MSCS_ACT_2002,child,222,40,41,64,,,Investment of funds,,,INFO,,"64. Investment of funds

A multi-state cooperative society may invest or deposit its funds-

(a) in a cooperative bank, state cooperative bank, cooperative land

development bank or central cooperativ"
MSCS_ACT_2002_SEC_65,MSCS_ACT_2002,child,38,41,41,65,,,Restriction on contribution,,,INFO,,"65. Restriction on contribution

No multi-state cooperative society shall make a contribution, either in money or in kind, whether directly or indirectly, to an institution which has an object of furt"
MSCS_ACT_2002_SEC_66,MSCS_ACT_2002,child,59,41,41,66,,,Restriction on loans,,,INFO,,"66. Restriction on loans

(1) A multi-state cooperative society, other than a cooperative bank,

shall not make a loan to a member on the security of his share or on the security of a non-member.

(2)"
MSCS_ACT_2002_SEC_67,MSCS_ACT_2002,child,163,41,42,67,,,Restrictions on borrowing,,,INFO,,"67. Restrictions on borrowing

(1) A multi-state cooperative society may receive deposits, raise loans

and receive grants from external sources to such extent and under such conditions as may be spec"
MSCS_ACT_2002_SEC_68,MSCS_ACT_2002,child,46,42,42,68,,,Restrictions on other transactions with non-members,,,INFO,,"68. Restrictions on other transactions with non-members

Save as provided in sections 66 and 67, the transaction of a multi-state cooperative society with any person other than a member, shall be subj"
MSCS_ACT_2002_SEC_69,MSCS_ACT_2002,child,129,42,42,69,,,Contributory provident fund,,,INFO,,"69. Contributory provident fund

(1) Subject to the provisions of the Employees’ Provident Fund and

Miscellaneous Provisions Act, 1952 (19 of 1952), a multi-state cooperative society having such numb"
MSCS_ACT_2002_SEC_70,MSCS_ACT_2002,parent,656,42,44,70,,,Appointment and remuneration of auditors,,,INFO,,"Chapter VIII

Audit, Inquiry, Inspection and Surcharge 70. Appointment and remuneration of auditors

(1) Every multi-state cooperative society shall cause to be audited by

an auditor referred to in s"
MSCS_ACT_2002_SEC_70_SUB_1,MSCS_ACT_2002,child,26,42,42,70,,,Appointment and remuneration of auditors,,,INFO,,"(1) Every multi-state cooperative society shall cause to be audited by

an auditor referred to in sub-section (2), its accounts at least once in each year."
MSCS_ACT_2002_SEC_70_SUB_2,MSCS_ACT_2002,child,83,43,43,70,,,Appointment and remuneration of auditors,,,INFO,,"(2) Every multi-state cooperative society shall, at each annual general

meeting, appoint an auditor or auditors to hold office from the conclusion of that meeting until the conclusion of the next ann"
MSCS_ACT_2002_SEC_70_SUB_3,MSCS_ACT_2002,child,41,43,43,70,,,Appointment and remuneration of auditors,,,INFO,,"(3) Every auditor appointed under sub-section (1) shall, within thirty

days of the receipt from the multi-state cooperative society of the intimation of his appointment, inform the Central Registrar "
MSCS_ACT_2002_SEC_70_SUB_4,MSCS_ACT_2002,child,111,43,43,70,,,Appointment and remuneration of auditors,,,INFO,,"(4) A retiring auditor shall be re-appointed unless-

(a) he is not qualified for re-appointment;

(b) he has given the multi-state cooperative society a notice in

writing of his unwillingness to be "
MSCS_ACT_2002_SEC_70_SUB_5,MSCS_ACT_2002,child,24,43,43,70,,,Appointment and remuneration of auditors,,,INFO,,"(5) Where at an annual general meeting no auditors are appointed or

re-appointed, the Central Registrar may appoint a person to fill the vacancy."
MSCS_ACT_2002_SEC_70_SUB_6,MSCS_ACT_2002,child,150,43,44,70,,,Appointment and remuneration of auditors,,,INFO,,"(6) First auditor or auditors of a multi-state cooperative society shall be

appointed by the board within one month of the date of registration of such society and the auditor or auditors so appointe"
MSCS_ACT_2002_SEC_70_SUB_7,MSCS_ACT_2002,child,79,44,44,70,,,Appointment and remuneration of auditors,,,INFO,,"(7) (a) The multi-state cooperative society may fill any causal vacancy

in the office of an auditor; but while any such vacancy continues, the remaining auditor or auditors, if any, may act:

Provide"
MSCS_ACT_2002_SEC_70_SUB_8,MSCS_ACT_2002,child,26,44,44,70,,,Appointment and remuneration of auditors,,,INFO,,"(8) Any auditor appointed under this section may be removed from

office before the expiry of his term by the multi-state cooperative society in general meeting."
MSCS_ACT_2002_SEC_70_SUB_9,MSCS_ACT_2002,child,103,44,44,70,,,Appointment and remuneration of auditors,,,INFO,,"(9) The remuneration of the auditors of a multi-state cooperative

society-

(a) in the case of an auditor appointed by the board or the Central

Registrar may be fixed by the board or the Central Reg"
MSCS_ACT_2002_SEC_71,MSCS_ACT_2002,child,241,44,45,71,,,Provision as to resolutions for appointing or removing auditors,,,INFO,,"71. Provision as to resolutions for appointing or removing auditors

(1) A special notice shall be required for a resolution at an annual

general meeting appointing as auditor a person other than a r"
MSCS_ACT_2002_SEC_72,MSCS_ACT_2002,child,213,45,45,72,,,Qualifications and disqualifications of auditors,,,INFO,,"72. Qualifications and disqualifications of auditors

(1) A person shall not be qualified for appointment as an auditor of a

multi-state cooperative society unless he is a chartered accountant within"
MSCS_ACT_2002_SEC_73,MSCS_ACT_2002,parent,593,45,47,73,,,Powers and duties of auditors,,,INFO,,"73. Powers and duties of auditors

(1) Every auditor of a multi-state cooperative society shall have a right

of access at all times to the books, accounts and vouchers of the multi-state cooperative "
MSCS_ACT_2002_SEC_73_SUB_1,MSCS_ACT_2002,child,77,45,46,73,,,Powers and duties of auditors,,,INFO,,"(1) Every auditor of a multi-state cooperative society shall have a right

of access at all times to the books, accounts and vouchers of the multi-state cooperative society, whether kept at the head o"
MSCS_ACT_2002_SEC_73_SUB_2,MSCS_ACT_2002,child,154,46,46,73,,,Powers and duties of auditors,,,INFO,,"(2) Without prejudice to provisions of sub-section (1), the auditor shall

inquire,-

(a) whether loans and advances made by the multi-state

cooperative society on the basis of security have been pro"
MSCS_ACT_2002_SEC_73_SUB_3,MSCS_ACT_2002,child,155,46,46,73,,,Powers and duties of auditors,,,INFO,,"(3) The auditor shall make a report to the members of the multi-state

cooperative society on the accounts examined by him and on every balance-sheet and profit and loss account and on every other doc"
MSCS_ACT_2002_SEC_73_SUB_4,MSCS_ACT_2002,child,154,46,47,73,,,Powers and duties of auditors,,,INFO,,"(4) The auditor’s report shall also state-

(a) whether he has obtained all the information and explanations

which to the best of his knowledge and belief were necessary for the purposes of his audit"
MSCS_ACT_2002_SEC_73_SUB_5,MSCS_ACT_2002,child,47,47,47,73,,,Powers and duties of auditors,,,INFO,,"(5) Where any of the matters referred to in clauses (a) and (b) of sub-

section (3) or in clauses (a), (b), (c) and (d) of sub-section (4) is answered in the negative or with a qualification, the aud"
MSCS_ACT_2002_SEC_74,MSCS_ACT_2002,child,46,47,47,74,,,Signature of audit report etc,,,INFO,,"74. Signature of audit report etc

Only the person appointed as an auditor of the multi-state cooperative society shall sign the auditor’s report, or sign or authenticate any other document of the mul"
MSCS_ACT_2002_SEC_75,MSCS_ACT_2002,child,36,47,47,75,,,Reading and inspection of auditor’s report,,,INFO,,"75. Reading and inspection of auditor’s report

The auditor’s report shall be read before the multi-state cooperative society in the general meeting and shall be open to inspection by any member of th"
MSCS_ACT_2002_SEC_76,MSCS_ACT_2002,child,84,47,47,76,,,Right of auditor to attend general meeting,,,INFO,,"76. Right of auditor to attend general meeting

All notices of, and other communications relating to, any general meeting of a multi-state cooperative society, which any member of the multi-state coop"
MSCS_ACT_2002_SEC_77,MSCS_ACT_2002,parent,604,47,49,77,,,Power of Central Government to direct special audit in certain,,,INFO,,"77. Power of Central Government to direct special audit in certain cases

(1) Where the Central Government is of the opinion-

(a) that the affairs of any multi-state cooperative society are not

bein"
MSCS_ACT_2002_SEC_77_SUB_1,MSCS_ACT_2002,child,223,47,48,77,,,Power of Central Government to direct special audit in certain,,,INFO,,"(1) Where the Central Government is of the opinion-

(a) that the affairs of any multi-state cooperative society are not

being managed in accordance with self-help and mutual aid and cooperative prin"
MSCS_ACT_2002_SEC_77_SUB_2,MSCS_ACT_2002,child,32,48,48,77,,,Power of Central Government to direct special audit in certain,,,INFO,,"(2) The chartered accountant or the multi-state cooperative society’s

auditor appointed under sub-section (1) to conduct a special audit as aforesaid is hereafter in this section referred to as the s"
MSCS_ACT_2002_SEC_77_SUB_3,MSCS_ACT_2002,child,55,48,48,77,,,Power of Central Government to direct special audit in certain,,,INFO,,"(3) The special auditor shall have the same powers and duties in

relation to the special audit as an auditor of a multi-state cooperative society has under section 73:

Provided that the special audi"
MSCS_ACT_2002_SEC_77_SUB_4,MSCS_ACT_2002,child,53,48,48,77,,,Power of Central Government to direct special audit in certain,,,INFO,,"(4) The report of the special auditor shall, as far as may be, include all

the matters required to be included in the auditors’ report under section 73 and, if the Central Government so directs, shal"
MSCS_ACT_2002_SEC_77_SUB_5,MSCS_ACT_2002,child,47,48,48,77,,,Power of Central Government to direct special audit in certain,,,INFO,,"(5) The Central Government may by order direct any person specified

in the order to furnish to the special auditor within such time as may be specified therein such information or additional informat"
MSCS_ACT_2002_SEC_77_SUB_6,MSCS_ACT_2002,child,123,48,49,77,,,Power of Central Government to direct special audit in certain,,,INFO,,"(6) On receipt of the report of the special auditor, the Central

Government may take such action on the report as it considers necessary in accordance with the provisions of this Act or any other law"
MSCS_ACT_2002_SEC_77_SUB_7,MSCS_ACT_2002,child,59,49,49,77,,,Power of Central Government to direct special audit in certain,,,INFO,,"(7) The expenses of, and incidental to, any special audit under this

section (including the remuneration of the special auditor) shall be determined by the Central Government which determination shal"
MSCS_ACT_2002_SEC_78,MSCS_ACT_2002,child,427,49,50,78,,,Inquiry by Central Registrar,,,INFO,,"78. Inquiry by Central Registrar

(1) The Central Registrar may, on a request from a federal cooperative

to which a multi-state cooperative society is affiliated or a creditor or not less than one-th"
MSCS_ACT_2002_SEC_79,MSCS_ACT_2002,child,296,50,51,79,,,Inspection of multi-state cooperative societies,,,INFO,,"79. Inspection of multi-state cooperative societies

(1) The Central Registrar may, on a request from a federal cooperative

to which a multi-state cooperative society is affiliated or a creditor or n"
MSCS_ACT_2002_SEC_80,MSCS_ACT_2002,child,125,51,51,80,,,Inspection of books of indebted multi-state cooperative societies,,,INFO,,"80. Inspection of books of indebted multi-state cooperative societies

(1) The Central Registrar shall, on the application of a creditor of a

multi-state cooperative society, inspect, or direct some "
MSCS_ACT_2002_SEC_81,MSCS_ACT_2002,child,125,51,51,81,,,Costs of inquiry and inspection,,,INFO,,"81. Costs of inquiry and inspection

Where an inquiry is held under section 78 or an inspection is made under section 79, the Central Registrar may apportion the costs, or such part of the costs, as h"
MSCS_ACT_2002_SEC_82,MSCS_ACT_2002,child,60,51,51,82,,,Recovery of costs,,,INFO,,"82. Recovery of costs

Any sum awarded by way of costs under section 81 may be recovered, on application to a magistrate having jurisdiction in the place where the person, from whom the money is claim"
MSCS_ACT_2002_SEC_83,MSCS_ACT_2002,child,316,52,52,83,,,"Repayment, etc",,,INFO,,"83. Repayment, etc

(1) If in the course of an audit, inquiry, inspection or the winding up of a

multi-state cooperative society, it is found that any person, who is or was entrusted with the organis"
MSCS_ACT_2002_SEC_84,MSCS_ACT_2002,parent,496,52,53,84,,,Reference of disputes,,,INFO,,"Chapter IX

Settlement of Disputes

84. Reference of disputes

(1) Notwithstanding anything contained in any other law for the time

being in force, if any dispute [other than a dispute regarding disc"
MSCS_ACT_2002_SEC_84_SUB_1,MSCS_ACT_2002,child,219,52,53,84,,,Reference of disputes,,,INFO,,"(1) Notwithstanding anything contained in any other law for the time

being in force, if any dispute [other than a dispute regarding disciplinary action taken by a multi-state cooperative society agai"
MSCS_ACT_2002_SEC_84_SUB_2,MSCS_ACT_2002,child,139,53,53,84,,,Reference of disputes,,,INFO,,"(2) For the purposes of sub-section (1), the following shall be deemed

to be disputes touching the constitution, management or business of a multi-state cooperative society, namely:-

(a) a claim by "
MSCS_ACT_2002_SEC_84_SUB_3,MSCS_ACT_2002,child,50,53,53,84,,,Reference of disputes,,,INFO,,"(3) If any question arises whether a dispute referred to arbitration under

this section is or is not a dispute touching the constitution, management or business of a multi-state cooperative society, "
MSCS_ACT_2002_SEC_84_SUB_4,MSCS_ACT_2002,child,29,53,53,84,,,Reference of disputes,,,INFO,,"(4) Where a dispute has been referred to arbitration under sub-section

(1), the same shall be settled or decided by the arbitrator to be appointed by the Central Registrar."
MSCS_ACT_2002_SEC_84_SUB_5,MSCS_ACT_2002,child,50,53,53,84,,,Reference of disputes,,,INFO,,"(5) Save as otherwise provided under this Act, the provisions of the

Arbitration and Conciliation Act, 1996 (26 of 1996) shall apply to all arbitration under this Act as if the proceedings for arbitr"
MSCS_ACT_2002_SEC_85,MSCS_ACT_2002,child,268,54,54,85,,,Limitation,,,INFO,,"85. Limitation

(1) Notwithstanding anything contained in the Limitation Act, 1963, but

subject to the specific provisions made in this Act, the period of limitation in the case of a dispute referred"
MSCS_ACT_2002_SEC_86,MSCS_ACT_2002,child,340,54,55,86,,,Winding up of multi-state cooperative societies,,,INFO,,"Chapter X

Winding up of Multi-State Cooperative Society 86. Winding up of multi-state cooperative societies

(1) If the Central Registrar, after audit has been conducted under

section 70 or special "
MSCS_ACT_2002_SEC_87,MSCS_ACT_2002,child,64,55,55,87,,,Winding up of cooperative bank at the direction of Reserve Bank,,,INFO,,"87. Winding up of cooperative bank at the direction of Reserve Bank

Notwithstanding anything to the contrary contained elsewhere in this Act, the Central Registrar shall make an order for the winding"
MSCS_ACT_2002_SEC_88,MSCS_ACT_2002,child,88,55,55,88,,,Reimbursement to the Deposit Insurance Corporation by liquidator,,,INFO,,"88. Reimbursement to the Deposit Insurance Corporation by liquidator

Where a cooperative bank, being an insured bank within the meaning of the Deposit Insurance and Credit Guarantee Corporation Act, "
MSCS_ACT_2002_SEC_89,MSCS_ACT_2002,child,228,55,56,89,,,Liquidator,,,INFO,,"89. Liquidator

(1) Where the Central Registrar has made an order under section 86

for the winding up of multi-state cooperative society, the Central Registrar may appoint a liquidator for the purpos"
MSCS_ACT_2002_SEC_90,MSCS_ACT_2002,parent,602,56,57,90,,,Powers of liquidator,,,INFO,,"90. Powers of liquidator

(1) Subject to any rules made in this behalf, the whole of the assets of

a multi-state cooperative society in respect of which an order for winding up has been made, shall v"
MSCS_ACT_2002_SEC_90_SUB_1,MSCS_ACT_2002,child,63,56,56,90,,,Powers of liquidator,,,INFO,,"(1) Subject to any rules made in this behalf, the whole of the assets of

a multi-state cooperative society in respect of which an order for winding up has been made, shall vest in the liquidator appo"
MSCS_ACT_2002_SEC_90_SUB_2,MSCS_ACT_2002,child,496,56,57,90,,,Powers of liquidator,,,INFO,,"(2) Such liquidator shall also have power, subject to the control of the

Central Registrar-

(a) to institute and defend suits and other legal proceedings on

behalf of the multi-state cooperative so"
MSCS_ACT_2002_SEC_90_SUB_3,MSCS_ACT_2002,child,39,57,57,90,,,Powers of liquidator,,,INFO,,"(3) When the affairs of a multi-state cooperative society have been

wound up, the liquidator shall make a report to the Central Registrar and deposit the records of the society in such place as the C"
MSCS_ACT_2002_SEC_91,MSCS_ACT_2002,child,95,58,58,91,,,Disposal of surplus assets,,,INFO,,"91. Disposal of surplus assets

The surplus assets, as shown in the report of a liquidator of a multi-state cooperative society which is wound up-

(a) may, if the bye-laws of the multi-state cooperat"
MSCS_ACT_2002_SEC_92,MSCS_ACT_2002,child,50,58,58,92,,,Priority of contributions assessed by liquidator,,,INFO,,"92. Priority of contributions assessed by liquidator

Notwithstanding anything contained in any law relating to insolvency, the contribution assessed by a liquidator shall rank next to debts due to th"
MSCS_ACT_2002_SEC_93,MSCS_ACT_2002,child,98,58,58,93,,,Power of Central Registrar to cancel registration of a multi-state,,,INFO,,"93. Power of Central Registrar to cancel registration of a multi-state cooperative society

(1) The Central Registrar may, after considering the report of the

liquidator made to him under sub-section"
MSCS_ACT_2002_SEC_94,MSCS_ACT_2002,child,293,58,59,94,,,"Execution of decisions, etc",,,INFO,,"Chapter XI

Execution of Decrees, Orders and Decisions 94. Execution of decisions, etc

Every decision or order made under section 39 or section 40 or section 83 or section 99 or section 101 shall, if"
MSCS_ACT_2002_SEC_95,MSCS_ACT_2002,child,36,59,59,95,,,Execution of orders of liquidators,,,INFO,,"95. Execution of orders of liquidators

Every order made by the liquidator under section 90 shall be executed according to the law for the time being in force for the recovery of arrears of land reven"
MSCS_ACT_2002_SEC_96,MSCS_ACT_2002,child,125,59,59,96,,,Attachment before award,,,INFO,,"96. Attachment before award

(1) Where the arbitrator is satisfied that a party to any reference made

to him under section 84 with intent to defeat or delay the execution of any decision that may be "
MSCS_ACT_2002_SEC_97,MSCS_ACT_2002,child,96,60,60,97,,,Central Registrar or arbitrator or person authorised to be civil court,,,INFO,,"97. Central Registrar or arbitrator or person authorised to be civil court for certain purposes

The Central Registrar or the arbitrator or any person authorised by him in writing in this behalf shall"
MSCS_ACT_2002_SCHEDULE_099,MSCS_ACT_2002,child,187,60,60,,,,"Schedule to the Limitation Act, 1963 (36 of 1963).",,,INFO,,"Schedule to the Limitation Act, 1963 (36 of 1963). 98. Recovery of sums due to Government

(1) All sums due from a multi-state cooperative society, or from an

officer or member or past member of a mu"
MSCS_ACT_2002_SEC_99,MSCS_ACT_2002,child,307,60,61,99,,,Appeals,,,INFO,,"Chapter XII

Appeals and Review 99. Appeals

(1) Subject to the provisions of section 100, an appeal shall lie under

this section against-

(a) an order made by the Central Registrar under sub-sectio"
MSCS_ACT_2002_SEC_100,MSCS_ACT_2002,child,78,61,61,100,,,No appeal in certain cases,,,INFO,,"100. No appeal in certain cases Notwithstanding anything contained in this Act, where, with the previous sanction in writing of, or on requisition by, the Reserve Bank, a cooperative bank-

(a) is bei"
MSCS_ACT_2002_SEC_101,MSCS_ACT_2002,child,179,61,62,101,,,Review,,,INFO,,"101. Review

(1) The appellate authority referred to under section 99, may, on the

application of any party, review its own order in any case and pass in reference thereto such orders as it thinks fi"
MSCS_ACT_2002_SEC_102,MSCS_ACT_2002,child,46,62,62,102,,,Interlocutory orders,,,INFO,,"102. Interlocutory orders

Where an appeal is made under section 99, the appellate authority may in order to prevent the ends of justice being defeated, make such interlocutory orders, including an or"
MSCS_ACT_2002_SEC_103,MSCS_ACT_2002,parent,578,62,63,103,,,Cooperative societies functioning immediately before,,,INFO,,"Chapter XIII

Societies which become Multi-State Cooperative Societies

Consequent on Reorganisation of States 103. Cooperative societies functioning immediately before reorganisation of states

(1) W"
MSCS_ACT_2002_SEC_103_SUB_1,MSCS_ACT_2002,child,106,62,62,103,,,Cooperative societies functioning immediately before,,,INFO,,"(1) Where, by virtue of the provisions of Part II of the State

Reorganisation Act, 1956 (37 of 1956) or any other enactment relating to reorganisation of states, any cooperative society which immedia"
MSCS_ACT_2002_SEC_103_SUB_2,MSCS_ACT_2002,child,169,62,63,103,,,Cooperative societies functioning immediately before,,,INFO,,"(2) If it appears to the Central Registrar or any officer authorised in this

behalf by the Central Government (hereafter in this section referred to as the authorised officer) that it is necessary or"
MSCS_ACT_2002_SEC_103_SUB_3,MSCS_ACT_2002,child,88,63,63,103,,,Cooperative societies functioning immediately before,,,INFO,,"(3) If the scheme is sanctioned by a resolution passed by a majority of

the members present at the said meeting, either without modifications or with modifications to which the Central Registrar or t"
MSCS_ACT_2002_SEC_103_SUB_4,MSCS_ACT_2002,child,110,63,63,103,,,Cooperative societies functioning immediately before,,,INFO,,"(4) If the scheme is not sanctioned under sub-section (3), the Central

Registrar or the authorised officer may refer the scheme to such judge of the appropriate High Court, as may be nominated in thi"
MSCS_ACT_2002_SEC_103_SUB_5,MSCS_ACT_2002,child,83,63,63,103,,,Cooperative societies functioning immediately before,,,INFO,,"(5) Notwithstanding anything contained in this section, where a scheme

under sub-section (2) includes any proposal regarding the transfer of the assets and liabilities of any multi-state cooperative "
MSCS_ACT_2002_SEC_104,MSCS_ACT_2002,parent,574,64,65,104,,,Offences and penalties,,,INFO,,"Chapter XIV

Offences and Penalties 104. Offences and penalties

(1) A multi-state cooperative society or an officer or member thereof

wilfully making a false return or furnishing false information, "
MSCS_ACT_2002_SEC_104_SUB_1,MSCS_ACT_2002,child,88,64,64,104,,,Offences and penalties,,,INFO,,"(1) A multi-state cooperative society or an officer or member thereof

wilfully making a false return or furnishing false information, or any person wilfully or without any reasonable excuse disobeyin"
MSCS_ACT_2002_SEC_104_SUB_2,MSCS_ACT_2002,child,72,64,64,104,,,Offences and penalties,,,INFO,,"(2) Any employer who, without sufficient cause, fails to pay to a multi-

state cooperative society the amount deducted by him under section 60 within a period of fourteen days from the date on which "
MSCS_ACT_2002_SEC_104_SUB_3,MSCS_ACT_2002,child,102,64,64,104,,,Offences and penalties,,,INFO,,"(3) Any officer or custodian who wilfully fails to hand over custody of

books, accounts, documents, records, cash, security and other property belonging to a multi-state cooperative society of which "
MSCS_ACT_2002_SEC_104_SUB_4,MSCS_ACT_2002,child,303,64,65,104,,,Offences and penalties,,,INFO,,"(4) Whoever, before, during or after the election of delegates under the

proviso to sub-section (1) of section 38 or election of members of the board,-

(a) fraudulently defaces or fraudulently destr"
MSCS_ACT_2002_SEC_105,MSCS_ACT_2002,child,64,65,65,105,,,Cognizance of offences,,,INFO,,"105. Cognizance of offences

(1) No court inferior to that of a Metropolitan Magistrate or a Judicial

Magistrate of the first class shall try any offence under this Act.

(2) No prosecution for offen"
MSCS_ACT_2002_SEC_106,MSCS_ACT_2002,child,51,65,65,106,,,"Copies of bye-laws, etc, to be open to inspection",,,INFO,,"Chapter XV

Miscellaneous

106. Copies of bye-laws, etc, to be open to inspection Every multi-state cooperative society shall keep a copy of the rules and its bye-laws and also a list of its members o"
MSCS_ACT_2002_SEC_107,MSCS_ACT_2002,child,141,65,66,107,,,"Place of keeping and inspection of, registers and returns",,,INFO,,"107. Place of keeping and inspection of, registers and returns

(1) The register of members commencing from the date of the

registration of multi-state cooperative society, the index of members, the "
MSCS_ACT_2002_SEC_108,MSCS_ACT_2002,parent,493,66,67,108,,,"Inspection of books of account, etc., of multi-state cooperative",,,INFO,,"108. Inspection of books of account, etc., of multi-state cooperative society

(1) The books of account and other books and papers of every multi-

state cooperative society shall be open to inspectio"
MSCS_ACT_2002_SEC_108_SUB_1,MSCS_ACT_2002,child,76,66,66,108,,,"Inspection of books of account, etc., of multi-state cooperative",,,INFO,,"(1) The books of account and other books and papers of every multi-

state cooperative society shall be open to inspection during business hours-

(i) by the Central Registrar, or

(ii) by such office"
MSCS_ACT_2002_SEC_108_SUB_2,MSCS_ACT_2002,child,84,66,66,108,,,"Inspection of books of account, etc., of multi-state cooperative",,,INFO,,"(2) It shall be the duty of every director, other officer or employee of the

multi-state cooperative society to produce to the person making inspection under sub-section (1), all such books of accoun"
MSCS_ACT_2002_SEC_108_SUB_3,MSCS_ACT_2002,child,47,66,66,108,,,"Inspection of books of account, etc., of multi-state cooperative",,,INFO,,"(3) It shall also be the duty of every director, other officer or employee

of the multi-state cooperative society to give to the person making inspection under this section all assistance in connecti"
MSCS_ACT_2002_SEC_108_SUB_4,MSCS_ACT_2002,child,53,66,67,108,,,"Inspection of books of account, etc., of multi-state cooperative",,,INFO,,"(4) The person making the inspection under this section may, during

the course of inspection,-

(j) make or cause to be made copies of books of account and other books and papers; or

(ii) place or c"
MSCS_ACT_2002_SEC_108_SUB_5,MSCS_ACT_2002,child,127,67,67,108,,,"Inspection of books of account, etc., of multi-state cooperative",,,INFO,,"(5) Notwithstanding anything contained in any other law for the time

being in force or any contract to the contrary, the Central Registrar or an officer authorised under clause (ii) of sub-section (1"
MSCS_ACT_2002_SEC_108_SUB_6,MSCS_ACT_2002,child,95,67,67,108,,,"Inspection of books of account, etc., of multi-state cooperative",,,INFO,,"(6) Where an inspection of the books of account and other books and

papers of the multi-state cooperative society has been made under this section, the Central Registrar or an officer authorised unde"
MSCS_ACT_2002_SEC_110,MSCS_ACT_2002,child,414,67,68,110,,,Minutes of proceedings of general meetings and of board and other,,,INFO,,"110. Minutes of proceedings of general meetings and of board and other meetings

(1) Every multi-state cooperative society shall cause minutes of all

proceedings of every general meeting and of all p"
MSCS_ACT_2002_SEC_111,MSCS_ACT_2002,child,25,68,68,111,,,Minutes to be evidence,,,INFO,,"111. Minutes to be evidence

Minutes of meetings kept in accordance with the provision of section 110 shall be evidence of the proceedings recorded therein."
MSCS_ACT_2002_SEC_112,MSCS_ACT_2002,child,93,68,69,112,,,Presumptions to be drawn where minutes duly and signed,,,INFO,,"112. Presumptions to be drawn where minutes duly and signed

Where minutes of the proceedings of any general meeting of the multi-state cooperative society or of any meeting its board or a committee o"
MSCS_ACT_2002_SEC_113,MSCS_ACT_2002,child,52,69,69,113,,,Inspection of minutes book of general meetings,,,INFO,,"113. Inspection of minutes book of general meetings

The books containing the minutes of the proceedings of any general meeting or a multi-state cooperative society shall-

(a) be kept at the register"
MSCS_ACT_2002_SEC_114,MSCS_ACT_2002,child,39,69,69,114,,,Liquidator to be public servant,,,INFO,,"114. Liquidator to be public servant

Any person appointed as liquidator under the provisions of this Act shall be deemed to be a public servant within the meaning of section 21 of the Indian Penal Co"
MSCS_ACT_2002_SEC_115,MSCS_ACT_2002,child,95,69,69,115,,,Notice necessary in suits,,,INFO,,"115. Notice necessary in suits

No suit shall be instituted against a multi-state cooperative society or any of its officers in respect of any act touching the constitution, management or the business"
MSCS_ACT_2002_SEC_116,MSCS_ACT_2002,child,106,69,69,116,,,Power to amend Second Schedule,,,INFO,,"116. Power to amend Second Schedule

(1) If the Central Government is satisfied that any multi-state

cooperative society should be designate as a national cooperative society or any national cooperat"
MSCS_ACT_2002_SEC_117,MSCS_ACT_2002,child,136,69,70,117,,,Bar of jurisdiction of courts,,,INFO,,"117. Bar of jurisdiction of courts

(1) Save as otherwise provided in this Act, no court shall have

jurisdiction in respect of-

(a) the registration of a multi-state cooperative society or its bye-
"
MSCS_ACT_2002_SEC_118,MSCS_ACT_2002,child,48,70,70,118,,,Indemnity,,,INFO,,"118. Indemnity

No suit, prosecution or other legal proceedings shall be against the Central Registrar or, any person subordinate to him or acting on his authority or against any other person, in resp"
MSCS_ACT_2002_SEC_119,MSCS_ACT_2002,child,43,70,70,119,,,Opening of branches,,,INFO,,"119. Opening of branches

Notwithstanding anything contained to the contrary in any law relating to cooperative societies in force in a state, a multi-state cooperative society, not being a cooperativ"
MSCS_ACT_2002_SEC_120,MSCS_ACT_2002,child,99,70,70,120,,,Filing of returns,,,INFO,,"120. Filing of returns

Every year within six months of the closure of the accounting year every multi-state cooperative society shall file the following returns with the Central Registrar, namely-

("
MSCS_ACT_2002_SEC_121,MSCS_ACT_2002,child,77,70,71,121,,,Certain Acts not to apply,,,INFO,,"121. Certain Acts not to apply

(1) The provisions of the Companies Act, 1956 (1 of 1956) and the

Monopolies and Restrictive Trade Practices Act, 1969 (54 of 1969) shall not apply to the multi-state "
MSCS_ACT_2002_SEC_122,MSCS_ACT_2002,child,153,71,71,122,,,Central Government’s power to give directions to specified multi,,,INFO,,"122. Central Government’s power to give directions to specified multi-state cooperative societies in public interest

If the Central Government is satisfied that in the public interest or for the purp"
MSCS_ACT_2002_SEC_123,MSCS_ACT_2002,parent,515,71,72,123,,,Supersession of board of specified multi-state cooperative society,,,INFO,,"123. Supersession of board of specified multi-state cooperative society

(1) If in the opinion of the Central Government, the board of any

specified multi-state cooperative society is persistently ma"
MSCS_ACT_2002_SEC_123_SUB_1,MSCS_ACT_2002,child,214,71,71,123,,,Supersession of board of specified multi-state cooperative society,,,INFO,,"(1) If in the opinion of the Central Government, the board of any

specified multi-state cooperative society is persistently making default or is negligent in the performance of the duties imposed on "
MSCS_ACT_2002_SEC_123_SUB_2,MSCS_ACT_2002,child,32,71,71,123,,,Supersession of board of specified multi-state cooperative society,,,INFO,,"(2) The Central Government may fix such remuneration for the

administrators, as he may think fit and the remuneration shall be paid out of the funds of the specified multi-state cooperative society."
MSCS_ACT_2002_SEC_123_SUB_3,MSCS_ACT_2002,child,62,72,72,123,,,Supersession of board of specified multi-state cooperative society,,,INFO,,"(3) The administrator shall, subject to the control of the Central

Government and to such instructions as it may from time to time give, have power to exercise all or any of the functions of the boar"
MSCS_ACT_2002_SEC_123_SUB_4,MSCS_ACT_2002,child,38,72,72,123,,,Supersession of board of specified multi-state cooperative society,,,INFO,,"(4) Save as otherwise provided in sub-section (5), the administrator

shall, before the expiry of his term of office, arrange for the constitution of a new board in accordance with the bye-laws of the"
MSCS_ACT_2002_SEC_123_SUB_5,MSCS_ACT_2002,child,86,72,72,123,,,Supersession of board of specified multi-state cooperative society,,,INFO,,"(5) If, at any time during the period the administrator is in office, the

Central Government considers it necessary or expedient so to do, it may, by order in writing giving reasons therefor, direct "
MSCS_ACT_2002_SEC_123_SUB_6,MSCS_ACT_2002,child,74,72,72,123,,,Supersession of board of specified multi-state cooperative society,,,INFO,,"(6) Where a specified multi-state cooperative society is indebted to any

financial institution, the Central Government shall, before taking any action, under sub-section (1) in respect of that societ"
MSCS_ACT_2002_SEC_124,MSCS_ACT_2002,parent,725,72,74,124,,,Power to make rules,,,INFO,,"124. Power to make rules

(1) The Central Government may, by notification, make rules to carry

out the provisions of this Act.

(2) In particular, and without prejudice to the generality of the foreg"
MSCS_ACT_2002_SEC_124_SUB_1,MSCS_ACT_2002,child,17,72,72,124,,,Power to make rules,SHORT_COMPLETE_PROVISION,,INFO,B_SHORT,"(1) The Central Government may, by notification, make rules to carry

out the provisions of this Act."
MSCS_ACT_2002_SEC_124_SUB_2,MSCS_ACT_2002,child,583,72,74,124,,,Power to make rules,,,INFO,,"(2) In particular, and without prejudice to the generality of the foregoing

power, such rules may provide for all or any of the following matters, namely:-

(a) the form to be used, the particulars t"
MSCS_ACT_2002_SEC_124_SUB_3,MSCS_ACT_2002,child,120,74,74,124,,,Power to make rules,,,INFO,,"(3) Every rule made under this section shall be laid, as soon as may be

after it is made, before each House of Parliament, while it is in session, for a total period of thirty days which may be compr"
MSCS_ACT_2002_SEC_125,MSCS_ACT_2002,child,97,74,74,125,,,Power to remove difficulties,,,INFO,,"125. Power to remove difficulties

(1) If any difficulty arises in giving effect to the provisions of this Act,

the Central Government may, by order published in the Official Gazette, make such provi"
MSCS_ACT_2002_SEC_126,MSCS_ACT_2002,child,414,74,75,126,,,Repeal and saving,,,INFO,,"126. Repeal and saving

(1) The Multi-State Cooperative Societies Act, 1984 (51 of 1984)is

hereby repealed.

(2) Without prejudice to the provisions contained in the General

Clauses Act, 1897 (10 of"
MSCS_ACT_2002_SCHEDULE_127,MSCS_ACT_2002,child,280,76,76,,,,The First Schedule,,,INFO,,"The First Schedule

[See section 3(g)]

Cooperative Principles 1. Voluntary and Open Membership Cooperatives are voluntary organisations, open to all persons capable of using their services and willin"
MSCS_ACT_2002_SCHEDULE_128,MSCS_ACT_2002,child,203,77,77,,,,The Second Schedule,,,INFO,,"The Second Schedule

[See section 3(r) and 116]

List of national cooperative societies

1. National Cooperative Land Development Banks Federation Limited, Mumbai

2. National Federation of State Coop"
MSCS_AMD_2023_DOC,MSCS_AMD_2023,parent,4,1,23,,,,,CONTEXT_PARENT;DUPLICATE_TEXT;SHORT_CONTEXT_PARENT,DUPLICATE_TEXT,INFO,B_SHORT,रजिस्ट्री सं. डी.एल.- 33004/99
MSCS_AMD_2023_CONTEXT_001,MSCS_AMD_2023,child,117,1,1,,,,,,,INFO,,"रजिस्ट्री सं. डी.एल.- 33004/99 REGD. No. D. L.-33004/99

xxxGIDHxxx

सी.जी.-डी.एल.-अ.-03082023-247829

xxxGIDExxx

CG-DL-E-03082023-247829

असाधारण EXTRAORDINARY

भाग II—खण् ड 3—उप-खण् ड (ii) PART II—"
MSCS_AMD_2023_BACKGROUND_ENGLISH_NOTICE,MSCS_AMD_2023,child,122,1,2,,,,MINISTRY OF COOPERATION,,,INFO,,"MINISTRY OF COOPERATION

NOTIFICATION

New Delhi, the 3rd August, 2023

S.O. 3493(E).—In exercise of the powers conferred by sub-section (2) of section 1 of the Multi-State Cooperative Societies (Amen"
MSCS_AMD_2023_CONTEXT_003,MSCS_AMD_2023,child,151,2,2,,,,,STRUCTURE_UNCERTAIN,,INFO,E_STRUCTURE,"PART II — Section 1

izkf/kdkj ls izdkf'kr PUBLISHED BY AUTHORITY

lañ 14] ubZ fnYyh] c`gLifrokj] vxLr 3] 2023@Jko.k 12] 1945 ¼'kd½ NEW DELHI, THURSDAY, AUGUST 3, 2023/SRAVANA 12, 1945 (SAKA) No. 14]
"
MSCS_AMD_2023_ITEM_1,MSCS_AMD_2023,child,78,2,2,,,,(1) This Act may be called the Multi-State Co-operative Societies (Amendment) Short title and,,,INFO,,"1. (1) This Act may be called the Multi-State Co-operative Societies (Amendment) Short title and

commencement.

Act, 2023.

(2) It shall come into force on such date as the Central Government may, by"
MSCS_AMD_2023_ITEM_2,MSCS_AMD_2023,child,226,2,3,,,,"In section 3 of the Multi-State Co-operative Societies Act, 2002 (hereinafter referred",MULTIPLE_AMENDMENT_ACTIONS,,REVIEW,,"2. In section 3 of the Multi-State Co-operative Societies Act, 2002 (hereinafter referred

39 of 2002. Amendment of section 3.

to as the principal Act),––

(i) after clause (a), the following clause "
MSCS_AMD_2023_ITEM_3,MSCS_AMD_2023,child,414,3,4,,,,"In section 7 of the principal Act, for sub-sections (2) and (3), the following",,,INFO,,"3. In section 7 of the principal Act, for sub-sections (2) and (3), the following

Amendment of section 7.

sub-sections shall be substituted, namely:—

“(2) Without prejudice to the provisions of sub"
MSCS_AMD_2023_ITEM_4,MSCS_AMD_2023,child,33,4,4,,,,"In section 10 of the principal Act, in sub-section (2), in clause (a), for the word Amendment",,,INFO,,"4. In section 10 of the principal Act, in sub-section (2), in clause (a), for the word Amendment

of section 10.

“address”, the words and brackets “address, including e-mail address” shall be substit"
MSCS_AMD_2023_ITEM_5,MSCS_AMD_2023,child,41,4,4,,,,"In section 14 of the principal Act,",,,INFO,,"5. In section 14 of the principal Act,—

Amendment of section 14.

(i) for the marginal heading “Change of address”, the marginal heading “Address” shall be substituted;

(ii) for the word “address”, "
MSCS_AMD_2023_ITEM_6,MSCS_AMD_2023,child,90,4,4,,,,"In section 17 of the principal Act, after sub-section (9), the following sub-section Amendment of",,,INFO,,"6. In section 17 of the principal Act, after sub-section (9), the following sub-section Amendment of

section 17.

shall be inserted, namely:––

“(10) Any co-operative society may, by a resolution pas"
MSCS_AMD_2023_ITEM_7,MSCS_AMD_2023,child,38,4,4,,,,"In section 19 of the principal Act, in the Explanation, in clause (a),",,,INFO,,"7. In section 19 of the principal Act, in the Explanation, in clause (a),—

Amendment of section 19.

(i) in sub-clause (ii), the word “or” occurring at the end shall be omitted;

(ii) sub-clause (iii"
MSCS_AMD_2023_ITEM_8,MSCS_AMD_2023,child,82,4,4,,,,"In section 22 of the principal Act, in sub-section (5), for clause (c), the following Amendment of",,,INFO,,"8. In section 22 of the principal Act, in sub-section (5), for clause (c), the following Amendment of

section 22.

clause shall be substituted, namely:––

“(c) the co-operative society shall be deeme"
MSCS_AMD_2023_ITEM_9,MSCS_AMD_2023,child,116,4,4,,,,"In section 26 of the principal Act,",MULTIPLE_AMENDMENT_ACTIONS,,REVIEW,,"9. In section 26 of the principal Act,—

Amendment of section 26.

(i) in the proviso, the words “be entitled to subscribe the shares of such society or” shall be omitted;

(ii) after the proviso, the"
MSCS_AMD_2023_ITEM_10,MSCS_AMD_2023,child,57,4,4,,,,"In section 28 of the principal Act, for the words “to the society in respect of Amendment of",,,INFO,,"10. In section 28 of the principal Act, for the words “to the society in respect of Amendment of

section 28.

membership,”, the words “of all dues to the multi-State co-operative society including th"
MSCS_AMD_2023_ITEM_11,MSCS_AMD_2023,child,45,4,4,,,,,,,INFO,,"11. In section 29 of the principal Act, for clause (b), the following clause shall be Amendment of

section 29.

substituted, namely:—

“(b) he fails to use the minimum level of the products or servic"
MSCS_AMD_2023_ITEM_12,MSCS_AMD_2023,child,30,4,5,,,,"In section 30 of the principal Act, in sub-section (2), for the words “one year”, the Amendment of",,,INFO,,"12. In section 30 of the principal Act, in sub-section (2), for the words “one year”, the Amendment of

section 30.

words “three years” shall be substituted. 4 [PART II—"
MSCS_AMD_2023_ITEM_13,MSCS_AMD_2023,child,170,5,5,,,,,,,INFO,,"13. For section 35 of the principal Act, the following section shall be substituted,

Substitution of new section for

namely:––

section 35.

“35. (1) The shares of the authorities referred to in cla"
MSCS_AMD_2023_ITEM_14,MSCS_AMD_2023,child,29,5,5,,,,"In section 39 of the principal Act, in sub-section (1), after clause (o), the following",,,INFO,,"14. In section 39 of the principal Act, in sub-section (1), after clause (o), the following

Amendment of section 39.

clause shall be inserted, namely:—

“(p) appointment of auditor.”."
MSCS_AMD_2023_ITEM_15,MSCS_AMD_2023,child,458,5,6,,,,"In section 41 of the principal Act, for sub-section (3), the following sub-sections",,,INFO,,"15. In section 41 of the principal Act, for sub-section (3), the following sub-sections

Amendment of section 41.

shall be substituted, namely:––

‘(3) The board shall consist of such number of direc"
MSCS_AMD_2023_ITEM_16,MSCS_AMD_2023,child,386,6,7,,,,"In section 43 of the principal Act,",MULTIPLE_AMENDMENT_ACTIONS,,REVIEW,,"16. In section 43 of the principal Act,––

Amendment of section 43.

(i) in sub-section (1),––

(a) in clause (a), after the words “to be insolvent”, the words “or has been a director of an insolvent "
MSCS_AMD_2023_ITEM_17,MSCS_AMD_2023,child,1894,7,10,,,,,LONG_CHUNK_NO_SAFE_SPLIT,,INFO,A_LONG;C_TOP20_LONG,"17. For section 45 of the principal Act, the following sections shall be substituted,

Substitution of new section

namely:––

for section 45.

‘45. (1) The Central Government shall, by notification, "
MSCS_AMD_2023_ITEM_18,MSCS_AMD_2023,child,114,10,11,,,,"In section 49 of the principal Act, in sub-section (2),",,,INFO,,"18. In section 49 of the principal Act, in sub-section (2),––

Amendment of section 49.

(i) after clause (a), the following clause shall be inserted, namely:––

“(aa) to elect the Chairperson and Vic"
MSCS_AMD_2023_ITEM_19,MSCS_AMD_2023,child,194,11,11,,,,"In section 50 of the principal Act,",MULTIPLE_AMENDMENT_ACTIONS,,REVIEW,,"19. In section 50 of the principal Act,––

Amendment of section 50.

(a) in sub-section (1), the following provisos shall be inserted, namely:––

“Provided that where such Chairperson or President fai"
MSCS_AMD_2023_ITEM_20,MSCS_AMD_2023,child,187,11,11,,,,"In section 51 of the principal Act, after sub-section (1), the following sub-section",,,INFO,,"20. In section 51 of the principal Act, after sub-section (1), the following sub-section

Amendment of section 51.

shall be inserted, namely:––

‘‘(1A) No multi-State co-operative society shall appoi"
MSCS_AMD_2023_ITEM_21,MSCS_AMD_2023,child,27,11,11,,,,"In section 52 of the principal Act, in clause (j), for the words “thirty days”, the",,,INFO,,"21. In section 52 of the principal Act, in clause (j), for the words “thirty days”, the

Amendment of section 52.

words “forty-five days” shall be substituted."
MSCS_AMD_2023_ITEM_22,MSCS_AMD_2023,child,73,11,12,,,,"In section 53 of the principal Act, for sub-section (1), the following sub-section",,,INFO,,"22. In section 53 of the principal Act, for sub-section (1), the following sub-section

Amendment of section 53.

shall be substituted, namely:––

“(1) The board may constitute an Executive Committee,"
MSCS_AMD_2023_ITEM_23,MSCS_AMD_2023,child,88,12,12,,,,"In section 63 of the principal Act, in sub-section (1), for clause (b), the following Amendment",,,INFO,,"23. In section 63 of the principal Act, in sub-section (1), for clause (b), the following Amendment

of section 63.

clause shall be substituted, namely:––

“(b) credit annually one per cent. of net p"
MSCS_AMD_2023_ITEM_24,MSCS_AMD_2023,child,583,12,13,,,,,,,INFO,,"24. After section 63 of the principal Act, the following sections shall be inserted, Insertion of

new sections

namely:––

63A, 63B and 63C.

‘63A. (1) The Central Government shall establish a Fund, "
MSCS_AMD_2023_ITEM_25,MSCS_AMD_2023,child,194,13,13,,,,"In section 64 of the principal Act,",MULTIPLE_AMENDMENT_ACTIONS,,REVIEW,,"25. In section 64 of the principal Act,—

Amendment of section 64.

(i) for clause (b), the following clause shall be substituted, namely:—

“(b) in any of the securities issued by the Central Governm"
MSCS_AMD_2023_ITEM_26,MSCS_AMD_2023,child,39,13,13,,,,"In section 67 of the principal Act, in sub-section (1), in the first proviso, for the",,,INFO,,"26. In section 67 of the principal Act, in sub-section (1), in the first proviso, for the

Amendment of section 67.

words “ten times”, the words “such multiples as may be determined by the Central Go"
MSCS_AMD_2023_ITEM_27,MSCS_AMD_2023,child,231,13,14,,,,"In section 70 of the principal Act,",MULTIPLE_AMENDMENT_ACTIONS,,REVIEW,,"27. In section 70 of the principal Act,––

Amendment of section 70.

(a) in sub-section (2), for the proviso, the following provisos shall be substituted, namely:—

“Provided that such auditors or aud"
MSCS_AMD_2023_ITEM_28,MSCS_AMD_2023,child,80,14,14,,,,,,,INFO,,"28. After section 70 of the principal Act, the following section shall be inserted, Insertion of

new section

namely:—

70A.

“70A. In case of multi-State co-operative societies,––

Concurrent Audit."
MSCS_AMD_2023_ITEM_29,MSCS_AMD_2023,child,129,14,14,,,,"In section 73 of the principal Act, after sub-section (5), the following sub-section Amendment",,,INFO,,"29. In section 73 of the principal Act, after sub-section (5), the following sub-section Amendment

of section 73.

shall be inserted, namely:––

“(6) the multi-State co-operative society or class of "
MSCS_AMD_2023_ITEM_30,MSCS_AMD_2023,child,532,14,15,,,,"In section 78 of the principal Act, after sub-section (1), the following sub-sections Amendment",,,INFO,,"30. In section 78 of the principal Act, after sub-section (1), the following sub-sections Amendment shall be inserted, namely:––

of section 78.

“(1A) If the Central Registrar is satisfied on the bas"
MSCS_AMD_2023_ITEM_32,MSCS_AMD_2023,child,288,15,16,,,,"In section 86 of the principal Act,",MULTIPLE_AMENDMENT_ACTIONS,,REVIEW,,"32. In section 86 of the principal Act,—

Amendment of section 86.

(a) in sub-section (1), after the words and figures “under section 79”, the words and figures “or section 108” shall be inserted;

("
MSCS_AMD_2023_ITEM_33,MSCS_AMD_2023,child,34,16,16,,,,"In section 94 of the principal Act, in the opening paragraph, after the words and Amendment of",,,INFO,,"33. In section 94 of the principal Act, in the opening paragraph, after the words and Amendment of

section 94.

figures ""section 83 or"", the words and figures ""section 84 or"" shall be inserted."
MSCS_AMD_2023_ITEM_34,MSCS_AMD_2023,child,87,16,16,,,,"In section 98 of the principal Act, after sub-section (2), the following sub-section Amendment of",,,INFO,,"34. In section 98 of the principal Act, after sub-section (2), the following sub-section Amendment of

section 98.

shall be inserted, namely:—

""(3) The Central Registrar shall also have the power to"
MSCS_AMD_2023_ITEM_35,MSCS_AMD_2023,child,158,16,16,,,,,,,INFO,,"35. After section 98 of the principal Act, the following section shall be inserted, Insertion of

new section

namely:—

98A.

‘‘98A. The Central Registrar may, on an application received from any par"
MSCS_AMD_2023_ITEM_36,MSCS_AMD_2023,child,112,16,17,,,,"In section 103 of the principal Act, in sub-section (1), the following provisos Amendment of",,,INFO,,"36. In section 103 of the principal Act, in sub-section (1), the following provisos Amendment of

section 103.

shall be inserted, namely:—

""Provided that where all the successor States take necessar"
MSCS_AMD_2023_ITEM_37,MSCS_AMD_2023,child,502,17,18,,,,"In section 104 of the principal Act,",MULTIPLE_AMENDMENT_ACTIONS,,REVIEW,,"37. In section 104 of the principal Act,—

Amendment of section 104.

(a) in sub-section (1),—

(i) after the words ""furnishing false information"", the words ""or failing to file any return or informat"
MSCS_AMD_2023_ITEM_38,MSCS_AMD_2023,child,56,18,18,,,,,,,INFO,,"38. After section 105 of the principal Act, the following section shall be inserted, Insertion of

new section

namely:—

105A.

""105A. The provisions of this Act shall be in addition to, and not in d"
MSCS_AMD_2023_ITEM_39,MSCS_AMD_2023,child,226,18,18,,,,,,,INFO,,"39. For section 106 of the principal Act, the following sections shall be substituted, Substitution of

new sections

namely:—

for section 106.

""106. (1) Every multi-State co-operative society shall"
MSCS_AMD_2023_ITEM_40,MSCS_AMD_2023,child,46,18,18,,,,"In section 108 of the principal Act, in sub-section (1), in clause (i), after the words Amendment",,,INFO,,"40. In section 108 of the principal Act, in sub-section (1), in clause (i), after the words Amendment

of section 108.

""Central Registrar"" the words, ""or any person authorised by him in this behalf, "
MSCS_AMD_2023_ITEM_41,MSCS_AMD_2023,child,27,18,18,,,,"In section 109 of the principal Act, in clause (a), for the words “co-operative Amendment",,,INFO,,"41. In section 109 of the principal Act, in clause (a), for the words “co-operative Amendment

of section 109.

year”, the words “financial year” shall be substituted."
MSCS_AMD_2023_ITEM_42,MSCS_AMD_2023,child,131,18,19,,,,"In section 116 of the principal Act,",MULTIPLE_AMENDMENT_ACTIONS,,REVIEW,,"42. In section 116 of the principal Act,—

Amendment of section 116.

(i) for the marginal heading, the following marginal heading shall be substituted, namely:—

""Power to amend Schedules."";

(ii) af"
MSCS_AMD_2023_ITEM_43,MSCS_AMD_2023,child,97,19,19,,,,"In section 120 of the principal Act,",,,INFO,,"43. In section 120 of the principal Act,—

Amendment of section 120.

(i) for clause (a), the following clause shall be substituted, namely:—

""(a) annual report of the activities including details of"
MSCS_AMD_2023_ITEM_44,MSCS_AMD_2023,child,440,19,20,,,,,,,INFO,,"44. After section 120 of the principal Act, the following sections shall be inserted,

Insertion of new sections

namely:—

120A and 120B.

""120A. (1) Notwithstanding anything to the contrary containe"
MSCS_AMD_2023_ITEM_45,MSCS_AMD_2023,child,62,20,20,,,,"In section 121 of the principal Act, in sub-section (1), for the words and figures Amendment of",,,INFO,,"45. In section 121 of the principal Act, in sub-section (1), for the words and figures Amendment of

section 121.

""the Companies Act, 1956"" and ""the Monopoly and Restrictive Trade Practices Act, 1969"
MSCS_AMD_2023_ITEM_46,MSCS_AMD_2023,child,299,20,21,,,,"In section 123 of the principal Act,",MULTIPLE_AMENDMENT_ACTIONS,,REVIEW,,"46. In section 123 of the principal Act,—

Amendment of section 123.

(i) in sub-section (1),—

(a) for the portion beginning with ""or has committed any act"" and ending with ""the aggregate period does"
MSCS_AMD_2023_ITEM_47,MSCS_AMD_2023,child,726,21,22,,,,"In section 124 of the principal Act,",MULTIPLE_AMENDMENT_ACTIONS,,REVIEW,,"47. In section 124 of the principal Act,—

Amendment of section 124.

(a) in sub-section (2),—

(i) after clause (a), the following clause shall be inserted, namely:—

“(aa) the guidelines under sub-s"
MSCS_AMD_2023_ITEM_48,MSCS_AMD_2023,child,119,22,22,,,,"In section 125 of the principal Act, after sub-section (1), the following Amendment",,,INFO,,"48. In section 125 of the principal Act, after sub-section (1), the following Amendment

of section

sub-section shall be inserted, namely:—

125.

“(1A) Notwithstanding anything contained in sub-sect"
MSCS_AMD_2023_ITEM_49,MSCS_AMD_2023,child,272,22,23,,,,,,,INFO,,"49. After the Second Schedule to the principal Act, the following Schedule shall be Insertion of

Third

inserted, namely:—

Schedule.

“THE THIRD SCHEDULE

[See clause (h) of sub-section (1) of secti"
MSCS_RULES_2002_DOC,MSCS_RULES_2002,parent,12,4,54,,,,,CONTEXT_PARENT;SHORT_CONTEXT_PARENT,,INFO,B_SHORT,society against which or any person against whom a decree has been
MSCS_RULES_2002_CONTEXT_001,MSCS_RULES_2002,child,112,4,4,,,,,,,INFO,,"society against which or any person against whom a decree has been obtained;

(ix) ""recovery officer"" means any person authorised to execute the powers of the Central Registrar under section 94;

(x) "
MSCS_RULES_2002_RULE_3,MSCS_RULES_2002,child,471,4,5,,3,,Application for registration,STRUCTURE_UNCERTAIN,,INFO,E_STRUCTURE,"Chapter 2 Registration

3. Application for registration

(1) An application for registration of a multi-state cooperative society under sub-section (1) of section 6 shall be made in Form I and shall, "
MSCS_RULES_2002_RULE_4,MSCS_RULES_2002,child,157,5,5,,4,,Registration,,,INFO,,"4. Registration

(1) On receipt of an application under rule 3, the Central Registrar shall enter the particulars of the application in the register of applications to be maintained in Form II, give a"
MSCS_RULES_2002_RULE_5,MSCS_RULES_2002,child,73,6,6,,5,,Refusal of registration,,,INFO,,"5. Refusal of registration

(1) The order of refusal to register a multi-state cooperative society referred to in sub-section (3) of section 7 shall be communicated through registered post to the pers"
MSCS_RULES_2002_RULE_6,MSCS_RULES_2002,child,227,6,6,,6,,Bye-laws,,,INFO,,"6. Bye-laws

Every multi-state cooperative society applying for registration under this Act may make bye-laws consistent with the provisions of this Act and the rules made thereunder and model bye-law"
MSCS_RULES_2002_RULE_7,MSCS_RULES_2002,child,182,6,7,,7,,Refusal of amendment of bye-laws,STRUCTURE_UNCERTAIN,,INFO,E_STRUCTURE,"7. Refusal of amendment of bye-laws

(1) Where the Central Registrar refuses to register an amendment of bye-laws of a multi state cooperative society under sub-section (9) of section 11, he shall com"
MSCS_RULES_2002_RULE_9,MSCS_RULES_2002,child,203,7,8,,9,,Maintenance of Registration file by the society,STRUCTURE_UNCERTAIN,,INFO,E_STRUCTURE,"9. Maintenance of Registration file by the society

(1) Every multi-state cooperative society shall maintain at its registered address a registration file containing,

(a) the certificate of registrat"
MSCS_RULES_2002_RULE_11,MSCS_RULES_2002,child,428,8,9,,11,,Conditions to be complied with for membership,,,INFO,,"11. Conditions to be complied with for membership

(1) No persons shall be admitted as a member of a multi-state cooperative society unless

(a) he has applied in writing in the form, if any, laid do0"
MSCS_RULES_2002_RULE_12,MSCS_RULES_2002,child,72,9,9,,12,,Classification of federal cooperatives,,,INFO,,"Chapter 3

Federal Cooperatives

12. Classification of federal cooperatives

(1) The federal cooperative societies may be classified with reference to the nature of their activities. Not more than one"
MSCS_RULES_2002_RULE_13,MSCS_RULES_2002,child,110,9,9,,13,,Annual General Meeting,,,INFO,,"Chapter 4

Management of multi-state cooperative societies

13. Annual General Meeting

(1) Every multi-state cooperative society shall hold the annual general meeting of its members not later than a "
MSCS_RULES_2002_RULE_14,MSCS_RULES_2002,child,523,9,11,,14,,Interim board and general meeting for the first election,STRUCTURE_UNCERTAIN,,INFO,E_STRUCTURE,"14. Interim board and general meeting for the first election

The first general meeting of the society shall be held within six months of the registration of the society by the promoter members for th"
MSCS_RULES_2002_RULE_17,MSCS_RULES_2002,child,84,11,11,,17,,Voting in general meeting,,,INFO,,"17. Voting in general meeting

(1) All resolutions which are put to vote at the general meeting shall be decided by a majority of the members present and voting unless otherwise required under the Act"
MSCS_RULES_2002_RULE_18,MSCS_RULES_2002,child,53,11,11,,18,,Minutes of the general meeting,,,INFO,,"18. Minutes of the general meeting

Minutes of the proceedings of the general meeting shall be entered in a minutes book kept for the purpose and shall be signed by the Chairperson and Chief Executive"
MSCS_RULES_2002_RULE_19,MSCS_RULES_2002,child,132,11,12,,19,,Procedure for conduct of elections,STRUCTURE_UNCERTAIN,,INFO,E_STRUCTURE,"19. Procedure for conduct of elections

(1) The election of members of the board shall be conducted by a returning officer appointed by the board in its meeting. The returning officer so appointed sha"
MSCS_RULES_2002_SCHEDULE_015,MSCS_RULES_2002,child,126,12,12,,,,schedule attached with these rules.,,,INFO,,"schedule attached with these rules.

20. Election of the Office bearers

(1) The election of the office bearers of the board shall be conducted as per the programme given in the election schedule.

(2"
MSCS_RULES_2002_RULE_22,MSCS_RULES_2002,child,179,12,13,,22,,Certification of copies of entries in books,,,INFO,,"Chapter 5

Privileges, Properties and Funds of Multi-State Cooperative Societies

22. Certification of copies of entries in books

(1) (a) A copy of any entry in a book of a multi-state cooperative so"
MSCS_RULES_2002_RULE_23,MSCS_RULES_2002,child,40,13,13,,23,,Government aid to multi-state cooperative societies,,,INFO,,"23. Government aid to multi-state cooperative societies

Subject to the provisions of section 61 of the Act, the Central Government or a State Government may provide aid to any multi-state cooperative"
MSCS_RULES_2002_RULE_24,MSCS_RULES_2002,child,107,13,13,,24,,Distribution of profit to members,,,INFO,,"24. Distribution of profit to members

(1) No part of the funds, other than net profits, of a multi-state cooperative society shall be distributed by way of bonus or dividend or otherwise among the me"
MSCS_RULES_2002_RULE_25,MSCS_RULES_2002,child,313,13,14,,25,,Contribution towards Cooperative Education Fund,,,INFO,,"25. Contribution towards Cooperative Education Fund

(1) Every multi-state cooperative society shall credit a sum calculated at one percent of its net profits every year as contribution to the coopera"
MSCS_RULES_2002_RULE_26,MSCS_RULES_2002,child,677,14,16,,26,,Contributory Provident Fund,STRUCTURE_UNCERTAIN,,INFO,E_STRUCTURE,"26. Contributory Provident Fund

(1) Every multi-state cooperative society which has in its service ten or more regular employees shall establish a Contributory Provident Fund referred to in sub-secti"
MSCS_RULES_2002_RULE_28,MSCS_RULES_2002,parent,862,16,19,,28,,Procedure to be adopted by liquidator,CONTEXT_PARENT,,INFO,,"28. Procedure to be adopted by liquidator

When liquidator has been appointed under sub-section (1) of section 89, the following procedure shall be adopted.

(a) The appointment of the liquidator shal"
MSCS_RULES_2002_RULE_28_SUB_1,MSCS_RULES_2002,child,35,19,19,,28,,Procedure to be adopted by liquidator,,,INFO,,"(1) For the purposes of sub-section (4) of section 84 of the Act, the Central Registrar may appoint and fix the fee of the arbitrators subject to the provisions of Arbitration and Conciliation Act, 19"
MSCS_RULES_2002_RULE_28_SUB_2,MSCS_RULES_2002,child,47,19,19,,28,,Procedure to be adopted by liquidator,,,INFO,,"(2) Save as otherwise provided under this Act, the provisions of the Arbitration and Conciliation Act, 1996 shall apply to all arbitration under this Act as if the proceedings for arbitration were ref"
MSCS_RULES_2002_CONTEXT_022,MSCS_RULES_2002,child,924,19,21,,,,,LONG_CHUNK_NO_SAFE_SPLIT;RULE_IDENTIFIER_MISSING;STRUCTURE_UNCERTAIN,MISSING_STRUCTURAL_ID,REVIEW,A_LONG;E_STRUCTURE,"Chapter 6 Appeals and Review

Appeals 31.

For the purpose of sub-section (2) of section 99, an appeal against any decision or order shall be made, if the decision or order was made by–

(a) the Centr"
MSCS_RULES_2002_RULE_34,MSCS_RULES_2002,child,343,22,22,,34,,Preparation of a scheme for the reconstitution or reorganisation of,,,INFO,,"Chapter 7 Societies which become Multi-State Cooperative Societies

Consequent on Reorganisation of States

34. Preparation of a scheme for the reconstitution or reorganisation of multi-state cooperat"
MSCS_RULES_2002_RULE_35,MSCS_RULES_2002,child,39,23,23,,35,,Payment of fee for inspection of records,,,INFO,,"Chapter 8 Payment of fees for inspection

of Records

35. Payment of fee for inspection of records

The fees for payment of inspection of records by any other person, other than the member shall be ru"
MSCS_RULES_2002_RULE_36,MSCS_RULES_2002,child,6103,23,37,,36,,Mode of service of summon,LONG_CHUNK_NO_SAFE_SPLIT;STRUCTURE_UNCERTAIN,,INFO,A_LONG;E_STRUCTURE;C_TOP20_LONG,"Chapter 9 Miscellaneous

36. Mode of service of summon

(1) Every summon issued under the Act or these rules shall be in writing, shall be authenticated by the sea, if any, of the officer by whom it i"
MSCS_RULES_2002_RULE_38,MSCS_RULES_2002,child,93,37,37,,38,,Repeal and Saving,,,INFO,,"38. Repeal and Saving

(1) The Multi-State Cooperative Societies (Registration, Membership, Direction and Management, Settlement of Disputes, Appeal and Revision) Rules, 1985 and the Multi-State Coope"
MSCS_RULES_2002_SCHEDULE_027,MSCS_RULES_2002,child,4087,37,46,,,,SCHEDULE,LONG_CHUNK_NO_SAFE_SPLIT;MULTIPLE_FORMS_REVIEW,,INFO,A_LONG;C_TOP20_LONG,"SCHEDULE

1. Procedure for the conduct of election to the board of Multi-State Co-operative Societies

(a) The board of Directors in office shall meet, at least, sixty clear days in advance of the dat"
MSCS_RULES_2002_FORM_I,MSCS_RULES_2002,child,375,46,49,,,,FORM – I,TABLE_REVIEW,,INFO,F_TABLE,"FORM – I

Headquarters and address to be registered;

The Central Registrar of Cooperative Societies,

Area of operations; Main objectives; Act,2002;

:

indicated below :

(g) (h)

(d)

(b)

(e) (f)
"
MSCS_RULES_2002_FORM_II,MSCS_RULES_2002,child,76,49,50,,,,FORM – II,TABLE_REVIEW,,INFO,F_TABLE,"FORM – II

Registration

(7)

(10)

Name of the proposed multi-state co-operative society

called

No. and date of the report, if any sent to the Central

Government, if the society is not registered,"
MSCS_RULES_2002_FORM_III,MSCS_RULES_2002,child,312,50,52,,,,FORM III,,,INFO,,"FORM III

Serial no. of the seconder in the register :

Name of the seconder when the :

Father’s or husband’s name (in case :

Name of the proposer in case the :

Serial no. of the proposer in the : "
MSCS_RULES_2002_FORM_IV,MSCS_RULES_2002,child,18,52,53,,,,FORM IV,SHORT_CHUNK,,INFO,B_SHORT,"FORM IV [See sub-paragraph (3) of paragraph 7 of the Schedule]

Nomination form for election of office bearers"
MSCS_RULES_2002_FORM_V,MSCS_RULES_2002,child,274,53,54,,,,FORM V,,,INFO,,"FORM V

Office for which contesting : Name of the candidate in case on an :

Name of the proposer in case the :

Name of the multi-state cooperative :

Serial No. in the register of members :

Address"
MSCS_RULES_AMD_2023_DOC,MSCS_RULES_AMD_2023,parent,4,1,49,,,,,CONTEXT_PARENT;DUPLICATE_TEXT;SHORT_CONTEXT_PARENT,DUPLICATE_TEXT,INFO,B_SHORT,रजिस्ट्री सं. डी.एल.- 33004/99
MSCS_RULES_AMD_2023_CONTEXT_001,MSCS_RULES_AMD_2023,child,342,1,2,,,,,STRUCTURE_UNCERTAIN,,INFO,E_STRUCTURE,"रजिस्ट्री सं. डी.एल.- 33004/99 REGD. No. D. L.-33004/99

सी.जी.-डी.एल.-अ.-04082023-247863

xxxGIDHxxx

CG-DL-E-04082023-247863

xxxGIDExxx

असाधारण EXTRAORDINARY

भाग II—खण् ड 3—उप-खण् ड (i) PART II—S"
MSCS_RULES_AMD_2023_ITEM_3,MSCS_RULES_AMD_2023,child,320,2,2,,,,,,,INFO,,"3. मूल जनयम में, अध् याय 2 के पश्चातम, जनम्नजलजखत अध् याय अंत:स्ट् थाजपत दकया िाएगा, अथाात:-

“अध् याय 2क

बहुराज् य सहकारी सोसाइरटयों के जलए जववेकपूणा मानिंड

11क. जववेकपूणा मानिंड.- (1) बचत और उधार "
MSCS_RULES_AMD_2023_ITEM_4,MSCS_RULES_AMD_2023,child,7390,2,12,,,,,LONG_CHUNK_NO_SAFE_SPLIT,,INFO,A_LONG;C_TOP20_LONG,"4. मूल जनयम में, जनयम 19 के स्ट् थान पर, जनम् नजलजखत जनयम रखा िाएगा,अथाातम: -

“19. चयन सजमजत की संरचना - (1) प्राजधकरण के सभापजत, उपसभापजत और उसके प्रत् येक सिस्ट् य की जनयुजि एक चयन सजमजत की जसफाररि"
MSCS_RULES_AMD_2023_ITEM_5,MSCS_RULES_AMD_2023,child,308,12,13,,,,,,,INFO,,"5. मूल जनयमों में, जनयम 20 के स्ट् थान पर जनम् नजलजखत जनयम रखे िाएंगे, अथाातम: - [भाग II—खण् ड 3(i)] भारत का रािपत्र : असाधारण

“20. दकसी जनवााचन में अजधकाररयों, आदि का अभ् यर्थायों के जलए काया न करना"
MSCS_RULES_AMD_2023_ITEM_6,MSCS_RULES_AMD_2023,child,512,13,14,,,,,,,INFO,,"6. मूल जनयमों में, जनयम 25 के स्ट् थान पर जनम् नजलजखत को रखा िाएगा, अथाातम: -

“25.सहकारी जििा जनजध - (1) प्रत् येक बहुराज् य सहकारी सोसाइटी, प्रजत विा अपने िुद्ध लाभ की एक प्रजतित राजि संबंजधत जवत्ती"
MSCS_RULES_AMD_2023_ITEM_7,MSCS_RULES_AMD_2023,child,1497,14,16,,,,,LONG_CHUNK_NO_SAFE_SPLIT,,INFO,A_LONG;C_TOP20_LONG,"7. मूल जनयमों में, अध् याय 5 के पश् चातम जनम् नजलजखत अध् याय अंत:स्ट् थाजपत दकया िाएगा, अथाातम: -

“अध् याय 5क

सहकारी ऑम् बुड्समसमैन

30क. ऑम् बुड्समसमैन की जनयुजि और उसका िेत्राजधकार- (1) केन्द् रीय"
MSCS_RULES_AMD_2023_ITEM_8,MSCS_RULES_AMD_2023,child,164,16,17,,,,,,,INFO,,"8. मूल जनयमों में अध् याय 8 के स्ट् थान पर जनम् नजलजखत अध् याय रखा िाएगा, अथाात:-

“सहकारी सूचना अजधकारी को आवेिन”

35. धारा 106 की उपधारा (2) के अधीन सहाकरी सूचना अजधकारी को आवेिन की रीजत- (1) कोई सि"
MSCS_RULES_AMD_2023_ITEM_9,MSCS_RULES_AMD_2023,child,336,17,17,,,,,,,INFO,,"9. मूल जनयम में अध् याय 8 के पश्चात जनम् नजलजखत अध् याय अंत्स्ट्थाजपत दकया िाएगा, अथाातम: -

“अध् याय 8क

राष् रीय सहकारी सोसाइटीयां

35क. राष् रीय सहकारी सोसाइटी का पिाजभधान - (1) अजधजनयम की धारा 116"
MSCS_RULES_AMD_2023_ITEM_10,MSCS_RULES_AMD_2023,child,1122,17,19,,,,,LONG_CHUNK_NO_SAFE_SPLIT,,INFO,A_LONG,"10. मूल जनयमों में जनयम 37 के पश् चातम, जनम् नजलजखत जनयमों को अंत्स्ट्थाजपत दकया िाएगा,अथाातम: -

“37क. सहकारी सोसाइरटयों में कार्माकों की भती - जवजभन्द् न स्ट् तरों पर कार्माकों की भती एक पारििी, उेे"
MSCS_RULES_AMD_2023_ITEM_11,MSCS_RULES_AMD_2023,child,10,19,19,,,,,SHORT_CHUNK,,INFO,B_SHORT,11. मूल जनयमों में अनुसूची का लोप दकया िाएगा ।
MSCS_RULES_AMD_2023_ITEM_12,MSCS_RULES_AMD_2023,child,285,19,20,,,,,,,INFO,,"12. मूल जनयमों में प्रूपप-III के स्ट् थान पर जनम् नजलजखत प्रूपप रखे िाएंगे, अथाातम: -

“प्रूपप-III

[जनयम 19ञ िेखें]

जनिेिक मण्डल के जनवााचन के जलए नामांकन प्रपत्र

1 बहु-राज्य सहकारी सोसाइरटयों के न"
MSCS_RULES_AMD_2023_ITEM_13,MSCS_RULES_AMD_2023,child,97,20,20,,,,,,,INFO,,"13. मूल जनयमों में प्रूपप -IV के स्ट् थान पर जनम् नजलजखत प्रूपप रखा िाएगा, अथाातम: -

“प्रूपप-IV

[जनयम19ट िेखें]

जनवााचन अजभकताा की जनयुजि के जलए आवेिन

मैं, ______________________ जपता/माता/पजत-पत्"
MSCS_RULES_AMD_2023_ITEM_14,MSCS_RULES_AMD_2023,child,2110,20,27,,,,,LONG_CHUNK_NO_SAFE_SPLIT,,INFO,A_LONG;C_TOP20_LONG,"14. मूल जनयमों में प्रूपप -V के स्ट् थान पर, जनम् नजलजखत प्रूपप रखा िाएगा, अथाातम: -

“प्रूपप V

[जनयम19 िेखें]

पिाजधकाररयों के जनवााचन हेतु नामांकन पत्र

1. बहुराज्य सहकारी सोसाइटी का नाम और पता:

2"
MSCS_RULES_AMD_2023_BACKGROUND_ENGLISH_NOTICE,MSCS_RULES_AMD_2023,child,69,27,27,,,,MINISTRY OF COOPERATION,,,INFO,,"MINISTRY OF COOPERATION

NOTIFICATION

New Delhi, the 4th August, 2023

G.S.R. 591(E).— In exercise of the powers conferred by clauses (aa), (ja), (k), (ka) to (ki), (ma), (qa),(sa) to

(sc),(wa), (wb"
MSCS_RULES_AMD_2023_ITEM_1,MSCS_RULES_AMD_2023,child,34,27,27,,,,Short title and commencement,MALFORMED_NUMBERING_HIERARCHY,,INFO,,"1. Short title and commencement.— (1) These rules may be called the Multi-State Co-operative Societies (Amendment) Rules, 2023.

(2) They shall come into force on the date of their publication in the "
MSCS_RULES_AMD_2023_ITEM_2,MSCS_RULES_AMD_2023,child,151,27,27,,,,"In the Multi-State Co-operative Societies Rules, 2002, (hereinafter referred to as the principal rules), in rule 2,",MULTIPLE_AMENDMENT_ACTIONS,,REVIEW,,"2.In the Multi-State Co-operative Societies Rules, 2002, (hereinafter referred to as the principal rules), in rule 2,—

(i) after clause (ii), the following clause shall be inserted, namely:—

‘(iib) "
MSCS_RULES_AMD_2023_ITEM_3_002,MSCS_RULES_AMD_2023,child,297,27,28,,,,,,,INFO,,"3. In the principal rules, after Chapter 2, the following Chapter shall be inserted, namely:—

“Chapter 2A

PRUDENTIAL NORMS FOR MULTI-STATE CO-OPERATIVE SOCIETIES

11A. Prudential norms.— (1) Multi-S"
MSCS_RULES_AMD_2023_ITEM_4_002,MSCS_RULES_AMD_2023,parent,15,28,36,,,,,CONTEXT_PARENT;SHORT_CONTEXT_PARENT,,INFO,B_SHORT,"4. In the principal rules, for rule 19, the following rules shall be substituted, namely:—"
MSCS_RULES_AMD_2023_ITEM_4_002_SUB_19,MSCS_RULES_AMD_2023,child,107,28,28,,19,,,,,INFO,,"“19. Composition of Selection Committee.— (1) The Chairperson of the Authority, the Vice-Chairperson and every Member thereof shall be appointed by the Central Government on the recommendations of a S"
MSCS_RULES_AMD_2023_ITEM_4_002_SUB_19A,MSCS_RULES_AMD_2023,child,500,28,28,,19A,,,,,INFO,,"19A. Qualification and experience for appointment as Member of Authority.— No Member shall be appointed to the Authority, unless he is a person of ability, integrity and standing who has knowledge and"
MSCS_RULES_AMD_2023_ITEM_4_002_SUB_19C,MSCS_RULES_AMD_2023,child,592,28,29,,19C,,,,,INFO,,19C. Powers and functions of Chairperson.—(1) The Chairperson shall be the administrative head of the Authority and shall have all the administrative and financial powers. [भाग II—खण्‍ड 3(i)] भारत‍का‍
MSCS_RULES_AMD_2023_ITEM_4_002_SUB_19E,MSCS_RULES_AMD_2023,child,76,29,29,,19E,,,,,INFO,,"19E. Meetings of Authority.— (1) The Authority shall meet, as often as may be necessary, to transact its business.

(2) The Authority shall determine its own procedure for holding the meetings and dis"
MSCS_RULES_AMD_2023_ITEM_4_002_SUB_19F,MSCS_RULES_AMD_2023,child,289,29,30,,19F,,,,,INFO,,"19F. Powers and functions of Co-operative Election Authority.— In order to conduct the elections to the cooperative societies, the Authority shall have the following powers, namely :—

(a) to appoint "
MSCS_RULES_AMD_2023_ITEM_4_002_SUB_19G,MSCS_RULES_AMD_2023,child,145,30,30,,19G,,,,,INFO,,"19G. Procedure for conduct of elections.— (1) The election of members of the board shall be conducted by a Returning Officer, to be appointed by the Authority and the Returning Officer so appointed sh"
MSCS_RULES_AMD_2023_ITEM_4_002_SUB_19H,MSCS_RULES_AMD_2023,child,885,30,31,,19H,,,,,INFO,,19H. Procedure for conduct of election to the board of multi-State co-operative societies.—(1) The Chairperson and the Chief Executive of the multi-State co-operative society shall inform the Authorit
MSCS_RULES_AMD_2023_ITEM_4_002_SUB_19_I,MSCS_RULES_AMD_2023,child,328,31,31,,19-I,,,,,INFO,,"19-I. Preparation of list of members and delegates.—(1) The Returning Officer shall prepare a list of members eligible to vote as it stood on the date, thirty days prior to the date fixed for the poll"
MSCS_RULES_AMD_2023_ITEM_4_002_SUB_19J,MSCS_RULES_AMD_2023,child,349,31,32,,19J,,,MULTIPLE_FORMS_REVIEW,,INFO,,"19J. Nomination of candidates.— (1) Nomination of the candidate for election shall be made in Form III, which shall be supplied on request, by the Returning Officer or any other officer authorised by "
MSCS_RULES_AMD_2023_ITEM_4_002_SUB_19K,MSCS_RULES_AMD_2023,child,41,32,32,,19K,,,,,INFO,,19K. Compliance with sections 43 and 44 of the Act.— The eligibility of the candidates for the election of members of the board and office bearers shall be subject to the provisions contained in secti
MSCS_RULES_AMD_2023_ITEM_4_002_SUB_19L,MSCS_RULES_AMD_2023,child,346,32,32,,19L,,,,,INFO,,"19L. Scrutiny of nomination papers.—(1) On the day fixed for the scrutiny of nomination papers,—

(a) the Returning Officer shall, at the appointed hours, take up the scrutiny of nomination Forms and "
MSCS_RULES_AMD_2023_ITEM_4_002_SUB_19M,MSCS_RULES_AMD_2023,child,1319,32,34,,19M,,,LONG_CHUNK_NO_SAFE_SPLIT,,INFO,A_LONG,"19M. Voting.— (1) If for any area or constituency for which election is to be held, the number of candidates whose nomination Forms have been declared valid, does not exceed the number of candidates t"
MSCS_RULES_AMD_2023_ITEM_4_002_SUB_19N,MSCS_RULES_AMD_2023,child,502,34,34,,19N,,,MULTIPLE_FORMS_REVIEW,,INFO,,"19N. Election of office bearers by secret ballot.— (1) As soon as the members of the board have been elected, the Returning Officer shall, notwithstanding anything contained in the bye-laws of the mul"
MSCS_RULES_AMD_2023_ITEM_4_002_SUB_19_O,MSCS_RULES_AMD_2023,child,138,34,34,,19-O,,,,,INFO,,"19-O. Admission to the place fixed for counting.— (1) The Returning Officer shall exclude from place fixed for counting of votes all persons except,—

(a) such persons as he may appoint to assist him "
MSCS_RULES_AMD_2023_ITEM_4_002_SUB_19P,MSCS_RULES_AMD_2023,child,161,34,34,,19P,,,,,INFO,,"19P. Rejection of ballot paper.— (1) A ballot paper shall be rejected by the Returning Officer, if,—

(a) it bears any mark or writing by which the member who voted can be identified; or

(b) it does "
MSCS_RULES_AMD_2023_ITEM_4_002_SUB_19Q,MSCS_RULES_AMD_2023,child,108,34,35,,19Q,,,,,INFO,,"19Q. Custody of record of elections conducted.— After declaration of the result of election, the Returning Officer shall hand over the ballot papers and records relating to the election of the members"
MSCS_RULES_AMD_2023_ITEM_4_002_SUB_19R,MSCS_RULES_AMD_2023,child,170,35,35,,19R,,,,,INFO,,"19R. Death of candidate before poll.— If a contesting candidate dies and a report of his death is received by the Returning Officer before the commencement of the poll, the Returning Officer shall, up"
MSCS_RULES_AMD_2023_ITEM_4_002_SUB_19S,MSCS_RULES_AMD_2023,child,40,35,35,,19S,,,,,INFO,,"19S. Preparation of electronic voting machines for polls.—If the Authority decides to use an electronic voting machine for the poll, it shall direct the procedure thereof, which shall, as far as is te"
MSCS_RULES_AMD_2023_ITEM_4_002_SUB_19T,MSCS_RULES_AMD_2023,child,76,35,35,,19T,,,,,INFO,,"19T. Election expenses.— All election related expenditure including stationary, printing, postage, xerox, fax, rent for the ballot boxes, indelible ink, police security and such other items of expendi"
MSCS_RULES_AMD_2023_ITEM_4_002_SUB_19U,MSCS_RULES_AMD_2023,child,145,35,35,,19U,,,,,INFO,,19U. Account of election expenses.— (1) Every candidate at an election shall keep a separate and correct account of all expenditure in connection with the election incurred or authorised by him betwee
MSCS_RULES_AMD_2023_ITEM_4_002_SUB_19V,MSCS_RULES_AMD_2023,child,105,35,35,,19V,,,,,INFO,,"19V. Disqualification for failure to lodge account of election expenses.— If the Authority, based on a report from the Returning Officer, is satisfied that a person has failed to lodge an account of e"
MSCS_RULES_AMD_2023_ITEM_4_002_SUB_19W,MSCS_RULES_AMD_2023,child,194,35,36,,19W,,,,,INFO,,19W. Particulars of account of election expenses.— (1) The account of election expenses to be kept by a candidate shall contain the following particulars in respect of each item of expenditure from da
MSCS_RULES_AMD_2023_ITEM_4_002_SUB_19X,MSCS_RULES_AMD_2023,child,72,36,36,,19X,,,,,INFO,,"19X. Notice by Returning Officer for inspection of accounts.— The Returning Officer may, within two days from the date on which the account of election expenses has been lodged by a candidate, cause a"
MSCS_RULES_AMD_2023_ITEM_4_002_SUB_19Y,MSCS_RULES_AMD_2023,child,148,36,36,,19Y,,,,,INFO,,"19Y. Casual vacancies how to be filled in.— (1) In the event of casual vacancy occurring on account of death, resignation, disqualification or removal of the member of the board of a society or if any"
MSCS_RULES_AMD_2023_ITEM_4_002_SUB_19Z,MSCS_RULES_AMD_2023,child,63,36,36,,19Z,,,,,INFO,,"19Z. Maintenance of secrecy of voting.— Every officer, clerk, agent, or other person who performs any duty in connection with the recording or counting of votes at an election shall maintain, and aid "
MSCS_RULES_AMD_2023_ITEM_5_002,MSCS_RULES_AMD_2023,child,274,36,36,,,,,,,INFO,,"5. In the principal rules, for rule 20, the following rules shall be substituted, namely:—

“20. Officers, etc., at an election, not to act for candidates or to influence voting.— (1) No person who is"
MSCS_RULES_AMD_2023_ITEM_6_002,MSCS_RULES_AMD_2023,child,467,36,37,,,,,,,INFO,,"6. In the principal rules, for rule 25, the following rule shall be substituted, namely:—

“25. The Co-operative Education Fund.— (1) Every multi-State cooperative society shall credit a sum calculate"
MSCS_RULES_AMD_2023_ITEM_7_002,MSCS_RULES_AMD_2023,parent,23,37,40,,,,,CONTEXT_PARENT,,INFO,,"7. In the principal rules, after Chapter 5, the following Chapter shall be inserted, namely:— [भाग II—खण्‍ड 3(i)] भारत‍का‍राजपत्र‍:‍असाधारण

‘CHAPTER 5A

CO-OPERATIVE OMBUDSMAN"
MSCS_RULES_AMD_2023_ITEM_7_002_SUB_30A,MSCS_RULES_AMD_2023,child,303,38,38,,30A,,,,,INFO,,"30A. Appointment and Jurisdiction of Ombudsman.— (1) The Central Government may appoint one or more Co-operative Ombudsmen, to carry out the functions entrusted to such Ombudsman under provisions of t"
MSCS_RULES_AMD_2023_ITEM_7_002_SUB_30B,MSCS_RULES_AMD_2023,child,46,38,38,,30B,,,,,INFO,,"30B. Tenure of Ombudsman.— The term of office of the Ombudsman shall be three years from the date on which he enter office or till he attains the age of seventy years, whichever is earlier, and he sha"
MSCS_RULES_AMD_2023_ITEM_7_002_SUB_30C,MSCS_RULES_AMD_2023,child,22,38,38,,30C,,,,,INFO,,30C. Office of Ombudsman.— The office of the Ombudsman shall be at such place as may be notified by the Central Government.
MSCS_RULES_AMD_2023_ITEM_7_002_SUB_30D,MSCS_RULES_AMD_2023,child,28,38,38,,30D,,,,,INFO,,"30D. Officers and staff.—The Central Government may provide such officers and staff to the Ombudsman, as it may think necessary for the discharge of functions by the Ombudsman."
MSCS_RULES_AMD_2023_ITEM_7_002_SUB_30E,MSCS_RULES_AMD_2023,child,115,38,38,,30E,,,,,INFO,,"30E. Complaints or appeals that may be considered by the Ombudsman.— The Ombudsman shall consider the following categories of complaints or appeals, from members, as the case may be—

(a) complaints b"
MSCS_RULES_AMD_2023_ITEM_7_002_SUB_30F,MSCS_RULES_AMD_2023,child,68,38,38,,30F,,,,,INFO,,"30F. Nature of complainant or appellant before the Ombudsman.— An aggrieved member of a multi-State co-operative society may file a complaint or prefer an appeal, as the case may be, before the Ombuds"
MSCS_RULES_AMD_2023_ITEM_7_002_SUB_30G,MSCS_RULES_AMD_2023,child,312,38,39,,30G,,,,,INFO,,"30G. Non-maintainability of complaint or appeal.— (1) A complaint or an appeal, as the case may be, shall not lie unless the following conditions are fulfilled—

(a) in an appeal under sub-section (4)"
MSCS_RULES_AMD_2023_ITEM_7_002_SUB_30H,MSCS_RULES_AMD_2023,child,71,39,39,,30H,,,MULTIPLE_FORMS_REVIEW,,INFO,,30H. Form and manner of complaint or appeal.— (1) A complaint by a member to the Ombudsman may be submitted through the physical or electronic mode (including a written complaint) or through an online
MSCS_RULES_AMD_2023_ITEM_7_002_SUB_30_I,MSCS_RULES_AMD_2023,child,154,39,39,,30-I,,,,,INFO,,"30-I. Procedure for handling complaints and appeals by Ombudsman.— The Ombudsman shall deal with the complaints and appeals, which were brought before him, in the following manner, namely:—

(a) the O"
MSCS_RULES_AMD_2023_ITEM_7_002_SUB_30J,MSCS_RULES_AMD_2023,child,189,39,40,,30J,,,,,INFO,,30J. Appeal to the Central Registrar.—(1) An appeal may be filed against the directions of the Ombudsman before the Central Registrar under sub-section (3) of section 85A in Form VIII annexed to these
MSCS_RULES_AMD_2023_ITEM_8_002,MSCS_RULES_AMD_2023,child,145,40,40,,,,,,,INFO,,"8. In the principal rules, for Chapter 8, the following Chapter shall be substituted, namely: —

“APPLICATION TO THE CO-OPERATIVE INFORMATION OFFICER”

35. Manner of application to the Co-operative In"
MSCS_RULES_AMD_2023_ITEM_9_002,MSCS_RULES_AMD_2023,child,232,40,40,,,,,,,INFO,,"9. In the principal rules, after chapter 8, the following chapter shall be inserted, namely:—

“CHAPTER 8A

NATIONAL CO-OPERATIVE SOCIETIES

35A. Designation of National Co-operative Society.—(1) Subj"
MSCS_RULES_AMD_2023_ITEM_35B,MSCS_RULES_AMD_2023,child,57,40,40,,,,Omission of National Co-operative Societies from Second Schedule,,,INFO,,"35B. Omission of National Co-operative Societies from Second Schedule.— Subject to provisions of section 116 of the Act, the Central Government may omit a National Co-operative Society from the Second"
MSCS_RULES_AMD_2023_ITEM_10_002,MSCS_RULES_AMD_2023,parent,15,40,42,,,,,CONTEXT_PARENT;MALFORMED_NUMBERING_HIERARCHY;SHORT_CONTEXT_PARENT,,INFO,B_SHORT,"10. In the principal rules, after rule 37, the following rules shall be inserted namely:—"
MSCS_RULES_AMD_2023_ITEM_10_002_SUB_37A,MSCS_RULES_AMD_2023,child,41,40,40,,37A,,,MALFORMED_NUMBERING_HIERARCHY,,INFO,,"“37A. Recruitment of employees in Co-operative Societies.— The recruitment of employees at various levels would be carried out through a transparent, objective and adequately publicised competitive pr"
MSCS_RULES_AMD_2023_ITEM_10_002_SUB_37B,MSCS_RULES_AMD_2023,child,128,40,41,,37B,,,MALFORMED_NUMBERING_HIERARCHY,,INFO,,37B. Qualifications for Chief Executive of non-credit multi-State co-operative societies.—The person to be appointed as Chief Executive of a non-credit multi-State co-operative society shall satisfy t
MSCS_RULES_AMD_2023_ITEM_10_002_SUB_37C,MSCS_RULES_AMD_2023,child,138,41,41,,37C,,,MALFORMED_NUMBERING_HIERARCHY,,INFO,,37C. Recovery of proceeds under sub-section (6) of section 104.— (1) The competent court while passing an order under sub-section (6) of section 104 shall record the amount of unlawful gains made by t
MSCS_RULES_AMD_2023_ITEM_10_002_SUB_37D,MSCS_RULES_AMD_2023,child,60,41,41,,37D,,,MALFORMED_NUMBERING_HIERARCHY,,INFO,,"37D. Creation of electronic registry, database or portal by Central Government.— The Central Government may set up and maintain a secure electronic registry, database or portal in which all applicatio"
MSCS_RULES_AMD_2023_ITEM_10_002_SUB_37E,MSCS_RULES_AMD_2023,child,328,41,41,,37E,,,MALFORMED_NUMBERING_HIERARCHY,,INFO,,"37E. Manner of filing documents electronically under Act and rules made thereunder.— (1) Every application, communication, document, intimation, notice, return, report, statement of account, or any ot"
MSCS_RULES_AMD_2023_ITEM_10_002_SUB_37G,MSCS_RULES_AMD_2023,child,227,41,42,,37G,,,MALFORMED_NUMBERING_HIERARCHY,,INFO,,37G. Electronic issuance of documents and communication by Central Registrar under section 120A.— (1) The Central Registrar shall perform duties or discharge functions or exercise powers under the Act
MSCS_RULES_AMD_2023_ITEM_11_002,MSCS_RULES_AMD_2023,child,9,42,42,,,,,SHORT_CHUNK,,INFO,B_SHORT,"11. In the principal rules, Schedule shall be omitted."
MSCS_RULES_AMD_2023_ITEM_12_002,MSCS_RULES_AMD_2023,child,281,42,43,,,,,,,INFO,,"12. In the principal rules, for Form III, the following Form shall be substituted, namely:—

“FORM III

[See rule 19J]

NOMINATION FORM FOR ELECTIONS OF BOARD OF DIRECTORS

1. Name of the multi-State "
MSCS_RULES_AMD_2023_ITEM_13_002,MSCS_RULES_AMD_2023,child,89,43,43,,,,,,,INFO,,"13. In the principal rules, for Form IV, the following Form shall be substituted, namely:—

“FORM IV [See rule 19M]

APPLICATION FOR APPOINTING ELECTION AGENT I, ____________________ name of father/mo"
MSCS_RULES_AMD_2023_ITEM_14_002,MSCS_RULES_AMD_2023,child,780,43,46,,,,,MULTIPLE_FORMS_REVIEW,,INFO,,"14. In the principal rules, for Form V, the following Forms shall be substituted, namely: -

“FORM V [See rule 19N] NOMINATION FORM FOR ELECTION OF OFFICE BEARERS

1. Name of the multi-State co-operat"
MSCS_RULES_AMD_2023_FORM_VII,MSCS_RULES_AMD_2023,child,372,46,47,,,,FORM VII,,,INFO,,"FORM VII [See rule 30H (3)] FORM OF APPEAL AGAINST DECISION OF THE CO-OPERATIVE INFORMATION OFFICER

[All fields are mandatory except wherever indicated otherwise] To The Co-operative Ombudsman Madam/"
MSCS_RULES_AMD_2023_FORM_VIII,MSCS_RULES_AMD_2023,child,667,47,49,,,,FORM VIII,MULTIPLE_FORMS_REVIEW,,INFO,,"FORM VIII [See rule 30J (1)] FORM OF APPEAL BEFORE THE CENTRAL REGISTRAR

[All fields are mandatory except wherever indicated otherwise] To The Central Registrar Madam/Sir, Sub: Appeal against decisio"
KA_ACT_1959_DOC,KA_ACT_1959,parent,7,9,189,,,,,CONTEXT_PARENT;SHORT_CONTEXT_PARENT,,INFO,B_SHORT,124. Service of notice under the Act.
KA_ACT_1959_CONTEXT_001,KA_ACT_1959,child,87,9,9,,,,,STRUCTURE_UNCERTAIN,,INFO,E_STRUCTURE,"124. Service of notice under the Act.

125. Notice necessary in suits.

126. Acts of co-operative societies not to be invalidated by certain defects.

126A. Omitted.

127. Indemnity.

127A. Office bea"
KA_ACT_1959_BACKGROUND_002,KA_ACT_1959,child,5,9,9,,,,STATEMENT OF OBJECTS AND REASONS,SHORT_CHUNK,,INFO,B_SHORT,STATEMENT OF OBJECTS AND REASONS
KA_ACT_1959_BACKGROUND_I,KA_ACT_1959,child,408,9,10,,,,I,,,INFO,,"I

Act of 11 of 1959.—The Report of the Committee of Directors of the All India Rural Credit

Survey, appointed by the Reserve Bank of India, was published in December, 1954. At the

first conference "
KA_ACT_1959_BACKGROUND_II,KA_ACT_1959,child,120,10,10,,,,II,,,INFO,,"II

Amending Act 40 of 1964.—The Mysore Co-operative Societies Act, 1959, which was

brought into force from First July 1960 has revealed in the course of working the need for

some amendments for spe"
KA_ACT_1959_BACKGROUND_III,KA_ACT_1959,child,34,10,10,,,,III,,,INFO,,"III

Amending Act 27 of 1966.— Note.-By this Act the Karnataka Agricultural Produce

Marketing (Regulation) Act, 1966 (Karnataka Act 27 of 1966) was enacted. Certain

consequential amendments are made"
KA_ACT_1959_BACKGROUND_IV,KA_ACT_1959,child,315,10,11,,,,IV,,,INFO,,"IV

Amending Act 16 of 1967.— Consequent on the amendment of the Central Sales Tax

Act by the Parliament providing for the enhancement of the rates of tax applicable to the

declared good under the l"
KA_ACT_1959_BACKGROUND_V,KA_ACT_1959,child,427,11,12,,,,V,,,INFO,,"V

Amending Act 1 of 1972.—According to clause (c) of section 101 of the Mysore Co-

operative Societies Act, 1959, an order, decision and award made under the Act can be

executed by the Registrar or"
KA_ACT_1959_BACKGROUND_VI,KA_ACT_1959,child,247,12,13,,,,VI,,,INFO,,"VI

Amending Act 14 of 1973.—The post of Director of Sugar has been created to fulfil the

need for a single agency to deal with all matters relating to sugar industry in the State in a

comprehensive"
KA_ACT_1959_BACKGROUND_VII,KA_ACT_1959,child,38,13,13,,,,VII,,,INFO,,"VII

Amending Act 2 of 1975.— Note.- By this Act the Karnataka Agricultural Credit

Operations and Miscellaneous Provision Act, 1975 (Karnataka Act 2 of 1975) was enacted.

Certain consequential amend"
KA_ACT_1959_BACKGROUND_VIII,KA_ACT_1959,parent,696,13,14,,,,VIII,,MISSING_STRUCTURAL_ID,REVIEW,,"VIII

Amending Act 39 of 1975.—In order to facilitate the extension of Deposit Insurance

Schemes under the Deposit Insurance Corporation Act, 1961 (Central Act 47 of 1961) to co-

operative banks reg"
KA_ACT_1959_BACKGROUND_VIII_SUB_1,KA_ACT_1959,child,604,13,14,,,,VIII,,,INFO,,"VIII

Amending Act 39 of 1975.—In order to facilitate the extension of Deposit Insurance

Schemes under the Deposit Insurance Corporation Act, 1961 (Central Act 47 of 1961) to co-

operative banks reg"
KA_ACT_1959_BACKGROUND_VIII_SUB_2,KA_ACT_1959,child,92,14,14,,,,VIII,,,INFO,,"During the President‘s rule, section 101 of the Mysore Co-operative Societies Act, 1959

was amended by President Act No. 1 of 1972. This was to overcome the difficulty arising out

of the decision of"
KA_ACT_1959_BACKGROUND_IX,KA_ACT_1959,parent,838,14,17,,,,IX,,MISSING_STRUCTURAL_ID,REVIEW,,"IX

Amending Act 19 of 1976.—The Karnataka Co-operative Societies Act was amended on

10th March 1976 providing for reorganization of Co-operative Societies with a view to

making the Societies more v"
KA_ACT_1959_BACKGROUND_IX_SUB_1,KA_ACT_1959,child,556,14,16,,,,IX,,,INFO,,"IX

Amending Act 19 of 1976.—The Karnataka Co-operative Societies Act was amended on

10th March 1976 providing for reorganization of Co-operative Societies with a view to

making the Societies more v"
KA_ACT_1959_BACKGROUND_IX_SUB_2,KA_ACT_1959,child,282,16,17,,,,IX,,,INFO,,"(1) Reorganization of Co-operative Societies.

(2) Appointment of Special Officers to Co-operative Societies.

(3) Power to give direction to Co-operative Societies.

(4) Appeal provisions under the A"
KA_ACT_1959_BACKGROUND_XI,KA_ACT_1959,child,217,17,17,,,,XI,,,INFO,,"XI

Amending Act 71 of 1976.—With a view streamline the working of the Co-operatives

and to enable them to play an effective role in the implementation of the economic policies

and programmes of Gov"
KA_ACT_1959_BACKGROUND_XII,KA_ACT_1959,child,307,17,18,,,,XII,,,INFO,,"XII

Amending Act 14 of 1978.—With a view to make the Co-operative Societies effective

instruments of assisting the weaker sections and also for handling the financing of

agricultural production on "
KA_ACT_1959_BACKGROUND_XIII,KA_ACT_1959,child,138,18,18,,,,XIII,,,INFO,,"XIII

Amending Act 16 of 1979.—In December 1968, Government constituted a Committee

with the Deputy Minister for Co-operation as the Chairman and non-official Presidents of

some major co-operative i"
KA_ACT_1959_BACKGROUND_XIV,KA_ACT_1959,child,154,18,19,,,,XIV,,,INFO,,"XIV

Amending Act 3 of 1980.—Under the existing provisions of the Karnataka Co-operative

Societies Act, 1959, the Registrar of Co-operative Societies is empowered to get the

accounts of the Co-opera"
KA_ACT_1959_BACKGROUND_XV,KA_ACT_1959,child,184,19,19,,,,XV,,,INFO,,"XV

Amending Act 4 of 1980.—Section 14A of Karnataka Co-operative Societies Act was

first introduced by an amendment to Karnataka Co-operative Societies Act through

Karnataka Co-operative Societies "
KA_ACT_1959_BACKGROUND_XVI,KA_ACT_1959,child,158,19,20,,,,XVI,,,INFO,,"XVI

Amending Act 5 of 1984.—The Karnataka Co-operative Societies Act, 1959 has

revealed in the course of working the need for some amendments on the lines of the

recommendations made by K. H. Patil"
KA_ACT_1959_BACKGROUND_XVII,KA_ACT_1959,child,124,20,20,,,,XVII,,,INFO,,"XVII

Amending Act 34 of 1985.—It is considered necessary to amend the Karnataka Co-

operative Societies Act, 1959 for speedy recovery of large amounts due from the members

of various Co-operative I"
KA_ACT_1959_BACKGROUND_XVIII,KA_ACT_1959,child,70,20,20,,,,XVIII,,,INFO,,"XVIII

Amending Act 34 of 1991.—It is considered necessary to omit section 101-C, since

other provisions relating to recovery of Co-operative dues are found to be adequate and the

purchase of immova"
KA_ACT_1959_BACKGROUND_XIX,KA_ACT_1959,child,467,20,21,,,,XIX,,,INFO,,"XIX

Amending Act 25 of 1998.—Keeping in view the recommendations made by the

Committee headed by Sri K. H. Patil and two other Committees and also various

suggestions made by prominent co-operators"
KA_ACT_1959_BACKGROUND_XX,KA_ACT_1959,child,93,22,22,,,,XX,,,INFO,,"XX

Amending Act 2 of 2000.— Keeping in view the recommendations made by the various

Committees and the suggestions made by leading co-operators, it is considered necessary

to amend the Karnataka Co"
KA_ACT_1959_BACKGROUND_XXI,KA_ACT_1959,child,325,22,23,,,,XXI,,,INFO,,"XXI

Amending Act 13 of 2000.— Several amendments were made to the Karnataka Co-

operative Societies Act, 1959 by the Karnataka Co-operative Societies (Amendment) Act,

1997 including the amendments,"
KA_ACT_1959_BACKGROUND_XXII,KA_ACT_1959,child,50,23,23,,,,XXII,,,INFO,,"XXII

Amending Act 6 of 2001.- To give effect to the proposals made in the Budget Speech, it is

considered necessary to amend the Karnataka Stamp Act, 1957 and the Karnataka Co-

operative Societies "
KA_ACT_1959_BACKGROUND_XXIII,KA_ACT_1959,parent,615,23,25,,,,XXIII,,MISSING_STRUCTURAL_ID,REVIEW,,"XXIII

Amending Act 24 of 2001.- To achieve better results in the Co-operative Field and to

over come certain difficulties encountered in the effective implementation of the existing

provisions of t"
KA_ACT_1959_BACKGROUND_XXIII_SUB_1,KA_ACT_1959,child,487,23,24,,,,XXIII,,,INFO,,"XXIII

Amending Act 24 of 2001.- To achieve better results in the Co-operative Field and to

over come certain difficulties encountered in the effective implementation of the existing

provisions of t"
KA_ACT_1959_BACKGROUND_XXIII_SUB_2,KA_ACT_1959,child,128,24,25,,,,XXIII,,,INFO,,"(17) To provide for postponement of election of co-operative societies in the case of

natural calamities et.,

(18) To restore earlier provision providing for audit of all co-operative societies by t"
KA_ACT_1959_BACKGROUND_XXIV,KA_ACT_1959,child,226,25,25,,,,XXIV,,,INFO,,"XXIV

Amending Act 13 of 2004.- It is considered necessary to amend the Karnataka Co-

operative Societies Act, 1959 to provide for.-

(i) conversion of a Co-operative under Karnataka Souharda Sahakar"
KA_ACT_1959_BACKGROUND_XXV,KA_ACT_1959,parent,1,25,30,,,,XXV,CONTEXT_PARENT;SHORT_CONTEXT_PARENT,,INFO,B_SHORT;D_TOP20_SHORT,XXV
KA_ACT_1959_BACKGROUND_XXV_SUB_1,KA_ACT_1959,child,483,25,27,,,,XXV,,,INFO,,"XXV

Amending Act 6 of 2010.- The Government of Karnataka had appointed a 3 men

Committee namely:- 1) Sri B.S. Viswanathan, Ex-President & Present director of Karnataka State

Cooperative Apex & Rura"
KA_ACT_1959_BACKGROUND_XXV_SUB_2,KA_ACT_1959,child,487,27,28,,,,XXV,,,INFO,,"3) Section 16.- It is proposed to amend Section 16 with the insertion of a Depositor or a

self-help group so as to enable them to become members of a cooperative society

in the light of the revival "
KA_ACT_1959_BACKGROUND_XXV_SUB_3,KA_ACT_1959,child,494,28,29,,,,XXV,,,INFO,,"16) Section 54.- It is proposed to omit the Section 54 in keeping with the MoU.

17) Section 56.- It is proposed to amend Section 56 to state the mode of moblisation of

funds of a co-operative societ"
KA_ACT_1959_BACKGROUND_XXV_SUB_4,KA_ACT_1959,child,284,29,30,,,,XXV,,,INFO,,"31) Section 105.- It is proposed to amend section 105 stipulating that 25% of the amount

due shall be deposited before filing an appeal.

32) Section 106.- It is proposed to amend section 106 by prov"
KA_ACT_1959_BACKGROUND_XXVI,KA_ACT_1959,child,174,30,30,,,,XXVI,,,INFO,,"XXVI

Amending Act 04 of 2011.- The Karnataka State Co-operative Agriculture and

Rural Development Bank has expressed that the revival package for long-term loan (under

Prof. A. Vaidyanathan Committ"
KA_ACT_1959_BACKGROUND_XXVII,KA_ACT_1959,child,308,30,31,,,,XXVII,,,INFO,,"XXVII

Amending Act 28 of 2012.- The Government of India (GOI) had appointed a task

force on 05.08.2004 under the Chairmanship of Prof. A.Vaidyanathan to suggest measures

for revival of short-term c"
KA_ACT_1959_BACKGROUND_XXVIII,KA_ACT_1959,child,75,31,31,,,,XXVIII,,,INFO,,"XXVIII

Amending Act 3 of 2013.- It is considered necessary to amend the Karnataka

Cooperative societies Act, 1959 (Karnataka Act No, 11 of 1959) to be in conformity with the

provisions of the const"
KA_ACT_1959_BACKGROUND_XXIX,KA_ACT_1959,child,219,31,32,,,,XXIX,,,INFO,,"XXIX

Amending Act 35 of 2014.- In view of the 97th Amendment of Constitution of India, it is

considered necessary to further to amend the Karnataka Cooperative Societies Act, 1959

(Karnataka Act 11"
KA_ACT_1959_BACKGROUND_XXX,KA_ACT_1959,child,340,32,33,,,,XXX,,,INFO,,"XXX

Amending Act 07 of 2017.- It is considered necessary to amend the Karnataka Co-

operative Societies Act, 1959 (Karnataka Act No 11 of 1959) to Provide for payment of one

fourth of the total con"
KA_ACT_1959_SEC_1,KA_ACT_1959,child,104,33,33,1,,,"Short title, extent and commencement",,,INFO,,"CHAPTER I

PRELIMINARY

1

1

1. Short title, extent and commencement.- (1) This Act may be called the [Karnataka]

Co-operative Societies Act, 1959.

1. Adapted by the Karnataka Adaptations of Laws O"
KA_ACT_1959_SEC_2,KA_ACT_1959,child,2223,33,40,2,,,Definitions,LONG_CHUNK_NO_SAFE_SPLIT;STRUCTURE_UNCERTAIN,,INFO,A_LONG;E_STRUCTURE;C_TOP20_LONG,"2. Definitions.- In this Act, unless the context otherwise requires,—

1 [(a) ‗Apex Society‘ means a federal society whose area of operation extends to the whole

of the State;

5 [(a-1) ‗Area of oper"
KA_ACT_1959_SEC_2A,KA_ACT_1959,child,907,40,42,2A,,,"Registrar, Additional Registrars, Joint Registrars, Deputy Registrars [,State",LONG_CHUNK_NO_SAFE_SPLIT;STRUCTURE_UNCERTAIN,,INFO,A_LONG;E_STRUCTURE,"2A. Registrar, Additional Registrars, Joint Registrars, Deputy Registrars [,State

2

Representatives]

and Assistant Registrars.-

(1) The State Government may appoint a

person to be the Registrar o"
KA_ACT_1959_SEC_4,KA_ACT_1959,child,129,42,42,4,,,Societies which may be registered,,,INFO,,"CHAPTER II

REGISTRATION OF CO-OPERATIVE SOCIETIES.

1[3. x x x]1

1. Omited by Act 40 of 1964 w.e.f. 26.6.1965.

1 [4. Societies which may be registered.- Subject to the provisions of this Act, a co-"
KA_ACT_1959_SEC_5,KA_ACT_1959,child,68,42,43,5,,,Registration with limited or unlimited liability,,,INFO,,"5. Registration with limited or unlimited liability.-

(1) A co-operative society may be

registered with or without limited liability:

Provided that the liability of a co-operative society of which "
KA_ACT_1959_SEC_6,KA_ACT_1959,child,388,43,44,6,,,Application for registration of co-operative societies,,,INFO,,"6. Application for registration of co-operative societies.-

(1) An application for the

1

registration of a co-operative society shall be made to the Registrar in such form [and after

1

complying "
KA_ACT_1959_SEC_7,KA_ACT_1959,child,313,44,44,7,,,Registration,,,INFO,,"7. Registration.-

(1) If the Registrar is satisfied,—

1

(a) that the application complies with the provisions of this Act [, rules and the provisions of

1

any other law for the time being in forc"
KA_ACT_1959_SEC_8,KA_ACT_1959,child,67,44,44,8,,,Registration certificate,,,INFO,,"8. Registration certificate.- Where a co-operative society is registered [or is deemed to

1

be registered] under this Act, the Registrar shall issue a Certificate of Registration signed by

him, whi"
KA_ACT_1959_SEC_9,KA_ACT_1959,child,65,45,45,9,,,Co-operative societies to be bodies corporate,,,INFO,,"9. Co-operative societies to be bodies corporate.- The registration of a co-operative

society shall render it a body corporate by the name under which it is registered having

perpetual succession an"
KA_ACT_1959_SEC_10,KA_ACT_1959,child,116,45,45,10,,,Change of name of co-operative society,,,INFO,,"10. Change of name of co-operative society.-

(1) A co-operative society may, by an

amendment of its bye-laws, change its name.

(2) Where a co-operative society changes its name, the Registrar shall"
KA_ACT_1959_SEC_11,KA_ACT_1959,child,288,45,46,11,,,Change of liability,STRUCTURE_UNCERTAIN,,INFO,E_STRUCTURE,"11. Change of liability.-

(1) Subject to the provisions of this Act and the rules, a co-

operative society may, by an amendment of its bye-laws, change the form or extent of its

liability.

(2) Whe"
KA_ACT_1959_SEC_12,KA_ACT_1959,parent,523,46,47,12,,,Amendment of bye-laws of a co-operative society,,,INFO,,"12. Amendment of bye-laws of a co-operative society.

amend its bye-laws in conformity with the provisions of this Act, and the rules made there

under from time to time.

Provided that every cooperat"
KA_ACT_1959_SEC_12_SUB_2,KA_ACT_1959,child,220,46,46,12,,,Amendment of bye-laws of a co-operative society,,,INFO,,"(2) Every proposal for such amendment shall be forwarded to the Registrar and if the

Registrar is satisfied that the proposed amendment,—

(i) is not contrary to the provisions of this Act and the ru"
KA_ACT_1959_SEC_12_SUB_4,KA_ACT_1959,child,105,47,47,12,,,Amendment of bye-laws of a co-operative society,,,INFO,,"(4) Where the Registrar refuses to register an amendment of the bye-laws of a co-

operative society, he shall communicate the order of refusal, together with the reasons

therefor, to the society.

1"
KA_ACT_1959_SEC_12_SUB_6,KA_ACT_1959,child,77,47,47,12,,,Amendment of bye-laws of a co-operative society,,,INFO,,"(6) If such amendment is not made by the Co-operative Society within time specified in the

said order, notwithstanding anything contained in the Act, the Registrar may, aftergiving the

Co-operative "
KA_ACT_1959_SEC_13,KA_ACT_1959,child,49,47,47,13,,,When amendments of bye-laws come into force,,,INFO,,"13. When amendments of bye-laws come into force.- Subject to any appellate order

under section 106, an amendment of the bye-laws of a co-operative society shall unless it is

expressed to come into o"
KA_ACT_1959_SEC_14,KA_ACT_1959,parent,529,47,48,14,,,"Amalgamation, transfer of assets and liabilities and division of co-operative",,,INFO,,"14. Amalgamation, transfer of assets and liabilities and division of co-operative

societies.-

(1) A co-operative society may, by a resolution passed by a two-thirds majority of

the members present "
KA_ACT_1959_SEC_14_SUB_1,KA_ACT_1959,child,61,47,47,14,,,"Amalgamation, transfer of assets and liabilities and division of co-operative",,,INFO,,"(1) A co-operative society may, by a resolution passed by a two-thirds majority of

the members present and voting at a general meeting of the society,—

(a) divide itself into two or more co-operativ"
KA_ACT_1959_SEC_14_SUB_2,KA_ACT_1959,child,38,47,47,14,,,"Amalgamation, transfer of assets and liabilities and division of co-operative",,,INFO,,"(2) Any two or more co-operative societies may, by a resolution passed by a two-thirds

majority of the members present and voting at a general meeting of each such society

amalgamate themselves and "
KA_ACT_1959_SEC_14_SUB_3,KA_ACT_1959,child,78,47,47,14,,,"Amalgamation, transfer of assets and liabilities and division of co-operative",,,INFO,,"(3) The resolution of a co-operative society under sub-section (1) or sub-section (2) shall

contain all particulars of the transfer, division or amalgamation, as the case may be, and no

such resolut"
KA_ACT_1959_SEC_14_SUB_4,KA_ACT_1959,child,98,48,48,14,,,"Amalgamation, transfer of assets and liabilities and division of co-operative",,,INFO,,"(4) When a co-operative society has passed any such resolution, and it has been

approved by the Registrar, the co-operative society shall give notice thereof in writing to all

its creditors and such"
KA_ACT_1959_SEC_14_SUB_5,KA_ACT_1959,child,42,48,48,14,,,"Amalgamation, transfer of assets and liabilities and division of co-operative",,,INFO,,"(5) Any member or creditor who does not exercise his option within the period specified in

sub-section (4) and every member who has voted in favour of the resolution shall be

deemed to have assented"
KA_ACT_1959_SEC_14_SUB_6,KA_ACT_1959,child,66,48,48,14,,,"Amalgamation, transfer of assets and liabilities and division of co-operative",,,INFO,,"(6) A resolution passed by a co-operative society under this section shall not take effect

until either,—

(a) the assent thereto of all the members and creditors has been, or deemed to have

been, o"
KA_ACT_1959_SEC_14_SUB_7,KA_ACT_1959,child,134,48,48,14,,,"Amalgamation, transfer of assets and liabilities and division of co-operative",,,INFO,,"(7) Where a resolution passed by a co-operative society under this section involves the

transfer of any assets and liabilities, the resolution shall, notwithstanding anything contained

in any law fo"
KA_ACT_1959_SEC_14B,KA_ACT_1959,child,100,48,48,14B,,,Registrar to prepare scheme for amalgamation of co-operative banks in,,,INFO,,"14B. Registrar to prepare scheme for amalgamation of co-operative banks in

certain areas.-

(1) Where an order of moratorium has been made by the Central

Government under sub-section (2) of section "
KA_ACT_1959_SEC_14C,KA_ACT_1959,child,140,49,49,14C,,,Liability of co-operative bank to the Deposit Insurance Corporation,,,INFO,,"14C. Liability of co-operative bank to the Deposit Insurance Corporation.-

Notwithstanding anything contained in section 14 or other provision of this Act, where a co-

operative bank being an insure"
KA_ACT_1959_SEC_15,KA_ACT_1959,child,235,49,49,15,,,Cancellation of registration certificates of co-operative societies in certain,,,INFO,,"15. Cancellation of registration certificates of co-operative societies in certain

cases.-

(1) Where the whole of the assets and liabilities of a co-operative society are

transferred to another co-"
KA_ACT_1959_SEC_16,KA_ACT_1959,child,532,49,51,16,,,Persons who may become members,,,INFO,,"CHAPTER III

MEMBERS OF CO-OPERATIVE SOCIETIES AND THEIR RIGHTS AND LIABILITIES.

1 16. Persons who may become members.- [(1) Subject to the provisions of section 17,

no person shall be admitted as a"
KA_ACT_1959_SEC_17,KA_ACT_1959,child,368,51,52,17,,,Disqualification for membership,,,INFO,,"17. Disqualification for membership.-

(1) No person shall be eligible for admission as a

member of a co-operative society, if he,—

(a) has applied to be adjudicated an insolvent or is an undischarg"
KA_ACT_1959_SEC_18,KA_ACT_1959,child,353,52,53,18,,,Nominal or associate members,,,INFO,,"18. Nominal or associate members.- [(1) Notwithstanding anything contained in

section 16, a co-operative society may admit,—

(a) any individual as a nominal or associate member;

(b) any banking com"
KA_ACT_1959_SEC_18A,KA_ACT_1959,child,111,53,53,18A,,,Cessation of membership,,,INFO,,"[18A. Cessation of membership.- A person shall cease to be a member of a co-

operative society,-

(a) in the case of an individual, on his or her,-

(i) death;

(ii) resignation;

2

2

[(iii) disqua"
KA_ACT_1959_SEC_18_B,KA_ACT_1959,child,121,53,54,18-B,,,Cessation of directorship,,,INFO,,"1[18-B. Cessation of directorship.-A director of a secondary Co-operative Society

or a Federal Society or an Apex Society who is a representative of another co-operative

society shall cease to be a "
KA_ACT_1959_SEC_19,KA_ACT_1959,child,119,54,54,19,,,Member not to exercise rights till due payment made,,,INFO,,"19. Member not to exercise rights till due payment made.- [Save as otherwise

1

provided in sub-section (8) of section 16, no member] of a co-operative society shall

exercise the rights of a member "
KA_ACT_1959_SEC_20,KA_ACT_1959,child,808,54,56,20,,,Votes of members,STRUCTURE_UNCERTAIN,,INFO,E_STRUCTURE,"[20. Votes of members.-

(1)

[No member, no representative or no delegate] of a

society shall have more than one vote in the 3[general meeting or in the election of the

members of the *board*]3 of "
KA_ACT_1959_SEC_21,KA_ACT_1959,parent,469,56,57,21,,,Manner of exercising vote,,,INFO,,"21. Manner of exercising vote.- [(1) Every member, [every representative,] every

delegate and every nominee shall exercise his vote in person and not by proxy]1 2[at a

2

general meeting or an elect"
KA_ACT_1959_SEC_21_SUB_2,KA_ACT_1959,child,251,56,57,21,,,Manner of exercising vote,,,INFO,,"(2) Notwithstanding anything contained in sub-section (1),—

1 [(a) the *board* of a co-operative society which is a member of another co-operative

society may appoint one of the members of the *boar"
KA_ACT_1959_SEC_21_SUB_3,KA_ACT_1959,child,114,57,57,21,,,Manner of exercising vote,,,INFO,,"1[(3) A member once nominated by the board of a Co-operative Society under clause (a) of

sub-section (2) to vote on its behalf in any meeting of any other Co-operative Society shall

not be changed e"
KA_ACT_1959_SEC_23,KA_ACT_1959,child,79,57,57,23,,,Restrictions on transfers of shares or interest,,,INFO,,"23. Restrictions on transfers of shares or interest.- [(1) x x x]

1. Omitted by Act 25 of 1998 w.e.f. 15.08.1998.

(2) No transfer by a member of his share or interest in a co-operative society shall"
KA_ACT_1959_SEC_23A,KA_ACT_1959,child,150,57,58,23A,,,Refund of value of share,,,INFO,,"[23A. Refund of value of share.-

(1) If an individual member of a co-operative society,

the principal object of which is to advance agricultural loans is not indebted to such society, then, the valu"
KA_ACT_1959_SEC_24,KA_ACT_1959,child,339,58,59,24,,,Transfer of interest on death of member,,,INFO,,"24. Transfer of interest on death of member.-

(1) On the death of a member of a co-

operative society, the society shall transfer the share or interest of the deceased member,—

(a) to the person or"
KA_ACT_1959_SEC_25,KA_ACT_1959,child,180,59,59,25,,,Liability of past member and estate of deceased member,STRUCTURE_UNCERTAIN,,INFO,E_STRUCTURE,"25. Liability of past member and estate of deceased member.-

(1) Subject to the

provisions of sub-section (2), the liability of a past member or of the estate of a deceased

member of a co-operative"
KA_ACT_1959_SEC_26,KA_ACT_1959,child,309,59,60,26,,,Final authority in a co-operative society,,,INFO,,"CHAPTER IV

MANAGEMENT OF CO-OPERATIVE SOCIETIES.

1 [26. Final authority in a co-operative society.-

(1) Subject to the provisions of this Act,

the rules and the bye-laws, the final authority of a "
KA_ACT_1959_SEC_26A,KA_ACT_1959,child,176,60,60,26A,,,Partnership of Co-operative Societies,,,INFO,,"[26A. Partnership of Co-operative Societies.-

(1) Any two or more co-operative

socieities may, by resolution, passed by three-fourth majority of the members present and

after voting at a general me"
KA_ACT_1959_SEC_26B,KA_ACT_1959,child,252,60,61,26B,,,Collaboration by Co-operative Societies,,,INFO,,"26B. Collaboration by Co-operative Societies.-

(1) Any co-operative society or co-

operative societies may enter into collaboration with any Government undertaking or any

other undertaking approved"
KA_ACT_1959_SEC_27,KA_ACT_1959,child,811,61,63,27,,,Annual General Meeting,STRUCTURE_UNCERTAIN,,INFO,E_STRUCTURE,"[27. Annual General Meeting.-

(1) Every co-operative society shall convene a general

3

3

meeting of its members once in a year before [twenty fifth day of September] for the

purpose of,—

(a) con"
KA_ACT_1959_SEC_27B,KA_ACT_1959,child,147,63,64,27B,,,Returns to be filed with the Registrar,,,INFO,,"27B. Returns to be filed with the Registrar.- The board of every cooperative

society shall file the following returns, within six months of the close of every cooperative

year with the Registrar,-

"
KA_ACT_1959_SEC_28,KA_ACT_1959,child,179,64,64,28,,,Special general meeting,,,INFO,,"28. Special general meeting.-

(1) The *board* of a co-operative society may, at any

time, call a special general meeting of the society and shall call such meeting within one

2 1 2

month after the"
KA_ACT_1959_SEC_28A,KA_ACT_1959,child,2235,64,70,28A,,,Management of co-operative societies vest in the *board*,LONG_CHUNK_NO_SAFE_SPLIT;STRUCTURE_UNCERTAIN,,INFO,A_LONG;E_STRUCTURE;C_TOP20_LONG,"[28A. Management of co-operative societies vest in the *board*.-

(1) The

management of a co-operative society shall vest in a *board* constituted in accordance with

this Act, the rules and the bye-"
KA_ACT_1959_SEC_28D,KA_ACT_1959,child,54,70,70,28D,,,"Foreign tours by members, directors, office-bearers and employees of a",,,INFO,,"1[28D. Foreign tours by members, directors, office-bearers and employees of a

cooperative societies.- The Members, directors, office-bearers and the employees of a Co-

operative Society shall not un"
KA_ACT_1959_SEC_29,KA_ACT_1959,child,21,70,70,29,,,[XXX],,,INFO,,"29. [XXX]

1.Omitted by Act 3 of 2013 w.e.f 11.02.2013.

1

2 2 3

[4[The term of office of the members"
KA_ACT_1959_SEC_29A,KA_ACT_1959,child,396,70,71,29A,,,Commencement of term of office,,,INFO,,"[29A. Commencement of term of office.-

[(1)]

of the *board*]4 shall commence on the date on which the majority of the elected members

of the *board* assume office or the term of the out going *boar"
KA_ACT_1959_SEC_29C,KA_ACT_1959,parent,7,71,75,29C,,,Disqualification for membership of the *board*,CONTEXT_PARENT;SHORT_CONTEXT_PARENT,,INFO,B_SHORT,29C. Disqualification for membership of the *board*.-
KA_ACT_1959_SEC_29C_SUB_1,KA_ACT_1959,child,735,71,73,29C,,,Disqualification for membership of the *board*,,,INFO,,"(1) No person shall be eligible

1

for being elected or appointed or continued as a member of the [*board* of any co-operative

1

society] , if,—

1. Substituted by Act 25 of 1998 w.e.f. 15.08.1998."
KA_ACT_1959_SEC_29C_SUB_2,KA_ACT_1959,child,239,73,74,29C,,,Disqualification for membership of the *board*,,,INFO,,"(2) No person including a person elected by a co-operative society as a member of a

*board* of another co-operative society of which such co-operative society is a member shall

1

1

be a [President"
KA_ACT_1959_SEC_29C_SUB_5,KA_ACT_1959,child,84,74,74,29C,,,Disqualification for membership of the *board*,,,INFO,,"(5) In the case of co-operative marketing societies, consumers co-operative societies and

such class or classes of co-operative societies as may be specified by the State

Government, by notification"
KA_ACT_1959_SEC_29C_SUB_6,KA_ACT_1959,child,35,74,74,29C,,,Disqualification for membership of the *board*,,,INFO,,"(6). There shall be no representative of individual members on the *board*s of a District

Central Co-operative Bank or an Apex Co-operative Bank or such other classes of co-

operative banks as may b"
KA_ACT_1959_SEC_29C_SUB_7,KA_ACT_1959,child,259,74,75,29C,,,Disqualification for membership of the *board*,,,INFO,,"(7) Any question as to whether a member of the *board* was or has become subject to

any of the disqualifications mentioned in this section shall be decided by the Registrar after

giving the person c"
KA_ACT_1959_SEC_29C_SUB_9,KA_ACT_1959,child,150,75,75,29C,,,Disqualification for membership of the *board*,,,INFO,,"(9) A copy of the order made under sub-section (8) shall be communicated to the member

1

and the co-operative society concerned.]

2 [(10) No director of a cooperative society shall be eligible for "
KA_ACT_1959_SEC_29E,KA_ACT_1959,child,204,75,76,29E,,,Filling up of casual vacancy in the office of members of the *board*,,,INFO,,"[29E. Filling up of casual vacancy in the office of members of the *board*.- Any

vacancy in the office of members of the *board* of a co-operative society by reason of death,

resignation, removal or"
KA_ACT_1959_SEC_29F,KA_ACT_1959,child,277,76,76,29F,,,"Election of President, Chairperson, Vice-President, or Vice-Chairperson, etc.,",,,INFO,,"29F. Election of President, Chairperson, Vice-President, or Vice-Chairperson, etc.,-

(1) Every co-operative society shall have a President or Chairperson, Vice-President or Vice-

Chairperson and suc"
KA_ACT_1959_SEC_29G,KA_ACT_1959,parent,5,76,81,29G,,,Appointment of Chief Executive,CONTEXT_PARENT;SHORT_CONTEXT_PARENT,,INFO,B_SHORT,[29G. Appointment of Chief Executive.-
KA_ACT_1959_SEC_29G_SUB_1,KA_ACT_1959,child,241,76,77,29G,,,Appointment of Chief Executive,,,INFO,,"(1) For every co-operative society there shall

be a Chief Executive who shall 2[XXX] 2 be appointed and be removable by the society:

1. Section 29G inserted by Act 25 of 1998 w.e.f. 27.10.1998. 2. O"
KA_ACT_1959_SEC_29G_SUB_2,KA_ACT_1959,child,39,77,77,29G,,,Appointment of Chief Executive,,,INFO,,"(2) On the appointment of Chief Executive to a co-operative society by the Government or

the Registrar, the person appointed as Chief Executive by the society, if any, by whatever

name called, shall"
KA_ACT_1959_SEC_29G_SUB_3,KA_ACT_1959,child,52,77,77,29G,,,Appointment of Chief Executive,,,INFO,,"(3) Salary and other conditions of services of the Chief Executive shall,—

(i) in the case of an official of the State Government be as approved by the State

Government; and

(ii) in other cases, be"
KA_ACT_1959_SEC_29G_SUB_4,KA_ACT_1959,child,436,77,78,29G,,,Appointment of Chief Executive,,,INFO,,"(4) The Chief Executive shall be the Chief Administrative Officer of the society and shall,

subject to the general supervision and control of the *board* and such other conditions and

restrictions a"
KA_ACT_1959_SEC_29G_SUB_5,KA_ACT_1959,child,138,79,79,29G,,,Appointment of Chief Executive,,,INFO,,"(5) In addition to the powers and duties specified in sub-section (4), the Chief Executive of

an Apex Society,—

(a) shall have power to appoint with the approval of the *board* and subject to the

p"
KA_ACT_1959_SEC_29G_SUB_6,KA_ACT_1959,child,994,79,81,29G,,,Appointment of Chief Executive,LONG_CHUNK_NO_SAFE_SPLIT,,INFO,A_LONG,"(6) In respect of primary co-operative societies, the Chief Executive shall send a [copy of

1

the receipt and payment account] duly certified by him every month to the Registrar and the

financing b"
KA_ACT_1959_SEC_30B,KA_ACT_1959,child,12,81,81,30B,,,XXX],SHORT_COMPLETE_PROVISION,,INFO,B_SHORT,"[30B. XXX]

1. Omitted by Act 25 of 1998 w.e.f. 15.08.1998.

1"
KA_ACT_1959_SEC_30B_002,KA_ACT_1959,child,211,81,82,30B,,,Powers to give direction in public interest,STRUCTURE_UNCERTAIN,,INFO,E_STRUCTURE,"[30B. Powers to give direction in public interest.-

(1) Where the State Government is

satisfied that in public interest and for the purposes of securing proper implementation of co-

operative and o"
KA_ACT_1959_SEC_31,KA_ACT_1959,child,412,82,83,31,,,Appointment of Special Officer [by the Registrar],,,INFO,,"[31. Appointment of Special Officer [by the Registrar]

.-

(1) Where the Registrar is

of the opinion that a co-operative society is not functioning in accordance with the provisions

of the Act, rul"
KA_ACT_1959_SEC_31A,KA_ACT_1959,child,353,83,83,31A,,,Delivery of possession of records and properties of the co-operative,,,INFO,,"31A. Delivery of possession of records and properties of the co-operative

societies.-

(1) Where a new *board* is elected or an Administrator or Special Officer is

appointed by the Registrar or wher"
KA_ACT_1959_SEC_32,KA_ACT_1959,child,244,83,84,32,,,First charge of co-operative society on certain assets,STRUCTURE_UNCERTAIN,,INFO,E_STRUCTURE,"CHAPTER V

PRIVILEGES OF CO-OPERATIVE SOCIETIES.

32. First charge of co-operative society on certain assets.-

(1) Notwithstanding

anything contained in any law for the time being in force, but subj"
KA_ACT_1959_SEC_33,KA_ACT_1959,child,772,84,86,33,,,"Charge on land, owned by members or held as tenants by members borrowing",STRUCTURE_UNCERTAIN,,INFO,E_STRUCTURE,"33. Charge on land, owned by members or held as tenants by members borrowing

loans from certain co-operative societies.-

(1) Notwithstanding anything contained in this

Act or in any other law for t"
KA_ACT_1959_SEC_34,KA_ACT_1959,child,325,86,86,34,,,Deduction from salary to meet society's claim in certain cases,,,INFO,,"34. Deduction from salary to meet society's claim in certain cases.-

(1)

Notwithstanding anything contained in any law for the time being in force, a member of a co-

operative society may execute a"
KA_ACT_1959_SEC_35,KA_ACT_1959,child,158,86,87,35,,,Charge and set off in respect of shares or interest of members in the capital of a,,,INFO,,"35. Charge and set off in respect of shares or interest of members in the capital of a

co-operative society.- A co-operative society shall have a charge upon the share or interest

in the capital and"
KA_ACT_1959_SEC_36,KA_ACT_1959,child,86,87,87,36,,,Shares or interest not liable to attachment,,,INFO,,"36. Shares or interest not liable to attachment.- Subject to the provisions of section 35

the share or interest of a member in the capital of a co-operative society shall not be liable to

attachment"
KA_ACT_1959_SEC_37,KA_ACT_1959,child,280,87,87,37,,,"Exemption from certain taxes, duties and fees",,,INFO,,"37. Exemption from certain taxes, duties and fees.- The State Government, if in its

opinion it is necessary in public interest so to do, may, by notification in the official Gazette,

and subject to "
KA_ACT_1959_SEC_38,KA_ACT_1959,child,208,88,88,38,,,Exemption from compulsory registration of instruments,,,INFO,,"38. Exemption from compulsory registration of instruments.- Nothing in clauses (b)

and (c) of sub-section (1) of section 17 of the Indian Registration Act, 1908 (Central Act XVI

of 1908), shall appl"
KA_ACT_1959_SEC_39,KA_ACT_1959,parent,10,88,91,39,,,Registration of documents executed on behalf of co-operative societies,CONTEXT_PARENT;SHORT_CONTEXT_PARENT,,INFO,B_SHORT,39. Registration of documents executed on behalf of co-operative societies.-
KA_ACT_1959_SEC_39_SUB_1,KA_ACT_1959,child,103,88,88,39,,,Registration of documents executed on behalf of co-operative societies,,,INFO,,"(1)

Notwithstanding anything contained in the Indian Registration Act, 1908 (Central Act XVI of

1

1

1908), it shall not be necessary for any member of a *board*, [Chief Executive] or other

1

1

"
KA_ACT_1959_SEC_39_SUB_2,KA_ACT_1959,child,1078,88,91,39,,,Registration of documents executed on behalf of co-operative societies,LONG_CHUNK_NO_SAFE_SPLIT,,INFO,A_LONG,"(2) Where any instrument is so executed, the registering officer to whom such instrument

is presented for registration may, if he thinks fit, refer to such member, secretary or officer for

informati"
KA_ACT_1959_SEC_39B,KA_ACT_1959,child,49,91,91,39B,,,Cost of conducting elections,,,INFO,,"39B. Cost of conducting elections.- The expenses of holding any election, including the

payment of traveling allowances, dearness allowances and other remuneration, if any, to the

persons appointed "
KA_ACT_1959_SEC_39C,KA_ACT_1959,child,521,91,92,39C,,,Corrupt practices,,,INFO,,"39C. Corrupt practices.- The following shall be deemed to be corrupt practices for the

purposes of this Act, namely:—

(i) ‗Bribery‘ as defined in clause (1) of section 123 of the Representation of t"
KA_ACT_1959_SEC_39D,KA_ACT_1959,child,97,93,93,39D,,,Maintenance of secrecy of voting,,,INFO,,"39D. Maintenance of secrecy of voting.-

(1) Every officer, clerk, agent or other person

who performs any duty in connection with the recording or counting of votes at an election

shall maintain and"
KA_ACT_1959_SEC_39E,KA_ACT_1959,child,187,93,93,39E,,,Officers etc. at election not to act for candidates or to influence voting,,,INFO,,"39E. Officers etc. at election not to act for candidates or to influence voting.-

(1) No

person who is a returning officer, or an assistant returning officer or a presiding or polling

officer at an"
KA_ACT_1959_SEC_39F,KA_ACT_1959,child,144,93,93,39F,,,Prohibition of canvassing in or near polling station,,,INFO,,"39F. Prohibition of canvassing in or near polling station.-

(1) No person shall, on the

date or dates on which a poll is taken at any polling station commit any of the following acts

within the pol"
KA_ACT_1959_SEC_39G,KA_ACT_1959,child,254,94,94,39G,,,Penalty for disorderly conduct in or near poling station,,,INFO,,"39G. Penalty for disorderly conduct in or near poling station.-

(1) No person shall on

the date or dates on which a poll is taken at any polling station,—

(a) use or operate within or at the entran"
KA_ACT_1959_SEC_39H,KA_ACT_1959,child,158,94,94,39H,,,Penalty for misconduct at the polling station,,,INFO,,"39H. Penalty for misconduct at the polling station.-

(1) Any person who during hours

fixed for the poll at any polling station misconducts himself or fails to obey the lawful

directions of the Pres"
KA_ACT_1959_SEC_39I,KA_ACT_1959,child,139,94,95,39I,,,Breaches of official duty in connection with election,,,INFO,,"39I. Breaches of official duty in connection with election.-

(1) If any person to whom

this section applies is without reasonable cause guilty of any act or omission in breach of his

official duty,"
KA_ACT_1959_SEC_39J,KA_ACT_1959,child,215,95,95,39J,,,Removal of ballot papers from polling station to be an offence,,,INFO,,"39J. Removal of ballot papers from polling station to be an offence.-

(1) Any person

who at any election fraudulently takes or attempts to take a ballot paper out of a polling

station, or willfully"
KA_ACT_1959_SEC_39K,KA_ACT_1959,child,388,95,96,39K,,,Other offences and penalties,,,INFO,,"39K. Other offences and penalties.-

(1) A person shall be guilty of an electoral offence,

if at any election, he,—

(a) fraudulently defaces or fraudulently destroys any nomination paper; or

(b) fr"
KA_ACT_1959_SEC_40,KA_ACT_1959,child,49,96,96,40,,,Promotion of co-operative movement,,,INFO,,"CHAPTER VI

STATE AID TO CO-OPERATIVE SOCIETIES.

40. Promotion of co-operative movement.- It shall be the duty of the State Government

to encourage and promote the co-operative movement including en"
KA_ACT_1959_SEC_41,KA_ACT_1959,child,71,96,96,41,,,Direct partnership of State Government in co-operative societies,,,INFO,,"41. Direct partnership of State Government in co-operative societies.-

(1) The State

Government may subscribe directly to the share capital of a co-operative society with limited

liability.

(2) No"
KA_ACT_1959_SEC_42,KA_ACT_1959,child,45,96,96,42,,,Indirect partnership of State Government in co-operative societies,,,INFO,,"42. Indirect partnership of State Government in co-operative societies.- The State

Government may, subject to appropriation by law, provide moneys to a co-operative society

(hereinafter in this Chap"
KA_ACT_1959_SEC_43,KA_ACT_1959,child,121,97,97,43,,,Principal State Partnership Fund,,,INFO,,"43. Principal State Partnership Fund.-

(1) An apex society which is provided with

moneys by the State Government under section 42 shall, with such moneys, establish a

Fund to be called the ‗Princip"
KA_ACT_1959_SEC_44,KA_ACT_1959,child,80,97,97,44,,,Subsidiary State Partnership Fund,,,INFO,,"44. Subsidiary State Partnership Fund.-

(1) A central society which is provided with

moneys by an apex society from the ‗Principal State Partnership Fund‘ shall, with such

moneys, establish a Fund "
KA_ACT_1959_SEC_45,KA_ACT_1959,child,44,97,97,45,,,Approval of State Government for purchase of shares,,,INFO,,"45. Approval of State Government for purchase of shares.- No shares shall be

purchased in a co-operative society from the moneys in the ‗Principal State Partnership

Fund‘ or the ‗Subsidiary State Pa"
KA_ACT_1959_SEC_46,KA_ACT_1959,child,79,97,97,46,,,Liability to be limited in respect of certain shares,,,INFO,,"46. Liability to be limited in respect of certain shares.- Where any shares are

purchased in a co-operative society by,—

(a) the State Government; or

(b) an apex society or a central society from t"
KA_ACT_1959_SEC_47,KA_ACT_1959,child,74,97,98,47,,,Restriction on amount of dividend,,,INFO,,"47. Restriction on amount of dividend.- An apex society which has purchased shares

in other co-operative societies from the moneys in the ‗Principal State Partnership Fund‘ and

a central society whi"
KA_ACT_1959_SEC_48,KA_ACT_1959,child,168,98,98,48,,,Indemnity of apex and central societies,,,INFO,,"48. Indemnity of apex and central societies.-

(1) If a co-operative society in which

shares are purchased from the ‗Principal State Partnership Fund‘, is wound up or dissolved,

the State Government"
KA_ACT_1959_SEC_49,KA_ACT_1959,child,192,98,98,49,,,"Disposal of share capital and dividend, etc",,,INFO,,"49. Disposal of share capital and dividend, etc.-

(1) All moneys received by an apex

society in respect of shares of other co-operative societies purchased from the moneys in

the ‗Principal State P"
KA_ACT_1959_SEC_50,KA_ACT_1959,child,114,98,99,50,,,Disposal of 'Principal State Partnership Fund' and 'Subsidiary State Partnership,,,INFO,,"50. Disposal of 'Principal State Partnership Fund' and 'Subsidiary State Partnership

Fund' on winding up of an apex or a central society.-

(1) If an apex society which has

established a ‗Principal "
KA_ACT_1959_SEC_51,KA_ACT_1959,child,53,99,99,51,,,Principal State Partnership Fund and Subsidiary State Partnership Fund not to,,,INFO,,"51. Principal State Partnership Fund and Subsidiary State Partnership Fund not to

form part of assets.- Any amount to the credit of a ‗Principal State Partnership Fund‘ or a

‗Subsidiary State Partne"
KA_ACT_1959_SEC_52,KA_ACT_1959,child,107,99,99,52,,,Agreement by State Government and apex societies,,,INFO,,"52. Agreement by State Government and apex societies.- Subject to the foregoing

provisions of this Chapter,—

(a) the State Government may enter into an agreement with an apex society setting out

th"
KA_ACT_1959_SEC_53,KA_ACT_1959,child,144,99,99,53,,,Other forms of State aid to co-operative societies,,,INFO,,"53. Other forms of State aid to co-operative societies.- Notwithstanding anything

contained in any law for the time being in force, the State Government may,—

(a) give loans or make advances to co-o"
KA_ACT_1959_SEC_54,KA_ACT_1959,child,10,99,99,54,,,XXX]1,SHORT_COMPLETE_PROVISION,,INFO,B_SHORT,"1[54.XXX]1

1. Omitted by Act 6 of 2010 w.e.f. 03.11.2009."
KA_ACT_1959_SEC_55,KA_ACT_1959,child,40,99,99,55,,,Provisions of this Chapter to override other laws,,,INFO,,"55. Provisions of this Chapter to override other laws.- The provisions of sections 42 to

54 of this Chapter shall have effect notwithstanding anything inconsistent therewith

contained in this Act or"
KA_ACT_1959_SEC_56,KA_ACT_1959,child,214,100,100,56,,,Mobilisation of Funds,STRUCTURE_UNCERTAIN,,INFO,E_STRUCTURE,"CHAPTER VII.

PROPERTIES AND FUNDS OF CO-OPERATIVE SOCIETIES.

1[56. Mobilisation of Funds.-

(1) A co-operative society may mobilise funds in the form

of share capital, deposits, debentures, loans a"
KA_ACT_1959_SEC_57,KA_ACT_1959,child,672,100,102,57,,,Net profits and their disposal,STRUCTURE_UNCERTAIN,,INFO,E_STRUCTURE,"57. Net profits and their disposal.-

(1) The net profits of co-operative societies shall be

determined in accordance with such rules as may be prescribed and different rules may be

made for differe"
KA_ACT_1959_SEC_58,KA_ACT_1959,child,198,102,103,58,,,Investment of funds,,,INFO,,"58. Investment of funds.- A co-operative society may invest or deposit its funds,—

(a) in a Government Savings Bank; or

(b) in any of the securities specified in section 20 of the Indian Trusts Act,"
KA_ACT_1959_SEC_59,KA_ACT_1959,child,138,103,103,59,,,Restrictions on borrowings,,,INFO,,"59. Restrictions on borrowings.- [(1)] A co-operative society shall receive deposits

and loans only to such extent and under such conditions 2[XXX] 2 as may be specified in the

bye-laws.

1. Renumbe"
KA_ACT_1959_SEC_60,KA_ACT_1959,child,65,103,103,60,,,Restrictions on loans,,,INFO,,"60. Restrictions on loans.-

(1) A co-operative society shall not make a loan to any

person other than a member:

Provided that 1[XXX]1 a co-operative society may make loans to another co-operative

"
KA_ACT_1959_SEC_61,KA_ACT_1959,child,39,103,103,61,,,Restrictions on other transactions with non-members,,,INFO,,"61. Restrictions on other transactions with non-members.- Save as is provided in

sections 59 and 60, the transactions of a co-operative society with persons other than

members shall be subject to su"
KA_ACT_1959_SEC_62,KA_ACT_1959,child,96,103,103,62,,,Provident Fund,STRUCTURE_UNCERTAIN,,INFO,E_STRUCTURE,"62. Provident Fund.-

(1) A co-operative society may establish a contributory Provident

Fund for the benefit of its employees to which shall be credited all contributions made by the

employees and s"
KA_ACT_1959_CONTEXT_120,KA_ACT_1959,child,2483,104,109,,,,,LONG_CHUNK_NO_SAFE_SPLIT;SECTION_IDENTIFIER_MISSING;STRUCTURE_UNCERTAIN,MISSING_STRUCTURAL_ID,REVIEW,A_LONG;E_STRUCTURE;C_TOP20_LONG,"CHAPTER VIII

AUDIT, INQUIRY, INSPECTION AND SURCHARGE.

1 [63 Audit.- (1) Every Cooperative society shall get its accounts audited at least

once in a year before the first of September following the"
KA_ACT_1959_SEC_64,KA_ACT_1959,parent,888,109,111,64,,,Inquiry by Registrar,,,INFO,,"64. Inquiry by Registrar.-

(1) The Registrar may, of his own motion, by himself or by a

1

person authorized by him, by order in writing, hold an inquiry into [any matter specified in

1

the order "
KA_ACT_1959_SEC_64_SUB_1,KA_ACT_1959,child,53,109,109,64,,,Inquiry by Registrar,,,INFO,,"(1) The Registrar may, of his own motion, by himself or by a

1

person authorized by him, by order in writing, hold an inquiry into [any matter specified in

1

the order touching] the constitution, "
KA_ACT_1959_SEC_64_SUB_2,KA_ACT_1959,child,178,109,110,64,,,Inquiry by Registrar,,,INFO,,"(2) An inquiry of the nature referred to in sub-section (1) shall be held on the application

of,—

(a) a co-operative society to which the society concerned is affiliated;

(b) a majority of the memb"
KA_ACT_1959_SEC_64_SUB_3,KA_ACT_1959,child,355,110,111,64,,,Inquiry by Registrar,,,INFO,,"(3) The Registrar, or the person authorized by him under sub-section (1) shall, for the

purposes of an inquiry under this section have the following powers, namely:—

(a) he shall, at all times, have"
KA_ACT_1959_SEC_64_SUB_4,KA_ACT_1959,child,298,111,111,64,,,Inquiry by Registrar,,,INFO,,"(4) When an inquiry is made under this section, the Registrar shall 2[send a copy of the

inquiry report and communicate]2 the result of the inquiry to the society and to the co-

1

operative society"
KA_ACT_1959_SEC_65,KA_ACT_1959,child,431,111,112,65,,,Inspection of books of a co-operative society,,,INFO,,"65. Inspection of books of a co-operative society.-

(1) The Registrar may of his own

motion, or on the application of a creditor of a co-operative society, inspect or direct any

person authorized b"
KA_ACT_1959_SEC_65A,KA_ACT_1959,child,120,112,113,65A,,,"Report of [inquiry] , inspection and final report to be made available to a",,,INFO,,"[65A. Report of [inquiry] , inspection and final report to be made available to a

credit agency.- The Registrar shall draw the attention of a credit agency financing a co-

2

2

operative society to"
KA_ACT_1959_SEC_65B,KA_ACT_1959,child,148,113,113,65B,,,Inspection of books of co-operative society by a credit agency,,,INFO,,"65B. Inspection of books of co-operative society by a credit agency.-

(1) A credit

agency shall have the right to inspect the books of any co-operative society which has either

applied to the credi"
KA_ACT_1959_SEC_66,KA_ACT_1959,child,132,113,113,66,,,Power to seize books and property,,,INFO,,"66. Power to seize books and property.- If any officer or person conducting audit under

section 63, inquiry under section 64 or inspection under section 65, 1[or otherwise]1 has

reason to believe th"
KA_ACT_1959_SEC_67,KA_ACT_1959,child,146,113,114,67,,,Costs of Inquiry,,,INFO,,"67. Costs of Inquiry.- Where an inquiry is held under section 64 or an inspection is made

under section 65 on the application of a creditor, the Registrar may apportion the costs, or

such part of th"
KA_ACT_1959_SEC_68,KA_ACT_1959,child,281,114,114,68,,,Order by the Registrar,,,INFO,,"68. Order by the Registrar.- [(1)] The Registrar may make an order directing the co-

1

1

operative society or its [office bearers] to take such action as may be specified in the order

4

4

within"
KA_ACT_1959_SEC_69,KA_ACT_1959,child,439,114,115,69,,,Surcharge,,,INFO,,"[69. Surcharge.-

(1) If in the course of an audit, inquiry, inspection or the winding up of a

Co-operative society, it is found that the *board* of Management of such society or the

President, Vice"
KA_ACT_1959_SEC_70,KA_ACT_1959,parent,589,115,117,70,,,Disputes which may be referred to Registrar for decision,,,INFO,,"CHAPTER IX

SETTLEMENT OF DISPUTES

70. Disputes which may be referred to Registrar for decision.-

(1) Notwithstanding

anything contained in any law for the time being in force, if any dispute touch"
KA_ACT_1959_SEC_70_SUB_1,KA_ACT_1959,child,225,115,116,70,,,Disputes which may be referred to Registrar for decision,,,INFO,,"(1) Notwithstanding

anything contained in any law for the time being in force, if any dispute touching the

3

3

[2[XXX]2]

constitution, management, or the business of a co-operative society

arise"
KA_ACT_1959_SEC_70_SUB_2,KA_ACT_1959,child,277,116,117,70,,,Disputes which may be referred to Registrar for decision,,,INFO,,"(2) For the purposes of sub-section (1), the following shall be deemed to be disputes

touching the constitution, management or the business of a co-operative society, namely:—

(a) a claim by the soc"
KA_ACT_1959_SEC_70_SUB_3,KA_ACT_1959,child,51,117,117,70,,,Disputes which may be referred to Registrar for decision,,,INFO,,"(3) If any question arises whether a dispute referred to the Registrar under this section is

a dispute touching the constitution, management or the business of a co-operative society,

the decision t"
KA_ACT_1959_SEC_70_SUB_5,KA_ACT_1959,child,21,117,117,70,,,Disputes which may be referred to Registrar for decision,,,INFO,,"(5) XXX]2]

1. Inserted by Act 3 of 2013 w.e.f. 11.02.2013.

2. Omitted by Act, 35 of 2014 w.e.f. 06.09.2014

1"
KA_ACT_1959_SEC_70A,KA_ACT_1959,child,171,117,117,70A,,,Period of limitation,,,INFO,,"[70A. Period of limitation.-

(1) No dispute under section 70 shall be entertained unless

it is referred to the Registrar within six years from the date of the cause of action:

Provided that a dispu"
KA_ACT_1959_SEC_71,KA_ACT_1959,child,418,117,118,71,,,Disposal of disputes,STRUCTURE_UNCERTAIN,,INFO,E_STRUCTURE,"71. Disposal of disputes.-

(1) The Registrar may, on receipt of the reference of a dispute

under section 70,—

(a) decide the dispute himself, or

(b) transfer it for disposal to any person who has "
KA_ACT_1959_SEC_71A,KA_ACT_1959,child,236,118,119,71A,,,Powers of financing bank to proceed against members of a co-operative,,,INFO,,"[71A. Powers of financing bank to proceed against members of a co-operative

society for the recovery of money due to it from such society.-

(1) If a co-operative

society is unable to pay its debts "
KA_ACT_1959_SEC_71B,KA_ACT_1959,child,237,119,119,71B,,,Powers of credit agency to proceed against members of a co-operative,,,INFO,,"[71B. Powers of credit agency to proceed against members of a co-operative

society for the recovery of money due to it from such society.-

(1) If a co-operative

society is unable to pay its debts t"
KA_ACT_1959_SEC_72,KA_ACT_1959,child,405,119,120,72,,,Winding up of co-operative societies,,,INFO,,"CHAPTER X

WINDING UP AND DISSOLUTION OF CO-OPERATIVE SOCIETIES.

1 72. Winding up of co-operative societies.-

(1) If the Registrar after [an audit has been

1

conducted under section 63 or an inqui"
KA_ACT_1959_SEC_72A,KA_ACT_1959,child,62,120,120,72A,,,"Winding up of a co-operative bank if so, required by the Reserve Bank",,,INFO,,"[72A. Winding up of a co-operative bank if so, required by the Reserve Bank.-

Notwithstanding anything to the contrary contained in this Act, the Registrar shall make an

order for winding up of a co"
KA_ACT_1959_SEC_72B,KA_ACT_1959,child,108,121,121,72B,,,Reimbursement to the Deposit Insurance Corporation by the Liquidators,,,INFO,,"72B. Reimbursement to the Deposit Insurance Corporation by the Liquidators.- Where

a co-operative bank being an insured bank within the meaning of the Deposit Insurance

Corporation Act, 1961, is wou"
KA_ACT_1959_SEC_73,KA_ACT_1959,child,187,121,121,73,,,Liquidator,,,INFO,,"73. Liquidator.-

(1) Where the Registrar has made an order under section 72 for the

winding up of a co-operative society, he may appoint a Liquidator for the purpose and fix his

remuneration.

(2) "
KA_ACT_1959_SEC_74,KA_ACT_1959,parent,533,121,122,74,,,Powers of Liquidator,,,INFO,,"74. Powers of Liquidator.-

(1) Subject to any rules made in this behalf, the whole of the

assets of a co-operative society in respect of which an order for winding up has been made,

shall vest in t"
KA_ACT_1959_SEC_74_SUB_1,KA_ACT_1959,child,62,121,121,74,,,Powers of Liquidator,,,INFO,,"(1) Subject to any rules made in this behalf, the whole of the

assets of a co-operative society in respect of which an order for winding up has been made,

shall vest in the Liquidator appointed unde"
KA_ACT_1959_SEC_74_SUB_2,KA_ACT_1959,child,431,121,122,74,,,Powers of Liquidator,,,INFO,,"(2) Such Liquidator shall also have power, subject to the control of the Registrar,—

(a) to institute and defend suits and other legal proceedings on behalf of the co-

operative society by the name "
KA_ACT_1959_SEC_74_SUB_3,KA_ACT_1959,child,36,122,122,74,,,Powers of Liquidator,,,INFO,,"(3) When the affairs of a co-operative society have been wound up, the Liquidator shall

make a report to the Registrar and deposit the records of the society in such place as the

Registrar may direc"
KA_ACT_1959_SEC_75,KA_ACT_1959,child,123,122,123,75,,,Cancellation of registration of a co-operative society,,,INFO,,"75. Cancellation of registration of a co-operative society.- Where in respect of a co-

operative society which has been ordered to be wound up under section 72, no Liquidator

has been appointed unde"
KA_ACT_1959_SEC_76,KA_ACT_1959,child,164,123,123,76,,,Definitions,,,INFO,,"CHAPTER XI

1 2

2

1

[ [AGRICULTURE AND RURAL] DEVELOPMENT BANKS] .

76. Definitions.- In this Chapter,—

2

(a) ‗Board‘ means the Board of Directors of the [State Agriculture and Rural

2

Developm"
KA_ACT_1959_SEC_76B,KA_ACT_1959,child,391,123,124,76B,,,State and other [Agriculture and Rural Development Banks],,,INFO,,"76B. State and other [Agriculture and Rural Development Banks]

.-

(1) There shall

1

1 3

3

be a [State Agriculture and Rural Development Bank] for the [State of Karnataka] , and as

2

2

many [A"
KA_ACT_1959_SEC_77,KA_ACT_1959,child,113,124,124,77,,,Appointment of Trustee and his powers and functions,,,INFO,,"77. Appointment of Trustee and his powers and functions.-

(1) The Registrar, or

where the State Government appoints any other person in this behalf, such person, shall be

1

the Trustee for the pur"
KA_ACT_1959_SEC_78,KA_ACT_1959,child,49,124,124,78,,,Trustee to be a corporation sole,,,INFO,,"78. Trustee to be a corporation sole.- The Trustee appointed under section 77 shall be

a corporation sole by the name of the Trustee for the debentures and as such shall have

perpetual succession an"
KA_ACT_1959_SEC_79,KA_ACT_1959,parent,781,124,126,79,,,Issue of debentures,,,INFO,,"[79. Issue of debentures.-

(1) With the previous sanction of the State Government and

the Trustee, and subject to such terms and conditions as the State Government may

2

2

impose, the [State Agri"
KA_ACT_1959_SEC_79_SUB_1,KA_ACT_1959,child,478,124,126,79,,,Issue of debentures,,,INFO,,"(1) With the previous sanction of the State Government and

the Trustee, and subject to such terms and conditions as the State Government may

2

2

impose, the [State Agriculture and Rural Developmen"
KA_ACT_1959_SEC_79_SUB_2,KA_ACT_1959,child,56,126,126,79,,,Issue of debentures,,,INFO,,"(2) Every debenture may contain a term fixing a period not exceeding thirty years from the

date of issue during which it shall be redeemable, or reserving to the *board* the right to

redeem at any t"
KA_ACT_1959_SEC_79_SUB_3,KA_ACT_1959,child,243,126,126,79,,,Issue of debentures,,,INFO,,"(3) The total amount due on debentures issued [or loans taken] by the [State

2

Agriculture and Rural Development Bank] , and outstanding at any time, shall not exceed—

1. Inserted by Act 5 of 1984 "
KA_ACT_1959_SEC_80,KA_ACT_1959,child,82,126,127,80,,,Charge of debenture holders on certain properties,,,INFO,,"80. Charge of debenture holders on certain properties.- The holders of the

debentures shall have a floating charge on,—

(a) all such mortgages and assets as are referred to in clause (a) of sub-sect"
KA_ACT_1959_SEC_81,KA_ACT_1959,child,277,127,127,81,,,"Guarantee by State Government of principal of, and interest on, debentures",,,INFO,,"81. Guarantee by State Government of principal of, and interest on, debentures.-

(1)

The principal of, and interest on, the debentures issued under section 79 shall, in respect of

such maximum amou"
KA_ACT_1959_SEC_82,KA_ACT_1959,child,139,127,128,82,,,Other guarantees by State Government,,,INFO,,"82. Other guarantees by State Government.-

(1) The State Government may by

1

general or special order authorize the grant of loans to members by the [State Agriculture

1 1

1

and Rural Developmen"
KA_ACT_1959_SEC_82A,KA_ACT_1959,child,90,128,128,82A,,,Powers of Land Development Banks to advance loans and to hold lands,,,INFO,,"[82A. Powers of Land Development Banks to advance loans and to hold lands.-

Subject to the provisions of this Act and the rules made thereunder, it shall be competent for

2

2

the [Agriculture and "
KA_ACT_1959_SEC_82B,KA_ACT_1959,child,253,128,128,82B,,,Mode of dealing with applications for loans,,,INFO,,"82B. Mode of dealing with applications for loans.-

(1) When an application for a loan

is made for any of the purposes mentioned in section 76A, a public notice shall be given of

the application in "
KA_ACT_1959_SEC_82C,KA_ACT_1959,child,226,128,129,82C,,,Order granting loan conclusive of certain matters,,,INFO,,"82C. Order granting loan conclusive of certain matters.- A written order by the

1

1

[Agriculture and Rural Development Bank] , or persons or *board*s authorized under the

bye-laws of the Bank to m"
KA_ACT_1959_SEC_83,KA_ACT_1959,child,228,129,129,83,,,Priority of mortgage over certain claims,,,INFO,,"83. Priority of mortgage over certain claims.- [(1)] A mortgage executed in favour of a

2

2

[Agriculture and Rural Development Bank] shall have priority over any claim of the

3

Government arising"
KA_ACT_1959_SEC_84,KA_ACT_1959,child,152,129,130,84,,,Right of [Agriculture and Rural Development Bank] or of the [State,,,INFO,,"84. Right of [Agriculture and Rural Development Bank] or of the [State

1

Agriculture and Rural Development Bank] to purchase mortgaged property.-

(1)

Notwithstanding anything contained in any law "
KA_ACT_1959_SEC_85,KA_ACT_1959,child,100,130,130,85,,,Mortgages executed in favour of [Agriculture and Rural Development Bank] to,,,INFO,,"85. Mortgages executed in favour of [Agriculture and Rural Development Bank] to

1

1

stand vested in [State Agriculture and Rural Development Bank]

.- The mortgages

1

executed in favour of, and a"
KA_ACT_1959_SEC_85A,KA_ACT_1959,child,159,130,130,85A,,,Registration of mortgage or lease in favour of Land Development Banks,,,INFO,,"[85A. Registration of mortgage or lease in favour of Land Development Banks.-

Notwithstanding anything contained in the Indian Registration Act, 1908, it shall not be

1

necessary to register mortga"
KA_ACT_1959_SEC_86,KA_ACT_1959,child,202,130,131,86,,,Power of [Agriculture and Rural Development Bank] to receive moneys,,,INFO,,"86. Power of [Agriculture and Rural Development Bank] to receive moneys

and grant discharges.- Notwithstanding that a mortgage executed in favour of an

1

1

[Agriculture and Rural Development Bank]"
KA_ACT_1959_SEC_86A,KA_ACT_1959,child,73,131,131,86A,,,Recovery of Loans by development banks,,,INFO,,"[86A. Recovery of Loans by development banks.- All loans granted by the

1

1

[Agriculture and Rural Development Bank] , all interests (if any) chargeable thereon, and

costs (if any), incurred in ma"
KA_ACT_1959_SEC_87,KA_ACT_1959,child,336,131,132,87,,,Right of [Agriculture and Rural Development Bank] to pay prior debts of,STRUCTURE_UNCERTAIN,,INFO,E_STRUCTURE,"87. Right of [Agriculture and Rural Development Bank] to pay prior debts of

1

mortgagor.-

(1) Where a mortgage is executed in favour of an [Agriculture and Rural

1

Development Bank] for payment o"
KA_ACT_1959_SEC_87A,KA_ACT_1959,child,258,132,132,87A,,,Mortgages executed by managers of joint Hindu families,,,INFO,,"[87A. Mortgages executed by managers of joint Hindu families.-

(1) Mortgages, in

2

2 2

respect of loans by an [Agriculture and Rural Development Bank] or the [State Agriculture

2

3

3

and Rural"
KA_ACT_1959_SEC_87B,KA_ACT_1959,child,213,132,133,87B,,,Restrictions on lease,,,INFO,,"87B. Restrictions on lease.-

(1) Notwithstanding anything contained in the Transfer of

Property Act, 1882 or any other law for the time being in force, no mortgagor of property

1

1

mortgaged to a"
KA_ACT_1959_SEC_88,KA_ACT_1959,child,203,133,133,88,,,Distraint - When to be made,,,INFO,,"88. Distraint - When to be made.-

(1) If any instalment payable under a mortgage

1

1

executed in favour of an [Agriculture and Rural Development Bank] or any part of such

instalment has remained "
KA_ACT_1959_SEC_89,KA_ACT_1959,child,333,133,134,89,,,Power of sale when to be exercised,,,INFO,,"89. Power of sale when to be exercised.-

(1) Notwithstanding anything contained in the

Transfer of Property Act, 1882 (Central Act IV of 1882), where a power of sale without the

1

intervention of "
KA_ACT_1959_SEC_89A,KA_ACT_1959,child,190,134,135,89A,,,Confirmation of sale,STRUCTURE_UNCERTAIN,,INFO,E_STRUCTURE,"[89A. Confirmation of sale.-

(1) On effecting the sale by an [Agriculture and Rural

2

Development Bank] under section 89, the bank shall, in the prescribed manner submit to the

2

2

[State Agricu"
KA_ACT_1959_SEC_89B,KA_ACT_1959,child,230,135,135,89B,,,Disposal of sale-proceeds,,,INFO,,"89B. Disposal of sale-proceeds.- The proceeds of every sale effected under section 89

and confirmed under section 89A, shall be applied first in payment of all costs, charges and

expenses incurred i"
KA_ACT_1959_SEC_89C,KA_ACT_1959,parent,491,135,136,89C,,,"Certificate to purchase, delivery of property and title of purchaser",,,INFO,,"89C. Certificate to purchase, delivery of property and title of purchaser.-

(1) Where a

sale of mortgaged property has become absolute under section 89A and the sale-proceeds,

1

1

have been recei"
KA_ACT_1959_SEC_89C_SUB_1,KA_ACT_1959,child,362,135,136,89C,,,"Certificate to purchase, delivery of property and title of purchaser",,,INFO,,"(1) Where a

sale of mortgaged property has become absolute under section 89A and the sale-proceeds,

1

1

have been received in full by the [Agriculture and Rural Development Bank] , the bank shall
"
KA_ACT_1959_SEC_89C_SUB_3,KA_ACT_1959,child,118,136,136,89C,,,"Certificate to purchase, delivery of property and title of purchaser",,,INFO,,"(3) Where any property is sold in the exercise or purported exercise of a power of sale

1

1

under [section 89] , the title of the purchaser shall not be questioned on the ground that the

circumsta"
KA_ACT_1959_SEC_89D,KA_ACT_1959,child,344,136,137,89D,,,Recovery of loans on certificate by Registrar,,,INFO,,"89D. Recovery of loans on certificate by Registrar.-

(1) Notwithstanding anything

1

contained in sections 70 and 71, on an application made by an [Agriculture and Rural

1

Development Bank] for th"
KA_ACT_1959_SEC_89E,KA_ACT_1959,child,225,137,137,89E,,,Deputy Commissioner to make recoveries during a certain period,,,INFO,,"89E. Deputy Commissioner to make recoveries during a certain period.-

(1) During

such period as the State Government may by general or special order notify in the official

Gazette, it shall be comp"
KA_ACT_1959_SEC_89F,KA_ACT_1959,child,103,137,138,89F,,,Officers of banks not to bid at sales,,,INFO,,"89F. Officers of banks not to bid at sales.- At any sale of movable or immovable

1

property, held under the provisions of this Chapter, no officer or employee of an [Agriculture

1

1

1

and Rural "
KA_ACT_1959_SEC_89G,KA_ACT_1959,child,75,138,138,89G,,,Section 40 of Bombay Act 28 of 1947 not to apply to alienation in favour of,,,INFO,,"89G. Section 40 of Bombay Act 28 of 1947 not to apply to alienation in favour of

Land Development Banks.- Nothing contained in section 40 of the Bombay Agricultural

Debtors Relief Act, 1947, or any "
KA_ACT_1959_SEC_89H,KA_ACT_1959,child,177,138,138,89H,,,Provision for Guarantee Funds to meet certain losses,,,INFO,,"89H. Provision for Guarantee Funds to meet certain losses.-

(1) It shall be competent

for the State Government to constitute one or more Guarantee Funds on such terms and

conditions as it may deem "
KA_ACT_1959_SEC_90,KA_ACT_1959,child,204,138,139,90,,,Powers of [Agriculture and Rural Development Bank] where mortgaged,,,INFO,,"90. Powers of [Agriculture and Rural Development Bank] where mortgaged

property is destroyed or security becomes insufficient.- Where any property mortgaged

1

1

to an [Agriculture and Rural Develo"
KA_ACT_1959_SEC_91,KA_ACT_1959,child,212,139,139,91,,,"Power of Board or of Trustee to distrain and sell property, etc",,,INFO,,"91. Power of Board or of Trustee to distrain and sell property, etc.-

(1) The Board or

1

1

the Trustee may direct the *board* of an [Agriculture and Rural Development Bank] to take

action against"
KA_ACT_1959_SEC_92,KA_ACT_1959,child,113,139,139,92,,,"Title of purchaser not to be questioned on the ground of irregularity, etc",,,INFO,,"92. Title of purchaser not to be questioned on the ground of irregularity, etc.- Where

any property is sold in the exercise or purported exercise of a power of sale under section

89, the title of th"
KA_ACT_1959_SEC_93,KA_ACT_1959,child,91,139,140,93,,,Mortgage not to be questioned on insolvency of mortgagor,,,INFO,,"93. Mortgage not to be questioned on insolvency of mortgagor.- Notwithstanding

anything contained in any law relating to insolvency, a mortgage executed in favour of an

1

1

[Agriculture and Rural "
KA_ACT_1959_SEC_94,KA_ACT_1959,child,210,140,140,94,,,Appointment of receiver and his powers,,,INFO,,"94. Appointment of receiver and his powers.-

(1) The Board may, on the application of

1

1

an [Agriculture and Rural Development Bank] and under circumstances in which the power

of sale conferred "
KA_ACT_1959_SEC_95,KA_ACT_1959,child,63,140,140,95,,,Mortgagor's powers to lease,,,INFO,,"95. Mortgagor's powers to lease.-

(1) Notwithstanding anything contained in the

Transfer of Property Act, 1882 (Central Act IV of 1882), or any other law for the time being in

force, a mortgagor sh"
KA_ACT_1959_SEC_96,KA_ACT_1959,child,43,140,140,96,,,Delegation of certain powers by Board,,,INFO,,"96. Delegation of certain powers by Board.- The Board may, if it thinks fit,

delegate all or any of its powers under sections 89, 91 and 94 to an executive *board*

constituted by it and consisting o"
KA_ACT_1959_SEC_97,KA_ACT_1959,child,81,140,140,97,,,"Sections 102, 103 and 104 of the Transfer of Property Act, 1882, to apply to",,,INFO,,"97. Sections 102, 103 and 104 of the Transfer of Property Act, 1882, to apply to

notices under this Chapter.- The provisions of sections 102 and 103 of the Transfer of

Property Act 1882 (Central Act"
KA_ACT_1959_SEC_97A,KA_ACT_1959,child,342,140,141,97A,,,Constitution of a common cadre for the employees of primary,,,INFO,,"1[97A. Constitution of a common cadre for the employees of primary

agriculture and rural development banks.-

(1) Notwithstanding anything contained in this

Act, rules or the bye-laws, where the Reg"
KA_ACT_1959_SEC_98,KA_ACT_1959,child,331,141,142,98,,,Power to [Board] of [State Agriculture and Rural Development Bank] to,,,INFO,,"[98. Power to [Board] of [State Agriculture and Rural Development Bank] to

3

3

supervise [Agriculture and Rural Development Bank] and make regulations.- The

2 2 3

3

[Board] of the [State Agricul"
KA_ACT_1959_SEC_98A,KA_ACT_1959,child,17,142,142,98A,,,Application of this Chapter,SHORT_COMPLETE_PROVISION,,INFO,B_SHORT,"98A. Application of this Chapter.- This chapter shall apply only to co-operative

societies in co-operative credit structure."
KA_ACT_1959_SEC_98B,KA_ACT_1959,child,120,142,143,98B,,,Overriding effect of Chapter XIA,,,INFO,,"98B. Overriding effect of Chapter XIA.- Notwithstanding anything contrary or

inconsistent contained in any other chapter of this Act or rules framed there under or bye-

laws of any co-operative soci"
KA_ACT_1959_SEC_98C,KA_ACT_1959,child,85,143,143,98C,,,Approval of bye-laws,,,INFO,,"98C. Approval of bye-laws.-

(1) The bye-laws or any amendment to the bye-laws of

a co-operative credit structure society shall be registered by the Registrar within thirty days

from the date of rec"
KA_ACT_1959_SEC_98D,KA_ACT_1959,child,168,143,143,98D,,,Ensuring membership to Depositors,,,INFO,,"1[98D. Ensuring membership to Depositors.-

(1) Every person or group holding a

minimum deposit of rupees five thousand for a continuous period of one year in a primary

agricultural credit co-operat"
KA_ACT_1959_SEC_98E,KA_ACT_1959,child,141,143,144,98E,,,Freedom in all financial and internal administrative matters,,,INFO,,"98E. Freedom in all financial and internal administrative matters.– A Co-

operative society under Co-operative Credit Structure shall have freedom to decide its

financial and internal administrative"
KA_ACT_1959_SEC_98F,KA_ACT_1959,child,87,144,144,98F,,,Limit on State Government's subscription,,,INFO,,"98F. Limit on State Government's subscription.- The State Government's

subscription in the share capital of any Society under the Co-operative Credit Structure shall

not exceed twenty-five percent o"
KA_ACT_1959_SEC_98G,KA_ACT_1959,child,91,144,144,98G,,,Restriction on number of Government Nominees,,,INFO,,"98G. Restriction on number of Government Nominees.-

(1) Where the

Government has subscribed to share capital, there shall be only one nominee of the State

Government in the *board* of the State Coo"
KA_ACT_1959_SEC_98H,KA_ACT_1959,child,181,144,145,98H,,,Freedom for affiliation or disaffiliation with a federal society,,,INFO,,"98H. Freedom for affiliation or disaffiliation with a federal society.-

(1) A Co-

operative Credit Structure society registered under Karnataka Co-operative Societies Act,

1959 shall be eligible to"
KA_ACT_1959_SEC_98I,KA_ACT_1959,child,42,145,145,98I,,,Restriction regarding area of operation,,,INFO,,"98I. Restriction regarding area of operation.- A co-operative society under Co-

operative Credit Structure shall have the freedom of entry and exit at any tier and there shall

be no mandatory restri"
KA_ACT_1959_SEC_98J,KA_ACT_1959,child,54,145,145,98J,,,Freedom of investment and deposit,,,INFO,,"98J. Freedom of investment and deposit.- A co-operative Society under the Co-

operative Credit Structure may, subject to the guidelines of the Reserve Bank, if any, invest

or deposit its funds in an"
KA_ACT_1959_SEC_98K,KA_ACT_1959,child,56,145,145,98K,,,Freedom of borrowings,,,INFO,,"98K. Freedom of borrowings.- A co-operative society under Co-operative Credit

Structure may obtain loans from any Bank or financial institution regulated by the Reserve

Bank and refinance from Natio"
KA_ACT_1959_SEC_98L,KA_ACT_1959,child,30,145,145,98L,,,Guidelines for payment of dividend,,,INFO,,"98L. Guidelines for payment of dividend.- A primary agricultural credit

cooperative society may pay dividend in accordance with the guidelines framed by the

Registrar in consultation with the Nation"
KA_ACT_1959_SEC_98M,KA_ACT_1959,child,37,145,145,98M,,,Contribution to any fund,,,INFO,,"98M. Contribution to any fund.- The Registrar shall have no powers to direct any

co-operative society in Co-operative Credit Structure to contribute to any funds other than

those required for improv"
KA_ACT_1959_SEC_98N,KA_ACT_1959,child,351,145,146,98N,,,Disqualification of members of the *board* of Co-operative Credit,,,INFO,,"98N. Disqualification of members of the *board* of Co-operative Credit

Structure.-

(1) No person shall be nominated or co-opted or allowed to continue as a

member of the *board* of a society in co-"
KA_ACT_1959_SEC_98O,KA_ACT_1959,child,41,146,146,98O,,,Applicability of Section 20 and Section 29C to the election of a new,,,INFO,,"98O. Applicability of Section 20 and Section 29C to the election of a new

*board*.- The provisions of section 20 and section 29C shall be applicable for election of a

new *board* of a society in co-"
KA_ACT_1959_SEC_98P,KA_ACT_1959,child,11,146,146,98P,,,[XXX],SHORT_COMPLETE_PROVISION,,INFO,B_SHORT,"98P. [XXX]

1. Omitted by Act, 3 of 2013 w.e.f. 11.02.2013."
KA_ACT_1959_SEC_98Q,KA_ACT_1959,child,165,146,147,98Q,,,Elections,,,INFO,,"98Q. Elections.-

(1) The election to the *board* of a co-operative society under the

Co-operative Credit Structure shall be conducted 1[in accordance with the provisions of the

sub-section (2) of s"
KA_ACT_1959_SEC_98R,KA_ACT_1959,child,34,147,147,98R,,,The Prudential norms,,,INFO,,"98R. The Prudential norms.- The prudential norms including Capital to Risk

Weighted Assets Ratio shall be prescribed by the Registrar for all the Primary Agricultural

Credit Cooperative Societies in"
KA_ACT_1959_SEC_98S,KA_ACT_1959,child,181,147,147,98S,,,Removal of Directors and Chief Executive Officers,,,INFO,,"98S. Removal of Directors and Chief Executive Officers.-

(1) The members of

the *board* or chief executive officers of the State Co-operative Bank and Central Co-

operative Banks shall fulfill the "
KA_ACT_1959_SEC_98U,KA_ACT_1959,child,36,147,147,98U,,,Audit of accounts,,,INFO,,"98U. Audit of accounts.- The State Co-operative Bank and a Central Co-operative

Bank shall cause audit and certification of its accounts by a Chartered Accountant selected

by it from the panel appro"
KA_ACT_1959_SEC_98V,KA_ACT_1959,child,89,147,148,98V,,,Special audit of Co-operative Credit Structure,,,INFO,,"98V. Special audit of Co-operative Credit Structure.- The Director of Co-

operative Audit shall arrange to conduct the special audit of the State Cooperative Bank or Central Co-operative Banks on the"
KA_ACT_1959_SEC_98W,KA_ACT_1959,child,223,148,148,98W,,,Restriction for using the word 'Bank',,,INFO,,"98W. Restriction for using the word 'Bank'. - No primary agricultural credit society

or its federation or association shall, except those which are permitted to act as a Bank

under the Banking Regul"
KA_ACT_1959_SEC_98X,KA_ACT_1959,child,320,148,149,98X,,,Implementation of regulatory prescriptions of Reserve Bank,,,INFO,,"98X. Implementation of regulatory prescriptions of Reserve Bank.-

(1) The

Registrar shall ensure the implementation of regulatory prescription given by the Reserve

Bank, including recommendation fo"
KA_ACT_1959_SEC_99,KA_ACT_1959,child,161,149,149,99,,,Enforcement of charge,,,INFO,,"CHAPTER XII

EXECUTION OF AWARDS, DECREES, ORDERS AND DECISIONS.

99. Enforcement of charge.- Notwithstanding anything contained in Chapter IX, or any

other law for the time being in force, but witho"
KA_ACT_1959_SEC_100,KA_ACT_1959,child,12,149,149,100,,,Recovery of moneys due to Societies,SHORT_COMPLETE_PROVISION,,INFO,B_SHORT,"100. Recovery of moneys due to Societies.-

(1) Notwithstanding anything contained in"
KA_ACT_1959_CONTEXT_205,KA_ACT_1959,child,434,149,150,,,,,SECTION_IDENTIFIER_MISSING;STRUCTURE_UNCERTAIN,MISSING_STRUCTURAL_ID,REVIEW,E_STRUCTURE,"Chapter IX or any other law for the time being in force, on an application made by an

approved society for the recovery of arrears of any sum advanced by it to any of its

members on account of the f"
KA_ACT_1959_SEC_101,KA_ACT_1959,child,834,150,152,101,,,"Execution of orders, etc",,,INFO,,"101. Execution of orders, etc.- [(1)] Every order made by the Registrar under sub-

1 1

section [(1)] of section 69 or under section 99, every decision or award made under section

71, every order ma"
KA_ACT_1959_SEC_101A,KA_ACT_1959,child,82,152,152,101A,,,Transfer of property made after issue of certificate void against co,,,INFO,,"[101A. Transfer of property made after issue of certificate void against co-

operative society.- Any private transfer or delivery of, or encumbrance or charge on,

property made or created after the "
KA_ACT_1959_SEC_101B,KA_ACT_1959,child,338,152,153,101B,,,Transfer of property which cannot be sold,,,INFO,,"101B. Transfer of property which cannot be sold.-

(1) When in any execution of an

order sought to be executed under section 101, any property cannot be sold for want of

buyers, if such property is "
KA_ACT_1959_SEC_102,KA_ACT_1959,child,113,153,153,102,,,Registrar or person empowered by him to be a civil court for certain purposes,,,INFO,,"102. Registrar or person empowered by him to be a civil court for certain purposes.-

The Registrar or any person empowered by him in this behalf shall be deemed, when

exercising any powers under thi"
KA_ACT_1959_SEC_103,KA_ACT_1959,child,298,153,154,103,,,Attachment of property before award or order,,,INFO,,"103. Attachment of property before award or order.- [(1)] If the Registrar is satisfied

on an application, report, enquiry or otherwise, that any person with intent to delay or

obstruct the enforcem"
KA_ACT_1959_SEC_104,KA_ACT_1959,child,247,154,154,104,,,Recovery of sums due to Government,,,INFO,,"104. Recovery of sums due to Government.-

(1) All sums due from a co-operative

2

2

society or from an [office bearer] or member or past member of a co-operative society as

such to Government incl"
KA_ACT_1959_SEC_104A,KA_ACT_1959,child,136,154,155,104A,,,Application of this Chapter to Co-operative Societies in other States,,,INFO,,"[104A. Application of this Chapter to Co-operative Societies in other States.- The

provisions of this Chapter and all rules made under this Act relating to, or in any manner

connected with the recov"
KA_ACT_1959_SEC_105,KA_ACT_1959,child,293,155,155,105,,,Appeals to the Tribunal,,,INFO,,"CHAPTER XIII

APPEALS, REVISION AND REVIEW.

105. Appeals to the Tribunal.- 2[(1)]2 Any person aggrieved by,—

(a) any decision of the Registrar made under clause (a) of sub-section (1) of section 71;"
KA_ACT_1959_SEC_105A,KA_ACT_1959,child,267,155,156,105A,,,Appeals relating to admission of members to societies,,,INFO,,"[105A. Appeals relating to admission of members to societies.-

(1) Any person who

has made an application for admission as a member under sub-section (3) of section 16 may

2

2

[3[Registrar]3]

ap"
KA_ACT_1959_SEC_106,KA_ACT_1959,child,866,156,159,106,,,Appeals to other authorities,STRUCTURE_UNCERTAIN,,INFO,E_STRUCTURE,"106. Appeals to other authorities.-

(1) [Subject to the provisions of section 108A, an

1

appeal shall lie under this section] against,—

1. Substituted by Act 39 of 1975 w.e.f. 23.09.1975.

1[(a) a"
KA_ACT_1959_SEC_107,KA_ACT_1959,child,103,159,159,107,,,Revision by Tribunal,,,INFO,,"107. Revision by Tribunal.- [Subjects to the provisions of section 108A, the Tribunal

1

may] suo motu or on application of any person aggrieved call for and examine the record of

any proceedings in"
KA_ACT_1959_SEC_108,KA_ACT_1959,child,180,159,159,108,,,Powers of revision of State Government,,,INFO,,"108. Powers of revision of State Government.- [Subject to the provisions of section

1 108A, the State Government] suo motu at any time, and, on application of any person

aggrieved, within a period o"
KA_ACT_1959_SEC_108A,KA_ACT_1959,child,140,159,159,108A,,,No appeal or revision in certain cases,,,INFO,,"[108A. No appeal or revision in certain cases.- Notwithstanding anything contained in

this Act, where with the previous sanction in writing or on the requisition of the Reserve

Bank,—

(i) a co-oper"
KA_ACT_1959_SEC_109,KA_ACT_1959,parent,7,160,165,109,,,Offences,CONTEXT_PARENT;SHORT_CONTEXT_PARENT,,INFO,B_SHORT,"CHAPTER XIV

OFFENCES AND PENALTIES.

109. Offences.-"
KA_ACT_1959_SEC_109_SUB_1,KA_ACT_1959,child,155,160,160,109,,,Offences,,,INFO,,"(1) Any person other than a co-operative society carrying on business

under any name or title of which the word ―Co-operative‖ or its equivalent in any Indian

language, is part, without the sanction"
KA_ACT_1959_SEC_109_SUB_2,KA_ACT_1959,child,87,160,160,109,,,Offences,,,INFO,,"(2) Any member or past member or the nominee, heir or legal representative of a

deceased member of a co-operative society who contravenes the provisions of section 32 or

33 by disposing of any prope"
KA_ACT_1959_SEC_109_SUB_3,KA_ACT_1959,child,136,160,160,109,,,Offences,,,INFO,,"(3) A co-operative society or an [office bearer] or member thereof willfully making a false

return or furnishing false information, or any person willfully or without any reasonable

excuse disobeyin"
KA_ACT_1959_SEC_109_SUB_4,KA_ACT_1959,child,110,160,161,109,,,Offences,,,INFO,,"(4) Any employer, who without sufficient cause, fails to make the deduction under sub-

section (2) of section 34, or fails to pay to a co-operative society the amount deducted by

him under sub-secti"
KA_ACT_1959_SEC_109_SUB_5,KA_ACT_1959,child,104,161,161,109,,,Offences,,,INFO,,"(5) If default is made in complying with provisions of [sub-section (4)] of section 16, sub-

clause (ii) of clause (b) of sub-section (1) of section 24, sub-section (1) of section 28, section

56, se"
KA_ACT_1959_SEC_109_SUB_6,KA_ACT_1959,child,307,161,162,109,,,Offences,,,INFO,,"(6) If any person,—

(i) not eligible to become a member under section 17 applies to a co-operative society for

admission as a member, or becomes a member, or after ceasing to be a member

1 [under s"
KA_ACT_1959_SEC_109_SUB_9,KA_ACT_1959,child,94,162,162,109,,,Offences,,,INFO,,"(9) Any [office bearer] or member of a co-operative society who is in possession of any

information, books and records fails to furnish such information or produce such books or

records or to give a"
KA_ACT_1959_SEC_109_SUB_10,KA_ACT_1959,child,93,162,162,109,,,Offences,,,INFO,,"(10) Any [office bearer] of a co-operative society or other person who fails to hand over

the custody of books, records, cash, securities and other property belonging to the co-

1 1

operative socie"
KA_ACT_1959_SEC_109_SUB_11,KA_ACT_1959,child,350,162,163,109,,,Offences,,,INFO,,"(11) Any [office bearer] or member of a co-operative society who willfully fails to comply

with any decision, award or order passed by the Registrar or arbitrator or the tribunal shall

be punishable"
KA_ACT_1959_SEC_109_SUB_13,KA_ACT_1959,child,128,163,163,109,,,Offences,,,INFO,,"(13) Any co-operative society or any [office bearer] or employee or paid servant thereof

who fails to give effect to any decision or award under section 71 including order if any,

passed by the appr"
KA_ACT_1959_SEC_109_SUB_14,KA_ACT_1959,child,56,163,163,109,,,Offences,,,INFO,,"(14) A member of the *board* of a co-operative society who uses or allows the use of

properties or funds of any co-operative society otherwise than in accordance with the

provisions of this Act, the"
KA_ACT_1959_SEC_109_SUB_15,KA_ACT_1959,child,256,163,164,109,,,Offences,,,INFO,,"(15) Where an [office bearer] , an employee, a paid servant or a member of a co-

operative society, receives or sanctions a benami loan, accepts or obtains or agrees to

accept or attempts to obtain "
KA_ACT_1959_SEC_109_SUB_16,KA_ACT_1959,child,121,164,164,109,,,Offences,,,INFO,,"(16) Any co-operative society or a member of its *board* or any employee thereof guilty of

any contravention of the provisions of this Act for which no penalty is provided elsewhere,

shall be punish"
KA_ACT_1959_SEC_109_SUB_18,KA_ACT_1959,child,68,164,164,109,,,Offences,,,INFO,,"(18) Every member of the board who fails and the chief executive who fails to get its

accounts for the previous year audited as per section 63 within the stipulated time and

present the same before "
KA_ACT_1959_SEC_109_SUB_19,KA_ACT_1959,child,51,164,164,109,,,Offences,,,INFO,,"(19) Every member of the board who and the chief executive who fail to file annual

returns with the Registrar as per section 27B shall be punishable with imprisonment for a

term which may extend to "
KA_ACT_1959_SEC_109_SUB_20,KA_ACT_1959,child,61,164,164,109,,,Offences,,,INFO,,"(20)Every member of the board which fails and the chief executive who fails to provide

necessary books, records and information within time and assist the cooperative election

commission for the con"
KA_ACT_1959_SEC_109_SUB_21,KA_ACT_1959,child,69,164,165,109,,,Offences,,,INFO,,"(21)Any person who, before, during or after the election of the members of the board or

office-bearers, adopts any corrupt practice under section 39C or commits any electoral offences under section 3"
KA_ACT_1959_SEC_110,KA_ACT_1959,child,260,165,165,110,,,Offences by Companies,,,INFO,,"110. Offences by Companies.-

(1) Where an offence under sub-section (1) or sub-

section (4) of section 109 or under any rule has been committed by a company, every

person who, at the time the offen"
KA_ACT_1959_SEC_110A,KA_ACT_1959,child,228,165,166,110A,,,Power to compound offences,,,INFO,,"[110A. Power to compound offences.-

(1) The Registrar may accept from any person

against whom a reasonable suspicion exists that he has committed any offence punishable

2

under sub-sections (1), ("
KA_ACT_1959_SEC_111,KA_ACT_1959,child,207,166,166,111,,,Cognizance of offences,,,INFO,,"111. Cognizance of offences.-

(1) No court inferior to that of a Magistrate of the First

Class shall try any offence under this Act.

1[(2) No prosecution shall be instituted under this Act without "
KA_ACT_1959_SEC_111_B,KA_ACT_1959,child,93,166,167,111-B,,,Preservation of records,,,INFO,,"CHAPTER XV

MISCELLANEOUS

1 2

2

[ [111-A. x x x]

1. Sections 111A & 111B inserted by Act 19 of 1976 w.e.f. 20.01.1976.

2. Omitted by Act 25 of 1998 w.e.f. 27.10.1998. 111-B. Preservation of recor"
KA_ACT_1959_SEC_112,KA_ACT_1959,child,91,167,167,112,,,"Prohibition against the use of the word ""Co-operative""",,,INFO,,"112. Prohibition against the use of the word ""Co-operative"".- No person other than a

co-operative society shall trade or carry on business under any name or title of which the

word ―co-operative‖ or"
KA_ACT_1959_SEC_113,KA_ACT_1959,child,150,167,167,113,,,Address of a co-operative society,,,INFO,,"113. Address of a co-operative society.- [(1)] Every co-operative society shall have an

1

1

[office and address registered] in accordance with the rules to which all notices and

communications may"
KA_ACT_1959_SEC_114,KA_ACT_1959,child,69,167,167,114,,,"Copy of Act, rules and bye-laws to be open to inspection",,,INFO,,"114. Copy of Act, rules and bye-laws to be open to inspection.-Every co-operative

society shall keep a copy of this Act, the rules and its bye-laws open to inspection free of

1

1

charge at all rea"
KA_ACT_1959_SEC_116,KA_ACT_1959,child,57,167,168,116,,,Orders to be pronounced,,,INFO,,"116. Orders to be pronounced.- Every order, decision or award made or given by the

Registrar, or any officer or other person or a Liquidator, under this Act, shall be pronounced

on the day on which "
KA_ACT_1959_SEC_117,KA_ACT_1959,parent,562,168,169,117,,,Procedure for settlement of disputes and power of the Registrar or any other,,,INFO,,"[117. Procedure for settlement of disputes and power of the Registrar or any other

person to whom a dispute is referred for decision under section 70.-

(1) The Registrar

or any other person to whom"
KA_ACT_1959_SEC_117_SUB_1,KA_ACT_1959,child,111,168,168,117,,,Procedure for settlement of disputes and power of the Registrar or any other,,,INFO,,"(1) The Registrar

or any other person to whom a dispute is referred for decision under section 70, hearing a

dispute under section 71 shall hear the dispute in the manner prescribed, and shall have
"
KA_ACT_1959_SEC_117_SUB_2,KA_ACT_1959,child,11,168,168,117,,,Procedure for settlement of disputes and power of the Registrar or any other,SHORT_COMPLETE_PROVISION,,INFO,B_SHORT,"(2) [XXX]

1. Omitted by Act, 3 of 2013 w.e.f. 11.02.2013."
KA_ACT_1959_SEC_117_SUB_3,KA_ACT_1959,child,414,168,169,117,,,Procedure for settlement of disputes and power of the Registrar or any other,,,INFO,,"(3) (a) If the Registrar or any other person to whom a dispute is referred is satisfied that a

person, whether he be a member of the co-operative society or not, has acquired any

interest in the pro"
KA_ACT_1959_SEC_118,KA_ACT_1959,child,228,169,169,118,,,Bar of jurisdiction of courts,,,INFO,,"118. Bar of jurisdiction of courts.-

(1) Save as provided in this Act, no [civil, labour or

1

revenue court or Industrial Tribunal] shall have any jurisdiction in respect of,—

1. Substituted by Ac"
KA_ACT_1959_SEC_119,KA_ACT_1959,child,36,169,169,119,,,Application of Limitation Act,,,INFO,,"119. Application of Limitation Act.- The provisions of sections 4, 5, 12 and 14 of the

Indian Limitation Act, 1908, shall be applicable to the filing of any appeal or application for

revision under "
KA_ACT_1959_SEC_120,KA_ACT_1959,child,57,169,169,120,,,Power to exempt societies from conditions of registration,,,INFO,,"120. Power to exempt societies from conditions of registration.- Notwithstanding

anything contained in this Act, the State Government may, by special order published in the

official Gazette in each "
KA_ACT_1959_SEC_121,KA_ACT_1959,child,81,169,169,121,,,Power to exempt societies,,,INFO,,"[121. Power to exempt societies.- The State Government may, by general or special

order published in the Official Gazette, exempt any co-operative society or any class of

societies from any of the p"
KA_ACT_1959_SEC_122,KA_ACT_1959,child,64,170,170,122,,,Register of Members,,,INFO,,"122. Register of Members.- Any register or list of members or shares kept by any co-

operative society shall be prima facie evidence of any of the following particulars entered

therein:—

(a) the da"
KA_ACT_1959_SEC_123,KA_ACT_1959,child,258,170,170,123,,,"Proof of entries in co-operative societies, books",,,INFO,,"123. Proof of entries in co-operative societies, books.-

(1) A copy of any entry in a

book of a co-operative society regularly kept in the course of its business, shall, if certified in

such manner"
KA_ACT_1959_SEC_124,KA_ACT_1959,child,239,170,171,124,,,Service of notice under the Act,,,INFO,,"124. Service of notice under the Act.- Every notice or order issued or made under this

Act may be served on any person, by properly addressing it to the last known place of

residence or business of "
KA_ACT_1959_SEC_125,KA_ACT_1959,child,93,171,171,125,,,Notice necessary in suits,,,INFO,,"125. Notice necessary in suits.- No suit shall be instituted against a co-operative society

or any of its officers in respect of any act touching the constitution, management or the

business of the "
KA_ACT_1959_SEC_126,KA_ACT_1959,child,94,171,171,126,,,Acts of co-operative societies not to be invalidated by certain defects,,,INFO,,"126. Acts of co-operative societies not to be invalidated by certain defects.- No act

of a co-operative society or any *board* or of any officer shall be deemed to be invalid by

reason only of the e"
KA_ACT_1959_SEC_127,KA_ACT_1959,child,119,171,171,127,,,Indemnity,,,INFO,,"127. Indemnity.- No suit, prosecution or other legal proceedings shall lie against the

2 3

Registrar or any person subordinate to him or acting on his authority [or the [Director of Co-

3

2 1

ope"
KA_ACT_1959_SEC_127A,KA_ACT_1959,child,76,171,172,127A,,,"[Office bearers, members and employees] of co-operative societies to be",,,INFO,,"[127A. [Office bearers, members and employees] of co-operative societies to be

2

public servants.-

[Every office bearer of a co-operative society, every member of a *board* 2

and every employee] o"
KA_ACT_1959_SEC_128,KA_ACT_1959,child,25,172,172,128,,,"Companies Act, 1956, not to apply",,,INFO,,"128. Companies Act, 1956, not to apply.- The provisions of the Companies Act, 1956

(Central Act 1 of 1956), shall not apply to co-operative societies."
KA_ACT_1959_SEC_128A,KA_ACT_1959,child,14,172,172,128A,,,XXX]1,SHORT_COMPLETE_PROVISION,,INFO,B_SHORT,"1[128A. XXX]1

1. Inserted and Omitted by Act 6 of 2010 w.e.f. 01.07.2010.

1"
KA_ACT_1959_SEC_128B,KA_ACT_1959,child,63,172,172,128B,,,Duties of police officer,,,INFO,,"[128B. Duties of police officer.- It shall be the duty of every police officer to assist the

Registrar or any person subordinate to the Registrar reasonably demanding his aid for the

lawful exercise"
KA_ACT_1959_SEC_129,KA_ACT_1959,parent,5,172,175,129,,,Powers to make rules,CONTEXT_PARENT;SHORT_CONTEXT_PARENT,,INFO,B_SHORT,129. Powers to make rules.-
KA_ACT_1959_SEC_129_SUB_1,KA_ACT_1959,child,40,172,172,129,,,Powers to make rules,,,INFO,,"(1) The State Government may, for the whole or any part of

the State and for any class of co-operative societies, after previous publication, by

notification in the official Gazette, make rules to c"
KA_ACT_1959_SEC_129_SUB_2,KA_ACT_1959,child,1185,172,175,129,,,Powers to make rules,LONG_CHUNK_NO_SAFE_SPLIT,,INFO,A_LONG,"(2) In particular, and without prejudice to the generality of the foregoing power, such rules

may provide for all or any of the following matters, namely:—

(a) the applicant to whom the order refusi"
KA_ACT_1959_CONTEXT_244,KA_ACT_1959,child,281,175,176,,,,,SECTION_IDENTIFIER_MISSING;STRUCTURE_UNCERTAIN,MISSING_STRUCTURAL_ID,REVIEW,E_STRUCTURE,"Chapter XI shall be disposed of by the Bank;]

1. Substituted by Act 25 of 1998 w.e.f. 15.08.1998.

(ee) the manner of registering the address of a co-operative society;

1

1

(ff) the [account books"
KA_ACT_1959_SEC_129A,KA_ACT_1959,child,162,176,176,129A,,,Model bye-laws,,,INFO,,"[129A. Model bye-laws.-

(1) In respect of any of the matters specified in the rules made

in accordance with clause (c) of sub-section (2) of section 129, the Registrar may by

notification, make mod"
KA_ACT_1959_SEC_130,KA_ACT_1959,child,153,176,177,130,,,Rules and orders to be laid before State Legislature,,,INFO,,"130. Rules and orders to be laid before State Legislature.- Every notification issued

under sections 37, 54 and 132, every order made under sections 120 and 121, and every

rule made under section 12"
KA_ACT_1959_SEC_131,KA_ACT_1959,child,312,177,177,131,,,Repeal and savings,,,INFO,,"131. Repeal and savings.- The Bombay Co-operative Societies Act, 1925 (Bombay Act

1

1

VII of 1925) as in force in the [Belgaum Area] , the Madras Co-operative Societies Act,

1932 (Madras Act IV of"
KA_ACT_1959_SEC_132,KA_ACT_1959,child,261,177,179,132,,,Power to remove difficulties,,,INFO,,"132. Power to remove difficulties.-

(1) If any difficulty arises in giving effect to the

provisions of this Act 1[or clarifications if any]1 in consequence of the transition to the said

provisions "
KA_ACT_1959_SEC_1_002,KA_ACT_1959,child,128,179,179,1,,,Short title and commencement,MALFORMED_NUMBERING_HIERARCHY,,INFO,,"1. Short title and commencement.-

(1) This Act may be called the Karnataka Co-

operative Societies (Amendment) Act, 2010.

(2) Sections 2, 3, 4, 6, 8, 9, 12, 13, 14, 15, 16, 17, 18, 19, 21, 28, 29, "
KA_ACT_1959_SEC_36_002,KA_ACT_1959,child,108,179,179,36,,,Power to remove difficulty,,,INFO,,"36. Power to remove difficulty.-

(1) If any difficulty arises in giving effect to the

provisions of the Principal Act as amended by this Act, the State Government may, by

notification in the Offici"
KA_ACT_1959_SEC_37_002,KA_ACT_1959,child,1355,179,185,37,,,Repeal and Savings,LONG_CHUNK_NO_SAFE_SPLIT;STRUCTURE_UNCERTAIN,,INFO,A_LONG;E_STRUCTURE,"37. Repeal and Savings.-

(1) The Karnataka Co-operative Societies (Amendment)

Ordinance, 2009 (Karnataka Ordinance No. 8 of 2009) is hereby repealed.

(2) Notwithstanding such repeal anything done o"
KA_ACT_1959_SEC_1_003,KA_ACT_1959,child,386,185,187,1,,,Short title and commencement,MALFORMED_NUMBERING_HIERARCHY,,INFO,,"1. Short title and commencement.-

(1) This Act may be called the Karnataka Co-

operative Societies (Second Amendment) Act, 2010.

(2) It shall come into force on such date as the State Government ma"
KA_ACT_1959_SEC_1_004,KA_ACT_1959,child,93,187,187,1,,,Short title and commencement,,,INFO,,"1. Short title and commencement.-This Act may be called the Karnataka Co-

operative Societies (Amendment) Act, 2012.

(2) It shall come into force on such date as the State Government may, by

notifi"
KA_ACT_1959_SEC_54_002,KA_ACT_1959,child,228,188,188,54,,,Power to remove difficulties,,,INFO,,"54. Power to remove difficulties.-

(1) If any difficulty arises in giving effect to the

amendments made by this Act, the State Government may, by order published in the official

Gazette, make such "
KA_ACT_1959_SEC_1_005,KA_ACT_1959,child,180,188,189,1,,,Short title and commencement,MALFORMED_NUMBERING_HIERARCHY,,INFO,,"1. Short title and commencement.-

(1) This Act may be called the Karnataka Co-

operative Societies (Amendment) Act, 2014.

(2) It shall come into force at once.

Sections 2,12,16,17, 18, 18B, 20, 21"
KA_ACT_1959_SEC_1_006,KA_ACT_1959,child,36,189,189,1,,,Short title and commencement,,,INFO,,"1. Short title and commencement.-

(1) This Act may be called the Karnataka Co-

operative Societies (Second Amendment) Act, 2016

(2) It shall come into force at once.

Sections 57 is Incorporated In"
MH_ACT_1960_DOC,MH_ACT_1960,parent,1,1,203,,,,,CONTEXT_PARENT;SHORT_CONTEXT_PARENT,,INFO,B_SHORT;D_TOP20_SHORT,THE
MH_ACT_1960_CONTEXT_001,MH_ACT_1960,child,291,1,1,,,,,SECTION_IDENTIFIER_MISSING;STRUCTURE_UNCERTAIN;TABLE_REVIEW,MISSING_STRUCTURAL_ID,REVIEW,E_STRUCTURE;F_TABLE,"THE MAHARASHTRA CO-OPERATIVE SOCIETIES

ACT, 1960

(Maharashtra Act No XXIV of 1961)

{Received the assent of the President on the 4th day of May 1961:

Assent first published in the Maharashtra Gover"
MH_ACT_1960_CONTEXT_002,MH_ACT_1960,child,1367,2,4,,,,,LONG_CHUNK_NO_SAFE_SPLIT;SECTION_IDENTIFIER_MISSING;STRUCTURE_UNCERTAIN,MISSING_STRUCTURAL_ID,REVIEW,A_LONG;E_STRUCTURE,"CHAPTER I

PRELIMINARY

(1) Short Title, Extent and Commencement:--

(1) This Act may be called the Maharashtra Co-operative Societies Act, 1960.

(2) It extends to the whole of the State of Maharasht"
MH_ACT_1960_SEC_3,MH_ACT_1960,child,139,5,5,3,,,Registrar and his subordinates,,,INFO,,"CHAPTER II

REGISTRATION

3. Registrar and his subordinates --

The State Government may appoint a person to be the Registrar of Co-operative Societies for the State; and may appoint one or more perso"
MH_ACT_1960_SEC_3A,MH_ACT_1960,child,165,5,5,3A,,,Temporary vacancies,,,INFO,,"3A. Temporary vacancies –

If the Registrar or a person appointed to assist such Registrar is disabled from performing his duties or for any reason vacates his office or leaves his jurisdiction or die"
MH_ACT_1960_SEC_4,MH_ACT_1960,child,108,5,5,4,,,Societies which may be registered:,,,INFO,,"4. Societies which may be registered:—

A society, which has as its objects the promotion of the economic interests or general welfare of its members or of the public, in accordance with co-operative "
MH_ACT_1960_SEC_5,MH_ACT_1960,child,17,5,5,5,,,Registration with limited or unlimited liability:,SHORT_COMPLETE_PROVISION,,INFO,B_SHORT,"5. Registration with limited or unlimited liability:-

A society may be registered with limited or unlimited liability."
MH_ACT_1960_SEC_6,MH_ACT_1960,parent,593,5,6,6,,,Conditions of registration:,,,INFO,,"6. Conditions of registration:-

(1) No society, other than a federal society, shall be registered under this Act,. Unless it consists of at least ten persons or such higher number of persons as the R"
MH_ACT_1960_SEC_6_SUB_1,MH_ACT_1960,child,114,5,5,6,,,Conditions of registration:,,,INFO,,"(1) No society, other than a federal society, shall be registered under this Act,. Unless it consists of at least ten persons or such higher number of persons as the Registrar may, having regard to th"
MH_ACT_1960_SEC_6_SUB_2,MH_ACT_1960,child,372,5,6,6,,,Conditions of registration:,,,INFO,,"(2) No society with unlimited liability shall be registered, unless all persons forming the society reside in the same town or village, or in the same group of villages.

(2A) No crop protection socie"
MH_ACT_1960_SEC_6_SUB_3,MH_ACT_1960,child,17,6,6,6,,,Conditions of registration:,SHORT_COMPLETE_PROVISION,,INFO,B_SHORT,(3) No federal society shall be registered unless it has at least five societies as its members.
MH_ACT_1960_SEC_6_SUB_4,MH_ACT_1960,child,22,6,6,6,,,Conditions of registration:,,,INFO,,(4) Nothing in this Act shall be deemed to affect the registration of any society made before the commencement of this Act.
MH_ACT_1960_SEC_6_SUB_5,MH_ACT_1960,child,64,6,6,6,,,Conditions of registration:,,,INFO,,"(5) The word ""limited"" or ""unlimited"" shall be the last word in the name of every society with limited or unlimited liability, as the case may be, which is registered or deemed to be registered under "
MH_ACT_1960_SEC_7,MH_ACT_1960,child,56,6,6,7,,,Power to exempt societies or class of societies from conditions as to registration:,,,INFO,,"7. Power to exempt societies or class of societies from conditions as to registration:

Notwithstanding anything contained in this Act, the State Government, by general or special order, exempts any s"
MH_ACT_1960_SEC_8,MH_ACT_1960,child,212,6,6,8,,,Application for registration,,,INFO,,"8. Application for registration.—

(1) For the purposes of registration, an application shall be made to the Registrar in the prescribed form and shall be accompanied by four copies of the proposed by"
MH_ACT_1960_SEC_9,MH_ACT_1960,child,277,7,7,9,,,Registration,,,INFO,,"9. Registration.—

(1) If the Registrar is satisfied that a proposed society has complied with the provisions of this Act and the rules, 3or any other law for the time being in force, or policy direct"
MH_ACT_1960_SEC_10,MH_ACT_1960,child,37,7,7,10,,,Evidence of registration,,,INFO,,"10. Evidence of registration.—

A certificate of registration signed by the Registrar, shall be conclusive evidence that die society therein mentioned, is duly registered, unless it is proved that the"
MH_ACT_1960_SEC_11,MH_ACT_1960,child,120,7,7,11,,,Power of Registrar to decide certain questions,,,INFO,,"11. Power of Registrar to decide certain questions.—

When any question arises whether a person is an agriculturist or not, or whether any person resides in the area of operation of the Society or not"
MH_ACT_1960_SEC_12,MH_ACT_1960,child,133,7,7,12,,,Classification of societies,,,INFO,,"12. Classification of societies.—

(1) The Registrar shall classify all societies into one or other of the classes of societies defined in Section 2 and also into such sub-classes thereof as may be pr"
MH_ACT_1960_SEC_13,MH_ACT_1960,child,339,7,8,13,,,Amendment of bye-laws of society,,,INFO,,"13. Amendment of bye-laws of society.—

(1) No amendment of the bye-laws of a society shall be valid until registered under this Act. For the purpose of registration of an amendment of the bye-laws, a"
MH_ACT_1960_SEC_14,MH_ACT_1960,child,155,8,8,14,,,Power to direct amendment of bye-laws,,,INFO,,"14. Power to direct amendment of bye-laws.—

(1) If it appears to the Registrar that an amendment of the bye-laws of a society is necessary or desirable in the interest of such society, he may call up"
MH_ACT_1960_SEC_15,MH_ACT_1960,child,104,8,8,15,,,Change of name,,,INFO,,"15. Change of name.—

(1) A society may, by resolution passed at a general meeting and with the approval of the Registrar, change its name; but such change shall not affect any right or obligation of "
MH_ACT_1960_SEC_16,MH_ACT_1960,child,202,8,9,16,,,Change of liability,,,INFO,,"16. Change of liability.—

(1) Subject to the provisions of this Act and the rules, a society may, by amendment of its bye-laws, change the form or extent of its liability.

(2) When a society has pas"
MH_ACT_1960_SEC_17,MH_ACT_1960,parent,520,9,9,17,,,"Amalgamation, transfer, division or conversion of societies",,,INFO,,"17. Amalgamation, transfer, division or conversion of societies.—

(1) A society may, with the previous approval of the Registrar, by resolution passed by two-thirds majority of the members present an"
MH_ACT_1960_SEC_17_SUB_1,MH_ACT_1960,child,284,9,9,17,,,"Amalgamation, transfer, division or conversion of societies",,,INFO,,"(1) A society may, with the previous approval of the Registrar, by resolution passed by two-thirds majority of the members present and voting at a special general meeting held for the purpose, decide-"
MH_ACT_1960_SEC_17_SUB_2,MH_ACT_1960,child,91,9,9,17,,,"Amalgamation, transfer, division or conversion of societies",,,INFO,,"(2) Notwithstanding anything contained in the Transfer of Property Act, 1882, or the Indian registration Act, 1908, in the event of division or conversion, the registration of the new societies or, as"
MH_ACT_1960_SEC_17_SUB_3,MH_ACT_1960,child,85,9,9,17,,,"Amalgamation, transfer, division or conversion of societies",,,INFO,,"(3) The amalgamation of societies, or division or conversion of a society shall not affect any rights or obligation of the societies so amalgamated, or society so divided or converted, or render defec"
MH_ACT_1960_SEC_17_SUB_4,MH_ACT_1960,child,52,9,9,17,,,"Amalgamation, transfer, division or conversion of societies",,,INFO,,"(4) Where two or more societies have been amalgamated, or a society has been divided or converted, the registration of such societies or society shall be cancelled on the date of registration of the a"
MH_ACT_1960_SEC_18,MH_ACT_1960,parent,451,9,10,18,,,"Power to direct amalgamation, division and reorganization in public interest, etc:",,,INFO,,"18. Power to direct amalgamation, division and reorganization in public interest, etc:-

(1) Where the Registrar is satisfied that it is essential in the public interest or in the interest of the co-o"
MH_ACT_1960_SEC_18_SUB_1,MH_ACT_1960,child,135,9,10,18,,,"Power to direct amalgamation, division and reorganization in public interest, etc:",,,INFO,,"(1) Where the Registrar is satisfied that it is essential in the public interest or in the interest of the co-operative movement, or for the purpose of securing the proper management of any society, t"
MH_ACT_1960_SEC_18_SUB_2,MH_ACT_1960,child,119,10,10,18,,,"Power to direct amalgamation, division and reorganization in public interest, etc:",,,INFO,,"(2) No order shall be made under this section, unless-

(a) a copy of the proposed order has been sent in draft to the society or each of the societies concerned;

(b) the Registrar has considered and"
MH_ACT_1960_SEC_18_SUB_3,MH_ACT_1960,child,36,10,10,18,,,"Power to direct amalgamation, division and reorganization in public interest, etc:",,,INFO,,"(3) The order referred to in sub-section (1) may contain such incidental, consequential and supplemental provisions as may, in the opinion of the Registrar, be necessary to give effect to the amalgama"
MH_ACT_1960_SEC_18_SUB_4,MH_ACT_1960,child,74,10,10,18,,,"Power to direct amalgamation, division and reorganization in public interest, etc:",,,INFO,,"(4) Every member or creditor of or other person interested in, each of the societies to be amalgamated, divided or reorganized who has objected to the scheme of amalgamation, division or reorganizatio"
MH_ACT_1960_SEC_18_SUB_5,MH_ACT_1960,child,50,10,10,18,,,"Power to direct amalgamation, division and reorganization in public interest, etc:",,,INFO,,"(5) On the issue of an order under sub-section (2), the provisions in sub-sections (2), (3) and (4) of section 17 shall apply to the societies so amalgamated, divided or re-organised as if they were a"
MH_ACT_1960_SEC_18_SUB_6,MH_ACT_1960,child,25,10,10,18,,,"Power to direct amalgamation, division and reorganization in public interest, etc:",,,INFO,,"(6) Nothing contained, in this section shall apply for the amalgamation of 3two or more cooperative banks or two or more primary agricultural credit societies."
MH_ACT_1960_SEC_18_A,MH_ACT_1960,parent,563,10,11,18-A,,,Amalgamation of Co-operative Banks,,,INFO,,"18-A. Amalgamation of Co-operative Banks.—

(1) Where the Registrar is satisfied that it is essential in the public interest, or in order to secure the proper management of one or more co-operative bo"
MH_ACT_1960_SEC_18_A_SUB_1,MH_ACT_1960,child,200,10,10,18-A,,,Amalgamation of Co-operative Banks,,,INFO,,"(1) Where the Registrar is satisfied that it is essential in the public interest, or in order to secure the proper management of one or more co-operative bonks that two or more such banks should be am"
MH_ACT_1960_SEC_18_A_SUB_2,MH_ACT_1960,child,108,10,10,18-A,,,Amalgamation of Co-operative Banks,,,INFO,,"(2) No order shall be made under sub-section (1), unless-

(a) a copy of the proposed order has been sent in draft to each of the banks concerned;

(b) the Registrar has considered and made such modif"
MH_ACT_1960_SEC_18_A_SUB_3,MH_ACT_1960,child,74,11,11,18-A,,,Amalgamation of Co-operative Banks,,,INFO,,"(3) On the issue of an order under sub-section (1), notwithstanding anything contained in this Act or in any law for the time being in force or in any contract, award or other instruments for the time"
MH_ACT_1960_SEC_18_A_SUB_4,MH_ACT_1960,child,44,11,11,18-A,,,Amalgamation of Co-operative Banks,,,INFO,,"(4) Notwithstanding anything contained in the Transfer of Property Act, 1882 or the Registration Act, 1908, the order issued under subsection (1) shall be sufficient conveyance for transfer or vesting"
MH_ACT_1960_SEC_18_A_SUB_5,MH_ACT_1960,child,55,11,11,18-A,,,Amalgamation of Co-operative Banks,,,INFO,,"(5) The amalgamation of banks under this section shall not affect any rights or obligations of the banks so amalgamated or render defective any legal proceedings, which might have been continued or co"
MH_ACT_1960_SEC_18_A_SUB_6,MH_ACT_1960,child,52,11,11,18-A,,,Amalgamation of Co-operative Banks,,,INFO,,"(6) Where two or more banks have been amalgamated, the registration of the bank in which the other banks are amalgamated may be continued and the registration of the other banks may he cancelled, or w"
MH_ACT_1960_SEC_18_A_SUB_7,MH_ACT_1960,child,25,11,11,18-A,,,Amalgamation of Co-operative Banks,,,INFO,,"(7) Any order made by the Registrar under this section shall be final and conclusive, and shall not be called in question in any Court."
MH_ACT_1960_SEC_18_B,MH_ACT_1960,child,439,11,12,18-B,,,Amalgamation of primary agricultural credit societies,,,INFO,,"18-B. Amalgamation of primary agricultural credit societies.—

(1) Where the Registrar is satisfied that it is essential-

(a) For ensuring economic viability of one or more primary agricultural credi"
MH_ACT_1960_SEC_18_C,MH_ACT_1960,parent,833,12,13,18-C,,,Reorganization of societies on account of alteration of limits of local areas in which they,,,INFO,,"18-C. Reorganization of societies on account of alteration of limits of local areas in which they operate.—

(1) Where the area of operation of any society or societies is restricted to any district, "
MH_ACT_1960_SEC_18_C_SUB_1,MH_ACT_1960,child,171,12,12,18-C,,,Reorganization of societies on account of alteration of limits of local areas in which they,,,INFO,,"(1) Where the area of operation of any society or societies is restricted to any district, Taluka, municipal area or any other local area and such area is divided into two or more areas, or merged in "
MH_ACT_1960_SEC_18_C_SUB_2,MH_ACT_1960,child,529,12,13,18-C,,,Reorganization of societies on account of alteration of limits of local areas in which they,,,INFO,,"(2) An order made under sub-section (1) may provide for all or any of the following matters namely :—

(a) The division of an existing society into two or more societies and the area of operation of e"
MH_ACT_1960_SEC_18_C_SUB_3,MH_ACT_1960,child,43,13,13,18-C,,,Reorganization of societies on account of alteration of limits of local areas in which they,,,INFO,,"(3) Notwithstanding anything contained in the Transfer of Property Act, 1882, or the Registration Act, 1908, the order issued under this section shall be sufficient conveyance for transfer of the asse"
MH_ACT_1960_SEC_18_C_SUB_4,MH_ACT_1960,child,26,13,13,18-C,,,Reorganization of societies on account of alteration of limits of local areas in which they,,,INFO,,(4) Any order made by the State Government under this section shall be final and conclusive and shall not be called in question in any Court.
MH_ACT_1960_SEC_18_C_SUB_5,MH_ACT_1960,child,47,13,13,18-C,,,Reorganization of societies on account of alteration of limits of local areas in which they,,,INFO,,"(5) Except otherwise provided by this section or by any order issued there under, the provisions of this Act and the rules and orders issued there under, shall in all other respects apply to the exist"
MH_ACT_1960_SEC_19,MH_ACT_1960,child,82,13,13,19,,,Reconstruction of societies,,,INFO,,"19. Reconstruction of societies.—

Where a proposal for a compromise or arrangement-

(a) between a society and its creditors, or

(b) between a society and its members,

is approved at a special gene"
MH_ACT_1960_SEC_20,MH_ACT_1960,child,82,13,13,20,,,Partnership of societies,,,INFO,,"20. Partnership of societies.—

(1) Any two or more societies may, with the prior approval of the Registrar, by resolution passed by three-fourths majority of the members present and voting at a gener"
MH_ACT_1960_SEC_20_A,MH_ACT_1960,child,165,13,13,20-A,,,Collaboration by societies,,,INFO,,"20-A. Collaboration by societies.—

(1) Any society or societies may, with the prior approval of the State Government, 2and subject to such terms and conditions as the State Government may impose and "
MH_ACT_1960_SEC_21,MH_ACT_1960,child,103,14,14,21,,,Cancellation of registration,,,INFO,,"21. Cancellation of registration.-

The Registrar shall make an order canceling the registration of a society if it transfers the whole of is assets and liabilities to another society, or amalgamates "
MH_ACT_1960_SEC_21_A,MH_ACT_1960,child,382,14,14,21-A,,,De-registration of societies,,,INFO,,"21-A. De-registration of societies.—

(1) If the Registrar is satisfied that any society is registered on misrepresentation made by applicants, or where the work of the society is completed or exhaust"
MH_ACT_1960_SEC_22,MH_ACT_1960,parent,706,15,16,22,,,Person who may become member,,,INFO,,"CHAPTER III

MEMBERS AND THEIR RIGHTS AND LIABILITIES

22. Person who may become member.—

(1) Subject to the provisions of section 24, no person shall be admitted as a member of society except the fo"
MH_ACT_1960_SEC_22_SUB_1,MH_ACT_1960,child,570,15,15,22,,,Person who may become member,,,INFO,,"(1) Subject to the provisions of section 24, no person shall be admitted as a member of society except the following, that is to say-

(a) an individual; who is competent to contract under the Indian "
MH_ACT_1960_SEC_22_SUB_2,MH_ACT_1960,child,122,15,16,22,,,Person who may become member,,,INFO,,"(2) Where a person Is refused admission as a member of society, the decision (with the reasons therefore) shall be communicated to that person within fifteen days of the date of the decision, or withi"
MH_ACT_1960_SEC_23,MH_ACT_1960,child,392,16,16,23,,,Open membership,,,INFO,,"23. Open membership.—

(1) No society shall, without sufficient cause, refuse admission to membership to any person duly qualified therefore under the provisions of this Act and its bye-laws.

(1-A) W"
MH_ACT_1960_SEC_24,MH_ACT_1960,child,116,16,16,24,,,"Nominal, associate and sympathizer member",,,INFO,,"24. Nominal, associate and sympathizer member.—

(1) Notwithstanding anything contained in section 22, a society may admit any person as a nominal, associate or sympathizer member.

(2) A nominal memb"
MH_ACT_1960_SEC_25,MH_ACT_1960,child,75,17,17,25,,,Cessation of membership,,,INFO,,"25. Cessation of membership—

A person shall cease to be a member of a society on his resignation from the membership thereof being accepted, or on the transfer of the whole of his share or interest i"
MH_ACT_1960_SEC_25_A,MH_ACT_1960,child,97,17,17,25-A,,,Removal of names of members from Membership registers,,,INFO,,"25-A. Removal of names of members from Membership registers—

The committee of a society shall remove from the register of its members the name of a person who has ceased to be a member or who stands "
MH_ACT_1960_SEC_26,MH_ACT_1960,child,58,17,17,26,,,No rights of membership to be exercised till due payments are made,,,INFO,,"26. No rights of membership to be exercised till due payments are made.—

No person shall exercise the right of a member of a society, until he has made such payment to the society in respect of membe"
MH_ACT_1960_SEC_27,MH_ACT_1960,parent,5,17,18,27,,,Voting powers of members,CONTEXT_PARENT;SHORT_CONTEXT_PARENT,,INFO,B_SHORT,27. Voting powers of members.-
MH_ACT_1960_SEC_27_SUB_1,MH_ACT_1960,child,57,17,17,27,,,Voting powers of members,,,INFO,,"(1) Save as otherwise provided in subsections (2) to (7), both inclusive, no member of any society shall have more than one vote in its affairs; and every right to vote shall be exercised personally, "
MH_ACT_1960_SEC_27_SUB_2,MH_ACT_1960,child,89,17,17,27,,,Voting powers of members,,,INFO,,"(2) Where a share of a society is held jointly by more than one person, the person, whose name stands first in the share certificate, if present, shall have the right to vote. But in his absence the p"
MH_ACT_1960_SEC_27_SUB_3,MH_ACT_1960,child,354,17,17,27,,,Voting powers of members,,,INFO,,"(3) A society, which has invested any part of its funds in the shares of any federal society, may appoint one of its members to vote on its behalf in the affairs of that federal society; and according"
MH_ACT_1960_SEC_27_SUB_4,MH_ACT_1960,child,71,18,18,27,,,Voting powers of members,,,INFO,,"(4) A company or any other body corporate, constituted under any law for the time being in force, which has invested any part of its funds in the share of a society, may appoint any of its directors o"
MH_ACT_1960_SEC_27_SUB_5,MH_ACT_1960,child,42,18,18,27,,,Voting powers of members,,,INFO,,"(5) Where a firm has invested any part of its funds in the shares of a society, any one of its partners appointed by the firm shall be entitled to vote in the affairs of the society on behalf of the f"
MH_ACT_1960_SEC_27_SUB_6,MH_ACT_1960,child,65,18,18,27,,,Voting powers of members,,,INFO,,"(6) A local authority or public trust which has invested any part of its fund in the shares of a society, may appoint any of its members or trustees, to vote on its behalf in the affairs of that socie"
MH_ACT_1960_SEC_27_SUB_7,MH_ACT_1960,child,36,18,18,27,,,Voting powers of members,,,INFO,,"(7) In the case of a federal society, the voting rights of individual members thereof shall be such as may be regulated by the rules made under this Act and by the bye-laws of the society."
MH_ACT_1960_SEC_27_SUB_8,MH_ACT_1960,child,39,18,18,27,,,Voting powers of members,,,INFO,,(8) No nominal or sympathizer member shall have the right to vote and no such member shall be eligible to be a member of a committee or for appointment as a representative of the society on any other 
MH_ACT_1960_SEC_27_SUB_9,MH_ACT_1960,child,59,18,18,27,,,Voting powers of members,,,INFO,,"(9) No nominee of the Government or any financing bank on the committee of any society shall be entitled to vote at any election of officers of such committee such as, the President, Vice- President, "
MH_ACT_1960_SEC_27_SUB_10,MH_ACT_1960,child,119,18,18,27,,,Voting powers of members,,,INFO,,"(10) In the case of an agricultural credit society, if a member has taken a loan from the society, such member shall, whenever he is a defaulter in paying two or more consecutive installments towards "
MH_ACT_1960_SEC_27_SUB_11,MH_ACT_1960,child,20,18,18,27,,,Voting powers of members,,,INFO,,"(11) The agricultural credit society may, issue suitable orders for the purpose of carrying out the provisions of sub-section (10)."
MH_ACT_1960_SEC_28,MH_ACT_1960,child,133,18,18,28,,,Restrictions on holding of shares,,,INFO,,"28. Restrictions on holding of shares –

In any society, no member other than the Government, or any other society, or with the previous sanction of the State Government, a Zilla Parishad constituted "
MH_ACT_1960_SEC_29,MH_ACT_1960,child,440,18,19,29,,,Restrictions on transfer or charge on share or interest,,,INFO,,"29. Restrictions on transfer or charge on share or interest.—

(1) Subject to the provisions of the last preceding section as to the maximum holding of shares and to any rules made in this behalf, a t"
MH_ACT_1960_SEC_30,MH_ACT_1960,child,236,19,19,30,,,Transfer of interest on death of member,,,INFO,,"30. Transfer of interest on death of member.

(1) On the death of a member of a society, the society shall transfer the share or interest of the deceased member to a person or persons nominated in acc"
MH_ACT_1960_SEC_31,MH_ACT_1960,child,127,19,19,31,,,Share or interest not liable to attachment,,,INFO,,"31. Share or interest not liable to attachment.—

The share or interest of a member in the capital of a society, or in the loan stock issued by a housing society, or in the funds raised by a society f"
MH_ACT_1960_SEC_32,MH_ACT_1960,child,145,19,20,32,,,"Rights of members to see books, etc",,,INFO,,"32. Rights of members to see books, etc.—

(1) Every member of a society shall be entitled to inspect, free of cost, at the society's office during office hours, or any time fixed for the purpose by t"
MH_ACT_1960_SEC_32_A,MH_ACT_1960,child,214,20,20,32-A,,,,,,INFO,,"32-A. certain societies to give pass books to members and entries in such book evidence of amount due.—

(1) A society which gives loans to its members, or a society or class of societies which the St"
MH_ACT_1960_SEC_33,MH_ACT_1960,child,181,20,20,33,,,Liability of past member and estate of deceased member,,,INFO,,"33. Liability of past member and estate of deceased member.—

(1) Subject to the provisions of sub-section (2), the liability of a past member or of the estate of a deceased member, of a society for t"
MH_ACT_1960_SEC_34,MH_ACT_1960,child,61,20,20,34,,,Insolvency of members,,,INFO,,"34. Insolvency of members.—

Notwithstanding anything contained in the Presidency-towns Insolvency Act, 1909, the Provincial Insolvency Act, 1920, or any corresponding law for the time being in force,"
MH_ACT_1960_SEC_35,MH_ACT_1960,child,183,20,20,35,,,Expulsion of members,,,INFO,,"35. Expulsion of members.—

(1) A society may, by resolution passed by a majority of not less than three-fourths of the members entitled to vote who are present at a general meeting held for the purpo"
MH_ACT_1960_SEC_36,MH_ACT_1960,child,80,21,21,36,,,Societies to be bodies corporate,,,INFO,,"CHAPTER IV

INCORPORATION DUTIES AND PRIVILEGES OF SOCIETIES

36. Societies to be bodies corporate.—

The registration of a society shall render it a body corporate by the name under which it is regis"
MH_ACT_1960_SEC_37,MH_ACT_1960,child,47,21,21,37,,,Address of societies,,,INFO,,"37. Address of societies.—

Every society shall have an address, registered in accordance with the rules, to which all notices and communications may be sent; and the society shall, send notice in wri"
MH_ACT_1960_SEC_38,MH_ACT_1960,child,171,21,21,38,,,Register of members,,,INFO,,"38. Register of members.—

(1) Every society shall keep a register of its members and enter therein the following particulars, that is to say,—

(a) the name, address and occupation of each member ;

"
MH_ACT_1960_SEC_39,MH_ACT_1960,child,58,21,21,39,,,"Copy of Act, etc., to be open to inspection",,,INFO,,"39. Copy of Act, etc., to be open to inspection.—

Every society shall keep at the registered address of the society, a copy of this Act and the rules and of its bye-laws and a list of members, open t"
MH_ACT_1960_SEC_40,MH_ACT_1960,child,176,21,21,40,,,Admissibility of copy of entry of evidence,,,INFO,,"40. Admissibility of copy of entry of evidence.-

(1) A copy of any entry in any book, register or list, regularly kept in the course of business and in the possession of a society, shall, if duly cer"
MH_ACT_1960_SEC_41,MH_ACT_1960,child,152,21,22,41,,,Exemption from compulsory registration of instruments relating to shares and debentures,,,INFO,,"41. Exemption from compulsory registration of instruments relating to shares and debentures of society.—

Nothing in clauses (b) and (c) of sub-section (1), of section 17, of the Indian Registration A"
MH_ACT_1960_SEC_42,MH_ACT_1960,child,226,22,22,42,,,Power to exempt from taxation; Power to refund,,,INFO,,"42. Power to exempt from taxation; Power to refund—

(1) The State Government, by notification in the Official Gazette may, in the case of any society or class of societies reduce or remit whether pro"
MH_ACT_1960_SEC_43,MH_ACT_1960,child,133,22,22,43,,,Restrictions on borrowings,,,INFO,,"43. Restrictions on borrowings.—

(1) A society shall receive deposits and loans from members and other persons, only to such extent and under such conditions, as may be prescribed, or specified by th"
MH_ACT_1960_SEC_44,MH_ACT_1960,child,338,22,23,44,,,Regulation of loan making policy,,,INFO,,"44. Regulation of loan making policy.—

(1) No society shall make a loan to any person other than a member, or on the security of its own shares, or on the security of any person who is not a member:
"
MH_ACT_1960_SEC_45,MH_ACT_1960,child,36,23,23,45,,,Restrictions on other transactions with non-members,,,INFO,,"45. Restrictions on other transactions with non-members.—

Save as is provided in this Act, the transactions of a society with persons other than members, shall be subject to such restrictions, if any"
MH_ACT_1960_SEC_46,MH_ACT_1960,child,137,23,23,46,,,Charge and set-off in respect of share or interest of members,,,INFO,,"46. Charge and set-off in respect of share or interest of members.—

A society shall have a charge upon the share or interest in the capital and on the deposits, of a member or past member or deceased"
MH_ACT_1960_SEC_47,MH_ACT_1960,child,437,23,24,47,,,Prior claim of society,,,INFO,,"47. Prior claim of society.—

(1) Notwithstanding anything in any other law for the time being in force, but subject to any prior claim of Government in respect of land revenue or any money recoverabl"
MH_ACT_1960_SEC_48,MH_ACT_1960,child,744,24,25,48,,,"Charge on immovable property of members, borrowing from certain societies",,,INFO,,"48. Charge on immovable property of members, borrowing from certain societies.—

Notwithstanding anything contained in this Act or in any other law for the time being in force;

(a) any person who mak"
MH_ACT_1960_SEC_48A,MH_ACT_1960,parent,608,25,25,48A,,,Deduction from sale price of certain agricultural produce to meet society's dues,,,INFO,,"48A. Deduction from sale price of certain agricultural produce to meet society's dues.—

(1) Where a loan has been advanced by any society in accordance with the last preceding section for the growing"
MH_ACT_1960_SEC_48A_SUB_1,MH_ACT_1960,child,261,25,25,48A,,,Deduction from sale price of certain agricultural produce to meet society's dues,,,INFO,,"(1) Where a loan has been advanced by any society in accordance with the last preceding section for the growing of any agricultural produce, or has been advanced by any other society which is an Agric"
MH_ACT_1960_SEC_48A_SUB_2,MH_ACT_1960,child,99,25,25,48A,,,Deduction from sale price of certain agricultural produce to meet society's dues,,,INFO,,(2) The Market Committee on receiving the amount from the purchaser shall arrange to pay to societies concerned the amount of dues due from the tenderer within a reasonable time to be prescribed for t
MH_ACT_1960_SEC_48A_SUB_3,MH_ACT_1960,child,235,25,25,48A,,,Deduction from sale price of certain agricultural produce to meet society's dues,,,INFO,,"(3) Where any such purchaser is the State Government or an agent or officer appointed by that Government, or is a processing factory notified by the State Government in this behalf by general or speci"
MH_ACT_1960_SEC_49,MH_ACT_1960,child,415,25,26,49,,,Deduction from salary to meet society's claims in certain cases,,,INFO,,"49. Deduction from salary to meet society's claims in certain cases.—

(1) A member of a society may execute an agreement in favour of the society, providing that his employer shall be competent to de"
MH_ACT_1960_SEC_50,MH_ACT_1960,child,41,27,27,50,,,Direct partnership of State Government in societies,,,INFO,,"CHAPTER V

STATE AID TO SOCIETIES

50. Direct partnership of State Government in societies.—

The State Government may subscribe directly to the share capital of a society with limited liability, upon"
MH_ACT_1960_SEC_51,MH_ACT_1960,child,59,27,27,51,,,Indirect partnership of State Government in societies,,,INFO,,"51. Indirect partnership of State Government in societies.—

The State Government may, under appropriation made by law, provide moneys to a society for the purchase directly or indirectly of shares in"
MH_ACT_1960_SEC_52,MH_ACT_1960,child,118,27,27,52,,,Principal State Partnership Fund,,,INFO,,"52. Principal State Partnership Fund.—

(1) An Apex society which is provided with moneys as aforesaid shall, with such moneys, establish a Fund to be called the ""Principal State Partnership Fund"".

("
MH_ACT_1960_SEC_53,MH_ACT_1960,child,80,27,27,53,,,Subsidiary State Partnership Fund,,,INFO,,"53. Subsidiary State Partnership Fund.—

(1) A Central Society which is provided with moneys by an Apex Society from the Principal State Partnership Fund shall with such moneys, establish a fund to be"
MH_ACT_1960_SEC_54,MH_ACT_1960,child,41,27,27,54,,,Approval of State Government for purchase of shares,,,INFO,,"54. Approval of State Government for purchase of shares.—

Shares shall not be purchased in a society from the moneys in the Principal State Partnership Fund or the Subsidiary State Partnership Fund, "
MH_ACT_1960_SEC_55,MH_ACT_1960,child,83,27,27,55,,,Liability to be limited in respect of certain shares,,,INFO,,"55. Liability to be limited in respect of certain shares.—

Where any shares are purchased in a society by-

(a) the State Government; or

(b) an Apex society from the Principal State Partnership Fund"
MH_ACT_1960_SEC_56,MH_ACT_1960,child,72,27,27,56,,,Restriction on amount of dividend,,,INFO,,"56. Restriction on amount of dividend.—

An Apex society which has purchased shares in other societies from the moneys in the Principal State Partnership Fund, and a Central society which has purchase"
MH_ACT_1960_SEC_57,MH_ACT_1960,child,166,28,28,57,,,Indemnity of Apex and Central societies,,,INFO,,"57. Indemnity of Apex and Central societies.—

(1) If a society in which shares are purchased from the Principal State Partnership Fund is wound up, or is dissolved, the State Government shall not hav"
MH_ACT_1960_SEC_58,MH_ACT_1960,child,185,28,28,58,,,"Disposal of share capital and dividend, etc",,,INFO,,"58. Disposal of share capital and dividend, etc.-

(1) All moneys received by an Apex society in respect of shares of other societies, purchased from the moneys in the Principal State Partnership Fund"
MH_ACT_1960_SEC_59,MH_ACT_1960,child,108,28,28,59,,,Disposal of Principal or Subsidiary State Partnership Fund on winding up of Apex or,,,INFO,,"59. Disposal of Principal or Subsidiary State Partnership Fund on winding up of Apex or Central society.—

(1) If an Apex society which has established a Principal State Partnership Fund is wound up o"
MH_ACT_1960_SEC_60,MH_ACT_1960,child,50,28,28,60,,,Principal or Subsidiary State Partnership Fund not to form part of assets,,,INFO,,"60. Principal or Subsidiary State Partnership Fund not to form part of assets.—

Any amount to the credit of a Principal State Partnership Fund or a Subsidiary State Partnership Fund shall not form pa"
MH_ACT_1960_SEC_61,MH_ACT_1960,child,106,28,28,61,,,Agreement by State Government and Apex societies,,,INFO,,"61. Agreement by State Government and Apex societies.-Subject to the foregoing provisions of this Chapter

(a) the State Government may enter into an agreement with an Apex society setting out the ter"
MH_ACT_1960_SEC_62,MH_ACT_1960,child,170,29,29,62,,,Other forms of State aid to societies,,,INFO,,"62. Other forms of State aid to societies.-

Notwithstanding anything contained in any law for the time being in force, but subject to such conditions as the State Government by general or special ord"
MH_ACT_1960_SEC_63,MH_ACT_1960,child,39,29,29,63,,,Provisions of this Chapter to override other laws,,,INFO,,"63. Provisions of this Chapter to override other laws.—

The provisions of sections 51 to 61 (both inclusive) in this Chapter shall have effect notwithstanding anything inconsistent therewith containe"
MH_ACT_1960_SEC_64,MH_ACT_1960,child,81,30,30,64,,,Funds not to be divided,,,INFO,,"CHAPTER VI

PROPERTY AND FUNDS OF SOCIETIES

64. Funds not to be divided.—

No part of the funds, other than the dividend equalization or bonus equalization funds as may be prescribed or the net profi"
MH_ACT_1960_SEC_65,MH_ACT_1960,child,123,30,30,65,,,Ascertainment and appropriation of profits,,,INFO,,"65. Ascertainment and appropriation of profits.—

(1) A Society shall construct its relevant annual financial statements and arrive at its consequent net profit or loss in the manner prescribed.-

(2)"
MH_ACT_1960_SEC_66,MH_ACT_1960,child,171,30,30,66,,,Reserve Fund,,,INFO,,"66. Reserve Fund—

(1) Every society which does, or can, derive a profit from its transactions shall maintain a reserve fund.

(2) Every society shall carry at least one-fourth of the net profits each"
MH_ACT_1960_SEC_67,MH_ACT_1960,child,27,31,31,67,,,Restriction on dividend,,,INFO,,"67. Restriction on dividend.—

No society shall pay dividend to its members at a rate exceeding 15 per cent except with the prior sanction of the Registrar."
MH_ACT_1960_SEC_68,MH_ACT_1960,child,182,31,31,68,,,"Contribution to education fund of the State federal society,",,,INFO,,"68. Contribution to education fund of the State federal society,—

(1) Every society shall contribute annually towards the education fund of the State federal society which may be notified in this beh"
MH_ACT_1960_SEC_69,MH_ACT_1960,parent,900,31,32,69,,,Contribution to public purposes,,,INFO,,"69. Contribution to public purposes.-

After providing for the reserve fund as provided in Section 66, and for the educational funds as provided in Section 68 a society may set aside a sum not exceedi"
MH_ACT_1960_SEC_69_SUB_1,MH_ACT_1960,child,106,31,31,69,,,Contribution to public purposes,,,INFO,,"(1) There shall be constituted a Co-operative State Cadre of Secretaries of primary agricultural credit societies, multipurpose cooperative societies and service co-operatives and such other classes o"
MH_ACT_1960_SEC_69_SUB_2,MH_ACT_1960,child,180,31,31,69,,,Contribution to public purposes,,,INFO,,"(2) A Central Society may, from time to time, depute any person appointed by it to that Cadre to work under any society referred to in subsection (1), as it may consider necessary. Where any such pers"
MH_ACT_1960_SEC_69_SUB_3,MH_ACT_1960,child,79,31,31,69,,,Contribution to public purposes,,,INFO,,"(3) An Apex society notified in this behalf by the State Government shall establish a Fund to be called ""the Co-operative State Cadre Employment Fund, which, when established, shall be deemed to have "
MH_ACT_1960_SEC_69_SUB_4,MH_ACT_1960,child,235,32,32,69,,,Contribution to public purposes,,,INFO,,"(4) (a) Every society or class or classes of societies, which in the opinion of the State Government, derive any benefit, directly or indirectly, from the service of any Secretary belonging to the Co-"
MH_ACT_1960_SEC_69_SUB_5,MH_ACT_1960,child,142,32,32,69,,,Contribution to public purposes,,,INFO,,"(5) Where there is a failure to comply with the requirements of the last preceding sub-section, the Registrar may serve a demand notice on the society concerned to pay the contribution within two mont"
MH_ACT_1960_SEC_69_SUB_6,MH_ACT_1960,child,36,32,32,69,,,Contribution to public purposes,,,INFO,,"(6) The State Government may make rules regulating all matters connected with or ancillary to the custody and maintenance of, the payment of moneys into and the expenditure and withdrawal of moneys fr"
MH_ACT_1960_SEC_70,MH_ACT_1960,child,178,32,32,70,,,Investment of funds,,,INFO,,"70. Investment of funds.—

A society shall invest or deposit its funds in one or more of the following:

(a) in a Central Bank or the State Co-operative Bank;

(b) in any of the securities specified i"
MH_ACT_1960_SEC_71,MH_ACT_1960,child,105,32,33,71,,,Employees Provident Fund,,,INFO,,"71. Employees Provident Fund.—

(1) Any society may establish for its employees a provident fund, into which shall be paid the contributions made but its employees and by the society. Such provident f"
MH_ACT_1960_SEC_71_A,MH_ACT_1960,child,214,33,33,71-A,,,Funds not to be utilised for certain proceedings filed or taken by or against officers in,,,INFO,,"71-A. Funds not to be utilised for certain proceedings filed or taken by or against officers in personal capacities.—

(1) No expenditure from the funds of a society shall be incurred for the purpose "
MH_ACT_1960_SEC_72,MH_ACT_1960,child,95,34,34,72,,,Final authority of society,,,INFO,,"CHAPTER VII

MANAGEMENT OF SOCIETIES

72. Final authority of society.—

Subject to the provisions in this Act and the rules, the final authority of every society shall vest in the general body of memb"
MH_ACT_1960_SEC_73,MH_ACT_1960,child,1971,34,36,73,,,"Committee, its powers and functions",LONG_CHUNK_NO_SAFE_SPLIT;STRUCTURE_UNCERTAIN,,INFO,A_LONG;E_STRUCTURE;C_TOP20_LONG,"73. Committee, its powers and functions.—

(1) The management of every society shall vest in a committee, constituted in accordance with this Act, the rules and bye-laws which shall exercise such powe"
MH_ACT_1960_SEC_73_A,MH_ACT_1960,parent,26,36,38,73-A,,,Disqualification for being designated officer simultaneously of certain categories of,CONTEXT_PARENT,,INFO,,73-A. Disqualification for being designated officer simultaneously of certain categories of societies or for being designated officer of the same society for more than ten years.—
MH_ACT_1960_SEC_73_A_SUB_1,MH_ACT_1960,child,64,36,36,73-A,,,Disqualification for being designated officer simultaneously of certain categories of,,,INFO,,"(1) In this section and in sections 73C, 73D and 73E, ""a designated officer"" means the Chairman and the President, and includes any other officer of the society as may be declared by the State Governm"
MH_ACT_1960_SEC_73_A_SUB_2,MH_ACT_1960,child,251,37,37,73-A,,,Disqualification for being designated officer simultaneously of certain categories of,,,INFO,,"(2) No person shall, at the same time, be or continue to be a designated officer of more than one society falling in Category I or Category II or Category III of the Categories mentioned below; and sh"
MH_ACT_1960_SEC_73_A_SUB_3,MH_ACT_1960,child,4,37,37,73-A,,,Disqualification for being designated officer simultaneously of certain categories of,SHORT_CHUNK,,INFO,B_SHORT,(3) Subsection (3) deleted
MH_ACT_1960_SEC_73_A_SUB_4,MH_ACT_1960,child,204,37,37,73-A,,,Disqualification for being designated officer simultaneously of certain categories of,,,INFO,,"(4) If any person becomes, at the same time a designated officer of societies, in excess of the number prescribed under sub-section (2), unless he resigns his office in the society or societies in exc"
MH_ACT_1960_SEC_73_A_SUB_5,MH_ACT_1960,child,185,37,37,73-A,,,Disqualification for being designated officer simultaneously of certain categories of,,,INFO,,"(5) No person shall be, or shall continue to be, a designated officer of any society of any of the categories referred to in sub-section (2), for a period of more than ten years in the aggregate and a"
MH_ACT_1960_SEC_73_A_SUB_6,MH_ACT_1960,child,304,37,38,73-A,,,Disqualification for being designated officer simultaneously of certain categories of,,,INFO,,"(6) No member of the Council of Ministers shall be, or continue to be, a designated officer of any society of any of the categories referred to in sub-section (2):

Provided that, nothing in this sub-"
MH_ACT_1960_SEC_73_B,MH_ACT_1960,child,1912,38,42,73-B,,,"Reservation of seats on committees of certain societies for Scheduled Castes,",LONG_CHUNK_NO_SAFE_SPLIT;STRUCTURE_UNCERTAIN,,INFO,A_LONG;E_STRUCTURE;C_TOP20_LONG,"73-B. Reservation of seats on committees of certain societies for Scheduled Castes, Scheduled tribes, Other Backward Classes, De-notified Tribes (Vimukta Jatis), Nomadic Tribes, Special Backward Class"
MH_ACT_1960_SEC_73_C,MH_ACT_1960,child,356,42,42,73-C,,,Restrictions on representation of certain class of members on committees of certain,,,INFO,,"73-C. Restrictions on representation of certain class of members on committees of certain societies and for being designated officers.—

(1) In the case of a district Central Co-operative Bank or an A"
MH_ACT_1960_SEC_73_F,MH_ACT_1960,child,895,42,43,73-F,,,Member who or whose near relation in dealing in goods for purchase of which loans are,STRUCTURE_UNCERTAIN,,INFO,E_STRUCTURE,"73-F. Member who or whose near relation in dealing in goods for purchase of which loans are given by a society not eligible to be on its committee.—

In the case of a society, which gives loans to mem"
MH_ACT_1960_SEC_73_G,MH_ACT_1960,parent,549,44,44,73-G,,,Provision for conduct of elections to committees and of officers of certain societies and,,,INFO,,"73-G. Provision for conduct of elections to committees and of officers of certain societies and term of office of member of such committees.—

(1) The election of the members of the committees and the"
MH_ACT_1960_SEC_73_G_SUB_1,MH_ACT_1960,child,176,44,44,73-G,,,Provision for conduct of elections to committees and of officers of certain societies and,,,INFO,,"(1) The election of the members of the committees and the officers by the committees, of the societies of the categories mentioned below, shall be subject to the provisions of Chapter XI- A and shall "
MH_ACT_1960_SEC_73_G_SUB_2,MH_ACT_1960,child,274,44,44,73-G,,,Provision for conduct of elections to committees and of officers of certain societies and,,,INFO,,"(2) When the election of all the members of the committee of any such society is held at the same time, the members elected on the committee at such general election shall hold office for period of fi"
MH_ACT_1960_SEC_73_G_SUB_3,MH_ACT_1960,child,76,44,44,73-G,,,Provision for conduct of elections to committees and of officers of certain societies and,,,INFO,,"(3) Notwithstanding anything in the bye-laws of any such society, only the committee of management shall be elected by a general body of members of the society; and all other committees authorised by "
MH_ACT_1960_SEC_73_H,MH_ACT_1960,child,144,44,45,73-H,,,Responsibility of committee to hold election before expiry of term,,,INFO,,"73-H. Responsibility of committee to hold election before expiry of term.—

(1) It shall be the duty of the committee of every society to arrange for holding the election of its members before the exp"
MH_ACT_1960_SEC_74,MH_ACT_1960,child,155,45,45,74,,,"Qualification and appointment of Manager, Secretary and other officers of societies and",,,INFO,,"74. Qualification and appointment of Manager, Secretary and other officers of societies and Chief Executives Officer and Financial Officer for certain societies.—

(1) The qualifications for appointme"
MH_ACT_1960_SEC_75,MH_ACT_1960,parent,827,45,46,75,,,Annual General Meeting,,,INFO,,"75. Annual General Meeting.—

(1) Every society, shall within a period of three months next after the date fixed for making up its accounts for the year under the rules for the time being in force, ca"
MH_ACT_1960_SEC_75_SUB_1,MH_ACT_1960,child,215,45,45,75,,,Annual General Meeting,,,INFO,,"(1) Every society, shall within a period of three months next after the date fixed for making up its accounts for the year under the rules for the time being in force, call a general meeting of its me"
MH_ACT_1960_SEC_75_SUB_2,MH_ACT_1960,child,213,45,45,75,,,Annual General Meeting,,,INFO,,"(2) At every annual general meeting of a society, the committee shall lay before the society a statement showing the details of the loans (if any) given to any of the members of the committee or any m"
MH_ACT_1960_SEC_75_SUB_3,MH_ACT_1960,child,126,45,45,75,,,Annual General Meeting,,,INFO,,"(3) There shall be attached to every balance sheet laid before the society in general meeting, a report by its committee, with respect to (a) the state of the society's affairs; (b) the amounts, if an"
MH_ACT_1960_SEC_75_SUB_4,MH_ACT_1960,child,57,45,46,75,,,Annual General Meeting,,,INFO,,"(4) At every annual general meeting the balance sheet, the profit and loss account the audit memorandum submitted by the auditor appointed under section 81 and the committee's report, shall be placed "
MH_ACT_1960_SEC_75_SUB_5,MH_ACT_1960,child,168,46,46,75,,,Annual General Meeting,,,INFO,,"(5) If default is made, in calling a general meeting within the period or, as the case may be, extended period, prescribed under sub-section (1), or in complying with sub-section (2), (3) or

(4), the"
MH_ACT_1960_SEC_75_SUB_6,MH_ACT_1960,child,44,46,46,75,,,Annual General Meeting,,,INFO,,"(6) Any penalty imposed under sub-section (5) or under section 76, may be recovered in the manner provided by the Code of Criminal Procedure, 1973, for the recovery of fines imposed by a Magistrate, a"
MH_ACT_1960_SEC_76,MH_ACT_1960,child,322,46,46,76,,,Special general meeting,,,INFO,,"76. Special general meeting.-

(1) A special general meeting may be called at any time by the Chairman or by a majority of the committee and shall be called within one month-

(i) on requisition in wr"
MH_ACT_1960_SEC_77,MH_ACT_1960,child,162,46,46,77,,,"Acts of societies etc., not to be invalidated by certain defects",,,INFO,,"77. Acts of societies etc., not to be invalidated by certain defects.—

(1) No act of a society or a committee or any officer, done in good faith in pursuance of the business of the society shall be d"
MH_ACT_1960_SEC_77A,MH_ACT_1960,parent,680,47,48,77A,,,"Appointment of member of committee, new committee or Administrator, where there is",,,INFO,,"77A. Appointment of member of committee, new committee or Administrator, where there is failure to elect member, to constitute committee or where committee does not enter upon office —

(1) Where the "
MH_ACT_1960_SEC_77A_SUB_1,MH_ACT_1960,child,374,47,47,77A,,,"Appointment of member of committee, new committee or Administrator, where there is",,,INFO,,"(1) Where the Registrar is satisfied that,—

(1a) a provisional committee has failed to make necessary arrangements for holding election for the constitution of the first committee, before the expiry "
MH_ACT_1960_SEC_77A_SUB_2,MH_ACT_1960,child,65,47,47,77A,,,"Appointment of member of committee, new committee or Administrator, where there is",,,INFO,,"(2) The Committee or Administrator so appointed shall, subject to the control of the Registrar and to such instructions as he may, from time to time, give, have power to discharge all or any of the fu"
MH_ACT_1960_SEC_77A_SUB_3,MH_ACT_1960,child,138,47,47,77A,,,"Appointment of member of committee, new committee or Administrator, where there is",,,INFO,,(3) The Committee or Administrator so appointed shall hold office for a period of six months from the date of assuming the management of the society and shall make necessary arrangements for constitut
MH_ACT_1960_SEC_77A_SUB_4,MH_ACT_1960,child,45,47,47,77A,,,"Appointment of member of committee, new committee or Administrator, where there is",,,INFO,,(4) The Registrar shall have the power to change the committee or any or all members thereof or any or all the administrators appointed under sub-section (1) at his discretion even before the expiry o
MH_ACT_1960_SEC_77A_SUB_5,MH_ACT_1960,child,29,48,48,77A,,,"Appointment of member of committee, new committee or Administrator, where there is",,,INFO,,(5) The provisions of sub-section (2A) of Section 78 shall apply mutatis mutandis for fixation of remuneration to be paid to the members or administrators appointed under sub-section (1).
MH_ACT_1960_SEC_78,MH_ACT_1960,parent,9,48,49,78,,,Power of removal of committee or member thereof,CONTEXT_PARENT;SHORT_CONTEXT_PARENT,,INFO,B_SHORT,78. Power of removal of committee or member thereof.—
MH_ACT_1960_SEC_78_SUB_1,MH_ACT_1960,child,538,48,48,78,,,Power of removal of committee or member thereof,,,INFO,,"(1) If, in the opinion of the Registrar, the committee of any society or any member of such committee makes default, or is negligent in the performance of the duties imposed on it or him by this Act o"
MH_ACT_1960_SEC_78_SUB_2,MH_ACT_1960,child,240,48,49,78,,,Power of removal of committee or member thereof,,,INFO,,"(2) The committee or administrator so appointed shall, subject to the control of the Registrar and to such instructions as he may from time to time give, have power to exercise all or any of the funct"
MH_ACT_1960_SEC_78_SUB_3,MH_ACT_1960,child,72,49,49,78,,,Power of removal of committee or member thereof,,,INFO,,"(3) If at any time during any period, or extended period referred to in sub-section (1), it appears to the Registrar, that it is no longer necessary to continue to carry on the affairs of the society "
MH_ACT_1960_SEC_78_SUB_4,MH_ACT_1960,child,100,49,49,78,,,Power of removal of committee or member thereof,,,INFO,,"(4) The committee or administrator shall, at the expiry or termination of its or his term of office, arrange for the constitution of a new committee in accordance with the bye-laws of the society

Pro"
MH_ACT_1960_SEC_78_SUB_5,MH_ACT_1960,child,41,49,49,78,,,Power of removal of committee or member thereof,,,INFO,,(5) All acts done or purported to be done by the committee or administrator during the period the affairs of the society are carried on by the committee or administrator appointed under sub-section (1
MH_ACT_1960_SEC_79,MH_ACT_1960,child,955,49,50,79,,,Registrar's power to enforce performance of obligations,LONG_CHUNK_NO_SAFE_SPLIT;STRUCTURE_UNCERTAIN,,INFO,A_LONG;E_STRUCTURE,"79. Registrar's power to enforce performance of obligations.—

(1) The Registrar may direct any society or class of societies, to keep proper books of accounts with respect to all sums of money receiv"
MH_ACT_1960_SEC_79_B,MH_ACT_1960,child,198,50,50,79-B,,,Registrar's power to remove member for failure to supply his agricultural produce to,,,INFO,,"79-B. Registrar's power to remove member for failure to supply his agricultural produce to processing society.—

(1) Where any producer-member of a processing society fails to supply his agricultural "
MH_ACT_1960_SEC_80,MH_ACT_1960,child,435,50,51,80,,,Registrar's power to seize records etc,,,INFO,,"80. Registrar's power to seize records etc.—

(1) Where the Registrar is satisfied that the books and records of a society are likely to be suppressed, tampered with or destroyed, or the funds and pro"
MH_ACT_1960_SEC_81,MH_ACT_1960,parent,9,52,53,81,,,Audit,CONTEXT_PARENT;SHORT_CONTEXT_PARENT,,INFO,B_SHORT,"CHAPTER VIII

AUDIT, INQUIRY, INSPECTION AND SUPERVISION

81. Audit.—"
MH_ACT_1960_SEC_81_SUB_1,MH_ACT_1960,child,205,52,52,81,,,Audit,,,INFO,,"(1) (a) The Registrar shall audit, or cause to be audited, at least once in each co-operative year, by a person authorised by him by general or special order in writing in this behalf the accounts of "
MH_ACT_1960_SEC_81_SUB_2,MH_ACT_1960,child,342,52,52,81,,,Audit,,,INFO,,"(2) The audit under sub-section (1) shall include examination or verification of the following items, namely

(i) over dues of debts, if any;

(ii) cash balance and securities and a valuation of the a"
MH_ACT_1960_SEC_81_SUB_3,MH_ACT_1960,child,179,53,53,81,,,Audit,,,INFO,,"(3) (a) The Registrar or the person authorised shall, for the purpose of audit, at all times have access to all the books, accounts, documents papers, securities cash and other properties belonging to"
MH_ACT_1960_SEC_81_SUB_4,MH_ACT_1960,child,52,53,53,81,,,Audit,,,INFO,,"(4) Every person who is, or has at any time been, an officer or employee of the society, and every member and past member of the society, shall furnish such information in regard to the transactions a"
MH_ACT_1960_SEC_81_SUB_5,MH_ACT_1960,child,231,53,53,81,,,Audit,,,INFO,,(5) The auditor appointed under sub-section (1) shall have the right to receive all notices and ever communication relating to the annual general meeting of the society and to attend such meeting and 
MH_ACT_1960_SEC_81_SUB_6,MH_ACT_1960,child,56,53,53,81,,,Audit,,,INFO,,"(6) If it appears to the Registrar, on an application by a society or otherwise, that it is necessary or expedient to re-audit any accounts of the society, the Registrar may by order provide for such "
MH_ACT_1960_SEC_82,MH_ACT_1960,child,128,53,53,82,,,Rectification of defects in accounts,,,INFO,,"82. Rectification of defects in accounts.—

If the result of the audit held under the last preceding section discloses any defects in the working of a society the society shall within three months fro"
MH_ACT_1960_SEC_83,MH_ACT_1960,parent,491,53,54,83,,,Inquiry by Registrar,,,INFO,,"83. Inquiry by Registrar

(1) The Registrar may of his own motion, and shall on the application of one third of the members of a society, himself or by a person duly authorized by him in writing, in t"
MH_ACT_1960_SEC_83_SUB_1,MH_ACT_1960,child,49,53,53,83,,,Inquiry by Registrar,,,INFO,,"(1) The Registrar may of his own motion, and shall on the application of one third of the members of a society, himself or by a person duly authorized by him in writing, in this behalf, hold an inquir"
MH_ACT_1960_SEC_83_SUB_2,MH_ACT_1960,child,152,54,54,83,,,Inquiry by Registrar,,,INFO,,"(2) Before holding any such inquiry on an application the Registrar may having regard to the nature of allegations and the inquiry involved, require the applicant to deposit with him such sum of money"
MH_ACT_1960_SEC_83_SUB_3,MH_ACT_1960,child,229,54,54,83,,,Inquiry by Registrar,,,INFO,,"(3) (a) All officers, members and past members of the society in respect of which an inquiry is held, and any other person who, in the opinion of the officer holding the inquiry is in possession of in"
MH_ACT_1960_SEC_83_SUB_4,MH_ACT_1960,child,20,54,54,83,,,Inquiry by Registrar,,,INFO,,(4) The result of an enquiry under this section shall be communicated to the society whose affairs have been investigated.
MH_ACT_1960_SEC_83_SUB_5,MH_ACT_1960,child,37,54,54,83,,,Inquiry by Registrar,,,INFO,,"(5) It shall be competent for the Registrar to withdraw any inquiry from the officer to whom it is entrusted, and to hold the inquiry himself or entrust it to any other person as he deems fit."
MH_ACT_1960_SEC_84,MH_ACT_1960,child,214,54,54,84,,,Inspection of books of indebted society,,,INFO,,"84. Inspection of books of indebted society.—

(1) On the application of a creditor of a society who;

(a) satisfies the Registrar that the debt is a sum then due, and that he has demanded payment the"
MH_ACT_1960_SEC_85,MH_ACT_1960,child,183,54,55,85,,,Costs of inquiry and inspection,,,INFO,,"85. Costs of inquiry and inspection.-

(1) Where an inquiry is held under section 83 or an inspection is made under the last preceding section, the Registrar may apportion the costs, or such part of t"
MH_ACT_1960_SEC_86,MH_ACT_1960,child,69,55,55,86,,,Recovery of costs,,,INFO,,"86. Recovery of costs.—

Any sum awarded by way of costs under the last preceding section, may be recovered, on an application by the Registrar to a Magistrate having jurisdiction in the place where t"
MH_ACT_1960_SEC_87,MH_ACT_1960,child,247,55,55,87,,,Registrar to bring defects disclosed in inquiry or inspection to notice of society,,,INFO,,"87. Registrar to bring defects disclosed in inquiry or inspection to notice of society.—

(1) If the result of any inquiry held under section 83 or an inspection made under section 84 discloses any de"
MH_ACT_1960_SEC_88,MH_ACT_1960,child,361,55,56,88,,,"Power of Registrar to assess damages against delinquent promoters, etc",,,INFO,,"88. Power of Registrar to assess damages against delinquent promoters, etc.—

(1) Where, in the course of or as a result of an audit under section 81 or an inquiry under section 83 or an inspection un"
MH_ACT_1960_SEC_88A,MH_ACT_1960,child,110,56,56,88A,,,Deposit towards fees of inquiry,,,INFO,,"88A. Deposit towards fees of inquiry.—

Where the Registration his own motion decides and orders an inquiry under section 83 or proceeds or authorizes to make inquiry under section 88, he may, having "
MH_ACT_1960_SEC_89,MH_ACT_1960,child,83,56,56,89,,,"Power to enforce, attendance etc",,,INFO,,"89. Power to enforce, attendance etc.—

The Registrar or the person authorised by him, when acting under section 83, 84 or 88 shall have the power to summon and enforce the attendance of any person an"
MH_ACT_1960_SEC_89A,MH_ACT_1960,child,367,56,57,89A,,,Power to inspect working of society,,,INFO,,"89A. Power to inspect working of society.—

(1) It shall be competent for the Registrar to inspect or cause to be inspected the working of any society to ensure that-

(a) the provisions of the Act, r"
MH_ACT_1960_SEC_90,MH_ACT_1960,child,177,57,57,90,,,Constitution or recognition of federal authority to supervise working of societies,,,INFO,,"90. Constitution or recognition of federal authority to supervise working of societies.—

(1) The State Government may constitute or recognize one or more co-operative federal authorities, in such man"
MH_ACT_1960_SEC_91,MH_ACT_1960,child,1059,58,59,91,,,Disputes,LONG_CHUNK_NO_SAFE_SPLIT;STRUCTURE_UNCERTAIN,,INFO,A_LONG;E_STRUCTURE,"CHAPTER IX

SETTLEMENT OF DISPUTES

91. Disputes.-

(1) Notwithstanding anything contained in any other law for the time being in force, any dispute touching the constitution, elections of the committ"
MH_ACT_1960_SEC_92,MH_ACT_1960,child,420,59,60,92,,,Limitation,,,INFO,,"92. Limitation.-

(1) Notwithstanding anything contained in the Limitation Act, 1963, but subject to the specific provisions made in this Act, the period of limitation in the case of dispute referred "
MH_ACT_1960_SEC_93,MH_ACT_1960,child,181,60,60,93,,,Transfer of disputes from one Co-operative Court to another and suspension of,,,INFO,,"93. Transfer of disputes from one Co-operative Court to another and suspension of proceedings in certain cases

(1) Where any dispute is referred to any Co-operative Court, the President of the Co-ope"
MH_ACT_1960_SEC_94,MH_ACT_1960,parent,639,60,61,94,,,Procedure for settlement of disputes and power of Co-operative Court,,,INFO,,"94. Procedure for settlement of disputes and power of Co-operative Court.—

(1) The Co-operative Court, hearing a dispute under the last preceding section shall hear the dispute in the manner prescrib"
MH_ACT_1960_SEC_94_SUB_1,MH_ACT_1960,child,140,60,60,94,,,Procedure for settlement of disputes and power of Co-operative Court,,,INFO,,"(1) The Co-operative Court, hearing a dispute under the last preceding section shall hear the dispute in the manner prescribed, and shall have power to summon and enforce attendance of witnesses inclu"
MH_ACT_1960_SEC_94_SUB_2,MH_ACT_1960,child,24,60,60,94,,,Procedure for settlement of disputes and power of Co-operative Court,,,INFO,,(2) Except with the permission of the Co-operative Court no party shall be represented at the hearing of a dispute by a legal practitioner.
MH_ACT_1960_SEC_94_SUB_3,MH_ACT_1960,child,430,60,61,94,,,Procedure for settlement of disputes and power of Co-operative Court,,,INFO,,(3) (a) If the Co-operative Court is satisfied that a person whether he be a member of the society or not has acquired any interest in the property of a person who is a party to a dispute it may order
MH_ACT_1960_SEC_94_SUB_4,MH_ACT_1960,child,34,61,61,94,,,Procedure for settlement of disputes and power of Co-operative Court,,,INFO,,"(4) Save as otherwise directed by the State Government in any case or class of cases, every dispute shall be decided in such summary manner as may be prescribed and as expeditiously as possible."
MH_ACT_1960_SEC_95,MH_ACT_1960,child,406,61,61,95,,,Attachment before award or order and interlocutory order,,,INFO,,"95. Attachment before award or order and interlocutory order.—

(1) Where a dispute has been referred to the Co-operative Court under section 93 or 105 or whether the Registrar or the person authorise"
MH_ACT_1960_SEC_96,MH_ACT_1960,child,129,61,61,96,,,Decision of Co-operative Court,,,INFO,,"96. Decision of Co-operative Court.—

When a dispute is referred to arbitration, the Co-operative Court may, after giving reasonable opportunity to the parties to the dispute to be heard, make an awar"
MH_ACT_1960_SEC_97,MH_ACT_1960,child,63,62,62,97,,,Appeal against decision under section 96 and order under Section 95,,,INFO,,"97. Appeal against decision under section 96 and order under Section 95.—

Any party aggrieved by any decision of the Co-operative Court under the last preceding section, or order passed by the Cooper"
MH_ACT_1960_SEC_98,MH_ACT_1960,child,232,62,62,98,,,Money how recovered,,,INFO,,"98. Money how recovered.—

Every order passed by the Official Assignee of a de-registered society under sub-section (3) of section 21A or every order passed by the Registrar or a person authorised by "
MH_ACT_1960_SEC_99,MH_ACT_1960,child,68,62,62,99,,,Private transfer of property made after issue of certificate void against society,,,INFO,,"99. Private transfer of property made after issue of certificate void against society.—

Any private transfer or delivery of, or encumbrance or charge on, property made or created after the issue of t"
MH_ACT_1960_SEC_100,MH_ACT_1960,child,334,62,62,100,,,Transfer of property which cannot be sold,,,INFO,,"100. Transfer of property which cannot be sold.—

(1) When in any execution of an order sought to be executed under section 98 or in the recovery of any amount under section 101 or section 137, any pr"
MH_ACT_1960_SEC_101,MH_ACT_1960,parent,607,63,63,101,,,Recovery of arrears due to certain societies as arrears of recovery of land revenue,,,INFO,,"101. Recovery of arrears due to certain societies as arrears of recovery of land revenue.

(1) Notwithstanding anything contained in section 91, 93 and 98, on an application made by a resource society"
MH_ACT_1960_SEC_101_SUB_1,MH_ACT_1960,child,385,63,63,101,,,Recovery of arrears due to certain societies as arrears of recovery of land revenue,,,INFO,,"(1) Notwithstanding anything contained in section 91, 93 and 98, on an application made by a resource society undertaking the financing of crop and seasonal finance as defined under the Bombay Agricul"
MH_ACT_1960_SEC_101_SUB_2,MH_ACT_1960,child,78,63,63,101,,,Recovery of arrears due to certain societies as arrears of recovery of land revenue,,,INFO,,"(2) Where the Registrar is satisfied that the concerned society has failed to take action under the foregoing sub-section in respect of any amount due as arrears, the Registrar may, of his motion, aft"
MH_ACT_1960_SEC_101_SUB_3,MH_ACT_1960,child,49,63,63,101,,,Recovery of arrears due to certain societies as arrears of recovery of land revenue,,,INFO,,"(3) A certificate granted by the Registrar under sub-section (1) or (2) shall be final and a conclusive proof of the arrears stated to be due therein, and the same shall be recoverable according to th"
MH_ACT_1960_SEC_101_SUB_4,MH_ACT_1960,child,80,63,63,101,,,Recovery of arrears due to certain societies as arrears of recovery of land revenue,,,INFO,,"(4) It shall be lawful for the Collector and the Registrar to take precautionary measures authorised by Sections 140 to 144 of the Bombay Land Revenue Code, 1879 or any law or provisions corresponding"
MH_ACT_1960_SEC_102,MH_ACT_1960,child,220,64,64,102,,,Winding up,,,INFO,,"CHAPTER X

LIQUIDATION

102. Winding up.—

(1) If the Registrar;

(a) after an inquiry has been held under section 83 or an inspection has been made under section 84 or on the report of the auditor au"
MH_ACT_1960_SEC_103,MH_ACT_1960,child,372,64,64,103,,,Appointment of Liquidator,,,INFO,,"103. Appointment of Liquidator.—

(1) When an interim order is passed under the last preceding section or a final order is passed under that section, for the winding up of a society, the Registrar may"
MH_ACT_1960_SEC_104,MH_ACT_1960,child,163,65,65,104,,,Appeal against order of winding up,,,INFO,,"104. Appeal against order of winding up.—

(1) The committee, or any member, of the society, ordered to be wound up may prefer an appeal against the final order of winding up within two months from th"
MH_ACT_1960_SEC_105,MH_ACT_1960,parent,719,65,66,105,,,Powers of Liquidator,,,INFO,,"105. Powers of Liquidator.—

(1) The Liquidator appointed under section 103 shall have powers, subject to the rules and the general supervision, control and direction of the Registrar;

(a) to institu"
MH_ACT_1960_SEC_105_SUB_1,MH_ACT_1960,child,675,65,66,105,,,Powers of Liquidator,,,INFO,,"(1) The Liquidator appointed under section 103 shall have powers, subject to the rules and the general supervision, control and direction of the Registrar;

(a) to institute and defend any suit and ot"
MH_ACT_1960_SEC_105_SUB_2,MH_ACT_1960,child,40,66,66,105,,,Powers of Liquidator,,,INFO,,"(2) Notwithstanding anything contained in sub section (1) the liquidator shall not have the right to vote on behalf of the society in liquidation, at the election of the member of the committee or of "
MH_ACT_1960_SEC_106,MH_ACT_1960,child,151,66,66,106,,,Effect of order of winding up,,,INFO,,"106. Effect of order of winding up.—

After expiry of the period for appeal against the order made under sub-section (1) of section 102 or where the appeal has been dismissed, the order for winding up"
MH_ACT_1960_SEC_107,MH_ACT_1960,child,130,66,66,107,,,Bar of suit in winding up and dissolution matters,,,INFO,,"107. Bar of suit in winding up and dissolution matters.—

Save as expressly provided in this Act, no Civil Court shall take cognizance of any matter connected with the winding up or dissolution of a s"
MH_ACT_1960_SEC_108,MH_ACT_1960,child,237,66,67,108,,,Audit of Liquidators accounts,,,INFO,,"108. Audit of Liquidators accounts.—

(1) The Liquidator shall, during his tenure of office, at such times as may be prescribed, but not less than twice each year, present to the Registrar an account "
MH_ACT_1960_SEC_109,MH_ACT_1960,child,330,67,67,109,,,Termination of liquidation proceedings,,,INFO,,"109. Termination of liquidation proceedings.—

(1) The winding up proceedings of a society shall be ceased as soon as practicable within six years from the date the Liquidator takes over the custody o"
MH_ACT_1960_SEC_110,MH_ACT_1960,child,273,67,67,110,,,Disposal of surplus assets,,,INFO,,"110. Disposal of surplus assets.—

The surplus assets, as shown in the Final Report of the Liquidator of a society which has been wound up, may either be divided by the Registrar, with the previous sa"
MH_ACT_1960_CONTEXT_131,MH_ACT_1960,child,432,68,68,,,,,SECTION_IDENTIFIER_MISSING;STRUCTURE_UNCERTAIN,MISSING_STRUCTURAL_ID,REVIEW,E_STRUCTURE,"CHAPTER X-A

INSURED CO-OPERATIVE BANK

110-A Order for winding up, reconstruction, super session of committee, etc., of insured Co-operative Bank, not to be made without sanction or requisition of Re"
MH_ACT_1960_SEC_111,MH_ACT_1960,child,575,69,70,111,,,Application of Chapter XI of Agriculture and Rural Development Banks,,,INFO,,"CHAPTER XI

AGRICULTURE AND RURAL DEVELOPMENT BANKS

111. Application of Chapter XI of Agriculture and Rural Development Banks.—

This Chapter shall apply to-

(a) any co-operative bank or banks advan"
MH_ACT_1960_SEC_112,MH_ACT_1960,child,231,70,70,112,,,State and other Agriculture and Rural Development banks,,,INFO,,"112. State and other Agriculture and Rural Development banks.—

(1) There shall be State Agriculture and Rural Development Bank for the State of Maharashtra. If considered necessary by the State Gover"
MH_ACT_1960_SEC_112_A,MH_ACT_1960,child,106,71,71,112-A,,,"District Loan Committee, its constitution, term of office of delegates, casual vacancies,",,,INFO,,"112-A. District Loan Committee, its constitution, term of office of delegates, casual vacancies, powers of such Committee etc.—

(1) Notwithstanding anything contained in this Act, or in the rule made"
MH_ACT_1960_SCHEDULE_135,MH_ACT_1960,parent,990,71,84,,,,"Schedule Tribes and one from the persons belonging to the weaker section,",CONTEXT_PARENT;LONG_CHUNK_NO_SAFE_SPLIT,,INFO,A_LONG,"Schedule Tribes and one from the persons belonging to the weaker section, who shall be elected from the District:

Provided that, in district, where there are more than seven Taluka and before the dat"
MH_ACT_1960_SCHEDULE_135_SUB_1,MH_ACT_1960,child,1328,72,74,,,,"Schedule Tribes and one from the persons belonging to the weaker section,",LONG_CHUNK_NO_SAFE_SPLIT,,INFO,A_LONG,"112. B General Body and committee of State Agriculture and Rural Development Bank.—

(1) Notwithstanding anything contained in this Act, or in the rules made there under, or in the bye-laws of the Sta"
MH_ACT_1960_SCHEDULE_135_SUB_2,MH_ACT_1960,child,148,74,75,,,,"Schedule Tribes and one from the persons belonging to the weaker section,",,,INFO,,"113. Appointment, powers and functions of Trustee.—

(1) The Registrar, or any other person appointed by the State Government in this behalf, shall be Trustee for the purpose of securing the fulfillme"
MH_ACT_1960_SCHEDULE_135_SUB_3,MH_ACT_1960,child,360,75,75,,,,"Schedule Tribes and one from the persons belonging to the weaker section,",,,INFO,,"114. Issue of debentures.—

(1) With the previous sanction of the State Government and the Trustee, and subject to such terms and conditions as the State Government may impose, the State Agriculture a"
MH_ACT_1960_SCHEDULE_135_SUB_4,MH_ACT_1960,child,57,75,75,,,,"Schedule Tribes and one from the persons belonging to the weaker section,",,,INFO,,"115. Guarantee by State Government.—

The principal of, and interest on the debentures issued under the preceding section, or any specified portion thereof, may carry the guarantee of the State Govern"
MH_ACT_1960_SCHEDULE_135_SUB_5,MH_ACT_1960,child,181,75,76,,,,"Schedule Tribes and one from the persons belonging to the weaker section,",,,INFO,,"116. Vesting of property in Trustee and Debenture holders, charge on assets.—

Upon the issue of debentures, under the provisions of Section 114, the mortgage properties and other assets including the"
MH_ACT_1960_SCHEDULE_135_SUB_6,MH_ACT_1960,child,244,76,76,,,,"Schedule Tribes and one from the persons belonging to the weaker section,",,,INFO,,"119. Order granting loan conclusive of certain matters.—

A written order by the Agriculture and Rural Development Bank, or persons or committee authorised under the bye-laws of the Bank to make loans"
MH_ACT_1960_SCHEDULE_135_SUB_7,MH_ACT_1960,child,559,76,77,,,,"Schedule Tribes and one from the persons belonging to the weaker section,",,,INFO,,"120. Priority of mortgage.—

(1) A mortgage executed in favour of an Agriculture and Rural Development Bank, shall have priority over any claim of the Government arising from a loan granted after the,"
MH_ACT_1960_SCHEDULE_135_SUB_8,MH_ACT_1960,child,310,77,77,,,,"Schedule Tribes and one from the persons belonging to the weaker section,",,,INFO,,"125. Mortgages 8and other instruments executed by managers of joint Hindu families.—

(1) Mortgages and other instruments in respect of loans by Agriculture and Rural Development Bank or the State Agr"
MH_ACT_1960_SCHEDULE_135_SUB_9,MH_ACT_1960,child,185,77,78,,,,"Schedule Tribes and one from the persons belonging to the weaker section,",,,INFO,,"127. Restrictions on lease. —

(1) Notwithstanding anything contained in the Transfer of Property Act, 1882 (IV of 1882) or any other law for the time being in force, no mortgagor of property mortgage"
MH_ACT_1960_SCHEDULE_135_SUB_10,MH_ACT_1960,child,334,78,78,,,,"Schedule Tribes and one from the persons belonging to the weaker section,",,,INFO,,"128. Agriculture and Rural Development Bank to receive money and give discharge.—

Notwithstanding anything contained in section 121, all monies due under the mortgage shall unless otherwise directed "
MH_ACT_1960_SCHEDULE_135_SUB_11,MH_ACT_1960,child,205,78,78,,,,"Schedule Tribes and one from the persons belonging to the weaker section,",,,INFO,,"130. Right of Agriculture and Rural Development Bank to buy mortgaged property.—

(1) Property purchased under section 133(3) by, and property transferred under section 100 to the Agriculture and Rura"
MH_ACT_1960_SCHEDULE_135_SUB_12,MH_ACT_1960,child,47,78,78,,,,"Schedule Tribes and one from the persons belonging to the weaker section,",,,INFO,,"131. Recovery of loans by Development Banks.—

All loans granted by the Agriculture and Rural Development Banks, all interests (if any) chargeable thereon, and costs (if any), incurred in making the s"
MH_ACT_1960_SCHEDULE_135_SUB_13,MH_ACT_1960,child,218,79,79,,,,"Schedule Tribes and one from the persons belonging to the weaker section,",,,INFO,,"132. Powers to distrait.—

(1) If any installment payable under a mortgage, hypothecation deed, loan bond, surety bond or other instruments executed in favour of the Agriculture and Rural Development "
MH_ACT_1960_SCHEDULE_135_SUB_14,MH_ACT_1960,child,453,79,80,,,,"Schedule Tribes and one from the persons belonging to the weaker section,",,,INFO,,"133. Sale of mortgaged or encumbered property.—

(1) Notwithstanding anything contained in the Transfer of Property Act, 1882, the Agriculture and Rural Development Bank or any person authorised by it"
MH_ACT_1960_SCHEDULE_135_SUB_15,MH_ACT_1960,child,149,80,80,,,,"Schedule Tribes and one from the persons belonging to the weaker section,",,,INFO,,"134. Confirmation of sale.—

(1) On effecting the sale by an Agriculture and Rural Development Bank under section 133, the bank shall, in the prescribed manner, submit to the State Agriculture and Rur"
MH_ACT_1960_SCHEDULE_135_SUB_16,MH_ACT_1960,child,222,80,80,,,,"Schedule Tribes and one from the persons belonging to the weaker section,",,,INFO,,"135. Disposal of sale-proceeds.—

The proceeds of every sale effected under section 133, and confirmed under the preceding section shall be applied first in payment of all costs, charges and expenses "
MH_ACT_1960_SCHEDULE_135_SUB_17,MH_ACT_1960,child,443,80,81,,,,"Schedule Tribes and one from the persons belonging to the weaker section,",,,INFO,,"136. Certificate to purchase, delivery of property and title of purchaser.—

(1) Where a sale of mortgaged property has become absolute under section 134 and the sale-proceeds have been received in fu"
MH_ACT_1960_SCHEDULE_135_SUB_18,MH_ACT_1960,child,300,81,81,,,,"Schedule Tribes and one from the persons belonging to the weaker section,",,,INFO,,"137. Recovery of loans on certificate by Registrar.—

(1) Notwithstanding anything contained in sections 91 and 98, on an application made by an Agriculture and Rural Development Bank for the recovery"
MH_ACT_1960_SCHEDULE_135_SUB_19,MH_ACT_1960,child,168,81,81,,,,"Schedule Tribes and one from the persons belonging to the weaker section,",,,INFO,,"138. Mode of recovery by Collector.

(1) Subsection (1) deleted.

(2) Any amount due to an Agriculture and Rural Development Bank (including cost of recovery thereof) shall on an application by it in "
MH_ACT_1960_SCHEDULE_135_SUB_20,MH_ACT_1960,child,184,82,82,,,,"Schedule Tribes and one from the persons belonging to the weaker section,",,,INFO,,"139. Officers or members of family not to bid at auction sale.-

At any sale of moveable or immovable property, held under the provisions of this Chapter, no officer or employee or any member of the f"
MH_ACT_1960_SCHEDULE_135_SUB_21,MH_ACT_1960,child,207,82,82,,,,"Schedule Tribes and one from the persons belonging to the weaker section,",,,INFO,,"141. Provision for Guarantee Funds to meet certain losses.—

(1) It shall be competent for the State Government to constitute one or mo Guarantee Funds on such terms and conditions as it may deem fit,"
MH_ACT_1960_SCHEDULE_135_SUB_22,MH_ACT_1960,child,1041,82,84,,,,"Schedule Tribes and one from the persons belonging to the weaker section,",LONG_CHUNK_NO_SAFE_SPLIT,,INFO,A_LONG,"143. Service of notice.—

The provisions of section 102 and 103 of the Transfer of Property Act, 1882, and of any rules made under section 104 thereof, shall apply, so far as may be in respect of all "
MH_ACT_1960_SEC_144_A,MH_ACT_1960,parent,144,85,85,144-A,,,Application of this Chapter and definitions,,,INFO,,"CHAPTER XI- A

ELECTIONS OF COMMITTEES AND OFFICERS OF CERTAIN SOCIETIES

144-A. Application of this Chapter and definitions.—

(1) This Chapter shall apply only to elections to committees of societie"
MH_ACT_1960_SEC_144_A_SUB_1,MH_ACT_1960,child,20,85,85,144-A,,,Application of this Chapter and definitions,,,INFO,,(1) This Chapter shall apply only to elections to committees of societies belonging to the categories specified in section 73-G.
MH_ACT_1960_SEC_144_A_SUB_2,MH_ACT_1960,child,106,85,85,144-A,,,Application of this Chapter and definitions,,,INFO,,"(2) In this Chapter, unless the context otherwise, requires:—

(a) ""Collector"" means the Collector having jurisdiction over the local areas in which the registered office of the society concerned is s"
MH_ACT_1960_SEC_144_B,MH_ACT_1960,child,52,85,85,144-B,,,When elections to be held,,,INFO,,"144-B.When elections to be held.—

Every election shall be held as far as possible sometime prior to the date on which the term of office of the retiring member or members is due to expire. If a vacan"
MH_ACT_1960_SEC_144_C,MH_ACT_1960,child,150,85,85,144-C,,,Conduct of elections,,,INFO,,"144-C. Conduct of elections.—

(1) Save as otherwise provided, every election shall be held on such date or dates as the Collector may fix, and shall be conducted under his control by such Returning O"
MH_ACT_1960_SEC_144_D,MH_ACT_1960,child,240,85,85,144-D,,,Cost of conducting election,,,INFO,,"144-D. Cost of conducting election.—

(1) The expenses of the holding of any election, including the payment of traveling allowances daily allowance and other remuneration, if any, to the persons appo"
MH_ACT_1960_SEC_144_E,MH_ACT_1960,child,434,85,86,144-E,,,Disqualifications for membership,,,INFO,,"144-E. Disqualifications for membership.—

(1) A person shall be disqualified for being elected as, and for being a member, of the committee of any specified society, -

(a) if he is salaried employee"
MH_ACT_1960_SEC_144_F,MH_ACT_1960,child,149,86,86,144-F,,,"Account of election expenses, maximum thereof and lodging of account",,,INFO,,"144-F. Account of election expenses, maximum thereof and lodging of account.—

(1) Every candidate at an election shall keep a separate and correct account of all expenditure in connection with the el"
MH_ACT_1960_SEC_144_G,MH_ACT_1960,child,102,86,87,144-G,,,Disqualification for failure of lodge account of election expenses,,,INFO,,"144-G. Disqualification for failure of lodge account of election expenses.—

If the Collector is satisfied that a person,-

(a) has failed to lodge an account of election expenses within the time and "
MH_ACT_1960_SEC_144_H,MH_ACT_1960,child,31,87,87,144-H,,,Removal or reduction of period of disqualification,,,INFO,,"144-H. Removal or reduction of period of disqualification.—

The State Government may, or reasons to be recorded, remove any disqualification under this Chapter or reduce the period of any such disqua"
MH_ACT_1960_SEC_144_I,MH_ACT_1960,parent,763,87,88,144-I,,,Corrupt practices,,,INFO,,"144-I. Corrupt practices.—

The following shall be deemed to be corrupt practices for the purpose of this Chapter:-

(1) ""Bribery"", that is to say.—

(A) Any gift, offer or promise by a candidate or h"
MH_ACT_1960_SEC_144_I_SUB_1,MH_ACT_1960,child,270,87,87,144-I,,,Corrupt practices,,,INFO,,"(1) ""Bribery"", that is to say.—

(A) Any gift, offer or promise by a candidate or his agent or by any other person with the consent of a candidate or his election agent of any gratification, to any pe"
MH_ACT_1960_SEC_144_I_SUB_2,MH_ACT_1960,child,211,87,88,144-I,,,Corrupt practices,,,INFO,,"(2) Undue influence, that is to say, any direct or indirect interference or attempt to interfere on the part of the candidate or his agent, or of any other person with the consent of the candidate or "
MH_ACT_1960_SEC_144_I_SUB_3,MH_ACT_1960,child,202,88,88,144-I,,,Corrupt practices,,,INFO,,"(3) The hiring or procuring, whether on payment or otherwise, of any vehicle or vessel by a candidate or his agent or by any other person with the consent of a candidate or his election agent, or the "
MH_ACT_1960_SEC_144_I_SUB_4,MH_ACT_1960,child,16,88,88,144-I,,,Corrupt practices,SHORT_COMPLETE_PROVISION,,INFO,B_SHORT,(4) The use of vehicles belonging to a specified society for the purposes of any election.
MH_ACT_1960_SEC_144_I_SUB_5,MH_ACT_1960,child,12,88,88,144-I,,,Corrupt practices,SHORT_COMPLETE_PROVISION,,INFO,B_SHORT,(5) The incurring or authorizing of expenditure in contravention of section 144-F.
MH_ACT_1960_SEC_144_I_SUB_6,MH_ACT_1960,child,34,88,88,144-I,,,Corrupt practices,,,INFO,,(6) Making special advances of loans or otherwise favoring any elector or group of electors between the date of declaration of program for an election and the date of declaration of the result thereof
MH_ACT_1960_SEC_144_J,MH_ACT_1960,child,97,88,88,144-J,,,Maintenance of secrecy of voting,,,INFO,,"144-J. Maintenance of secrecy of voting.—

(1) Every officer, clerk, agent or other person who performs any duty in connection with the recording or counting of votes at an election shall maintain, an"
MH_ACT_1960_SEC_144_K,MH_ACT_1960,child,188,88,88,144-K,,,"Officers, etc., at elections not to act for candidates or to influence voting",,,INFO,,"144-K. Officers, etc., at elections not to act for candidates or to influence voting.—

(1) No person who is a Returning Officer or an Assistant Returning Officer or a Presiding or Polling Officer at "
MH_ACT_1960_SEC_144_L,MH_ACT_1960,child,145,89,89,144-L,,,Prohibition of canvassing in or near polling station,,,INFO,,"144-L. Prohibition of canvassing in or near polling station.—

(1) No person shall, on the date or dates on which a poll is taken at any polling station, commit any of the following acts within the po"
MH_ACT_1960_SEC_144_M,MH_ACT_1960,child,250,89,89,144-M,,,Penalty for disorderly conduct in or near polling stations,,,INFO,,"144-M. Penalty for disorderly conduct in or near polling stations.—

(1) No person shall, on the date or dates on which a poll is taken at any polling station,-

(a) use or operate within or at the en"
MH_ACT_1960_SEC_144_N,MH_ACT_1960,child,158,89,89,144-N,,,Penalty for misconduct at the polling station,,,INFO,,"144-N. Penalty for misconduct at the polling station.—

(1) Any person who during the hours fixed for the poll at any polling station misconducts himself or fails to obey the lawful directions of the "
MH_ACT_1960_SEC_144_O,MH_ACT_1960,child,54,90,90,144-O,,,Penalty for illegal hiring or procuring of conveyances at elections,,,INFO,,"144-O. Penalty for illegal hiring or procuring of conveyances at elections.—

If any person is guilty of any such corrupt practice as is specified in clause (3) or (4) of section 144-1 at or in connec"
MH_ACT_1960_SEC_144_P,MH_ACT_1960,child,161,90,90,144-P,,,Breaches of official duty in connection with election,,,INFO,,"144-P. Breaches of official duty in connection with election.—

(1) If any person to whom this section applies is without reasonable cause guilty of any act or omission in breach of his official duty,"
MH_ACT_1960_SEC_144_Q,MH_ACT_1960,child,595,90,91,144-Q,,,Removal of ballot papers from polling station to be an offence,STRUCTURE_UNCERTAIN,,INFO,E_STRUCTURE,"144-Q. Removal of ballot papers from polling station to be an offence.—

(1) Any person who at any election fraudulently takes, or attempts to take, a ballot paper out of a polling station, or willful"
MH_ACT_1960_SEC_144_S,MH_ACT_1960,child,52,91,91,144-S,,,Application of section 148 to offences under this Chapter subject to certain,,,INFO,,"144-S. Application of section 148 to offences under this Chapter subject to certain modifications.—

The provisions of section 148 shall apply to the offences under this Chapter, subject to the modifi"
MH_ACT_1960_SEC_144_T,MH_ACT_1960,child,309,91,91,144-T,,,Disputes relating to elections to be submitted to the Commissioner or other specified,,,INFO,,"144-T. Disputes relating to elections to be submitted to the Commissioner or other specified officer.—

(1) Notwithstanding anything contained in section 91 or any other provisions of this Act, any di"
MH_ACT_1960_SEC_144_U,MH_ACT_1960,child,148,92,92,144-U,,,Deposit towards costs for hearing and power to award costs,,,INFO,,"144-U. Deposit towards costs for hearing and power to award costs.—

A petitioner presenting an election petition under the last preceding section shall pay a deposit not exceeding Rs. 500 as the Comm"
MH_ACT_1960_SEC_144_V,MH_ACT_1960,child,258,92,92,144-V,,,Contents of petition,,,INFO,,"144-V. Contents of petition.—

(1) An election petition shall-

(a) contain a concise statement of the material facts on which the petitioner relies;

(b) set forth full particulars of any corrupt pra"
MH_ACT_1960_SEC_144_Y,MH_ACT_1960,child,114,92,92,144-Y,,,Special provisions to election of officers of specified societies,,,INFO,,"144-Y. Special provisions to election of officers of specified societies.—

(1) This section shall apply only to election of officers by members of committees of societies belonging to the categories "
MH_ACT_1960_SEC_145,MH_ACT_1960,child,117,93,93,145,,,"Prohibition of use of the word ""Co-operative""",,,INFO,,"CHAPTER XII

OFFENCES AND PENALTIES

145. Prohibition of use of the word ""Co-operative"".—

(1) No person, other than a society registered, or deemed to be registered, under this Act and a person or hi"
MH_ACT_1960_SEC_146,MH_ACT_1960,child,783,93,94,146,,,Offences,,,INFO,,"146. Offences.—

It shall be an offence under this Act, if-

(a) any member of a society transfers any property or interest in property in contravention of sub-section (2) of section 47 or any person "
MH_ACT_1960_SEC_147,MH_ACT_1960,child,587,94,95,147,,,Punishments for Offences under section 146,,,INFO,,"147. Punishments for Offences under section 146.—

Every society, officer or past officer, member or past member, employee or past employee of a society, or any other person, who commits an offence un"
MH_ACT_1960_SEC_148,MH_ACT_1960,child,49,95,95,148,,,Cognizance of offences,,,INFO,,"148. Cognizance of offences.—

(1) No Court inferior to that of Metropolitan Magistrate or a Judicial Magistrate of the First Class shall try any offence under this Act.

(2) Sub-section 2 deleted.

("
MH_ACT_1960_SEC_148A,MH_ACT_1960,parent,552,95,96,148A,,,Contempt of Co-operative Courts and of Co-operative Appellate Court,,,INFO,,"148A. Contempt of Co-operative Courts and of Co-operative Appellate Court.—

(1) If any person-

(a) when ordered by a Co-operative Court or the Co-operative Appellate Court to produce or deliver up a"
MH_ACT_1960_SEC_148A_SUB_1,MH_ACT_1960,child,142,95,95,148A,,,Contempt of Co-operative Courts and of Co-operative Appellate Court,,,INFO,,"(1) If any person-

(a) when ordered by a Co-operative Court or the Co-operative Appellate Court to produce or deliver up any document or to furnish information, being legally bound so to do intention"
MH_ACT_1960_SEC_148A_SUB_2,MH_ACT_1960,child,56,95,95,148A,,,Contempt of Co-operative Courts and of Co-operative Appellate Court,,,INFO,,"(2) If any person refuses to sign any statement made by him, when required to do so by a Co-operative Court or the Co-operative Appellate Court, he shall on conviction be punished with imprisonment fo"
MH_ACT_1960_SEC_148A_SUB_3,MH_ACT_1960,child,121,95,96,148A,,,Contempt of Co-operative Courts and of Co-operative Appellate Court,,,INFO,,"(3) If any offence under sub-section (1) or (2) is committed in the view or presence of a Court concerned, the said court may, after recording the facts constituting the offence and the statement of t"
MH_ACT_1960_SEC_148A_SUB_4,MH_ACT_1960,child,70,96,96,148A,,,Contempt of Co-operative Courts and of Co-operative Appellate Court,,,INFO,,(4) If any person commits any act or publishes any writing which is calculated to improperly influence a Co-operative Court or the Cooperative Appellate Court to bring any such Court or a member there
MH_ACT_1960_SEC_148A_SUB_5,MH_ACT_1960,child,30,96,96,148A,,,Contempt of Co-operative Courts and of Co-operative Appellate Court,,,INFO,,"(5) In the case of contempt of itself, the Co-operative Appellate Court shall record the facts constituting such contempt, and make a report in that behalf to the High Court:"
MH_ACT_1960_SEC_148A_SUB_6,MH_ACT_1960,child,52,96,96,148A,,,Contempt of Co-operative Courts and of Co-operative Appellate Court,,,INFO,,"(6) In the case of contempt of a Co-operative Court, the co-operative Court shall record the facts constituting such contempt, and make a report in that behalf to the Co-operative Appellate Court, and"
MH_ACT_1960_SEC_148A_SUB_7,MH_ACT_1960,child,71,96,96,148A,,,Contempt of Co-operative Courts and of Co-operative Appellate Court,,,INFO,,"(7) When any intimation or report in respect of any contempt is received by the High Court under sub-section (5) or (6) the High Court shall deal with such contempt as if it were contempt of itself, a"
MH_ACT_1960_SEC_149,MH_ACT_1960,parent,694,97,98,149,,,Maharashtra State Co-operative Appellate Court,,,INFO,,"CHAPTER XIII

APPEALS, REVIEW AND REVISION

149. Maharashtra State Co-operative Appellate Court.—

(1) A Court to be called the Maharashtra State Co-operative Appellate Court is hereby constituted to "
MH_ACT_1960_SEC_149_SUB_1,MH_ACT_1960,child,32,97,97,149,,,Maharashtra State Co-operative Appellate Court,,,INFO,,(1) A Court to be called the Maharashtra State Co-operative Appellate Court is hereby constituted to exercise the powers and to discharge the functions conferred on it by or under this Act.
MH_ACT_1960_SEC_149_SUB_2,MH_ACT_1960,child,54,97,97,149,,,Maharashtra State Co-operative Appellate Court,,,INFO,,"(2) The Co-operative Appellate Court shall consist of the President, and such number of other members as the State Government may from time to time consider necessary, who possess such qualifications "
MH_ACT_1960_SEC_149_SUB_3,MH_ACT_1960,child,18,97,97,149,,,Maharashtra State Co-operative Appellate Court,SHORT_COMPLETE_PROVISION,,INFO,B_SHORT,(3) Any vacancy in the membership of the Co-operative Appellate Court shall be filled by the State Government.
MH_ACT_1960_SEC_149_SUB_4,MH_ACT_1960,child,36,97,97,149,,,Maharashtra State Co-operative Appellate Court,,,INFO,,"(4) All or any of the powers and functions of the Co-operative Appellate Court may be exercised and discharged by any of its members sitting singly or in Benches, as may be determined by the President"
MH_ACT_1960_SEC_149_SUB_5,MH_ACT_1960,child,10,97,97,149,,,Maharashtra State Co-operative Appellate Court,SHORT_COMPLETE_PROVISION,,INFO,B_SHORT,(5) Such Benches shall consist of two or more members.
MH_ACT_1960_SEC_149_SUB_6,MH_ACT_1960,child,90,97,97,149,,,Maharashtra State Co-operative Appellate Court,,,INFO,,"(6) Where a matter is heard by an odd number of members constituting a Bench the opinion of the majority shall prevail, and the decision shall be in accordance with the opinion of the majority. Where "
MH_ACT_1960_SEC_149_SUB_7,MH_ACT_1960,child,39,97,97,149,,,Maharashtra State Co-operative Appellate Court,,,INFO,,"(7) Subject to the previous sanction of the State Government, the Co-operative Appellate Court shall frame regulations consistent with the provisions of this Act and rules made there under, for regula"
MH_ACT_1960_SEC_149_SUB_8,MH_ACT_1960,child,14,97,97,149,,,Maharashtra State Co-operative Appellate Court,SHORT_COMPLETE_PROVISION,,INFO,B_SHORT,"(8) The regulation made under sub-section (7), shall be published in the Official Gazette."
MH_ACT_1960_SEC_149_SUB_9,MH_ACT_1960,child,77,97,97,149,,,Maharashtra State Co-operative Appellate Court,,,INFO,,"(9) The Co-operative Appellate Court may call for and examine the record of any proceeding in which an appeal lies to it, for the purpose of satisfying itself as to the legality or propriety of any de"
MH_ACT_1960_SEC_149_SUB_10,MH_ACT_1960,child,79,97,97,149,,,Maharashtra State Co-operative Appellate Court,,,INFO,,"(10) Where an appeal or application is made to the Co-operative Appellate Court under this Act, it may, in order to prevent the ends of justice being defeated, make such interlocutory order pending th"
MH_ACT_1960_SEC_149_SUB_11,MH_ACT_1960,child,41,97,97,149,,,Maharashtra State Co-operative Appellate Court,,,INFO,,"(11) An order passed in appeal, or in revision under sub-section (9), or in review under section 150 by the Co-operative Appellate Court shall be final and conclusive, and shall not be called in quest"
MH_ACT_1960_SEC_149_SUB_12,MH_ACT_1960,child,192,97,98,149,,,Maharashtra State Co-operative Appellate Court,,,INFO,,"(12) (a) The President and other members of the Maharashtra State Co-operative Tribunal functioning immediately before the commencement of the Maharashtra Co-operative Societies (Third Amendment) Act,"
MH_ACT_1960_SCHEDULE_164,MH_ACT_1960,parent,9,98,99,,,,"First Schedule of the Code of civil Procedure, 1908",CONTEXT_PARENT;SHORT_CONTEXT_PARENT,,INFO,B_SHORT,"First Schedule of the Code of civil Procedure, 1908"
MH_ACT_1960_SCHEDULE_164_SUB_1,MH_ACT_1960,child,192,98,98,,,,"First Schedule of the Code of civil Procedure, 1908",,,INFO,,"150. Review of orders of Co-operative Appellate Court.—

(1) The Co-operative Appellate Court may, either on the application of the Registrar, or on the application of any party interested, review its"
MH_ACT_1960_SCHEDULE_164_SUB_2,MH_ACT_1960,child,104,98,98,,,,"First Schedule of the Code of civil Procedure, 1908",,,INFO,,"151. Co-operative Appellate Court to have power of Civil Court—

(1) In exercising, the functions conferred on it by or under this Act, the Co-operative Appellate Court shall have the same powers as a"
MH_ACT_1960_SCHEDULE_164_SUB_3,MH_ACT_1960,child,231,98,98,,,,"First Schedule of the Code of civil Procedure, 1908",,,INFO,,"152. Appeals.—

(1) An appeal against an order or decision 2under sections 4, 9, 11, 12, 13, 14, 17, 18, 19, 21, 21A, 29, 35, 77A, 78, 79, 85, 88 and 105 including against an order for paying compensa"
MH_ACT_1960_SCHEDULE_164_SUB_4,MH_ACT_1960,child,247,98,99,,,,"First Schedule of the Code of civil Procedure, 1908",,,INFO,,"152-A. Appeal against rejection of nomination paper at election.-

(1) Notwithstanding anything contained in this Act or the rules or the bye-laws made there under a person aggrieved by the rejection "
MH_ACT_1960_SCHEDULE_164_SUB_5,MH_ACT_1960,child,71,99,99,,,,"First Schedule of the Code of civil Procedure, 1908",,,INFO,,"153. Extension of period of limitation by appellate authority in certain cases.—

In all cases in which it is provided under this Act that an appeal may be filed against any decision or order within a"
MH_ACT_1960_SCHEDULE_164_SUB_6,MH_ACT_1960,child,331,99,99,,,,"First Schedule of the Code of civil Procedure, 1908",,,INFO,,"154. Revisionary powers of State Government and Registrar—

(1) The State Government or the Registrar, suo-motu or on an application, may call for and examine the record of any inquiry or proceedings "
MH_ACT_1960_SEC_154A,MH_ACT_1960,child,293,100,100,154A,,,"Constitution of State Co-operative Council, its functions, etc",,,INFO,,"CHAPTER XIII-A

MAHARASHTRA STATE CO-OPERATIVE COUNCIL

154A. Constitution of State Co-operative Council, its functions, etc.—

(1) There shall be a Council to be called the Maharashtra State Cooperat"
MH_ACT_1960_SEC_155,MH_ACT_1960,child,172,101,101,155,,,Recovery of sums due to Government,,,INFO,,"CHAPTER XIV

MISCELLANEOUS

155. Recovery of sums due to Government—

(1) Unless otherwise provided by this Act, all sums due from a society or from an officer or member and a past member or deceased "
MH_ACT_1960_SEC_156,MH_ACT_1960,child,288,101,101,156,,,Registrars powers to recover certain sums by attachment and sale of property,,,INFO,,"156. Registrars powers to recover certain sums by attachment and sale of property.—

(1) The Registrar or any officer subordinate to him and empowered by him in this behalf or an officer of such socie"
MH_ACT_1960_SEC_157,MH_ACT_1960,child,95,101,101,157,,,Power to exempt societies from provisions of Act,,,INFO,,"157. Power to exempt societies from provisions of Act.—

The State Government may, by general or special order, exempt any society or class of societies from any of the provisions of this Act, or of t"
MH_ACT_1960_SEC_158,MH_ACT_1960,child,106,101,101,158,,,Delegation of Power of Registrar to certain authorities and officers,,,INFO,,"158. Delegation of Power of Registrar to certain authorities and officers –

The State Government may, by notification in the Official Gazette, and subject to such conditions (if any) as it may think "
MH_ACT_1960_SEC_159,MH_ACT_1960,child,202,102,102,159,,,"Branches, etc. of societies outside the State",,,INFO,,"159. Branches, etc. of societies outside the State.—

(1) No society shall open a branch or a place of business outside the State of Maharashtra, and no co-operative society registered under any law i"
MH_ACT_1960_SEC_160,MH_ACT_1960,child,204,102,102,160,,,Handing over records and property to new Chairman on election,,,INFO,,"160. Handing over records and property to new Chairman on election.—

(1) On the election of a new Committee and its Chairman, the retiring Chairman, in whose place the new Chairman is elected, shall "
MH_ACT_1960_SEC_160A,MH_ACT_1960,child,173,102,102,160A,,,Members of State Legislature and certain local authorities not to be remunerated while,,,INFO,,"160A. Members of State Legislature and certain local authorities not to be remunerated while holding certain offices in societies.—

Notwithstanding anything contained in this Act or the rules or by-l"
MH_ACT_1960_SEC_160B,MH_ACT_1960,child,105,102,102,160B,,,"Members of committees not entitled to traveling allowance, daily allowance, etc., at a",,,INFO,,"160B. Members of committees not entitled to traveling allowance, daily allowance, etc., at a rate higher than maximum prescribed.—

Subject to the provisions of section 160A, no member of the committe"
MH_ACT_1960_SEC_161,MH_ACT_1960,child,155,102,103,161,,,Registrar and other officers to be public servants,,,INFO,,"161. Registrar and other officers to be public servants.—

The Registrar, a person exercising the powers of the Registrar, an officer as defined in clause

(20) of section 2, or a person appointed as "
MH_ACT_1960_SEC_162,MH_ACT_1960,child,51,103,103,162,,,"Indemnity for acts done, in good faith",,,INFO,,"162. Indemnity for acts done, in good faith.—

No suit, prosecution or other legal proceedings shall lie against the Registrar or any person subordinate to him or acting on his authority, in respect o"
MH_ACT_1960_SEC_163,MH_ACT_1960,child,205,103,103,163,,,Bar of jurisdiction of Courts,,,INFO,,"163. Bar of jurisdiction of Courts.—

(1) Save as expressly provided in this Act, no Civil or Revenue Court shall have any jurisdiction in respect of—

(a) the registration of a society or its by-laws"
MH_ACT_1960_SEC_164,MH_ACT_1960,child,88,103,103,164,,,Notice necessary in suits,,,INFO,,"164. Notice necessary in suits.—

No suit shall be instituted against a society, or any of its officers, in respect of any act touching the business of the society, until the expiration of two months "
MH_ACT_1960_SEC_165,MH_ACT_1960,parent,2,103,108,165,,,Rules,CONTEXT_PARENT;SHORT_CONTEXT_PARENT,,INFO,B_SHORT;D_TOP20_SHORT,165. Rules.—
MH_ACT_1960_SEC_165_SUB_1,MH_ACT_1960,child,48,103,103,165,,,Rules,,,INFO,,"(1) The State Government may, for the whole or any part of the State and for any society or class of societies, make rules for the conduct and regulation of the business of such society or class of so"
MH_ACT_1960_SEC_165_SUB_2,MH_ACT_1960,child,2756,103,108,165,,,Rules,LONG_CHUNK_NO_SAFE_SPLIT,,INFO,A_LONG;C_TOP20_LONG,"(2) In particular, and without prejudice to the generality of the foregoing power, such rules may-

(i) subject to the provisions of section, prescribe the designation of officers who shall exercise p"
MH_ACT_1960_SEC_165_SUB_3,MH_ACT_1960,child,23,108,108,165,,,Rules,,,INFO,,(3) The power to make rules conferred by this section is subject to the condition of the rules being made after previous publication.
MH_ACT_1960_SEC_165_SUB_4,MH_ACT_1960,child,57,108,108,165,,,Rules,,,INFO,,"(4) All rules made under this section shall be laid for not less than thirty days before each House of the State Legislature as soon as possible after they are made, and shall be subject to such modif"
MH_ACT_1960_SEC_166,MH_ACT_1960,child,397,108,109,166,,,"Repeal, saving and construction",,,INFO,,"166. Repeal, saving and construction.—

(1) The Bombay Cooperative Societies Act, 1925, in its application to the State of Maharashtra is hereby repealed :

Provided that, the repeal shall not affect "
MH_ACT_1960_SEC_167,MH_ACT_1960,child,103,109,110,167,,,Companies Act not to apply,,,INFO,,"167. Companies Act not to apply.—

For the removal of doubt, it is hereby declared that the provisions of the Companies Act, 1956, shall not apply to societies registered or deemed to be registered; u"
MH_ACT_1960_SEC_1,MH_ACT_1960,child,31,110,110,1,,,Short title and extent,MALFORMED_NUMBERING_HIERARCHY,,INFO,,"CHAPTER I

PRELIMINARY

1. Short title and extent.—

(1) These rules may be called the Maharashtra Co-operative Societies Rules, 1961.

(2) They extend to the whole of the State of Maharashtra."
MH_ACT_1960_SEC_2,MH_ACT_1960,parent,285,110,110,2,,,Definitions,,,INFO,,"2. Definitions.—

In these rules, unless the context otherwise requires,—

(a) ""Act"" means the Maharashtra Co-operative Societies Act, 1960;

(b) ""Apex co-operative bank means a federal co-operative b"
MH_ACT_1960_SEC_2_SUB_A,MH_ACT_1960,child,9,110,110,2,,a,Definitions,SHORT_COMPLETE_PROVISION,,INFO,B_SHORT,"(a) ""Act"" means the Maharashtra Co-operative Societies Act, 1960;"
MH_ACT_1960_SEC_2_SUB_B,MH_ACT_1960,child,29,110,110,2,,b,Definitions,,,INFO,,"(b) ""Apex co-operative bank means a federal co-operative bank having jurisdiction over the whole of the Maharashtra State and recognized as such by the State Government for the purpose;"
MH_ACT_1960_SEC_2_SUB_C,MH_ACT_1960,child,47,110,110,2,,c,Definitions,,,INFO,,"(c) ""Co-operative year"" means the year ending on the 30th day of June or in the case of any society or class of societies, the accounts of which are with the previous sanction of the Registrar, balanc"
MH_ACT_1960_SEC_2_SUB_D,MH_ACT_1960,child,23,110,110,2,,d,Definitions,,,INFO,,"(d) ""decree"" means any decree of a Civil Court, and includes any order, decision or award referred to in sub-section (1) section 156;"
MH_ACT_1960_SEC_2_SUB_E,MH_ACT_1960,child,9,110,110,2,,e,Definitions,DUPLICATE_TEXT;SHORT_COMPLETE_PROVISION,DUPLICATE_TEXT,INFO,B_SHORT,"(e) ""decree holder"" means any person holding a decree;"
MH_ACT_1960_SEC_2_SUB_F,MH_ACT_1960,child,9,110,110,2,,f,Definitions,DUPLICATE_TEXT;SHORT_COMPLETE_PROVISION,DUPLICATE_TEXT,INFO,B_SHORT,"(f) ""form"" means a form appended to these rules;"
MH_ACT_1960_SEC_2_SUB_G,MH_ACT_1960,child,72,110,110,2,,g,Definitions,,,INFO,,"(g) "" Record of Rights"" means;

(i) as respects the Bombay area of the State, the record of rights maintained under the Bombay Land Revenue Code, 1879;

(ii) as respects the Vidarbha region of the Sta"
MH_ACT_1960_SEC_2_SUB_H,MH_ACT_1960,child,20,110,110,2,,h,Definitions,,,INFO,,"(h) “Recovery officer” means any person empowered to exercise, in any district, the powers of the Registrar under section 156."
MH_ACT_1960_SEC_2_SUB_I,MH_ACT_1960,child,15,110,110,2,,i,Definitions,SHORT_COMPLETE_PROVISION,,INFO,B_SHORT,(i) “registered society “ means society registered or deemed to be registered under the Act;
MH_ACT_1960_SEC_2_SUB_J,MH_ACT_1960,child,34,110,110,2,,j,Definitions,,,INFO,,"(j) “sale officer” means an officer empowered by the Registrar, by general or special order to attach and sell the property of defaulters or to execute any decree by attachment and sale of property;"
MH_ACT_1960_SEC_2_SUB_K,MH_ACT_1960,child,8,110,110,2,,k,Definitions,SHORT_COMPLETE_PROVISION,,INFO,B_SHORT,"(k) “section” means a section of the Act,"
MH_ACT_1960_SEC_4_002,MH_ACT_1960,child,573,111,112,4,,,,STRUCTURE_UNCERTAIN,,INFO,E_STRUCTURE,"CHAPTER II

REGISTRATION

(3) Clause (3) Deleted

4.

(1) Application for Registration and Registration fee.—

(1) Every application for registration of a society under section 8 shall be made in Form"
MH_ACT_1960_SEC_5_002,MH_ACT_1960,child,157,112,112,5,,,Registration,,,INFO,,"5. Registration -

(1) On receipt of an application under Rule 4 the Registrar shall enter particulars of the application in the register of applications to be maintained in Form B give a serial numbe"
MH_ACT_1960_SEC_6_002,MH_ACT_1960,child,30,112,112,6,,,Form of report under section 9(2),,,INFO,,"6. Form of report under section 9(2).—

The report to be made by the Registrar to the State Government under sub-section (2) of Section 9 shall be in Form C."
MH_ACT_1960_SEC_7_002,MH_ACT_1960,child,44,112,112,7,,,Refusal of Registration,,,INFO,,"7. Refusal of Registration.—

Where any society does not furnish the information in regard to the society as required by the Registrar or fulfill any of the conditions laid down in the Act or these Ru"
MH_ACT_1960_SEC_8_002,MH_ACT_1960,parent,730,112,114,8,,,Matters in respect of which Registrar may direct society to make bye-laws or society may,,,INFO,,"8. Matters in respect of which Registrar may direct society to make bye-laws or society may make bye-laws.—

(1) The Registrar may require a society to make bye-laws in respect of all or any of the fo"
MH_ACT_1960_SEC_8_002_SUB_1,MH_ACT_1960,child,543,112,113,8,,,Matters in respect of which Registrar may direct society to make bye-laws or society may,,,INFO,,"(1) The Registrar may require a society to make bye-laws in respect of all or any of the following matters; mat is to say—

(a) The name of the society and address of the society and its branches;

(b"
MH_ACT_1960_SEC_8_002_SUB_2,MH_ACT_1960,child,169,114,114,8,,,Matters in respect of which Registrar may direct society to make bye-laws or society may,,,INFO,,"(2) A society may make bye-laws for all or any of the following matters, that is to say—

(a) The circumstances under which withdrawal from membership! may be permitted;

(b) The procedure to be follo"
MH_ACT_1960_SEC_9_002,MH_ACT_1960,child,30,114,114,9,,,First bye-laws of society,,,INFO,,"9. First bye-laws of society.—

When a society has been registered the bye-laws of the society as approved and registered by the Registrar shall be the bye-laws of the society."
MH_ACT_1960_SEC_10_002,MH_ACT_1960,child,424,115,116,10,,,Classification and sub-classification of societies,,,INFO,,"10. Classification and sub-classification of societies.—

(1) After registration of a society, the Registrar shall classify the society into one or other of the following classes and sub-classes of so"
MH_ACT_1960_SEC_11_002,MH_ACT_1960,child,22,116,116,11,,,Maintenance of register,,,INFO,,"11. Maintenance of register.—

(1) The register to be maintained by the Registrar under sub-section (4) of Section 9 shall be in"
MH_ACT_1960_FORM_D,MH_ACT_1960,parent,73,116,123,,,,Form D.,CONTEXT_PARENT,,INFO,,"Form D.

(2) The Registrar shall divide the register into parts, one for each district in the State. A society shall be registered in that pan for a district in which its head office is situated.

(3)"
MH_ACT_1960_FORM_D_SUB_1,MH_ACT_1960,child,320,116,116,,,,Form D.,,,INFO,,"12. Amendment of bye-laws.—

(1) Subject to the provisions of this rule, bye-laws of a society may be amended by passing a resolution at a general meeting of the society held for that purpose.

(2) Th"
MH_ACT_1960_FORM_D_SUB_2,MH_ACT_1960,child,306,117,117,,,,Form D.,MULTIPLE_FORMS_REVIEW,,INFO,,"13. Manner of calling upon society to make amendment to bye-laws—

(1) Subject to the provisions of this rule, the Registrar may by serving a notice in Form E call upon a society to make such amendmen"
MH_ACT_1960_FORM_D_SUB_3,MH_ACT_1960,child,117,117,117,,,,Form D.,,,INFO,,"14. Change in name of society.—

(1) The name of a society may be changed under Section I5 so however that it does not refer to any caste or religious denomination and is not inconsistent with the obj"
MH_ACT_1960_FORM_D_SUB_4,MH_ACT_1960,child,576,118,118,,,,Form D.,,,INFO,,"15. Change of liability.—

(1) The change of liability of a society from unlimited to limited, and vice versa or in terms of multiple of share capital, shall be secured by passing a resolution in that"
MH_ACT_1960_FORM_D_SUB_5,MH_ACT_1960,child,567,118,119,,,,Form D.,,,INFO,,"16. Amalgamation, transfer of assets and liabilities division or conversion of Societies.-

(1) Every society desiring to effect amalgamation, transfer of assets and liabilities, division or conversio"
MH_ACT_1960_FORM_D_SUB_6,MH_ACT_1960,child,475,119,120,,,,Form D.,,,INFO,,"17. Direction by Registrar for amalgamation, division and reorganization of societies.—

(1) Before issuing any order under sub-section (1) of section 18 providing for the amalgamation, division or re"
MH_ACT_1960_FORM_D_SUB_7,MH_ACT_1960,child,1630,120,122,,,,Form D.,LONG_CHUNK_NO_SAFE_SPLIT,,INFO,A_LONG;C_TOP20_LONG,"18. Reconstruction of a society.—

(1) An application for reconstruction of a society under section 19 may be made in Form H. On receipt of such application the Registrar may, taking into consideratio"
MH_ACT_1960_FORM_D_SUB_8,MH_ACT_1960,child,117,123,123,,,,Form D.,,,INFO,,"18. B. Purposes for investment of surplus by the Registrar.—

(1) The Registrar shall dispose of the surplus vested in him under rule 18A in any manner, at his discretion for the following purposes, n"
MH_ACT_1960_FORM_D_SUB_9,MH_ACT_1960,child,326,123,123,,,,Form D.,,,INFO,,"18C. Manner of issue of public notice of the proceedings of de-registration of society.—

(1) Where the number of members of the society is so large and it is not possible to ascertain the correct add"
MH_ACT_1960_SEC_19_002,MH_ACT_1960,child,202,124,124,19,,,Condition to be complied with for admission for membership etc,,,INFO,,"CHAPTER III

MEMBERS AND THEIR RIGHTS AND LIABILITIES

19. Condition to be complied with for admission for membership etc.-

No person shall be admitted as a member of a society unless;

(i) he has ap"
MH_ACT_1960_SEC_19_003,MH_ACT_1960,child,231,124,124,19,,,A Procedure for tendering application to the Registrar for membership under section,,,INFO,,"19. A Procedure for tendering application to the Registrar for membership under section 23(1A).-

(1) Where a society has refused to accept the application for membership from eligible person, such pe"
MH_ACT_1960_SEC_20_002,MH_ACT_1960,child,152,124,124,20,,,Procedure for admission of joint members and minors and persons of unsound mind,,,INFO,,"20. Procedure for admission of joint members and minors and persons of unsound mind inheriting the share or interest of deceased member.—

(1) A society may admit joint members provided they make a de"
MH_ACT_1960_SEC_21_002,MH_ACT_1960,child,252,125,125,21,,,Withdrawal of Membership,,,INFO,,"21. Withdrawal of Membership.-

(1) Subject to the provisions of the Act, the rules and the bye-laws of the society, a member may withdraw from the society after giving three months notice to the Secr"
MH_ACT_1960_SEC_22_002,MH_ACT_1960,child,324,125,125,22,,,Voting rights of individual members in a Federal Society,,,INFO,,"22. Voting rights of individual members in a Federal Society.-

(1) In the case of federal societies, the voting rights of individual members (which term shall include firm, company or body corporate,"
MH_ACT_1960_SEC_23_002,MH_ACT_1960,child,228,125,126,23,,,Valuation of Shares,,,INFO,,"23. Valuation of Shares.—

(1) Where a member of society ceases to be a member thereof, the sum representing the value of his share or interest in the share capital of the society to be paid to him or"
MH_ACT_1960_SEC_24_002,MH_ACT_1960,child,110,126,126,24,,,Procedure for transfer of shares,,,INFO,,"24. Procedure for transfer of shares.—

(1) No transfer of share a shall be effective unless,-

(a) it is made in accordance with the provisions of the bye-laws;

(b) a clear fifteen day s notice in w"
MH_ACT_1960_SEC_25_002,MH_ACT_1960,child,234,126,126,25,,,Nomination of persons,,,INFO,,"25. Nomination of persons.-

(1) For the purpose of transfer of his share or interest under sub-section (1) of section 30, a member of a society may, by a document signed by him or by making a stateme"
MH_ACT_1960_SEC_26_002,MH_ACT_1960,child,39,126,126,26,,,Registration of nominations,,,INFO,,"26. Registration of nominations.—

The name and address of every person nominated for the purposes of sub-section (1) of section 30 and any revocation or variation of such nomination shall be entered "
MH_ACT_1960_SEC_27_002,MH_ACT_1960,child,216,127,127,27,,,Supply of copies of documents by societies and fees therefore,,,INFO,,"27. Supply of copies of documents by societies and fees therefore.—

(1) A member of a society requiring a copy of any of the documents mentioned in subsection (1), of section 32, may apply to the soc"
MH_ACT_1960_SEC_28_002,MH_ACT_1960,child,104,127,127,28,,,Expulsion of Members,,,INFO,,"28. Expulsion of Members.—

Any member who has been persistently defaulting payment of his dues or has been failing to comply with the provisions of the bye-laws regarding sales of his produce through"
MH_ACT_1960_SEC_29_002,MH_ACT_1960,child,217,127,127,29,,,Procedure for Expulsion of Member,,,INFO,,"29. Procedure for Expulsion of Member.—

(1) Where any member of a society proposes to bring resolution for expulsion of any other member he shall give a written notice thereof, to the Chairman of the"
MH_ACT_1960_SEC_30_002,MH_ACT_1960,child,173,128,128,30,,,Inspection of documents in the Registrars office by members of societies and the scale of,,,INFO,,"30. Inspection of documents in the Registrars office by members of societies and the scale of fees for supply of copies of documents.—

A member of a society or any member of the public may inspect th"
MH_ACT_1960_SEC_31_002,MH_ACT_1960,child,233,129,129,31,,,Procedure for change of address of societies,,,INFO,,"CHAPTER IV

INCORPORATION, DUTIES AND PRIVILEGES OF SOCIETIES

31. Procedure for change of address of societies.—

(1) Every society shall communicate in writing to the Registrar its postal address as"
MH_ACT_1960_SEC_32_002,MH_ACT_1960,child,24,129,129,32,,,Register of Members,,,INFO,,"32. Register of Members.—

The register of members to be kept by every society under sub-section (1) of section 38 shall be Form T."
MH_ACT_1960_SEC_33_002,MH_ACT_1960,child,21,129,129,33,,,List of Members,,,INFO,,"33. List of Members.-

The list of members to be kept by every society under section 39 shall be form J"
MH_ACT_1960_SEC_34_002,MH_ACT_1960,child,47,129,129,34,,,Certified copies of entries in books of societies,,,INFO,,"34. Certified copies of entries in books of societies.-

For the purposes of section 40, copies of any entries referred to in that section may be certified by any officer of the society duly authorise"
MH_ACT_1960_SEC_35_002,MH_ACT_1960,child,287,129,129,35,,,Conditions for harrowing by societies with limited liability,,,INFO,,"35. Conditions for harrowing by societies with limited liability.—

(1) No society other than those referred to in rule 36 and 37 with limited liability shall, without the previous sanction of the Reg"
MH_ACT_1960_SEC_36_002,MH_ACT_1960,child,180,130,130,36,,,Conditions for borrowing of Maharashtra State Co-operative Bank,,,INFO,,"36. Conditions for borrowing of Maharashtra State Co-operative Bank.—

Except with the previous sanction of the Registrar, the Maharashtra State Cooperative Bank Limited shall not incur liabilities ex"
MH_ACT_1960_SEC_37_002,MH_ACT_1960,child,36,130,130,37,,,Conditions for borrowing of Land Development Banks,,,INFO,,"37. Conditions for borrowing of Land Development Banks.-

Land Development Banks may incur liabilities not exceeding in total twenty times the total amount of their paid-up share capital, accumulated "
MH_ACT_1960_SEC_38_002,MH_ACT_1960,child,117,130,130,38,,,Loans and deposits from non-members in unlimited liability Societies,,,INFO,,"38. Loans and deposits from non-members in unlimited liability Societies.-

Every Society with unlimited liability shall, from time to time, fix in a general meeting the maximum liability, which it ma"
MH_ACT_1960_SEC_39_002,MH_ACT_1960,child,290,130,130,39,,,Raising funds by societies,,,INFO,,"39. Raising funds by societies.-

(1) Every society, which has a share capital, shall provide in the bye-laws the maximum amount of such share capital, the number of shares into which it is divided, t"
MH_ACT_1960_SEC_41_002,MH_ACT_1960,child,75,130,130,41,,,Maintenance of liquid resource and distribution of assets,,,INFO,,"41. Maintenance of liquid resource and distribution of assets.-

Every society which obtains any portion of its working capital by deposits shall;

(1) maintain such liquid resources and in such form "
MH_ACT_1960_SEC_42_002,MH_ACT_1960,parent,577,131,131,42,,,Regulation of loans to be granted by societies,,,INFO,,"42. Regulation of loans to be granted by societies.—

(1) In case of grant of loans against security of movable and immovable property, the lending society shall maintain such margin as the Registrar "
MH_ACT_1960_SEC_42_002_SUB_1,MH_ACT_1960,child,52,131,131,42,,,Regulation of loans to be granted by societies,,,INFO,,"(1) In case of grant of loans against security of movable and immovable property, the lending society shall maintain such margin as the Registrar may, with the approval of the Apex Bank, by general or"
MH_ACT_1960_SEC_42_002_SUB_2,MH_ACT_1960,child,41,131,131,42,,,Regulation of loans to be granted by societies,,,INFO,,"(2) In case of cash credit, the amount of loan shall not exceed such multiple of owned funds of the borrowing society as may be laid down by the Registrar with the approval of concerned financing agen"
MH_ACT_1960_SEC_42_002_SUB_3,MH_ACT_1960,child,94,131,131,42,,,Regulation of loans to be granted by societies,,,INFO,,(3) It shall be lawful for a society to grant loans without taking security of movable or immovable property if the purpose for which the loan given is considered production worthy or creditworthy and
MH_ACT_1960_SEC_42_002_SUB_4,MH_ACT_1960,child,100,131,131,42,,,Regulation of loans to be granted by societies,,,INFO,,(4) The Registrar may recognize a Central Bank as the Central Financing Agency which shall be primarily responsible for financing credit requirements of all creditworthy purposes through the concerned
MH_ACT_1960_SEC_42_002_SUB_5,MH_ACT_1960,child,77,131,131,42,,,Regulation of loans to be granted by societies,,,INFO,,"(5) Except with the general or special permission of the Registrar, the loan advanced to a member by a society, or to a society by a Bank, shall be subject to such conditions as may be laid down by th"
MH_ACT_1960_SEC_42_002_SUB_6,MH_ACT_1960,child,36,131,131,42,,,Regulation of loans to be granted by societies,,,INFO,,(6) No Society shall carry on transactions on credit or sanction trade credit to its members or to non-members except in accordance with the general directions that may be issued be the Registrar in t
MH_ACT_1960_SEC_42_002_SUB_7,MH_ACT_1960,child,114,131,131,42,,,Regulation of loans to be granted by societies,,,INFO,,"(7) In the matter of grant of loans to societies by Central Banks or to members by Primary societies, the Registrar may lay down with the approval of the Central Banks, the procedure regarding receivi"
MH_ACT_1960_SEC_42_002_SUB_8,MH_ACT_1960,child,54,131,131,42,,,Regulation of loans to be granted by societies,,,INFO,,(8) The Registrar may with the approval of the Apex Bank by general or special order prohibit or regulate grant of loans by a Central Bank or a society where such grant is considered neither in the in
MH_ACT_1960_SEC_43_002,MH_ACT_1960,child,163,131,131,43,,,Conditions to be complied with by members applying for Loans,,,INFO,,"43. Conditions to be complied with by members applying for Loans.-

(1) Every member of a society applying for a loan from the society shall be required to hold shares in such manner and in such propo"
MH_ACT_1960_SEC_44_002,MH_ACT_1960,child,128,132,132,44,,,Credit limits by non-credit societies,,,INFO,,"44. Credit limits by non-credit societies.-

(1) No society whose objects do not include grant of loan or financial accommodation to its members shall grant loans or sanction credit to any member with"
MH_ACT_1960_SEC_45_002,MH_ACT_1960,child,229,132,132,45,,,Restrictions on borrowing from more than one credit society,,,INFO,,"45. Restrictions on borrowing from more than one credit society.—

(1) Every person who is a member of more than one resource society (other than a Land Development Bank or a Central Bank or a marketi"
MH_ACT_1960_SEC_45_A,MH_ACT_1960,child,117,132,132,45-A,,,Limits on loans against fixed deposits,,,INFO,,"45-A. Limits on loans against fixed deposits.-

(1) When a society makes a loan to a depositor on the security of his fixed deposit with the society, the amount of loan shall not exceed 90 per cent of"
MH_ACT_1960_SEC_46_002,MH_ACT_1960,child,182,132,132,46,,,Manner of recalling of loan,,,INFO,,"46. Manner of recalling of loan.-

(1) Notwithstanding anything contained in the agreement entered into with the borrowing member, the committee of a society shall be entitled, after giving a weeks no"
MH_ACT_1960_SEC_46A,MH_ACT_1960,child,66,132,133,46A,,,Restrictions on borrowings from non-members,,,INFO,,"46A. Restrictions on borrowings from non-members.—

No society shall receive or raise loans from non-members (including any banking company other than the Central Bank), unless specially authorised by"
MH_ACT_1960_SEC_46_B,MH_ACT_1960,child,61,133,133,46-B,,,Restrictions on credit sales to non-members,,,INFO,,"46-B. Restrictions on credit sales to non-members.-

Where the bye-laws of a society permit credit sales, such sales may be made to traders and other non-members, provided that the person to whom such"
MH_ACT_1960_SEC_47_002,MH_ACT_1960,child,77,133,133,47,,,Restrictions on transactions with non-members,,,INFO,,"47. Restrictions on transactions with non-members.-

On the application of a member of any society or of his own motion, when it appears to the Registrar that it is necessary in the interest of the wo"
MH_ACT_1960_SEC_48_002,MH_ACT_1960,child,291,133,133,48,,,Form of declaration be made by members borrowing loans from certain societies and,,,INFO,,"48. Form of declaration be made by members borrowing loans from certain societies and conditions on which any charge in favour of a society shall be satisfied.—

(1) A declaration to be made under cla"
MH_ACT_1960_SEC_49_002,MH_ACT_1960,child,313,134,134,49,,,Writing off of bad debts and losses,,,INFO,,"CHAPTER V

PROPERTY AND FUNDS OF SOCIETIES

49. Writing off of bad debts and losses.—

All loans including interest thereon and recovery charges in respect thereof which are found irrecoverable and ar"
MH_ACT_1960_SEC_49A,MH_ACT_1960,child,306,134,135,49A,,,Calculation of net profits,,,INFO,,"49A. Calculation of net profits.-

(1) A society shall calculate the net profits by deducting the following from the gross profits for the year—

(i) All interest accrued and accruing on amounts of ov"
MH_ACT_1960_SEC_50_002,MH_ACT_1960,child,100,135,135,50,,,Appropriations of profits,,,INFO,,"50. Appropriations of profits.—

(1) The other purposes for which a society may, appropriate its profits shall be education and enlightenment of the members of the society as also any co-operative or "
MH_ACT_1960_SEC_51_002,MH_ACT_1960,child,146,135,135,51,,,Amounts to be deducted by a society from its profits before arriving at its net profits,,,INFO,,"51. Amounts to be deducted by a society from its profits before arriving at its net profits.—

In addition to the sums referred to in sub-section (1) of section 65, the following sums shall be deducte"
MH_ACT_1960_SEC_52_002,MH_ACT_1960,child,167,135,135,52,,,Bonus and Dividend Equalization Fund,,,INFO,,"52. Bonus and Dividend Equalization Fund.-

(1) A society may create out of its profits a fund to be called the Bonus Equalization Fund for payment of bonus to persons other than its paid employees wh"
MH_ACT_1960_SEC_53_002,MH_ACT_1960,child,1402,136,139,53,,,Rate of annual contribution to education fund of Slate Federal Society,LONG_CHUNK_NO_SAFE_SPLIT,,INFO,A_LONG,"53. Rate of annual contribution to education fund of Slate Federal Society.-

The rate at which the classes of societies specified under column (2) of the Table below shall contribute annually under s"
MH_ACT_1960_SEC_53_B,MH_ACT_1960,parent,13,139,141,53-B,,,Manner of contributions to be made under the rule 53,CONTEXT_PARENT;SHORT_CONTEXT_PARENT,,INFO,B_SHORT,53-B. Manner of contributions to be made under the rule 53 – A
MH_ACT_1960_SEC_53_B_SUB_1,MH_ACT_1960,child,57,139,139,53-B,,,Manner of contributions to be made under the rule 53,,,INFO,,"(1) The Apex Society which has been notified by the State Government under subsection (3) of section 69-A shall open an account in the name of the ""Co-operative State Cadre Employment Fund"" establishe"
MH_ACT_1960_SEC_53_B_SUB_2,MH_ACT_1960,child,76,139,139,53-B,,,Manner of contributions to be made under the rule 53,,,INFO,,"(2) The amount of annual contribution payable under rule 53A by the Maharashtra State Co-operative Bank Limited, Bombay, and the Maharashtra State Co-operative Land Development Bank Limited, Bombay fo"
MH_ACT_1960_SEC_53_B_SUB_3,MH_ACT_1960,child,128,139,139,53-B,,,Manner of contributions to be made under the rule 53,,,INFO,,"(3) The Auditor of-

(a) the Maharashtra State Co-operative Marketing Federation Limited, Bombay,

(b) Every District Central Co-operative Bank (other than the Bombay District Central Co-operative Ban"
MH_ACT_1960_SEC_53_B_SUB_4,MH_ACT_1960,child,60,139,139,53-B,,,Manner of contributions to be made under the rule 53,,,INFO,,"(4) The Director of Sugar, Maharashtra State, shall rectify the amount of annual contribution payable under rule 53-A by every sugar factory (other than a co-operative sugar factory) and send the cert"
MH_ACT_1960_SEC_53_B_SUB_5,MH_ACT_1960,child,78,140,140,53-B,,,Manner of contributions to be made under the rule 53,,,INFO,,"(5) Within fifteen days from the date of receipt of a certificate sent under sub-rule (3) or (4), the State Level Caderisation Committee or, as the case may be, the relevant Central Society, shall ser"
MH_ACT_1960_SEC_53_B_SUB_6,MH_ACT_1960,child,131,140,140,53-B,,,Manner of contributions to be made under the rule 53,,,INFO,,"(6) On receipt of the notice of demand under sub-rule (5), the Maharashtra state Co-operative Marketing Federation, every society and every sugar factory (other than a co-operative sugar factory) shal"
MH_ACT_1960_SEC_53_B_SUB_7,MH_ACT_1960,child,255,140,140,53-B,,,Manner of contributions to be made under the rule 53,,,INFO,,"(7) Before the 15th day of August next following the end of each co-operative year, every Primary Agricultural Credit Society shall furnish to the relevant Central Society such information as may be n"
MH_ACT_1960_SEC_53_B_SUB_8,MH_ACT_1960,child,260,140,140,53-B,,,Manner of contributions to be made under the rule 53,,,INFO,,(8) Where any society (including the Primary Agricultural Credit Society and Co-operative Sugar Factory) which has received any loan from any District Central Co-operative Bank or the Maharashtra Stat
MH_ACT_1960_SEC_53_B_SUB_9,MH_ACT_1960,child,183,140,141,53-B,,,Manner of contributions to be made under the rule 53,,,INFO,,"(9) Notwithstanding any thing contained in sub-rules (2), (3) (4), (6) and (7)-

(a) the certificate to be sent by the auditor under sub-rule (3) and the certificate to be sent by the Director of Suga"
MH_ACT_1960_SEC_53_B_SUB_10,MH_ACT_1960,child,142,141,141,53-B,,,Manner of contributions to be made under the rule 53,,,INFO,,(10) The relevant Central Society shall maintain banks of accounts of the annual contributions due from each society which operates in the area of its operation and each Sugar Factory situated in that
MH_ACT_1960_SEC_53_B_SUB_11,MH_ACT_1960,child,69,141,141,53-B,,,Manner of contributions to be made under the rule 53,,,INFO,,"(11) A periodical statement of accounts of the moneys credits into the ""Cooperative State Cadre Employment Fund"" accounts with each District Central Co-operative Bank shall be sent by that Bank to the"
MH_ACT_1960_SEC_53_B_SUB_12,MH_ACT_1960,child,173,141,141,53-B,,,Manner of contributions to be made under the rule 53,,,INFO,,"(12) Where any society or Sugar factory fails to pay the annual contribution as provided in the preceding sub-rules, the State Level Caderisation Committee, in the case of the Maharashtra State Co-ope"
MH_ACT_1960_SEC_54_002,MH_ACT_1960,child,287,141,142,54,,,Utilisation and investment of reserve fund,,,INFO,,"54. Utilisation and investment of reserve fund.—

(1) A society shall, in addition to the modes specified in clause (a) to (d) of section 70, invest or deposit reserve fund in any one or more of the f"
MH_ACT_1960_SEC_55_002,MH_ACT_1960,child,377,142,142,55,,,Investment of other funds,,,INFO,,"55. Investment of other funds.—

(1) A society may invest any of its funds (other than the reserve fund) in any of the modes specified in section 70 when such funds are not utilised for the business o"
MH_ACT_1960_SEC_56_002,MH_ACT_1960,child,130,143,143,56,,,Maintenance and administration of provident fund,,,INFO,,"56. Maintenance and administration of provident fund.—

A society which has established a provident fund for its employees under section 71, that with the previous approval of the Registrar, frame reg"
MH_ACT_1960_CONTEXT_235,MH_ACT_1960,child,937,144,145,,,,,LONG_CHUNK_NO_SAFE_SPLIT;SECTION_IDENTIFIER_MISSING;STRUCTURE_UNCERTAIN,MISSING_STRUCTURAL_ID,REVIEW,A_LONG;E_STRUCTURE,"CHAPTER V - A

ELECTION TO NOTIFIED SOCIETIES, ETC

56 - A Manner of election to notified Societies.-

(1) The elections of the societies notified by the State Government under Section 73-IC. shall be"
MH_ACT_1960_SEC_56B,MH_ACT_1960,child,303,145,145,56B,,,Provisional list of voters,,,INFO,,"56B. Provisional list of voters.—

(1) A provisional list of voters shall be prepared by every notified society in the year in which the election of such society is due to be held. The persons who are"
MH_ACT_1960_SEC_56C,MH_ACT_1960,child,223,145,146,56C,,,Particulars to be included in the provisional list of voters,,,INFO,,"56C. Particulars to be included in the provisional list of voters.-

(1) The provisional list of voters in case of individual share holders, shall contain the name, fathers or husbands name, surname, "
MH_ACT_1960_SEC_56D,MH_ACT_1960,child,211,146,146,56D,,,"Claims and objections to the provisional list of votes, and the final list of voters",,,INFO,,"56D. Claims and objections to the provisional list of votes, and the final list of voters.—

(1) When any provisional list of voters is published for inviting claims and objections, any omission or er"
MH_ACT_1960_SEC_56E,MH_ACT_1960,child,154,146,146,56E,,,"Appointment of Returning Officers, Assistant Returning Officers and such other Officers",,,INFO,,"56E. Appointment of Returning Officers, Assistant Returning Officers and such other Officers required to conduct the elections.—

The Registrar or the Chief Election Officer or the District Election O"
MH_ACT_1960_SEC_56F,MH_ACT_1960,child,50,146,146,56F,,,General duty of Returning Officer,,,INFO,,"56F. General duty of Returning Officer.—

It shall be the general duty of the Returning, Officer at any election to do all such acts and things as may be necessary for effectually conducting the elect"
MH_ACT_1960_SEC_56G,MH_ACT_1960,child,64,146,146,56G,,,Polling stations,,,INFO,,"56G. Polling stations.—

The Returning Officer shall, if necessary, provide a sufficient number of polling stations or any constituency, for which election is to be held and shall publish on the notic"
MH_ACT_1960_SEC_56H,MH_ACT_1960,child,216,146,147,56H,,,Appointment of Presiding Officer and Polling Officer,,,INFO,,"56H. Appointment of Presiding Officer and Polling Officer.-

(1) The Returning Officer shall appoint a Presiding Officer for each polling station and such polling officer or officers as he thinks nece"
MH_ACT_1960_SEC_56I,MH_ACT_1960,child,108,147,147,56I,,,General duty of Presiding Officer and Polling Officer,,,INFO,,"56I. General duty of Presiding Officer and Polling Officer.—

(1) It shall be the general duty of the Presiding Officer at a polling station to keep law and order and to see that the poll is fairly ta"
MH_ACT_1960_SEC_56J,MH_ACT_1960,child,413,147,147,56J,,,"Appointment of dates etc., for various stages of an election",,,INFO,,"56J. Appointment of dates etc., for various stages of an election.—

(1) The Returning Officer, with prior approval of the Registrar or, the District Election Officer, as the case may be, shall draw a"
MH_ACT_1960_SEC_56K,MH_ACT_1960,child,416,147,148,56K,,,Manner of publication of election program under rule 56 K,STRUCTURE_UNCERTAIN,,INFO,E_STRUCTURE,"56K. Manner of publication of election program under rule 56 K

(1) The Returning Officer shall send a copy of the election program declared under rule 56J in Form M-3 to the society either by special"
MH_ACT_1960_SEC_56M,MH_ACT_1960,child,303,148,148,56M,,,Nomination of candidates,,,INFO,,"56M. Nomination of candidates –

(1) any person may be nominated as the candidate for election to fill a seat, if he is qualified to be chosen to fill that seat under the provisions of the Act, these "
MH_ACT_1960_SEC_56N,MH_ACT_1960,child,459,149,149,56N,,,Presentation of nomination paper and requirements for valid nominations,STRUCTURE_UNCERTAIN,,INFO,E_STRUCTURE,"56N. Presentation of nomination paper and requirements for valid nominations.—

(1) On or before the date appointed under rule S6J, each candidate shall either in person or by his proposer, deliver to"
MH_ACT_1960_SEC_56P,MH_ACT_1960,child,137,149,149,56P,,,Deposit,,,INFO,,"56P. Deposit.—

A candidate shall not be deemed to be duly nominated for election from a constituency unless he deposits or causes to be deposited with the Returning Officer a sum of Rs. 25 in cash an"
MH_ACT_1960_SEC_56Q,MH_ACT_1960,child,118,149,149,56Q,,,Notice of nomination and time and place for the scrutiny,,,INFO,,"56Q. Notice of nomination and time and place for the scrutiny.—

The Returning Officer shall on receiving the nomination paper under rule 56N, inform the person or persons delivering the same, of the "
MH_ACT_1960_SEC_56R,MH_ACT_1960,parent,477,150,150,56R,,,Scrutiny of nomination papers,,,INFO,,"56R. Scrutiny of nomination papers.—

(1) On the date fixed for the scrutiny of nomination papers under rule 56J, the candidates, one proposer of each candidate duly authorised in writing by each cand"
MH_ACT_1960_SEC_56R_SUB_1,MH_ACT_1960,child,82,150,150,56R,,,Scrutiny of nomination papers,,,INFO,,"(1) On the date fixed for the scrutiny of nomination papers under rule 56J, the candidates, one proposer of each candidate duly authorised in writing by each candidate, may attend at the time and plac"
MH_ACT_1960_SEC_56R_SUB_2,MH_ACT_1960,child,129,150,150,56R,,,Scrutiny of nomination papers,,,INFO,,"(2) The Returning Officer shall than examine the nomination papers and shall decide all objections which may be made to any nomination and may, either on such objection or on his own motion, after suc"
MH_ACT_1960_SEC_56R_SUB_3,MH_ACT_1960,child,58,150,150,56R,,,Scrutiny of nomination papers,,,INFO,,"(3) Nothing contained in clause (c) or (d) of sub-rule (2), shall be deemed to authorize the rejection of the nomination of any candidate on the ground of any irregularity in respect of a nomination p"
MH_ACT_1960_SEC_56R_SUB_4,MH_ACT_1960,child,23,150,150,56R,,,Scrutiny of nomination papers,,,INFO,,(4) The Returning Officer shall not reject any nomination paper on the ground of any defect which is not of a substantial character.
MH_ACT_1960_SEC_56R_SUB_5,MH_ACT_1960,child,99,150,150,56R,,,Scrutiny of nomination papers,,,INFO,,"(5) The Returning Officer shall hold the scrutiny on the date appointed in this behalf under rule 56J, and shall not allow any adjournment of the proceedings, except when such proceedings are interrup"
MH_ACT_1960_SEC_56R_SUB_6,MH_ACT_1960,child,81,150,150,56R,,,Scrutiny of nomination papers,,,INFO,,"(6) The Returning Officer shall endorse on each, nomination paper his decision accepting or rejecting the same and, if the nomination paper is rejected, he shall record in writing a brief statement of"
MH_ACT_1960_SEC_56S,MH_ACT_1960,child,110,150,150,56S,,,Publication of list of valid nominations,,,INFO,,"56S. Publication of list of valid nominations.—

Immediately after all the nomination papers have been scrutinized and the decision, accepting or rejecting the same has been recorded, the Returning Of"
MH_ACT_1960_SEC_56T,MH_ACT_1960,child,53,150,150,56T,,,Withdrawal of candidature,,,INFO,,"56T. Withdrawal of candidature.—

(1) Any candidate may withdraw his candidature by application in writing and deliver it personally to the Returning Officer within the stipulated time as specified in"
MH_ACT_1960_SEC_56U,MH_ACT_1960,child,507,151,151,56U,,,Preparation of list of contesting candidates,STRUCTURE_UNCERTAIN,,INFO,E_STRUCTURE,"56U. Preparation of list of contesting candidates.—

(1) On the day next succeeding the last date fixed for withdrawal of candidature, the Returning Officer shall prepare and publish in Form M-5, a li"
MH_ACT_1960_SEC_56W,MH_ACT_1960,child,159,151,151,56W,,,Death of candidate before poll,,,INFO,,"56W. Death of candidate before poll.—

If a contesting candidate dies and a report of his death is received by the Returning Officer before the commencement of the poll, the Returning Officer shall, u"
MH_ACT_1960_SEC_56X,MH_ACT_1960,child,108,151,152,56X,,,Uncontested elections,,,INFO,,"56X. Uncontested elections.— If after the expiry of the period within which candidatures may be withdrawn under rule 56T, the number of candidates in the constituency whose nominations have been accep"
MH_ACT_1960_SEC_56Y,MH_ACT_1960,child,34,152,152,56Y,,,Manner of voting at elections,,,INFO,,"56Y. Manner of voting at elections.—

At every election where a poll is taken, votes shall be given by secret ballot in the manner hereinafter provided and no votes shall be allowed by proxy."
MH_ACT_1960_SEC_56Z,MH_ACT_1960,child,5644,152,161,56Z,,,Ballot Box,LONG_CHUNK_NO_SAFE_SPLIT;STRUCTURE_UNCERTAIN,,INFO,A_LONG;E_STRUCTURE;C_TOP20_LONG,"56Z. Ballot Box —

Every ballot box shall be of such design as may be approved by the Chief Election Officer.

56A-1. Form of ballot paper.—

Every ballot paper shall be in Form M-10 and the names of "
MH_ACT_1960_SEC_57_002,MH_ACT_1960,child,117,162,162,57,,,"Prohibition against being interested in contracts, etc.,",,,INFO,,"CHAPTER VI

MANAGEMENT OF SOCIETIES

57. Prohibition against being interested in contracts, etc.,—

(1) No officer of a society shall have any interest, directly or indirectly otherwise than as such O"
MH_ACT_1960_SEC_57A,MH_ACT_1960,parent,10,162,164,57A,,,Motion of no-confidence against the officers of the society,CONTEXT_PARENT;SHORT_CONTEXT_PARENT,,INFO,B_SHORT,57A. Motion of no-confidence against the officers of the society.—
MH_ACT_1960_SEC_57A_SUB_1,MH_ACT_1960,child,157,162,162,57A,,,Motion of no-confidence against the officers of the society,,,INFO,,"(1) The requisition to call the special meeting of the committee of a society to consider a motion of no-confidence against the President, Vice-President, Chairman, Vice-Chairman, Secretary, Treasurer"
MH_ACT_1960_SEC_57A_SUB_2,MH_ACT_1960,child,409,162,163,57A,,,Motion of no-confidence against the officers of the society,,,INFO,,(2) The requisition referred to in sub-rule (1) shall be delivered in person to the Registrar. Such requisition or requisitions shall be delivered in duplicate in each case. The Registrar on ascertain
MH_ACT_1960_SEC_57A_SUB_3,MH_ACT_1960,child,54,163,163,57A,,,Motion of no-confidence against the officers of the society,,,INFO,,"(3) Notwithstanding anything contained in the bye-laws of the society regarding the procedure for convening and holding meeting and recording of minutes, the procedure adopted by the Registrar, the Pr"
MH_ACT_1960_SEC_57A_SUB_4,MH_ACT_1960,child,140,163,163,57A,,,Motion of no-confidence against the officers of the society,,,INFO,,"(4) If the Registrar deems it necessary, he shall require any officer of the society to furnish any information to him and it shall be obligatory on the part of such officer to furnish such informatio"
MH_ACT_1960_SEC_57A_SUB_5,MH_ACT_1960,child,51,163,163,57A,,,Motion of no-confidence against the officers of the society,,,INFO,,"(5) The time of the meeting shall be between office hours of the authorised officer. The meeting shall be held either in the office of the society or at any other place which may, as far as possible, "
MH_ACT_1960_SEC_57A_SUB_6,MH_ACT_1960,child,17,163,163,57A,,,Motion of no-confidence against the officers of the society,SHORT_COMPLETE_PROVISION,,INFO,B_SHORT,"(6) No other subject, except the motion or motions of no-confidence shall be kept on the agenda."
MH_ACT_1960_SEC_57A_SUB_7,MH_ACT_1960,child,520,163,164,57A,,,Motion of no-confidence against the officers of the society,,,INFO,,"(7) The Registrar or the officer authorised to preside over the meeting shall,—

(a) Announce or cause to be announced the commencement of the meeting,

(b) Take possession of the minute book of the c"
MH_ACT_1960_SEC_58_002,MH_ACT_1960,child,306,164,164,58,,,Disqualification for membership of Committee,,,INFO,,"58. Disqualification for membership of Committee.—

(1) No person shall be eligible for appointment, or election or nomination or co-option or being continued as member of the committee or District Lo"
MH_ACT_1960_SEC_59_002,MH_ACT_1960,child,169,164,165,59,,,First general meeting,,,INFO,,"59. First general meeting.—

(1) Within three months from the date of registration of a society, the Chief Promoter thereof, shall convene the first general meeting of all persons who had joined in th"
MH_ACT_1960_SEC_60_002,MH_ACT_1960,parent,537,165,165,60,,,General Meeting,,,INFO,,"60. General Meeting.—

(1) All general meeting of a society excepting the first general meeting shall be convened by the Secretary or any other officer authorised by and under the bye-laws to convene "
MH_ACT_1960_SEC_60_002_SUB_1,MH_ACT_1960,child,99,165,165,60,,,General Meeting,,,INFO,,(1) All general meeting of a society excepting the first general meeting shall be convened by the Secretary or any other officer authorised by and under the bye-laws to convene such meetings under int
MH_ACT_1960_SEC_60_002_SUB_2,MH_ACT_1960,child,27,165,165,60,,,General Meeting,,,INFO,,(2) No general meeting shall be held or proceeded with unless the number of members required to form a quorum as specified in the bye-laws are present.
MH_ACT_1960_SEC_60_002_SUB_3,MH_ACT_1960,child,91,165,165,60,,,General Meeting,,,INFO,,(3) The Secretary or any other officer convening the meeting shall read out of the notice convening the meeting and the agenda for the meeting and than the subjects shall be taken up for consideration
MH_ACT_1960_SEC_60_002_SUB_4,MH_ACT_1960,child,28,165,165,60,,,General Meeting,,,INFO,,"(4) When the members are divided on any resolution, any member may demand a poll, when a poll is demanded; the President shall put the resolution for vote."
MH_ACT_1960_SEC_60_002_SUB_5,MH_ACT_1960,child,61,165,165,60,,,General Meeting,,,INFO,,"(5) Voting may be by show of hands or by ballot as may be decided by the members present at the meeting, unless otherwise specified in the bye-laws. Notwithstanding any thing contained in the bye-laws"
MH_ACT_1960_SEC_60_002_SUB_6,MH_ACT_1960,child,25,165,165,60,,,General Meeting,,,INFO,,"(6) When a voting is to be by ballot, the President shall take necessary steps for the issue of ballot papers and counting of votes."
MH_ACT_1960_SEC_60_002_SUB_7,MH_ACT_1960,child,11,165,165,60,,,General Meeting,DUPLICATE_TEXT;SHORT_COMPLETE_PROVISION,DUPLICATE_TEXT,INFO,B_SHORT,(7) The result of voting shall be announced by the President.
MH_ACT_1960_SEC_60_002_SUB_8,MH_ACT_1960,child,52,165,165,60,,,General Meeting,,,INFO,,"(8) If all the business in the agenda cannot be transacted on the date on which the general meeting is held, the meeting may be postponed to any other suitable date not later than 30 days from the dat"
MH_ACT_1960_SEC_60_002_SUB_9,MH_ACT_1960,child,19,165,165,60,,,General Meeting,DUPLICATE_TEXT;SHORT_COMPLETE_PROVISION,DUPLICATE_TEXT,INFO,B_SHORT,(9) The remaining subject or subjects on the agenda shall be taken up for consideration at the postponed meeting.
MH_ACT_1960_SEC_60_002_SUB_10,MH_ACT_1960,child,69,165,165,60,,,General Meeting,,,INFO,,"(10) If the general meeting cannot be held for want of quorum, it shall be adjourned to a later hour on the same day as may have been specified in the notice calling the meeting or to a subsequent dat"
MH_ACT_1960_SEC_60_002_SUB_11,MH_ACT_1960,child,52,165,165,60,,,General Meeting,,,INFO,,"(11) No resolution regarding expulsion of a member of the society, removal of a member of the committee or amendment of bye-laws shall be brought forward in any general meeting, unless due notice ther"
MH_ACT_1960_SEC_61_002,MH_ACT_1960,child,132,165,166,61,,,"Annual statement of accounts including balance sheet, etc",,,INFO,,"61. Annual statement of accounts including balance sheet, etc.—

Within forty-five days of the close of every co-operative year, or within such extended period, as may be specified by the Registrar, i"
MH_ACT_1960_SEC_62_002,MH_ACT_1960,child,133,166,166,62,,,Form for the balance sheet and the profit and loss account,,,INFO,,"62. Form for the balance sheet and the profit and loss account.—

(1) The balance sheet and the profit and loss account to be laid before the annual general meeting of a society by the committee shall"
MH_ACT_1960_SEC_63_002,MH_ACT_1960,child,119,166,166,63,,,Power to call annual and special general meeting,,,INFO,,"63. Power to call annual and special general meeting.—

If the annual general meeting of a society is not called in accordance with the provisions of section 75 or if the Chairman or a majority of the"
MH_ACT_1960_SEC_64_002,MH_ACT_1960,child,309,166,166,64,,,"Procedure for appointment, suspension and removal of members of the committee and",,,INFO,,"64. Procedure for appointment, suspension and removal of members of the committee and other officers, etc.—

(1) Notwithstanding anything contained in the bye-laws of a society but subject to the prov"
MH_ACT_1960_SEC_65_002,MH_ACT_1960,child,201,167,167,65,,,Accounts and books to be kept,,,INFO,,"65. Accounts and books to be kept.—

(1) Every society shall keep the following accounts and books:—

(1) A register of members including persons nominated under section 3 8 in Form I.

(2) A register"
MH_ACT_1960_SEC_66_002,MH_ACT_1960,child,64,167,167,66,,,Copies of monthly returns to be furnished to Registrar,,,INFO,,"66. Copies of monthly returns to be furnished to Registrar.—

All registered co-operative societies classified by the Registrar as Central Banks or as Urban Banks shall, furnish to the Registrar every"
MH_ACT_1960_SEC_67_002,MH_ACT_1960,child,270,167,167,67,,,Registrars power to enforce performance of obligations,,,INFO,,"67. Registrars power to enforce performance of obligations.—

(1) In addition to the periodical financial statements referred to in rule 66, the Registrar may be special or general order require any s"
MH_ACT_1960_SEC_67A,MH_ACT_1960,parent,637,168,168,67A,,,Directions of Registrar to the society to make regulations on certain matters,,,INFO,,"67A. Directions of Registrar to the society to make regulations on certain matters.—

(1) Where in the course of, or as a result of audit under section 81, or enquiry under section 83, or inspections "
MH_ACT_1960_SEC_67A_SUB_1,MH_ACT_1960,child,205,168,168,67A,,,Directions of Registrar to the society to make regulations on certain matters,,,INFO,,"(1) Where in the course of, or as a result of audit under section 81, or enquiry under section 83, or inspections under section 84 or section 89A or supervision under section 89A or visit or administr"
MH_ACT_1960_SEC_67A_SUB_2,MH_ACT_1960,child,53,168,168,67A,,,Directions of Registrar to the society to make regulations on certain matters,,,INFO,,"(2) The society shall frame the regulations on items specified by the Registrar and also in the manner specified by him, if he has so directed while forwarding regulations and forward die same persona"
MH_ACT_1960_SEC_67A_SUB_3,MH_ACT_1960,child,76,168,168,67A,,,Directions of Registrar to the society to make regulations on certain matters,,,INFO,,"(3) On receipt of regulations, the Registrar or the District Deputy Registrar on examination may issue an order approving them or modify, eliminate, delete or add as he deems fit in the interest of th"
MH_ACT_1960_SEC_67A_SUB_4,MH_ACT_1960,child,98,168,168,67A,,,Directions of Registrar to the society to make regulations on certain matters,,,INFO,,"(4) If any society fails to submit regulations, to the Registrar on any or all the items forwarded by the Registrar or in the manner directed by him, the Registrar shall make the regulations on the it"
MH_ACT_1960_SEC_67A_SUB_5,MH_ACT_1960,child,192,168,168,67A,,,Directions of Registrar to the society to make regulations on certain matters,,,INFO,,"(5) If,—

(a) the Committee or any officer of the society fails to attend the consultation, to produce record furnishing the information, attend for satisfying the doubts of Registrar or to carry out "
MH_ACT_1960_SEC_68_002,MH_ACT_1960,child,251,168,169,68,,,"Procedure to be adopted for taking possession of books, documents, securities, cash and",,,INFO,,"68. Procedure to be adopted for taking possession of books, documents, securities, cash and other properties of society.—

(1) Where taking possession of books, documents, securities, cash or other pr"
MH_ACT_1960_SEC_69_002,MH_ACT_1960,parent,836,170,171,69,,,Procedure for appointment of auditors and for conducting audit,,,INFO,,"CHAPTER VII

AUDIT, INQUIRY, INSPECTION AND SUPERVISION

69. Procedure for appointment of auditors and for conducting audit.—

(1) The audit of accounts of societies shall be conducted by Departmental"
MH_ACT_1960_SEC_69_002_SUB_1,MH_ACT_1960,child,187,170,170,69,,,Procedure for appointment of auditors and for conducting audit,,,INFO,,"(1) The audit of accounts of societies shall be conducted by Departmental Auditors or by certified auditors appointed by the Registrar from time to time on such terms and conditions as he deems fit:

"
MH_ACT_1960_SEC_69_002_SUB_2,MH_ACT_1960,child,64,170,170,69,,,Procedure for appointment of auditors and for conducting audit,,,INFO,,(2) The audit under section 84 shall in all cases extend back to the last date of the previous audit and shall be carried out up to the last date of Co-operative year immediately preceding the audit o
MH_ACT_1960_SEC_69_002_SUB_3,MH_ACT_1960,child,170,170,170,69,,,Procedure for appointment of auditors and for conducting audit,,,INFO,,"(3) The auditor shall submit an audit memorandum to the society and to the Registrar in the Form specified by the Registrar, on the accounts examined by him and on the balance sheet and profit and los"
MH_ACT_1960_SEC_69_002_SUB_4,MH_ACT_1960,child,99,170,170,69,,,Procedure for appointment of auditors and for conducting audit,,,INFO,,"(4) The audit memorandum shall state,—

(i) Whether the auditor had obtained all the information and explanations which to the best of his knowledge and belief were necessary for the purpose of his au"
MH_ACT_1960_SEC_69_002_SUB_5,MH_ACT_1960,child,30,170,170,69,,,Procedure for appointment of auditors and for conducting audit,,,INFO,,"(5) Where any of the matters referred to in sub-rule (4) are answered in the negative or with a qualification, the audit memorandum shall specify the reasons for the answer."
MH_ACT_1960_SEC_69_002_SUB_6,MH_ACT_1960,child,104,170,171,69,,,Procedure for appointment of auditors and for conducting audit,,,INFO,,"(6) The audit memorandum shall also contain schedules with full particulars of —

(i) all transactions which appear to be contrary to he provisions of the Act, the rules or the bye-laws of the society"
MH_ACT_1960_SEC_69_002_SUB_7,MH_ACT_1960,child,78,171,171,69,,,Procedure for appointment of auditors and for conducting audit,,,INFO,,(7) The summary of audit memorandum as prepared by auditor shall be read out in a general meeting. The audit memorandum together with its accompaniments shall be open to inspection by any member of th
MH_ACT_1960_SEC_69_002_SUB_8,MH_ACT_1960,child,29,171,171,69,,,Procedure for appointment of auditors and for conducting audit,,,INFO,,"(8) The Registrar may from time to time specify the form or forms in which the statements of accounts and information shall be prepared for audit, by the society."
MH_ACT_1960_SEC_69_002_SUB_9,MH_ACT_1960,child,58,171,171,69,,,Procedure for appointment of auditors and for conducting audit,,,INFO,,"(9) On completion of his statutory audit, the auditor shall award an audit classification letter to the society whose accounts he has audited in accordance with the instructions issued by the Registra"
MH_ACT_1960_SEC_70_002,MH_ACT_1960,child,71,171,171,70,,,Requisition of the federal society for inquiry,,,INFO,,"70. Requisition of the federal society for inquiry.—

Any federal society duly authorised by a resolution of its committee, may submit a requisition to the Registrar to hold an inquiry under section 8"
MH_ACT_1960_SEC_71_002,MH_ACT_1960,parent,559,171,172,71,,,Procedure and principles for the conduct of inquiry and inspection,,,INFO,,"71. Procedure and principles for the conduct of inquiry and inspection.—

(1) An order authorizing inquiry under section 83 or inspection under section 84 shall, among other things, contain the follow"
MH_ACT_1960_SEC_71_002_SUB_1,MH_ACT_1960,child,101,171,171,71,,,Procedure and principles for the conduct of inquiry and inspection,,,INFO,,"(1) An order authorizing inquiry under section 83 or inspection under section 84 shall, among other things, contain the following:—

(a) the name of the person authorised to conduct the inquiry or ins"
MH_ACT_1960_SEC_71_002_SUB_2,MH_ACT_1960,child,39,171,171,71,,,Procedure and principles for the conduct of inquiry and inspection,,,INFO,,(2) A copy of every order authorizing inquiry under section 83 or inspection under section 84 shall be supplied to the federal society or societies to which the society in respect of which the order i
MH_ACT_1960_SEC_71_002_SUB_3,MH_ACT_1960,child,103,171,171,71,,,Procedure and principles for the conduct of inquiry and inspection,,,INFO,,"(3) If the inquiry or inspection cannot be completed within the time specified In the order referred to in sub-rule (1), the person conducting the inquiry or inspection shall submit an interim report "
MH_ACT_1960_SEC_71_002_SUB_4,MH_ACT_1960,child,85,171,171,71,,,Procedure and principles for the conduct of inquiry and inspection,,,INFO,,(4) On receipt of the order referred to in sub-rule (1) the person authorised to conduct the inquiry or inspection shall proceed to examine the relevant books of accounts and other documents in posses
MH_ACT_1960_SEC_71_002_SUB_5,MH_ACT_1960,child,131,172,172,71,,,Procedure and principles for the conduct of inquiry and inspection,,,INFO,,"(5) The person authorised to conduct the inquiry or inspection shall submit his report to the Registrar, on all the points mentioned in the order referred to in sub-rule (1). The report shall contain "
MH_ACT_1960_SEC_71_002_SUB_6,MH_ACT_1960,child,89,172,172,71,,,Procedure and principles for the conduct of inquiry and inspection,,,INFO,,(6) The costs of the inquiry or inspection apportioned by the Registrar under sub-section (1) of section 85 shall be recovered as provided in section 86. The Registrar may direct that such costs or an
MH_ACT_1960_SEC_72_002,MH_ACT_1960,parent,541,172,172,72,,,"Procedure for assessing damages against delinquent promoters, etc. under section 88",,,INFO,,"72. Procedure for assessing damages against delinquent promoters, etc. under section 88 —

(1) On receipt of a report referred to in section 88 or otherwise the Registrar or any other person authorise"
MH_ACT_1960_SEC_72_002_SUB_1,MH_ACT_1960,child,92,172,172,72,,,"Procedure for assessing damages against delinquent promoters, etc. under section 88",,,INFO,,(1) On receipt of a report referred to in section 88 or otherwise the Registrar or any other person authorised by him may make such further inquiries as he may deem accessory regarding the extent to w
MH_ACT_1960_SEC_72_002_SUB_2,MH_ACT_1960,child,84,172,172,72,,,"Procedure for assessing damages against delinquent promoters, etc. under section 88",,,INFO,,"(2) On the completion of the further inquiries under sub-rule (1), where necessary, the Registrar or the person authorised by him shall issue a notice to the person or persons concerned furnishing him"
MH_ACT_1960_SEC_72_002_SUB_3,MH_ACT_1960,child,38,172,172,72,,,"Procedure for assessing damages against delinquent promoters, etc. under section 88",,,INFO,,"(3) On receipt of the statements referred to in sub-rule (2), the Registrar or the persons authorised by him, if he is satisfied that there are reasonable grounds for holding the person or persons lia"
MH_ACT_1960_SEC_72_002_SUB_4,MH_ACT_1960,child,56,172,172,72,,,"Procedure for assessing damages against delinquent promoters, etc. under section 88",,,INFO,,"(4) The person or persons concerned shall, after the charges are framed be asked to put in his statement in defense and to indicate the documentary or oral evidence which he would like to produce. The"
MH_ACT_1960_SEC_72_002_SUB_5,MH_ACT_1960,child,46,172,172,72,,,"Procedure for assessing damages against delinquent promoters, etc. under section 88",,,INFO,,"(5) The Registrar or the person authorised by him, shall thereafter record the evidence led by the society or the person or persons concerned and take on record the documents proved by them and shall "
MH_ACT_1960_SEC_72_002_SUB_6,MH_ACT_1960,child,140,172,172,72,,,"Procedure for assessing damages against delinquent promoters, etc. under section 88",,,INFO,,"(6) On the day fixed for hearing under sub-rule (5), the Registrar or the person authorised by him, shall hear the arguments and may pass his final orders on the same day or on any date fixed by him w"
MH_ACT_1960_SEC_72_002_SUB_7,MH_ACT_1960,child,37,172,172,72,,,"Procedure for assessing damages against delinquent promoters, etc. under section 88",,,INFO,,"(7) The Registrar or the person authorised by him, may also provide in his order for the payment of the cost of the proceeding under this rule or any part of such cost as he thinks just."
MH_ACT_1960_SEC_72_002_SUB_8,MH_ACT_1960,child,35,172,172,72,,,"Procedure for assessing damages against delinquent promoters, etc. under section 88",,,INFO,,"(8) The Registrar or the person authorised by him shall furnish a copy of his order, under sub-rule

(6) to the party concerned within ten days of the date on which he makes final order."
MH_ACT_1960_SEC_73_002,MH_ACT_1960,child,98,173,173,73,,,Form of Rectification Report,,,INFO,,"73. Form of Rectification Report—

On receipt of an order, directing a society or its officers to rectify the defects and remedy the irregularities, issued by the Registrar under section 82 and on rec"
MH_ACT_1960_SEC_74_002,MH_ACT_1960,child,103,173,173,74,,,Levy of audit charges and supervision charges,,,INFO,,"74. Levy of audit charges and supervision charges.—

(1) The Registrar may levy audit charges and supervision charges payable annually ob or before a specified date by all or any class of societies in"
MH_ACT_1960_SEC_75_002,MH_ACT_1960,child,182,174,174,75,,,Reference of Dispute,,,INFO,,"CHAPTER VIII

DISPUTES AND ARBITRATION

75. Reference of Dispute.—

A reference of a dispute under section 91 shall be made in writing to the Registrar in Form “P”. Wherever necessary, the Registrar m"
MH_ACT_1960_SEC_77_002,MH_ACT_1960,child,71,174,174,77,,,Disposal of a dispute or reference to Co-operative Court,,,INFO,,"77. Disposal of a dispute or reference to Co-operative Court—

(1) Where the Registrar is satisfied that there is a dispute, the Registrar may decide die dispute himself or refer it for disposal to a "
MH_ACT_1960_SEC_77A_002,MH_ACT_1960,child,213,174,174,77A,,,Qualifications of Judges of Co-operative Courts and their appointments,,,INFO,,"77A. Qualifications of Judges of Co-operative Courts and their appointments.—

(1) The member constituting a Co-operative Court shall be called the Judge of that Court.

(2) All appointments of Judges"
MH_ACT_1960_SEC_77_B,MH_ACT_1960,child,93,174,174,77-B,,,Age limits for Judges,,,INFO,,"77-B. Age limits for Judges.—

(1) No person shall hold, or continue to hold, the office of a Judge of a Co-operative court after he attains the age of sixty-two years.

(2) Notwithstanding anything c"
MH_ACT_1960_SEC_77_C,MH_ACT_1960,child,82,175,175,77-C,,,Conditions of Service of Judges,,,INFO,,"77-C. Conditions of Service of Judges.—

If the judge of a Co-operative Court is in Government service at the time of his appointment, his pay, allowance and other conditions of service shall continue"
MH_ACT_1960_SEC_77_D,MH_ACT_1960,child,52,175,175,77-D,,,Holidays and vacations,,,INFO,,"77-D. Holidays and vacations.—

Save as otherwise directed by the State Government the holidays to be observed in the Co-operative Courts shall be the same as are observed in the local Government offi"
MH_ACT_1960_SEC_77E,MH_ACT_1960,child,399,175,175,77E,,,Procedure for hearing and decision of disputes,,,INFO,,"77E. Procedure for hearing and decision of disputes.—

(1) The Registrar or the Co-operative Court shall record in English, Marathi, or Hindi the evidence of the parties to a dispute and the witnesses"
MH_ACT_1960_SEC_77_F,MH_ACT_1960,parent,764,175,176,77-F,,,Summary procedure for deciding Disputes,,,INFO,,"77-F. Summary procedure for deciding Disputes.—

(1) Subject to the provisions of sub-section (4) of section 94, the following disputes, if the disputant so desires, shall be decided in the summary ma"
MH_ACT_1960_SEC_77_F_SUB_1,MH_ACT_1960,child,193,175,176,77-F,,,Summary procedure for deciding Disputes,,,INFO,,"(1) Subject to the provisions of sub-section (4) of section 94, the following disputes, if the disputant so desires, shall be decided in the summary manner prescribed under this rule, namely:—

(a) an"
MH_ACT_1960_SEC_77_F_SUB_2,MH_ACT_1960,child,68,176,176,77-F,,,Summary procedure for deciding Disputes,,,INFO,,"(2) In such cases, the disputer shall, in addition to the normal averments in Form ""P"", make the following averments, namely:—

(a) that the claim of the disputant is for recovery of liquidated sum of"
MH_ACT_1960_SEC_77_F_SUB_3,MH_ACT_1960,child,94,176,176,77-F,,,Summary procedure for deciding Disputes,,,INFO,,"(3) In such cases, the opponent shall not be entitled to defend the claim, unless he obtains leave from the Registrar or the Co-operative Court so to defend as hereafter in this rule provided, and in "
MH_ACT_1960_SEC_77_F_SUB_4,MH_ACT_1960,child,403,176,176,77-F,,,Summary procedure for deciding Disputes,,,INFO,,"(4) (I) Within ten days from me service of a notice calling upon the opponent to obtain leave from the Registrar or the Court, to appear and defend the claim, the opponent or such of the opponents as "
MH_ACT_1960_SEC_78_002,MH_ACT_1960,child,373,176,177,78,,,"Summonses, notices, and fixing of dates, place, etc. in connection with the disputes",,,INFO,,"78. Summonses, notices, and fixing of dates, place, etc. in connection with the disputes.—

(1) The Registrar,' or as the case may be the Co-operative Court may issue summonses or notices at least fif"
MH_ACT_1960_SEC_79_002,MH_ACT_1960,child,85,177,177,79,,,Investigation of claims and objection against any attachment,,,INFO,,"79. Investigation of claims and objection against any attachment—

Where any claim or objection has been preferred against the attachment of any property under section 95 on the ground that such prope"
MH_ACT_1960_SEC_80_002,MH_ACT_1960,child,313,177,177,80,,,Procedure for the custody of property attached under section 95,,,INFO,,"80. Procedure for the custody of property attached under section 95.—

(1) Where the property to be attached is moveable property, other than agricultural produce in the possession of the debtor, the "
MH_ACT_1960_SEC_81_002,MH_ACT_1960,child,57,177,177,81,,,Procedure for attachment and sale of property for realization of any security given by,,,INFO,,"81. Procedure for attachment and sale of property for realization of any security given by person in course of execution proceedings.—

The Procedure laid down in rules and 80 and 83 shall mutatis mut"
MH_ACT_1960_SEC_82_002,MH_ACT_1960,child,87,178,178,82,,,Issue of proclamation prohibiting private transfer of property,,,INFO,,"82. Issue of proclamation prohibiting private transfer of property.—

The Registrar or Liquidator when acting under clause (a) of section 98 shall, at the time of signing a certificate effecting any p"
MH_ACT_1960_SEC_83_002,MH_ACT_1960,child,208,178,178,83,,,Procedure of execution of awards,,,INFO,,"83. Procedure of execution of awards.—

(1) Every order or award passed by the Registrar, or the person authorised by him or the Co-operative court under section 95 and 96 shall be forwarded by the Re"
MH_ACT_1960_SEC_84_002,MH_ACT_1960,child,83,178,178,84,,,Execution of awards or orders in special cases,,,INFO,,"84. Execution of awards or orders in special cases.—

Subject to the provision of section 98, the Registrar may, by an order in writing specially authorize any officer of the co-operative Department o"
MH_ACT_1960_SEC_85_002,MH_ACT_1960,parent,8,178,180,85,,,Transfer of property which cannot be sold,CONTEXT_PARENT;SHORT_CONTEXT_PARENT,,INFO,B_SHORT,85. Transfer of property which cannot be sold.—
MH_ACT_1960_SEC_85_002_SUB_1,MH_ACT_1960,child,112,178,178,85,,,Transfer of property which cannot be sold,,,INFO,,"(1) When in execution of an order sought to be executed under section 98 any property cannot be sold for want of buyers, if such property is in the possession of the defaulter or of some person on his"
MH_ACT_1960_SEC_85_002_SUB_2,MH_ACT_1960,child,78,178,178,85,,,Transfer of property which cannot be sold,,,INFO,,"(2) On receipt of a report under sub-rule (1), the society may, within six months from the date of the receipt of the report or within such further period as may for sufficient reasons be allowed in a"
MH_ACT_1960_SEC_85_002_SUB_3,MH_ACT_1960,child,49,178,178,85,,,Transfer of property which cannot be sold,,,INFO,,"(3) On receipt of an application under sub-rule (2), notices shall be issued to the defaulter and to all persons known to be interested in the property, including those whose names appear in the Recor"
MH_ACT_1960_SEC_85_002_SUB_4,MH_ACT_1960,child,117,178,178,85,,,Transfer of property which cannot be sold,,,INFO,,"(4) On receipt of such a notice, the defaulter, or any person owning such property or holding an interest therein by virtue of a tide acquired before the date of the issue of a certificate under secti"
MH_ACT_1960_SEC_85_002_SUB_5,MH_ACT_1960,child,59,178,179,85,,,Transfer of property which cannot be sold,,,INFO,,"(5) On failure of the defaulter, or any person interested, or any person holding any interest in the property, to deposit the amount under sub-rule (4), the Court or the Collector or the Registrar, as"
MH_ACT_1960_SEC_85_002_SUB_6,MH_ACT_1960,child,31,179,179,85,,,Transfer of property which cannot be sold,,,INFO,,(6) The certificate granted under sub-rule (5) shall state whether the property is transferred to the society in full or partial satisfaction of the amount due to it from the defaulter.
MH_ACT_1960_SEC_85_002_SUB_7,MH_ACT_1960,child,63,179,179,85,,,Transfer of property which cannot be sold,,,INFO,,"(7) If the property is transferred to the society in partial satisfaction of the amount due to it from the defaulter, the Court or the Collector or the Registrar, as the case may be, shall, on the pro"
MH_ACT_1960_SEC_85_002_SUB_8,MH_ACT_1960,child,390,179,179,85,,,Transfer of property which cannot be sold,,,INFO,,"(8) The transfer of the property under sub-rule (5) shall be effected as follows:—

(i) In the case of moveable property—

(a) Where the property is in the possession of the defaulter himself or has b"
MH_ACT_1960_SEC_85_002_SUB_9,MH_ACT_1960,child,37,179,179,85,,,Transfer of property which cannot be sold,,,INFO,,"(9) The society shall be required to pay expenses incidental to sale including the cost of maintenance of live stock, if any, according to such scale as may be fixed by the Registrar from time to time"
MH_ACT_1960_SEC_85_002_SUB_10,MH_ACT_1960,child,42,179,179,85,,,Transfer of property which cannot be sold,,,INFO,,"(10) Where land is transferred to the society under sub-clause (a) of clause (ii) of sub-rule (8) before a growing or standing crop is cut and gathered, the society shall be liable to pay the current "
MH_ACT_1960_SEC_85_002_SUB_11,MH_ACT_1960,child,34,179,179,85,,,Transfer of property which cannot be sold,,,INFO,,"(11) The society shall forthwith report any transfer of property under sub-clause (b) or (c) of clause

(ii) of sub-rule (8) to the village accountant for information and entry in the Record of Rights"
MH_ACT_1960_SEC_85_002_SUB_12,MH_ACT_1960,child,45,180,180,85,,,Transfer of property which cannot be sold,,,INFO,,(12) The Society to which property is transferred under sub-rule (5) shall maintain for each such defaulter a separate account showing all the expenses incurred including payment to outside encumbranc
MH_ACT_1960_SEC_85_002_SUB_13,MH_ACT_1960,child,120,180,180,85,,,Transfer of property which cannot be sold,,,INFO,,(13) The society to which property is transferred under sub-rule (5) shall use its best endeavor to sell the property as soon as practicable to the best advantage of the society as well as that of the
MH_ACT_1960_SEC_85_002_SUB_14,MH_ACT_1960,child,47,180,180,85,,,Transfer of property which cannot be sold,,,INFO,,"(14) Until the property is sold, the society to which property is transferred under sub-rule (5) shall use its best endeavors to lease it or to make any other use that can be made of it so as to deriv"
MH_ACT_1960_SEC_85_002_SUB_15,MH_ACT_1960,child,46,180,180,85,,,Transfer of property which cannot be sold,,,INFO,,"(15) When the society to which property is transferred under sub-rule (5) has realized all its dues, under the order in execution of which the property was transferred, from the proceeds of management"
MH_ACT_1960_SEC_86_002,MH_ACT_1960,parent,471,180,181,86,,,Payment of fees for decisions of disputes,,,INFO,,"86. Payment of fees for decisions of disputes.—

(1) The Registrar or the Co-operative Court, as the case may be, may take a dispute on file only if the application regarding reference for such disput"
MH_ACT_1960_SEC_86_002_SUB_1,MH_ACT_1960,child,272,180,180,86,,,Payment of fees for decisions of disputes,,,INFO,,"(1) The Registrar or the Co-operative Court, as the case may be, may take a dispute on file only if the application regarding reference for such dispute in Form ‘T' is affixed with the Court Fee Stamp"
MH_ACT_1960_SEC_86_002_SUB_2,MH_ACT_1960,child,51,180,181,86,,,Payment of fees for decisions of disputes,,,INFO,,"(2) No document of any of the kinds specified below shall be filed before the Registrar or the Co-operative Court, unless it is affixed with the proper court fee stamp as specified against it:— Proper"
MH_ACT_1960_SEC_86_002_SUB_3,MH_ACT_1960,child,140,181,181,86,,,Payment of fees for decisions of disputes,,,INFO,,"(3) (a) The Registrar or the Co-operative court deciding any dispute may require the party or parties to the dispute to deposit such sum as may, in his or its opinion, be necessary to meet the expense"
MH_ACT_1960_SEC_87_002,MH_ACT_1960,child,78,182,182,87,,,Mode of communication of an interim order under section 102,,,INFO,,"CHAPTER IX

LIQUIDATION

87. Mode of communication of an interim order under section 102.—

An interim order clause (a) or sub-clause (iv) of clause (c) of sub-section (1) of section 102 shall call up"
MH_ACT_1960_SEC_88_002,MH_ACT_1960,child,48,182,182,88,,,Cost of hearing appeal,,,INFO,,"88. Cost of hearing appeal.—

No appeal from a member under section 104 shall be entertained unless it is accompanied by Rs. 25 or such higher amount not exceeding Rs. 500 as may be directed by the ap"
MH_ACT_1960_SEC_89_002,MH_ACT_1960,parent,801,182,183,89,,,Appointment of Liquidator and the procedure to be followed and powers to be exercised by,,,INFO,,"89. Appointment of Liquidator and the procedure to be followed and powers to be exercised by him.—

The following procedure shall be adopted for the appointment of the Liquidator and for the exercise "
MH_ACT_1960_SEC_89_002_SUB_1,MH_ACT_1960,child,16,182,182,89,,,Appointment of Liquidator and the procedure to be followed and powers to be exercised by,SHORT_COMPLETE_PROVISION,,INFO,B_SHORT,(1) The appointment of the Liquidator shall be notified by the Registrar in the Official Gazette.
MH_ACT_1960_SEC_89_002_SUB_2,MH_ACT_1960,child,59,182,182,89,,,Appointment of Liquidator and the procedure to be followed and powers to be exercised by,,,INFO,,"(2) As soon as may be after the interim order is issued under section 102, the Liquidator shall take over the custody and control of all the property, effects and actionable claims and books, records "
MH_ACT_1960_SEC_89_002_SUB_3,MH_ACT_1960,child,23,182,182,89,,,Appointment of Liquidator and the procedure to be followed and powers to be exercised by,,,INFO,,"(3) Where the interim order is vacated, the Liquidator shall take action in accordance with the provisions of sub-section (6) of section 103."
MH_ACT_1960_SEC_89_002_SUB_4,MH_ACT_1960,child,91,182,182,89,,,Appointment of Liquidator and the procedure to be followed and powers to be exercised by,,,INFO,,"(4) Where the Liquidator receives the Registrar's final order confirming the interim order, the Liquidator shall publish by such means as he may think proper a notice requiring all claims against the "
MH_ACT_1960_SEC_89_002_SUB_5,MH_ACT_1960,child,127,182,182,89,,,Appointment of Liquidator and the procedure to be followed and powers to be exercised by,,,INFO,,"(5) The Liquidator shall, after setting the assets and liabilities of the society as they stood on the date on which the order for winding up is made, proceed to determine the contribution to be made "
MH_ACT_1960_SEC_89_002_SUB_6,MH_ACT_1960,child,60,182,182,89,,,Appointment of Liquidator and the procedure to be followed and powers to be exercised by,,,INFO,,"(6) If the sum assessed against any member is not recovered, the Liquidator may issue subsidiary order or orders against any other member or members to the extent of the liability of each for the debt"
MH_ACT_1960_SEC_89_002_SUB_7,MH_ACT_1960,child,36,182,182,89,,,Appointment of Liquidator and the procedure to be followed and powers to be exercised by,,,INFO,,"(7) The Liquidator shall submit a quarterly progress report and such other returns and statements to the Registrar in such forms as the Registrar may require, showing the progress made in the liquidat"
MH_ACT_1960_SEC_89_002_SUB_8,MH_ACT_1960,child,25,182,182,89,,,Appointment of Liquidator and the procedure to be followed and powers to be exercised by,,,INFO,,"(8) The Liquidator may empower any person by general or special order in writing, to make collections and to grant valid receipts on his behalf."
MH_ACT_1960_SEC_89_002_SUB_9,MH_ACT_1960,child,44,182,182,89,,,Appointment of Liquidator and the procedure to be followed and powers to be exercised by,,,INFO,,"(9) Unless otherwise permitted by the Registrar, all funds in charge of die Liquidator shall be deposited in the Apex State Co-operative Bank or a Central Co-operative Bank or in the State Bank of Ind"
MH_ACT_1960_SEC_89_002_SUB_10,MH_ACT_1960,child,43,182,182,89,,,Appointment of Liquidator and the procedure to be followed and powers to be exercised by,,,INFO,,"(10) The Registrar shall fix the amount of remuneration, if any, to be paid to the Liquidator. The remuneration shall be included in the cost of liquidation which shall be payable out of the assets of"
MH_ACT_1960_SEC_89_002_SUB_11,MH_ACT_1960,child,16,183,183,89,,,Appointment of Liquidator and the procedure to be followed and powers to be exercised by,SHORT_COMPLETE_PROVISION,,INFO,B_SHORT,(11) The Liquidator shall have power to call meetings of members of the society in liquidation.
MH_ACT_1960_SEC_89_002_SUB_12,MH_ACT_1960,child,33,183,183,89,,,Appointment of Liquidator and the procedure to be followed and powers to be exercised by,,,INFO,,"(12) The Liquidator may submit an application to the Registrar, for the reconstruction of the society under section 19 if he is of opinion that such reconstruction has a reasonable chance of success."
MH_ACT_1960_SEC_89_002_SUB_13,MH_ACT_1960,child,44,183,183,89,,,Appointment of Liquidator and the procedure to be followed and powers to be exercised by,,,INFO,,"(13) The Liquidator may, at any time, be removed by the Registrar and he shall on such removal be bound to hand over all the property and documents relating to the society in liquidation to such perso"
MH_ACT_1960_SEC_89_002_SUB_14,MH_ACT_1960,child,56,183,183,89,,,Appointment of Liquidator and the procedure to be followed and powers to be exercised by,,,INFO,,"(14) (I) The Liquidator, shall not exercise the powers under clause (c), (d), (e), (f), (g), (h) and (k) of section 105 without the prior approval of the Registrar.

(ii) An appeal against the order o"
MH_ACT_1960_SEC_89_002_SUB_15,MH_ACT_1960,child,20,183,183,89,,,Appointment of Liquidator and the procedure to be followed and powers to be exercised by,,,INFO,,(15) The Liquidator shall keep such books and accounts as may from time to time be required by the Registrar.
MH_ACT_1960_SEC_89_002_SUB_16,MH_ACT_1960,child,71,183,183,89,,,Appointment of Liquidator and the procedure to be followed and powers to be exercised by,,,INFO,,"(16) At the conclusion of the liquidation proceedings, a general meeting of the members of the society shall be called. At such meeting, the Liquidator shall summaries his proceedings, point out cause"
MH_ACT_1960_SEC_90_002,MH_ACT_1960,child,54,183,183,90,,,Disposal of surplus assets,,,INFO,,"90. Disposal of surplus assets.—

Where the Registrar has to divide the surplus assets amongst members of the society which has been wound up, he shall divide them in proportion to the share capital h"
MH_ACT_1960_SEC_91_002,MH_ACT_1960,child,161,183,183,91,,,Interest on amounts due from a society under liquidation,,,INFO,,"91. Interest on amounts due from a society under liquidation.—

The creditor of a society, which is being wound up, may apply to the Liquidator for payment of interest on any debt due from the society"
MH_ACT_1960_SEC_92_002,MH_ACT_1960,child,232,183,183,92,,,Disposal of records of society whose registration is cancelled,,,INFO,,"92. Disposal of records of society whose registration is cancelled.—

(1) When an order directing a society to be wound up is issued under section 102 and no Liquidator is appointed, the Officers of t"
MH_ACT_1960_SEC_93_002,MH_ACT_1960,parent,19,184,185,93,,,Procedure for submission and consideration of applications for loans from Land,CONTEXT_PARENT;SHORT_CONTEXT_PARENT,,INFO,B_SHORT,"CHAPTER X

LAND DEVELOPMENT BANKS

93. Procedure for submission and consideration of applications for loans from Land Development Banks.—"
MH_ACT_1960_SEC_93_002_SUB_1,MH_ACT_1960,child,54,184,184,93,,,Procedure for submission and consideration of applications for loans from Land,,,INFO,,(1) All applications for loans from a Land Development Bank shall be made in the form specified by the State Land Development Bank with the approval of the Registrar. The form shall among other things
MH_ACT_1960_SEC_93_002_SUB_2,MH_ACT_1960,child,37,184,184,93,,,Procedure for submission and consideration of applications for loans from Land,,,INFO,,(2) Every Land Development Bank shall keep sufficient stock of printed copies of the forms of loan applications and shall supply them to the intending borrower on payment 1 of a fee of one Rupee per f
MH_ACT_1960_SEC_93_002_SUB_3,MH_ACT_1960,child,39,184,184,93,,,Procedure for submission and consideration of applications for loans from Land,,,INFO,,"(3) Every Land Development Bank shall specify form time to time, the name, designation and address of the officer (hereinafter in this chapter referred to as ""the Receiving Officer), who shall receive"
MH_ACT_1960_SEC_93_002_SUB_4,MH_ACT_1960,child,72,184,184,93,,,Procedure for submission and consideration of applications for loans from Land,,,INFO,,"(4) The application together with copies of necessary documents, deposit equivalent to value of one share of the Bank and fees specified below, shall be submitted by the applicant to the Receiving Off"
MH_ACT_1960_SEC_93_002_SUB_5,MH_ACT_1960,child,30,184,184,93,,,Procedure for submission and consideration of applications for loans from Land,,,INFO,,"(5) On receipt of an application for loan, the Receiving Officer shall put his initials on the applications and mention his designation and the date of receipt of the application."
MH_ACT_1960_SEC_93_002_SUB_6,MH_ACT_1960,child,42,184,184,93,,,Procedure for submission and consideration of applications for loans from Land,,,INFO,,"(6) After an application for loan has been received, the Receiving Officer shall verify whether it contains all the necessary particulars and is accompanied by the necessary documents. If any details "
MH_ACT_1960_SEC_93_002_SUB_7,MH_ACT_1960,child,38,184,184,93,,,Procedure for submission and consideration of applications for loans from Land,,,INFO,,(7) Each application shall be entered in the Chronological order in the Register of application for loans from the Land Development Bank to be maintained by the Receiving Officer and shall be dealt wi
MH_ACT_1960_SEC_93_002_SUB_8,MH_ACT_1960,child,214,184,184,93,,,Procedure for submission and consideration of applications for loans from Land,,,INFO,,"(8) Immediately after the application is entered in the register of applications for loans from the Land Development Bank, the Receiving Officer shall forward it to the District Deputy Registrar of Co"
MH_ACT_1960_SEC_93_002_SUB_9,MH_ACT_1960,child,24,184,184,93,,,Procedure for submission and consideration of applications for loans from Land,,,INFO,,(9) The Public Enquiry Officer shall consider every objection submitted under sub-section (1) of section 118 in the manner lay down in that section.
MH_ACT_1960_SEC_93_002_SUB_10,MH_ACT_1960,child,148,184,185,93,,,Procedure for submission and consideration of applications for loans from Land,,,INFO,,(10) The Public Enquiry Officer shall then forward the applications within two days of their disposal to the Land Development Bank concerned. The Land Development Bank may appoint an enquiry Officer (
MH_ACT_1960_SEC_93_002_SUB_11,MH_ACT_1960,child,160,185,185,93,,,Procedure for submission and consideration of applications for loans from Land,,,INFO,,"(11) The Enquiry Officer may make such other enquiries as may be necessary and shall value the lands according to such formula as may be laid down by the State Land Development Bank, with approval of "
MH_ACT_1960_SEC_93_002_SUB_12,MH_ACT_1960,child,40,185,185,93,,,Procedure for submission and consideration of applications for loans from Land,,,INFO,,"(12) After completion of the enquiry the application together with his report shall be submitted by the Enquiry Officer to the Land Development Bank together with the following certificates:—

(a) Cer"
MH_ACT_1960_SEC_93_002_SUB_13,MH_ACT_1960,child,39,185,185,93,,,Procedure for submission and consideration of applications for loans from Land,,,INFO,,"(13) On receipt of the report of the Enquiry Officer under sub-rule (12), the Land Development Bank shall satisfy itself that the inquiry has been properly conducted. If there are any deficiencies, th"
MH_ACT_1960_SEC_93_002_SUB_14,MH_ACT_1960,child,76,185,185,93,,,Procedure for submission and consideration of applications for loans from Land,,,INFO,,(14) The Land Development Bank may then undertake such further scrutiny as may be necessary and pass final orders within 30 days. Decision shall be communicated to the applicant within 7 days thereaft
MH_ACT_1960_SEC_93_002_SUB_15,MH_ACT_1960,child,75,185,185,93,,,Procedure for submission and consideration of applications for loans from Land,,,INFO,,(15) All the applications received by the Land Development Bank shall be disposed of by the Bank within a maximum period of four months. If the Bank is unable to dispose of an application for loan wit
MH_ACT_1960_SEC_93_002_SUB_16,MH_ACT_1960,child,125,185,185,93,,,Procedure for submission and consideration of applications for loans from Land,,,INFO,,(16) In the case of rejection of applications for loans the reasons therefore shall be communicated by the Bank to the applicant. When the loan sanctioned the Bank shall lay down the terms and conditi
MH_ACT_1960_SEC_93_002_SUB_17,MH_ACT_1960,child,60,185,185,93,,,Procedure for submission and consideration of applications for loans from Land,,,INFO,,"(17) The applicant, while receiving the amount of the loan or the first installment of the loan, shall purchase shares of the Bank to such extent as may be required under the by-laws of the Bank. The "
MH_ACT_1960_SEC_93_002_SUB_18,MH_ACT_1960,child,37,185,185,93,,,Procedure for submission and consideration of applications for loans from Land,,,INFO,,(18) Failure to comply with any time-limits specified in this rule shall not in any manner affect the validity of the sanction of the loans by a Land Development Bank or by the State Land Development 
MH_ACT_1960_SEC_94_002,MH_ACT_1960,child,61,185,186,94,,,Registration of copies of instruments under section 122,,,INFO,,"94. Registration of copies of instruments under section 122.—

Copies of instruments referred to in section 122, duly certified by the Manager of the Land Development Bank, shall be sent by the Land D"
MH_ACT_1960_SEC_95_002,MH_ACT_1960,child,53,186,186,95,,,Authority to Land Development Bank to exercise power under section 133,,,INFO,,"95. Authority to Land Development Bank to exercise power under section 133.—

(1) The authorization for the purposes of clauses (a) of the proviso to sub-section (1) of section 133 shall be granted to"
MH_ACT_1960_SEC_96_002,MH_ACT_1960,child,211,186,186,96,,,Appointment of Receiver and his powers under section 133,,,INFO,,"96. Appointment of Receiver and his powers under section 133.—

(1) The State Land Development Bank may, on the application of Land Development Bank and under circumstances in which the power of sale-"
MH_ACT_1960_SEC_97_002,MH_ACT_1960,child,84,186,186,97,,,"Appointment, qualifications and powers and functions of a Sale Office under section 133",,,INFO,,"97. Appointment, qualifications and powers and functions of a Sale Office under section 133.—

A Land Development Bank may from time to time, by a resolution of its committee appoint any of its office"
MH_ACT_1960_SEC_98_002,MH_ACT_1960,child,225,186,186,98,,,Procedure for distrait and sale of the produce of the mortgaged land and sale of mortgaged,,,INFO,,"98. Procedure for distrait and sale of the produce of the mortgaged land and sale of mortgaged property.—

The procedure laid down in rule 107 shall mutatis mutandis apply for the distrait and sale of"
MH_ACT_1960_SEC_99_002,MH_ACT_1960,child,144,186,187,99,,,Circumstances under which the State Land Development Bank or the Trustee may take,,,INFO,,"99. Circumstances under which the State Land Development Bank or the Trustee may take action under section 133(2).—

(1) If a Land Development Bank fails to take action against a defaulter under secti"
MH_ACT_1960_SEC_100_002,MH_ACT_1960,child,343,187,187,100,,,Submission of report for confirmation of sale under section 134,,,INFO,,"100. Submission of report for confirmation of sale under section 134.—

(1) When the sale of the mortgaged property has been affected by a Land Development Bank under section 133 and the purchase amou"
MH_ACT_1960_SEC_101_002,MH_ACT_1960,child,25,187,187,101,,,Certificate of purchase,,,INFO,,"101. Certificate of purchase.—

The Certificate to be granted by a Land Development Bank under sub-section (1) of section 136 shall be in Form T."
MH_ACT_1960_SEC_102_002,MH_ACT_1960,child,192,187,188,102,,,Sale of immovable property purchased by a Land Development Bank,,,INFO,,"102. Sale of immovable property purchased by a Land Development Bank.—

(1) The Land Development Bank or the Sate Land Development Bank, which has purchased any immovable property sold under Chapter X"
MH_ACT_1960_SEC_103_002,MH_ACT_1960,child,56,188,188,103,,,Certain provisions of rule 107 to apply to sale of immovable property under Chapter XI of,STRUCTURE_UNCERTAIN,,INFO,E_STRUCTURE,"103. Certain provisions of rule 107 to apply to sale of immovable property under Chapter XI of the Act.—

(1) The provisions of clauses (e), (f), (g), (h), (i), (j) and (k) of sub-rule (II) and of sub"
MH_ACT_1960_SEC_104_002,MH_ACT_1960,child,577,188,189,104,,,Qualifications of president and other members of the Maharashtra State Co-operative,STRUCTURE_UNCERTAIN,,INFO,E_STRUCTURE,"Chapter XI of the Act.

(2) The expenses incidental to such sale or attempted sale shall be calculated in accordance with the scale laid down in that behalf by the Registrar, from time to time. CHAPTE"
MH_ACT_1960_SEC_105_002,MH_ACT_1960,child,48,189,189,105,,,Constitution of authority by State Government to hear appeals which lie to that,,,INFO,,"105. Constitution of authority by State Government to hear appeals which lie to that Government.—

The appeals which lie to the State Government under the Act may be heard by the Secretary, the Additi"
MH_ACT_1960_SEC_106_002,MH_ACT_1960,parent,594,190,190,106,,,Procedure for presentation to and disposal of appeals by State Government and Registrar,,,INFO,,"106. Procedure for presentation to and disposal of appeals by State Government and Registrar under section 152.—

(1) An appeal to the State Government or the Registrar shall be presented by the appel"
MH_ACT_1960_SEC_106_002_SUB_1,MH_ACT_1960,child,39,190,190,106,,,Procedure for presentation to and disposal of appeals by State Government and Registrar,DUPLICATE_TEXT,DUPLICATE_TEXT,INFO,,(1) An appeal to the State Government or the Registrar shall be presented by the appellant or by his duly appointed agent to the appellate authority either in person during office hours or sent to it 
MH_ACT_1960_SEC_106_002_SUB_2,MH_ACT_1960,child,26,190,190,106,,,Procedure for presentation to and disposal of appeals by State Government and Registrar,,,INFO,,"(2) When such an appeal is presented by an agent, it shall be accompanied by a letter of authority of the appellant appointing him as such."
MH_ACT_1960_SEC_106_002_SUB_3,MH_ACT_1960,child,19,190,190,106,,,Procedure for presentation to and disposal of appeals by State Government and Registrar,DUPLICATE_TEXT;SHORT_COMPLETE_PROVISION,DUPLICATE_TEXT,INFO,B_SHORT,(3) Every appeal shall be accompanied by a certified copy of the order against which the appeal is preferred.
MH_ACT_1960_SEC_106_002_SUB_4,MH_ACT_1960,child,83,190,190,106,,,Procedure for presentation to and disposal of appeals by State Government and Registrar,,,INFO,,"(4) Every appeal shall—

(i) be either type written or hand written in link legibly;

(ii) specify the name and the address of the appellant and also the name and address of the opponent, as the case "
MH_ACT_1960_SEC_106_002_SUB_5,MH_ACT_1960,child,70,190,190,106,,,Procedure for presentation to and disposal of appeals by State Government and Registrar,,,INFO,,"(5) On receipt of the appeal, the appellate authority shall endorse on it the date of its receipt by it. The appellate authority shall, as soon as possible, examine it and satisfy itself that—

(i) th"
MH_ACT_1960_SEC_106_002_SUB_6,MH_ACT_1960,child,94,190,190,106,,,Procedure for presentation to and disposal of appeals by State Government and Registrar,,,INFO,,"(6) If the appellate authority finds that the appeal presented does not confirm to any of the said provisions, it shall make a note on the appeal to that effect and may call upon the appellant or his "
MH_ACT_1960_SEC_106_002_SUB_7,MH_ACT_1960,child,29,190,190,106,,,Procedure for presentation to and disposal of appeals by State Government and Registrar,,,INFO,,"(7) If the defect is remedied or the cause shown by the appellant or his agent satisfied the appellate authority, the appellate authority may proceed to consider the appeal."
MH_ACT_1960_SEC_106_002_SUB_8,MH_ACT_1960,child,79,190,190,106,,,Procedure for presentation to and disposal of appeals by State Government and Registrar,,,INFO,,"(8) If the appellant or his agent fails to remedy the defects or to show cause to the satisfaction of the appellate authority within the said period, the appellate authority may if the appeal is not p"
MH_ACT_1960_SEC_106_002_SUB_9,MH_ACT_1960,child,30,190,190,106,,,Procedure for presentation to and disposal of appeals by State Government and Registrar,,,INFO,,"(9) On the date so fixed, the appellate authority shall go through the relevant papers, hear the appellant or his agent if present, and pass suitable order on the appeal."
MH_ACT_1960_SEC_106_002_SUB_10,MH_ACT_1960,child,21,190,190,106,,,Procedure for presentation to and disposal of appeals by State Government and Registrar,,,INFO,,"(10) The appellate authority may, at its discretion, adjourn to any other day the hearing of any appeal at any stage."
MH_ACT_1960_SEC_106_002_SUB_11,MH_ACT_1960,child,39,190,190,106,,,Procedure for presentation to and disposal of appeals by State Government and Registrar,,,INFO,,"(11) When the hearing of the appeal is completed, the appellate authority shall announce its judgment forthwith or may fix a date for the same, after giving due notice to the appellant or the other pa"
MH_ACT_1960_SEC_106_002_SUB_12,MH_ACT_1960,child,48,190,190,106,,,Procedure for presentation to and disposal of appeals by State Government and Registrar,,,INFO,,(12) Every decision or order of the appellate authority shall be in writing and a copy of the same shall be supplied to the appellant and such other parties as in the opinion of the appellate authorit
MH_ACT_1960_SEC_107_002,MH_ACT_1960,parent,14,191,198,107,,,Procedure for attachment and sale of property under section 156,CONTEXT_PARENT;SHORT_CONTEXT_PARENT,,INFO,B_SHORT,"CHAPTER XII

MISCELLANEOUS

107. Procedure for attachment and sale of property under section 156.—"
MH_ACT_1960_SEC_107_002_SUB_1,MH_ACT_1960,child,244,191,191,107,,,Procedure for attachment and sale of property under section 156,,,INFO,,"(1) A creditor holding a decree requiring the provisions of section 156 to be applied or Society to which—

(a) any amount is due under a decree or order of a Civil Court obtained by the Society;

(b)"
MH_ACT_1960_SEC_107_002_SUB_2,MH_ACT_1960,child,151,191,191,107,,,Procedure for attachment and sale of property under section 156,,,INFO,,"(2) Every such application shall be made in the form specified by the Registrar and shall be signed by the applicant and shall be accompanied by deposit of such amounts if any, as may be specified by "
MH_ACT_1960_SEC_107_002_SUB_3,MH_ACT_1960,child,77,191,191,107,,,Procedure for attachment and sale of property under section 156,,,INFO,,"(3) On receipt of such application, or when the Registrar is proceeding under rule 84, the Recovery Officer shall verify the correctness and genuineness of the particulars set forth in the application"
MH_ACT_1960_SEC_107_002_SUB_4,MH_ACT_1960,child,110,191,191,107,,,Procedure for attachment and sale of property under section 156,,,INFO,,"(4) Unless the applicant has expressed a desire that proceedings should be taken in a particular order as laid down in sub-rule (2), execution shall ordinarily be taken in the following manner:—

(i) "
MH_ACT_1960_SEC_107_002_SUB_5,MH_ACT_1960,child,1336,191,193,107,,,Procedure for attachment and sale of property under section 156,LONG_CHUNK_NO_SAFE_SPLIT,,INFO,A_LONG,"(5) In the seizure and sale of moveable property, the following rules shall be observed:—

(a) The Sale Officer shall, after giving previous notice to the applicant, proceed to the village where the d"
MH_ACT_1960_SEC_107_002_SUB_6,MH_ACT_1960,child,135,193,193,107,,,Procedure for attachment and sale of property under section 156,,,INFO,,"(6) Where the moveable property to be attached is the salary or allowance or wages of public officer or as railway servant or a servant of a local authority or a firm or a company, the Recovery Office"
MH_ACT_1960_SEC_107_002_SUB_7,MH_ACT_1960,child,224,193,194,107,,,Procedure for attachment and sale of property under section 156,,,INFO,,"(7) (I) Where the property to be attached consists of the share or interest of the defaulter in moveable property belonging to him and another as co-owner, the attachment shall be made by notice to th"
MH_ACT_1960_SEC_107_002_SUB_8,MH_ACT_1960,child,341,194,194,107,,,Procedure for attachment and sale of property under section 156,,,INFO,,"(8) (I) Where the property to be attached is a decree either for payment of money or for sale in enforcement of a mortgage or charge, the attachment shall be made, if the decree sought to be attached "
MH_ACT_1960_SEC_107_002_SUB_9,MH_ACT_1960,child,290,194,194,107,,,Procedure for attachment and sale of property under section 156,,,INFO,,"(9) Where the moveable property to be attached is—

(a) a debt due to the defaulter in question,

(b) a share in the capital of a corporation or a deposit invested therein, or

(c) other moveable prop"
MH_ACT_1960_SEC_107_002_SUB_10,MH_ACT_1960,child,45,194,195,107,,,Procedure for attachment and sale of property under section 156,,,INFO,,"(10) Immovable property shall not be sold in execution of a decree unless such property has been previously attached :

Provided that where the decree has been obtained on the basis of a mortgage of s"
MH_ACT_1960_SEC_107_002_SUB_11,MH_ACT_1960,child,1395,195,197,107,,,Procedure for attachment and sale of property under section 156,LONG_CHUNK_NO_SAFE_SPLIT,,INFO,A_LONG,"(11) In the attachment and sale or sale without attachment of immovable property, the following rules shall be observed:—

(a) The application presented under sub-rule (2) shall contain a description "
MH_ACT_1960_SEC_107_002_SUB_12,MH_ACT_1960,child,80,197,197,107,,,Procedure for attachment and sale of property under section 156,,,INFO,,"(12) Where prior to the date fixed for a sale, the defaulter or any person acting on his behalf or any person claiming an interest in the property sought to be sold tenders payment of the full amount "
MH_ACT_1960_SEC_107_002_SUB_13,MH_ACT_1960,child,242,197,197,107,,,Procedure for attachment and sale of property under section 156,,,INFO,,"(13) (I) Where immoveable property has been sold by the Sate Officer, any person either owning such property of holding any interest therein by virtue of a title acquired before such sale may apply to"
MH_ACT_1960_SEC_107_002_SUB_14,MH_ACT_1960,child,290,197,197,107,,,Procedure for attachment and sale of property under section 156,,,INFO,,"(14) (i) At any time within 30 days from the date of the sale of immovable property, the applicant or any person entitled to share in a ratable distribution of the assets or whose interests are affect"
MH_ACT_1960_SEC_107_002_SUB_15,MH_ACT_1960,child,66,197,198,107,,,Procedure for attachment and sale of property under section 156,,,INFO,,"(15) It shall be lawful for the Sale Officer to sell the whole or any portion of the immoveable property of a defaulter in discharge of money due:

Provided that, so far as may be practicable, no larg"
MH_ACT_1960_SEC_107_002_SUB_16,MH_ACT_1960,child,4,198,198,107,,,Procedure for attachment and sale of property under section 156,SHORT_COMPLETE_PROVISION,,INFO,B_SHORT,(16) Clause 16 Deleted.
MH_ACT_1960_SEC_107_002_SUB_17,MH_ACT_1960,child,76,198,198,107,,,Procedure for attachment and sale of property under section 156,,,INFO,,"(17) Where the cost and charges incurred in connection with attachment, and sale of moveable property or the attachment and safe or sale without attachment of immoveable property under this rule, exce"
MH_ACT_1960_SEC_107_002_SUB_18,MH_ACT_1960,child,71,198,198,107,,,Procedure for attachment and sale of property under section 156,,,INFO,,(18) Every person making a payment towards any money due for the recovery of which application has been made under this rule shall be entitled to a receipt for the amount signed by the Sale Officer or
MH_ACT_1960_SEC_107_002_SUB_19,MH_ACT_1960,child,150,198,198,107,,,Procedure for attachment and sale of property under section 156,,,INFO,,"(19) (a) Where any claim is preferred to or any objection is made to the attachment of, any property attached under this rule on the ground that such property is not liable to such attachment, the Sal"
MH_ACT_1960_SEC_107_002_SUB_20,MH_ACT_1960,child,117,198,198,107,,,Procedure for attachment and sale of property under section 156,,,INFO,,"(20) (I) Any deficiency of price which may arise on a re-sale held under clause (j) of sub-rule (11) by reason of the purchaser’s default, and all expenses attending such re-sale shall be certified by"
MH_ACT_1960_SEC_107_002_SUB_21,MH_ACT_1960,child,59,198,198,107,,,Procedure for attachment and sale of property under section 156,,,INFO,,"(21) Where any property has been attached in execution of decree but by reason of the applicant’s default the Recovery Officer is unable to proceed further with the application for execution, he shall"
MH_ACT_1960_SEC_107_002_SUB_22,MH_ACT_1960,child,79,198,198,107,,,Procedure for attachment and sale of property under section 156,,,INFO,,"(22) Where assets are held by the Sale Officer and before the receipt of such assets, demand notices in pursuance of applications for execution of decree against the same defaulter have been received "
MH_ACT_1960_SEC_107_002_SUB_23,MH_ACT_1960,child,126,198,198,107,,,Procedure for attachment and sale of property under section 156,,,INFO,,"(23) Where a defaulter dies before the decree has been fully satisfied, an application under sub-rule (1) may be made against the legal representative of the deceased and thereupon all the provisions "
MH_ACT_1960_SEC_107_A,MH_ACT_1960,parent,95,199,201,107-A,,,Maximum rates of traveling allowance and daily allowance and sitting fees etc. for,CONTEXT_PARENT;TABLE_REVIEW,,INFO,F_TABLE,"107-A. Maximum rates of traveling allowance and daily allowance and sitting fees etc. for members of Committees —

Subject to the provision of section 160-A, no member of a Committee of any Society sh"
MH_ACT_1960_SEC_107_A_SUB_1,MH_ACT_1960,child,354,199,199,107-A,,,Maximum rates of traveling allowance and daily allowance and sitting fees etc. for,TABLE_REVIEW,,INFO,F_TABLE,"(1) Traveling Allowance.—

(a) Journey by Air.—

The Chairman or vice-Chairman of a Society which is an Apex Society or a State Level Society or a Cooperative Sugar Factory or a Co-operative Spinning "
MH_ACT_1960_SEC_107_A_SUB_2,MH_ACT_1960,child,583,200,201,107-A,,,Maximum rates of traveling allowance and daily allowance and sitting fees etc. for,TABLE_REVIEW,,INFO,F_TABLE,"(2) Daily Allowance.—

(a) (I) Rates of daily allowance admissible while on tour.—

Subject to the provisions of clause (b), a member of a Committee of a class of Society shown in column (1) of the Ta"
MH_ACT_1960_SEC_107_A_SUB_3,MH_ACT_1960,child,202,201,201,107-A,,,Maximum rates of traveling allowance and daily allowance and sitting fees etc. for,TABLE_REVIEW,,INFO,F_TABLE,"(3) Sitting Fees.—

A member of a Committee of class of Society shown in column (1) of the Table hereto shall be entitled to claim per meeting sitting fee at the rate shown against it in column (2) of"
MH_ACT_1960_SEC_107_B,MH_ACT_1960,child,167,201,201,107-B,,,"Security to be furnished by officers and employees of societies handling cash, etc",TABLE_REVIEW,,INFO,F_TABLE,"107-B. Security to be furnished by officers and employees of societies handling cash, etc.—

Every officer or employees of a society who is required to handle cash securities or property belonging to "
MH_ACT_1960_SEC_107_C,MH_ACT_1960,child,311,202,202,107-C,,,Maximum amount of cash which may be handled at a time and who may be,STRUCTURE_UNCERTAIN,,INFO,E_STRUCTURE,"107-C. Maximum amount of cash which may be handled at a time and who may be authorised.—

(1) In the case of the following societies, only the Secretary or a paid employee of the society, duly authori"
MH_ACT_1960_SEC_107_D,MH_ACT_1960,child,120,202,202,107-D,,,,,,INFO,,"107-D. certain payments to be made by Cheque —

(1) All payments by or on behalf of a society or class of societies notified by the State government from time to time, shall be made by means of a Cheq"
MH_ACT_1960_SEC_108_002,MH_ACT_1960,child,42,203,203,108,,,"Contributions, fees and charges to be credited to Government",,,INFO,,"108. Contributions, fees and charges to be credited to Government—

All contributions made under sub-section (2) of section 90, all fees paid under subsection (3) of section 108 and all charges levied"
MH_ACT_1960_SEC_109_002,MH_ACT_1960,child,67,203,203,109,,,"Communication of decision, award, etc",,,INFO,,"109. Communication of decision, award, etc.—

Any order, decision or award required to be communicated under the Act or these rules, unless otherwise specifically provided in the Act or the rules, be "
MH_ACT_1960_SEC_110_002,MH_ACT_1960,child,30,203,203,110,,,Repeal of Bombay Co-operative Societies Rules,,,INFO,,"110. Repeal of Bombay Co-operative Societies Rules.—

The Bombay Cooperative Societies Rules, 1927, are hereby repealed, except as respects things done or omitted to be done before the repeal thereof."
MH_RULES_1961_DOC,MH_RULES_1961,parent,2,1,145,,,,,CONTEXT_PARENT;SHORT_CONTEXT_PARENT,,INFO,B_SHORT;D_TOP20_SHORT,Chapter I
MH_RULES_1961_RULE_1,MH_RULES_1961,child,30,1,1,,1,,Short title and extent:- These rules may be called the Maharashtra Co,,,INFO,,"Chapter I

Preliminary

1. Short title and extent:- These rules may be called the Maharashtra Co-operative Societies Rules. 1961.

(1) They extend to the whole of the State of Maharashtra."
MH_RULES_1961_RULE_2,MH_RULES_1961,parent,288,1,1,,2,,"Definitions:- In these rules, unless the context otherwise, requires",,,INFO,,"2. Definitions:- In these rules, unless the context otherwise, requires. —

(a) ""Act"" means the Maharashtra Co-operative Societies Act. 1960;

(b) ""Apex Co-operative Bank"" means a federal co-operative"
MH_RULES_1961_RULE_2_SUB_A,MH_RULES_1961,child,9,1,1,,2,a,"Definitions:- In these rules, unless the context otherwise, requires",SHORT_COMPLETE_PROVISION,,INFO,B_SHORT,"(a) ""Act"" means the Maharashtra Co-operative Societies Act. 1960;"
MH_RULES_1961_RULE_2_SUB_B,MH_RULES_1961,child,29,1,1,,2,b,"Definitions:- In these rules, unless the context otherwise, requires",,,INFO,,"(b) ""Apex Co-operative Bank"" means a federal co-operative bank having jurisdiction over the whole of the Maharashtra State and recognised as such by the State Government for the purpose;"
MH_RULES_1961_RULE_2_SUB_C,MH_RULES_1961,child,47,1,1,,2,c,"Definitions:- In these rules, unless the context otherwise, requires",,,INFO,,"(c) ""co-operative year"" means the year ending on the 30th day of June or. in the case of any society or class of societies, the accounts of which are with the previous sanction of the Registrar, balan"
MH_RULES_1961_RULE_2_SUB_D,MH_RULES_1961,child,24,1,1,,2,d,"Definitions:- In these rules, unless the context otherwise, requires",,,INFO,,"(d) ""decree"" means any decree of a Civil Court, and includes any order, decision or award referred to in sub-section (I) of Section 156;"
MH_RULES_1961_RULE_2_SUB_E,MH_RULES_1961,child,9,1,1,,2,e,"Definitions:- In these rules, unless the context otherwise, requires",DUPLICATE_TEXT;SHORT_COMPLETE_PROVISION,DUPLICATE_TEXT,INFO,B_SHORT,"(e) ""decree holder"" means any person holding a decree;"
MH_RULES_1961_RULE_2_SUB_F,MH_RULES_1961,child,9,1,1,,2,f,"Definitions:- In these rules, unless the context otherwise, requires",DUPLICATE_TEXT;SHORT_COMPLETE_PROVISION,DUPLICATE_TEXT,INFO,B_SHORT,"(f) ""form"" means a form appended to these rules;"
MH_RULES_1961_RULE_2_SUB_G,MH_RULES_1961,child,72,1,1,,2,g,"Definitions:- In these rules, unless the context otherwise, requires",,,INFO,,"(g) ""Record of Rights"" means: -

(i) as respects the Bombay area of the State, the record of rights maintained under the Bombay Land Revenue Code, 1879;

(ii) as respects the Vidarbha region of the St"
MH_RULES_1961_RULE_2_SUB_H,MH_RULES_1961,child,20,1,1,,2,h,"Definitions:- In these rules, unless the context otherwise, requires",,,INFO,,"(h) ""recovery officer"" means any person empowered to exercise in any district, the powers of the Registrar under Section 156;"
MH_RULES_1961_RULE_2_SUB_I,MH_RULES_1961,child,16,1,1,,2,i,"Definitions:- In these rules, unless the context otherwise, requires",SHORT_COMPLETE_PROVISION,,INFO,B_SHORT,"(i) ""the registered society"" means a society registered or deemed to be registered under the Act;"
MH_RULES_1961_RULE_2_SUB_J,MH_RULES_1961,child,34,1,1,,2,j,"Definitions:- In these rules, unless the context otherwise, requires",,,INFO,,"(j) ""sale officer"" means an officer empowered by the Registrar, by general or special order, to attach and sell the property of defaulters or to execute any decree by attachment and sale of property;"
MH_RULES_1961_RULE_2_SUB_K,MH_RULES_1961,child,8,1,1,,2,k,"Definitions:- In these rules, unless the context otherwise, requires",SHORT_COMPLETE_PROVISION,,INFO,B_SHORT,"(k) ""section"" means a section of the Act,"
MH_RULES_1961_RULE_4,MH_RULES_1961,child,856,1,5,,4,,Application for registration and registration fees:- (I) Every application for,STRUCTURE_UNCERTAIN,,INFO,E_STRUCTURE,"Chapter II

Registration

1[3. [****]

2[4. Application for registration and registration fees:- (I) Every application for registration of a society under Section 8 shall be made in Form 'A' in Marath"
MH_RULES_1961_RULE_8,MH_RULES_1961,child,760,5,6,,8,,Matters in respect of which Registrar may direct society to make bye-laws,,,INFO,,8. Matters in respect of which Registrar may direct society to make bye-laws or society may make by-laws:- (I) The Registrar may require a society to make bye-laws in respect of all or any of the foll
MH_RULES_1961_RULE_10,MH_RULES_1961,child,615,6,9,,10,,Classification and sub-classification of societies:- (1) After registration of a,STRUCTURE_UNCERTAIN,,INFO,E_STRUCTURE,"10. Classification and sub-classification of societies:-

(1) After registration of a society, the Registrar shall classify the society into one or other of the following classes and sub-classes of so"
MH_RULES_1961_RULE_12,MH_RULES_1961,child,324,9,10,,12,,"Amendment of bye-laws:-(1) Subject to the provisions of this rule, bye",STRUCTURE_UNCERTAIN,,INFO,E_STRUCTURE,"12. Amendment of bye-laws:-

(1) Subject to the provisions of this rule, bye-laws of a society may be amended by passing a resolution at a general meeting of the society held for that purpose.

(2) Th"
MH_RULES_1961_RULE_13,MH_RULES_1961,child,1001,10,11,,13,,Manner of calling upon society to make amendment to bye-laws:- (1),LONG_CHUNK_NO_SAFE_SPLIT;STRUCTURE_UNCERTAIN,,INFO,A_LONG;E_STRUCTURE,"13. Manner of calling upon society to make amendment to bye-laws:-

(1) Subject to the provisions of this rule, the Registrar may by serving a notice in Form 'E' call upon a society to make such amend"
MH_RULES_1961_RULE_16,MH_RULES_1961,child,564,11,12,,16,,"Amalgamation, transfer of assets and liabilities, division or conversion",STRUCTURE_UNCERTAIN,,INFO,E_STRUCTURE,"16. Amalgamation, transfer of assets and liabilities, division or conversion of societies:-

(1) Every society desiring to effect amalgamation, transfer of assets and liabilities, division or conversi"
MH_RULES_1961_RULE_17,MH_RULES_1961,child,721,12,13,,17,,"Direction by Registrar for amalgamation, division and reorganisation of",STRUCTURE_UNCERTAIN,,INFO,E_STRUCTURE,"17. Direction by Registrar for amalgamation, division and reorganisation of societies:-

(1) Before issuing any order under sub-section (I) of Section 18 providing for the amalgamation, division or re"
MH_RULES_1961_RULE_18A,MH_RULES_1961,parent,18,14,16,,18A,,Conditions for realising the assets and liquidating the liabilities of the,CONTEXT_PARENT;SHORT_CONTEXT_PARENT,,INFO,B_SHORT,1[18A. Conditions for realising the assets and liquidating the liabilities of the de-registered society by the Official Assignee:-
MH_RULES_1961_RULE_18A_SUB_1,MH_RULES_1961,child,1303,14,16,,18A,,Conditions for realising the assets and liquidating the liabilities of the,LONG_CHUNK_NO_SAFE_SPLIT,,INFO,A_LONG,"(1) The Official Assignee shall work under the general control, superintendence and directions of the Registrar.

(2) He shall have the following powers for the purposes of realising the assets and fo"
MH_RULES_1961_RULE_18A_SUB_15,MH_RULES_1961,child,92,16,16,,18A,,Conditions for realising the assets and liquidating the liabilities of the,,,INFO,,"(15) He shall maintain such books and accounts as the Registrar may require him to keep.

(16) He shall submit a final report to the Registrar. On acceptance of such report by the Registrar, the Offic"
MH_RULES_1961_RULE_18B,MH_RULES_1961,child,116,16,17,,18B,,Purposes for investment of surplus by the Registrar:- (1),,,INFO,,"18B. Purposes for investment of surplus by the Registrar:-

(1) The Registrar shall dispose of the surplus vested in him under Rule 18A in any manner at his discretion for the following purposes, name"
MH_RULES_1961_RULE_118C,MH_RULES_1961,child,311,17,17,,118C,,Manner of issue of public notice of the proceedings of de-registration,,,INFO,,"118C. Manner of issue of public notice of the proceedings of de-registration of society: -

(1) Where the number of members of the society is so large and it is not possible to ascertain the correct a"
MH_RULES_1961_RULE_19,MH_RULES_1961,child,211,17,18,,19,,"Conditions to be complied with for admission for membership, etc:- No",MALFORMED_NUMBERING_HIERARCHY,,INFO,,"Chapter III

Members and their rights and liabilities

19. Conditions to be complied with for admission for membership, etc:- No person shall be admitted as a member of a society unless,—

(i) he has "
MH_RULES_1961_RULE_119A,MH_RULES_1961,child,231,18,18,,119A,,Procedure for tendering application to the Registrar for membership,STRUCTURE_UNCERTAIN,,INFO,E_STRUCTURE,"119A. Procedure for tendering application to the Registrar for membership under section 23(1 A):-

(1) Where a society has refused to accept the application for membership from eligible person, such p"
MH_RULES_1961_RULE_20,MH_RULES_1961,child,153,18,18,,20,,Procedure for admission of joint members and minor and persons of,MALFORMED_NUMBERING_HIERARCHY;STRUCTURE_UNCERTAIN,,INFO,E_STRUCTURE,"20. Procedure for admission of joint members and minor and persons of unsound mind inheriting the share or interest of deceased member.:-

(1) A society may admit joint members provided they make a de"
MH_RULES_1961_RULE_21,MH_RULES_1961,child,262,18,19,,21,,Withdrawal of Membership:,,,INFO,,"21. Withdrawal of Membership: -

(1) Subject to the provisions of the Act, the rules and the by-laws of the society, a member may withdraw from the society after giving three months' notice to the Sec"
MH_RULES_1961_RULE_22,MH_RULES_1961,child,323,19,19,,22,,Voting rights of individual members in a Federal Society:- (1)In the case,STRUCTURE_UNCERTAIN,,INFO,E_STRUCTURE,"22. Voting rights of individual members in a Federal Society:-

(1)In the case of Federal Societies, the voting rights of individual members (which term shall include firm, company or body corporate, "
MH_RULES_1961_RULE_23,MH_RULES_1961,child,611,19,20,,23,,Valuation of shares:,STRUCTURE_UNCERTAIN,,INFO,E_STRUCTURE,"23. Valuation of shares: -

(1) Where a member of society ceases to be a member thereof, the sum representing the value of his share or interest in the share capital of the society to be paid to him o"
MH_RULES_1961_RULE_27,MH_RULES_1961,child,327,20,21,,27,,Supply of copies of documents by societies and fees therefore:- (1) A,STRUCTURE_UNCERTAIN,,INFO,E_STRUCTURE,"27. Supply of copies of documents by societies and fees therefore:-

(1) A member of a society requiring a copy of any of the documents mentioned in sub-section (1) of Section 32 may apply to the soci"
MH_RULES_1961_RULE_29,MH_RULES_1961,child,218,21,21,,29,,Procedure for expulsion of members:- (1) Where any member of a,STRUCTURE_UNCERTAIN,,INFO,E_STRUCTURE,"29. Procedure for expulsion of members:-

(1) Where any member of a society proposes to bring a resolution for expulsion of any other member, he shall give a written notice thereof to the Chairman of "
MH_RULES_1961_RULE_30,MH_RULES_1961,child,169,21,22,,30,,Inspection of documents in the Registrar's office by members of,,,INFO,,30. Inspection of documents in the Registrar's office by members of societies and the scale of fees for supply of copies of documents:- A member of a society or any member of the public may inspect th
MH_RULES_1961_RULE_31,MH_RULES_1961,child,289,22,22,,31,,Procedure for change of address of societies:- (1) Every society shall,STRUCTURE_UNCERTAIN,,INFO,E_STRUCTURE,"Chapter IV

Incorporation, duties and privileges of societies

31. Procedure for change of address of societies:-

(1) Every society shall communicate in writing to the Registrar its postal address as"
MH_RULES_1961_RULE_34,MH_RULES_1961,child,47,23,23,,34,,Certified copies of entries in books of societies:- For the purposes of,,,INFO,,34. Certified copies of entries in books of societies:- For the purposes of Section 40. copies of any entries referred to in that section may be certified by any officer of the society duly authorised
MH_RULES_1961_RULE_35,MH_RULES_1961,child,290,23,23,,35,,Conditions for borrowing by societies with limited liability: - (1) No,STRUCTURE_UNCERTAIN,,INFO,E_STRUCTURE,"35. Conditions for borrowing by societies with limited liability: -

(1) No society other than those referred in Rules 36 and 37 with limited liability shall, without the previous sanction of the Regi"
MH_RULES_1961_RULE_36,MH_RULES_1961,child,182,23,23,,36,,Conditions for borrowing of Maharashtra State Co-operative Bank:,,,INFO,,"36. Conditions for borrowing of Maharashtra State Co-operative Bank:- Except with the previous sanction of the Registrar, the Maharashtra State Co-operative Bank Limited shall now incur liabilities ex"
MH_RULES_1961_RULE_37,MH_RULES_1961,child,37,23,23,,37,,Conditions for borrowing of Land Development Banks:- Land Development,,,INFO,,"37. Conditions for borrowing of Land Development Banks:- Land Development Banks may incur liabilities not exceeding in total twenty times the total amount of their paid up share capital, accumulated r"
MH_RULES_1961_RULE_38,MH_RULES_1961,child,350,23,24,,38,,Loans and deposits from non-members in unlimited liability societies:,,,INFO,,"38. Loans and deposits from non-members in unlimited liability societies:- Every society with unlimited liability shall, from time to time, fix in a general meeting the maximum liability which it may "
MH_RULES_1961_RULE_40,MH_RULES_1961,child,55,24,24,,40,,"Additional conditions for raising funds by societies:- The Registrar may, by",,,INFO,,"40. Additional conditions for raising funds by societies:- The Registrar may, by general or special order, lay down such additional conditions as he deems fit, subject to which and the extent upto whi"
MH_RULES_1961_RULE_41,MH_RULES_1961,child,75,24,24,,41,,Maintenance of liquid resources and distribution of assets:- Every society,,,INFO,,"41. Maintenance of liquid resources and distribution of assets:- Every society which obtains any portion of its working capital by deposits shall,—

(1) maintain such liquid resources and in such form"
MH_RULES_1961_RULE_42,MH_RULES_1961,parent,574,24,25,,42,,Regulation of loans to be granted by societies:- In case of grant of loans,,,INFO,,"42. Regulation of loans to be granted by societies:- In case of grant of loans against security of moveable or immovable property, the lending society shall maintain such margin as the Registrar may, "
MH_RULES_1961_RULE_42_SUB_1,MH_RULES_1961,child,41,24,24,,42,,Regulation of loans to be granted by societies:- In case of grant of loans,,,INFO,,"(1) In case of cash credit, the amount of loan shall not exceed such multiple of owned funds of the borrowing society as may be laid down by the Registrar with the approval of concerned financing agen"
MH_RULES_1961_RULE_42_SUB_2,MH_RULES_1961,child,93,24,24,,42,,Regulation of loans to be granted by societies:- In case of grant of loans,,,INFO,,(2) It shall be lawful for a society to grant loans without taking security of moveable or immovable property if the purpose for which the loan given is considered production-worthy or creditworthy an
MH_RULES_1961_RULE_42_SUB_3,MH_RULES_1961,child,99,24,25,,42,,Regulation of loans to be granted by societies:- In case of grant of loans,,,INFO,,(3) The Registrar may recognise a Central Bank as the Central Financing Agency which shall be primarily responsible for financing credit requirements of all creditworthy purposes through the concerned
MH_RULES_1961_RULE_42_SUB_4,MH_RULES_1961,child,77,25,25,,42,,Regulation of loans to be granted by societies:- In case of grant of loans,,,INFO,,"(4) Except with the general or special permission of the Registrar, the loan advanced to a member by a society, or to a society by a bank, shall be subject to such conditions as may be laid down by th"
MH_RULES_1961_RULE_42_SUB_5,MH_RULES_1961,child,36,25,25,,42,,Regulation of loans to be granted by societies:- In case of grant of loans,,,INFO,,(5) No society shall carry on transactions on credit or sanction trade credit to its members or to non-members except in accordance with the general directions that may be issued by the Registrar in t
MH_RULES_1961_RULE_42_SUB_6,MH_RULES_1961,child,114,25,25,,42,,Regulation of loans to be granted by societies:- In case of grant of loans,,,INFO,,"(6) In the matter of grant of loans to societies by Central Banks or to members by Primary Societies, the Registrar may lay down with the approval of the Central Banks, the procedure regarding receivi"
MH_RULES_1961_RULE_42_SUB_7,MH_RULES_1961,child,54,25,25,,42,,Regulation of loans to be granted by societies:- In case of grant of loans,,,INFO,,"(7) The Registrar may with the approval of the Apex Bank, by general or special order, prohibit or regulate grant of loans by a Central Bank or a society where such grant is considered neither in the "
MH_RULES_1961_RULE_43,MH_RULES_1961,child,294,26,26,,43,,Conditions to be complied with by members applying for loans: - (1),STRUCTURE_UNCERTAIN,,INFO,E_STRUCTURE,"43. Conditions to be complied with by members applying for loans: -

(1) Every member of a society applying for a loan from the society shall be required to hold shares in such manner and in such prop"
MH_RULES_1961_RULE_45,MH_RULES_1961,child,228,26,26,,45,,Restrictions on borrowing from more than one credit society:- (1) Every,STRUCTURE_UNCERTAIN,,INFO,E_STRUCTURE,"45. Restrictions on borrowing from more than one credit society:-

(1) Every person who is a member of more than one resource society (other than a Land Development Bank or a Central Bank or a marketi"
MH_RULES_1961_RULE_45A,MH_RULES_1961,child,306,26,27,,45A,,Limits on loans against fixed deposits: - (1) When a society makes a,STRUCTURE_UNCERTAIN,,INFO,E_STRUCTURE,"1[45A. Limits on loans against fixed deposits: -

(1) When a society makes a loan to a depositor on the security of his fixed deposit with the society, the amount of loan shall not exceed 90 per cent "
MH_RULES_1961_RULE_146A,MH_RULES_1961,child,66,27,27,,146A,,Restrictions on borrowings from non-members:- No society shall receive,,,INFO,,"146A. Restrictions on borrowings from non-members:- No society shall receive or raise loans from non-members (including any banking company other than the Central Bank), unless specially authorised by"
MH_RULES_1961_RULE_46B,MH_RULES_1961,child,62,27,27,,46B,,Restrictions on credit sales to non-members:,MALFORMED_NUMBERING_HIERARCHY,,INFO,,"2[46B. Restrictions on credit sales to non-members: — Where the by-laws of a society permit credit sales, such sales may be made to traders and other non-members provided that the person to whom such "
MH_RULES_1961_RULE_47,MH_RULES_1961,child,78,27,27,,47,,Restrictions on transactions with non-members:,,,INFO,,"47. Restrictions on transactions with non-members: — On the application of a member of any society or of his own motion, when it appears to the Registrar that it is necessary in the interest of the wo"
MH_RULES_1961_RULE_48,MH_RULES_1961,child,305,27,28,,48,,Form of declarations be made by members borrowing loans from certain,STRUCTURE_UNCERTAIN,,INFO,E_STRUCTURE,"48. Form of declarations be made by members borrowing loans from certain societies and conditions on which any charge in favour of a society shall be satisfied:-

(1)A declaration to be made under cla"
MH_RULES_1961_CONTEXT_038,MH_RULES_1961,child,731,28,29,,,,,RULE_IDENTIFIER_MISSING;STRUCTURE_UNCERTAIN,MISSING_STRUCTURAL_ID,REVIEW,E_STRUCTURE,"Chapter V

Property and funds of societies

49. Writing off of bad debts and losses:- All loans including interest thereon and recovery charges in respect thereof which are found irrecoverable and are"
MH_RULES_1961_RULE_51,MH_RULES_1961,child,147,29,29,,51,,Amounts to be deducted by a Society from its profits before arriving at,,,INFO,,"51. Amounts to be deducted by a Society from its profits before arriving at its net profits:- In addition to the sums referred to in sub-section (i) of Section 65, the following sums shall be deducted"
MH_RULES_1961_RULE_52,MH_RULES_1961,child,191,29,30,,52,,Bonus and Dividend Equalization Fund:,,,INFO,,"52. Bonus and Dividend Equalization Fund:-

(1) A society may create out of its net profits a fund to be called the Bonus Equalization Fund 2[for payment of bonus to persons other than its paid employ"
MH_RULES_1961_RULE_53,MH_RULES_1961,child,951,30,33,,53,,Rates of annual contribution to education fund of State Federal,LONG_CHUNK_NO_SAFE_SPLIT,,INFO,A_LONG,2[53. Rates of annual contribution to education fund of State Federal Society: - The rates at which the classes of societies specified under column (2) of the Table below shall contribute annually und
MH_RULES_1961_RULE_53A,MH_RULES_1961,child,284,33,34,,53A,,"Rates of annual contribution to Co-operative, State Cadre",,,INFO,,"1[53A. Rates of annual contribution to Co-operative, State Cadre Employment Fund:- The rates at which the class or classes of societies or other body corporate specified under column 2 of the Table be"
MH_RULES_1961_RULE_153B,MH_RULES_1961,child,1630,34,36,,153B,,Manner of contributions to be made under the Rule 53A:- (1) The Apex society,LONG_CHUNK_NO_SAFE_SPLIT;STRUCTURE_UNCERTAIN,,INFO,A_LONG;E_STRUCTURE;C_TOP20_LONG,"153B. Manner of contributions to be made under the Rule 53A:-

(1) The Apex society which has been notified by the State Government under subsection (3) of Section 69-A shall open an account in the na"
MH_RULES_1961_RULE_54,MH_RULES_1961,child,288,36,37,,54,,"Utilisation and investment of reserve fund:- (1) A society shall, in addition",MALFORMED_NUMBERING_HIERARCHY;STRUCTURE_UNCERTAIN,,INFO,E_STRUCTURE,"54. Utilisation and investment of reserve fund:-

(1) A society shall, in addition to the modes specified in clauses (a) to (d) of Section 70, invest or deposit its reserve fund in any one or more of "
MH_RULES_1961_RULE_55,MH_RULES_1961,child,383,37,37,,55,,Investment of other funds:- (1),STRUCTURE_UNCERTAIN,,INFO,E_STRUCTURE,"55. Investment of other funds:-

(1) A society may invest any of its funds (other than the reserve fund) in any of the modes specified in Section 70 when such funds are not utilised for the business o"
MH_RULES_1961_RULE_56,MH_RULES_1961,child,144,37,38,,56,,Maintenance and administration of provident fund:- A society which has,,,INFO,,"56. Maintenance and administration of provident fund:- A society which has established a provident fund for its employees under Section 71 shall, with the previous approval of the Registrar, frame reg"
MH_RULES_1961_RULE_56A,MH_RULES_1961,child,1229,38,40,,56A,,Manner of election to notified Societies:- (i) The elections of the societies,LONG_CHUNK_NO_SAFE_SPLIT;STRUCTURE_UNCERTAIN,,INFO,A_LONG;E_STRUCTURE,"56A. Manner of election to notified Societies:- (i) The elections of the societies notified by the State Government under Section 73-IC, shall be held or cause to be held by the Registrar through the "
MH_RULES_1961_RULE_56C,MH_RULES_1961,child,230,40,40,,56C,,Particulars to be included in the provisional list of voters:- (1) The,,,INFO,,"56C. Particulars to be included in the provisional list of voters:-

(1) The provisional list of voters in case of individual shareholders, shall contain the name, father's or husband's name, surname,"
MH_RULES_1961_RULE_56D,MH_RULES_1961,child,210,40,40,,56D,,"Claims and objections to the provisional list of voters, and the final list",STRUCTURE_UNCERTAIN,,INFO,E_STRUCTURE,"56D. Claims and objections to the provisional list of voters, and the final list of voters:-

(1) When any provisional list of voters is published for inviting claims and objections, any omission or e"
MH_RULES_1961_RULE_56E,MH_RULES_1961,child,278,41,41,,56E,,"Appointment of Returning Officers, Assistant Returning Officers and",,,INFO,,"56E. Appointment of Returning Officers, Assistant Returning Officers and such other Officers required to conduct the elections:- The Registrar or the Chief Election Officer or the District Election Of"
MH_RULES_1961_RULE_56_002,MH_RULES_1961,child,214,41,41,,56,,H. Appointment of Presiding Officers and Polling Officers:- (1) The,STRUCTURE_UNCERTAIN,,INFO,E_STRUCTURE,"56.H. Appointment of Presiding Officers and Polling Officers:-

(1) The Returning Officer shall appoint a Presiding Officer for each polling station and such polling Officer or Officers as he thinks n"
MH_RULES_1961_RULE_56I,MH_RULES_1961,child,107,41,41,,56I,,General duty of Presiding Officer and Polling Officer:- It shall be the,,,INFO,,"56I. General duty of Presiding Officer and Polling Officer:- It shall be the general duty of the Presiding Officer at a polling station to keep law and order and to see that the poll is fairly taken,
"
MH_RULES_1961_RULE_56J,MH_RULES_1961,child,406,41,42,,56J,,Appointment of dates etc. for various stages of an election:- (1) The,,,INFO,,"56J. Appointment of dates etc. for various stages of an election:-

(1) The Returning Officer, with prior approval of the Registrar or the District Election Officer, as the case may be, shall draw and"
MH_RULES_1961_RULE_56K,MH_RULES_1961,child,292,42,43,,56K,,Manner of publication of election programme under Rule 56J:- (1) The,STRUCTURE_UNCERTAIN,,INFO,E_STRUCTURE,"56K. Manner of publication of election programme under Rule 56J:-

(1) The Returning Officer shall send a copy of the election programme declared under Rule 56J in Form M-3 to the society either by sp"
MH_RULES_1961_RULE_56L,MH_RULES_1961,child,273,43,43,,56L,,Manner of publication of election programme under Rule 56K:- (J) The,STRUCTURE_UNCERTAIN,,INFO,E_STRUCTURE,56L. Manner of publication of election programme under Rule 56K:- (J) The Returning Officer shall send a copy of the election programme declared under the Rule 56J in Form M-3 to the society either by
MH_RULES_1961_FORM_M_4,MH_RULES_1961,parent,153,43,56,,,,Form M-4 :,CONTEXT_PARENT,,INFO,,"Form M-4 :

Provided that, a failure to complete or defect in completing the declaration as to symbols in a nomination paper, shall not be deemed to be a defect of a substantial character within the m"
MH_RULES_1961_FORM_M_4_SUB_1,MH_RULES_1961,child,597,43,44,,,,Form M-4 :,,,INFO,,"56N. Presentation of nomination paper and requirements for valid nominations:- (1) On or before the date appointed under Rule 56J, each candidate shall either in person or by his proposer, deliver to "
MH_RULES_1961_FORM_M_4_SUB_2,MH_RULES_1961,child,594,44,45,,,,Form M-4 :,,,INFO,,"56Q. Notice of nomination and time and place for the scrutiny:- The Returning Officer shall on receiving the nomination paper under Rule 56N, inform the person or persons delivering the same, of the d"
MH_RULES_1961_FORM_M_4_SUB_3,MH_RULES_1961,child,165,45,45,,,,Form M-4 :,,,INFO,,"56S. Publication of list of valid nomination:- Immediately after all the nomination papers have been scrutinised and the decisions accepting or rejecting the same has been recorded, the Returning Offi"
MH_RULES_1961_FORM_M_4_SUB_4,MH_RULES_1961,child,208,45,46,,,,Form M-4 :,,,INFO,,"56U. Preparation of list of contesting candidates:- (1) On the day next succeeding the last date fixed for withdrawal of candidature, the Returning Officer shall prepare and publish in Form M-5, a lis"
MH_RULES_1961_FORM_M_4_SUB_5,MH_RULES_1961,child,983,46,47,,,,Form M-4 :,LONG_CHUNK_NO_SAFE_SPLIT,,INFO,A_LONG,"56V. Appointment of Polling Agents and Counting Agents:- (J) At an election at which a poll is to be taken, any contesting candidate may appoint one agent and one relief agent to act as Polling Agents"
MH_RULES_1961_FORM_M_4_SUB_6,MH_RULES_1961,child,1446,47,50,,,,Form M-4 :,LONG_CHUNK_NO_SAFE_SPLIT,,INFO,A_LONG,"56A-4. The preparation of ballot boxes for poll:- (J) Where a paper seal is used for securing a ballot box, the Presiding Officer shall affix his own signature on the paper seal and obtain thereon the"
MH_RULES_1961_FORM_M_4_SUB_7,MH_RULES_1961,child,217,50,50,,,,Form M-4 :,,,INFO,,"56A-11. Recording of vote of blind or infirm voter:- (1) If the Presiding Officer is satisfied that, owing to blindness or other physical infirmity, a voter is unable to recognise the symbols on the b"
MH_RULES_1961_FORM_M_4_SUB_8,MH_RULES_1961,child,418,50,51,,,,Form M-4 :,,,INFO,,"56A-12. Spoilt and Returned ballot papers:- (1) A voter who has inadvertently dealt with his ballot paper in such manner that it cannot be conveniently used as a ballot paper may, on returning it to t"
MH_RULES_1961_FORM_M_4_SUB_9,MH_RULES_1961,child,196,51,51,,,,Form M-4 :,,,INFO,,"56A-15. Sealing of ballot boxes after poll:- (1) As soon as practicable after closing of the poll, the Presiding Officer shall, in the presence of any candidates or their polling agents, close the sli"
MH_RULES_1961_FORM_M_4_SUB_10,MH_RULES_1961,child,96,51,52,,,,Form M-4 :,,,INFO,,"56A-17. Sealing of other packets:-

(1) The Presiding Officer shall then make into separate packets; -

(a) the Marked copy of the list of voters;

(b) the unused ballot papers;

(c) the covers contai"
MH_RULES_1961_FORM_M_4_SUB_11,MH_RULES_1961,child,428,52,52,,,,Form M-4 :,,,INFO,,"56A-18. Transmission of ballot boxes, packets etc. to the Returning Officer:- (J) The Presiding Officer shall then deliver or cause to be delivered the following to the Returning Officer at such place"
MH_RULES_1961_FORM_M_4_SUB_12,MH_RULES_1961,child,237,52,53,,,,Form M-4 :,,,INFO,,"56A-21. Admission to the place fixed for counting:- (J) The Returning Officer shall exclude from place fixed for counting of votes al persons except -

(a) such persons as he may. appoint to assist hi"
MH_RULES_1961_FORM_M_4_SUB_13,MH_RULES_1961,child,1059,53,55,,,,Form M-4 :,LONG_CHUNK_NO_SAFE_SPLIT,,INFO,A_LONG,"56A-23. Scrutiny and rejection of ballot papers:-

(1) The ballot papers taken out of each ballot box shall be arranged in convenient bundles and scrutinised.

(2) The Returning Officer shall reject a"
MH_RULES_1961_FORM_M_4_SUB_14,MH_RULES_1961,child,437,55,55,,,,Form M-4 :,,,INFO,,"56A-27. Recommencing of counting after fresh poll:- (1) If a fresh poll is held under Rule 56A-19, the Returning Officer shall after completion of that poll, recommence the counting of votes on the da"
MH_RULES_1961_FORM_M_4_SUB_15,MH_RULES_1961,child,158,55,56,,,,Form M-4 :,,,INFO,,56A-29. Declaration of result and publication of names of the members of the committee:- The Returning Officer shall then declare the candidate to whom the highest number of valid votes-has been given
MH_RULES_1961_FORM_M_4_SUB_16,MH_RULES_1961,child,203,56,56,,,,Form M-4 :,,,INFO,,56A-30. Return of forfeiture of candidate's deposit:- The deposit made under Rule 56P shall either be returned to the person making it or representative heir or be forfeited to the State Election Fund
MH_RULES_1961_FORM_M_4_SUB_17,MH_RULES_1961,child,53,56,56,,,,Form M-4 :,,,INFO,,56A-31. Custody of papers relating to elections:- The Returning Officer shall have the custody of packets referred to in Rule 56A-17 and all other papers relating to the election for a period of 3 mon
MH_RULES_1961_FORM_M_4_SUB_18,MH_RULES_1961,child,127,56,56,,,,Form M-4 :,,,INFO,,"56A-32. Production and inspection of election paper:- (I) While in custody of District Election Officer:

(a) the packets of unused ballot papers;

(b) the packets of used ballot papers, whether valid"
MH_RULES_1961_FORM_M_4_SUB_19,MH_RULES_1961,child,129,56,56,,,,Form M-4 :,,,INFO,,"56A-34. Casual vacancies how to be filled in:- In the event of vacancy occurred on account of death, resignation or otherwise, it shall be filled in by the society, according to the provision of bye-l"
MH_RULES_1961_RULE_57,MH_RULES_1961,parent,13,56,59,,57,,Prohibition against being interested in contracts etc:- (1),CONTEXT_PARENT;SHORT_CONTEXT_PARENT,,INFO,B_SHORT,"Chapter VI

Management of Societies 57. Prohibition against being interested in contracts etc:-"
MH_RULES_1961_RULE_57_SUB_1,MH_RULES_1961,child,1437,57,59,,57,,Prohibition against being interested in contracts etc:- (1),LONG_CHUNK_NO_SAFE_SPLIT,,INFO,A_LONG,"(1) No officer of a society shall have any interest, directly or indirectly otherwise than as such Officer;—

(a) in any contract made with or by the society; or

(b) in any property sold or purchased"
MH_RULES_1961_RULE_57_SUB_6,MH_RULES_1961,child,34,59,59,,57,,Prohibition against being interested in contracts etc:- (1),,,INFO,,"(6) of Section 73ID.

(j) the Presiding Officer shall not speak or give any decision on the merit or otherwise of no-confidence motion.

(k) issue certificate in Form M-19 in favour of the society."
MH_RULES_1961_RULE_58,MH_RULES_1961,child,312,59,59,,58,,Disqualification for membership of committee:- (1) No person shall be,STRUCTURE_UNCERTAIN,,INFO,E_STRUCTURE,"1[58. Disqualification for membership of committee:-

(1) No person shall be eligible for appointment, or election or nomination or co-option or being continued as member of the committee or District "
MH_RULES_1961_RULE_158_A,MH_RULES_1961,child,279,60,60,,158-A,,Bond to be executed by elected Members of Managing Committee:,,,INFO,,158-A. Bond to be executed by elected Members of Managing Committee: - Every elected member of the Managing Committee shall execute a bond in Form M- 20 within fifteen days of his assuming the office.
MH_RULES_1961_RULE_60,MH_RULES_1961,parent,548,60,61,,60,,General meetings:,MALFORMED_NUMBERING_HIERARCHY,,INFO,,"60. General meetings: -

(1) All general meetings of a society excepting the first general meeting shall be convened by the Secretary or any other officer authorised by and under the by-laws to conven"
MH_RULES_1961_RULE_60_SUB_1,MH_RULES_1961,child,99,60,60,,60,,General meetings:,MALFORMED_NUMBERING_HIERARCHY,,INFO,,(1) All general meetings of a society excepting the first general meeting shall be convened by the Secretary or any other officer authorised by and under the by-laws to convene such meetings under int
MH_RULES_1961_RULE_60_SUB_2,MH_RULES_1961,child,41,60,60,,60,,General meetings:,MALFORMED_NUMBERING_HIERARCHY,,INFO,,"(2) No general meeting shall be held or proceeded with unless the number of members required to form a quorum as specified in the by-laws are present.

Footnotes: 1 Ins. by G. N. of 18-2-2002

2. Dele"
MH_RULES_1961_RULE_60_SUB_3,MH_RULES_1961,child,90,60,61,,60,,General meetings:,MALFORMED_NUMBERING_HIERARCHY,,INFO,,(3) The Secretary or any other officer convening the meeting shall read out the notice convening the meeting and the agenda for the meeting and then the subjects shall be taken up for consideration in
MH_RULES_1961_RULE_60_SUB_4,MH_RULES_1961,child,28,61,61,,60,,General meetings:,MALFORMED_NUMBERING_HIERARCHY,,INFO,,"(4) When the members are divided on any resolution, any member may demand a poll. When a poll is demanded, the President shall put the resolution for vote."
MH_RULES_1961_RULE_60_SUB_5,MH_RULES_1961,child,60,61,61,,60,,General meetings:,MALFORMED_NUMBERING_HIERARCHY,,INFO,,"(5) Voting may be by show of hands or by ballot as may be decided by the members present at the meeting, unless otherwise specified in the by-laws. Notwithstanding anything contained in the by-laws, e"
MH_RULES_1961_RULE_60_SUB_6,MH_RULES_1961,child,24,61,61,,60,,General meetings:,MALFORMED_NUMBERING_HIERARCHY,,INFO,,"(6) When voting is to be by ballot, the President shall take necessary steps for the issue of ballot papers and counting of votes."
MH_RULES_1961_RULE_60_SUB_7,MH_RULES_1961,child,11,61,61,,60,,General meetings:,DUPLICATE_TEXT;MALFORMED_NUMBERING_HIERARCHY;SHORT_COMPLETE_PROVISION,DUPLICATE_TEXT,INFO,B_SHORT,(7) The result of voting shall be announced by the President.
MH_RULES_1961_RULE_60_SUB_8,MH_RULES_1961,child,53,61,61,,60,,General meetings:,MALFORMED_NUMBERING_HIERARCHY,,INFO,,"(8) If all the business in the agenda cannot be transacted on the date on which the general meeting is held, the meeting may be postponed to any other suitable date not later than thirty days from the"
MH_RULES_1961_RULE_60_SUB_9,MH_RULES_1961,child,19,61,61,,60,,General meetings:,DUPLICATE_TEXT;MALFORMED_NUMBERING_HIERARCHY;SHORT_COMPLETE_PROVISION,DUPLICATE_TEXT,INFO,B_SHORT,(9) The remaining subject or subjects on the agenda shall be taken up for consideration at the postponed meeting.
MH_RULES_1961_RULE_60_SUB_10,MH_RULES_1961,child,68,61,61,,60,,General meetings:,MALFORMED_NUMBERING_HIERARCHY,,INFO,,"(10)If the general meeting cannot be held for want of quorum, if shall be adjourned to a later hour on the same day as may have been specified in the notice calling the meeting or to a subsequent date"
MH_RULES_1961_RULE_60_SUB_11,MH_RULES_1961,child,51,61,61,,60,,General meetings:,MALFORMED_NUMBERING_HIERARCHY,,INFO,,"(11)No resolution regarding expulsion of a member of the society, removal of a member of the committee or amendment of by-laws shall be brought forward in any general meeting, unless dtie notice there"
MH_RULES_1961_RULE_61,MH_RULES_1961,child,132,61,61,,61,,"Annual statements of accounts including balance sheet, etc:- Within",,,INFO,,"61. Annual statements of accounts including balance sheet, etc:- Within forty-five days of the close of every co-operative year, or within such extended period as may be specified by the Registrar, in"
MH_RULES_1961_RULE_62,MH_RULES_1961,child,134,61,61,,62,,Form for the balance sheet and the profit and loss account:- (1) The,STRUCTURE_UNCERTAIN,,INFO,E_STRUCTURE,"62. Form for the balance sheet and the profit and loss account:-

(1) The balance sheet and the profit and loss account to be laid before the annual 'general meeting of a society by the committee shal"
MH_RULES_1961_RULE_63,MH_RULES_1961,child,120,62,62,,63,,Power to call annual and special general meeting:- If the annual general,,,INFO,,63. Power to call annual and special general meeting:- If the annual general meeting of a society is not called in accordance with the provisions of Section 75 or if the Chairman or a majority of the 
MH_RULES_1961_RULE_64,MH_RULES_1961,child,516,62,63,,64,,"Procedure for appointment, suspension, and removal of members of the",STRUCTURE_UNCERTAIN,,INFO,E_STRUCTURE,"64. Procedure for appointment, suspension, and removal of members of the committee and other officers, etc:- (J) Notwithstanding anything contained in the by-laws of a society but subject to the provi"
MH_RULES_1961_RULE_66,MH_RULES_1961,child,65,63,63,,66,,Copies of monthly returns to be furnished to Registrar: - All Registered,,,INFO,,2[66. Copies of monthly returns to be furnished to Registrar: - All Registered Co-operative Societies classified by the Registrar as Central Banks or as Urban Banks shall furnish to the Registrar ever
MH_RULES_1961_RULE_67,MH_RULES_1961,child,284,63,63,,67,,Registrars power to enforce performance of obligations: - (i) In addition,STRUCTURE_UNCERTAIN,,INFO,E_STRUCTURE,"67. Registrars power to enforce performance of obligations: - (i) In addition to the periodical financial statements referred to in Rule 66, the Registrar may, by special or general order, require any"
MH_RULES_1961_RULE_67A,MH_RULES_1961,child,658,63,64,,67A,,Directions of Registrar to the society to make regulations on certain,STRUCTURE_UNCERTAIN,,INFO,E_STRUCTURE,"1[67A. Directions of Registrar to the society to make regulations on certain matters:-

(1) Where, in the course of, or as a result of audit under Section 81, or enquiry under Section 83, or inspectio"
MH_RULES_1961_RULE_68,MH_RULES_1961,child,250,64,65,,68,,"Procedure to be adopted for taking possession of books, documents,",STRUCTURE_UNCERTAIN,,INFO,E_STRUCTURE,"68. Procedure to be adopted for taking possession of books, documents, securities, cash and other properties of society:-

(1) Where taking possession of books, documents, securities, cash or other pr"
MH_RULES_1961_RULE_69,MH_RULES_1961,child,842,65,66,,69,,Procedure for appointment of auditors and for conducting audit:- (1) The,STRUCTURE_UNCERTAIN,,INFO,E_STRUCTURE,"Chapter VII

Audit, Inquiry, Inspection and Supervision

69. Procedure for appointment of auditors and for conducting audit:-

(1) The audit of accounts of societies shall be conducted by Departmental"
MH_RULES_1961_RULE_70,MH_RULES_1961,child,71,66,66,,70,,Requisition of the federal society for inquiry:- Any federal society duly,,,INFO,,"70. Requisition of the federal society for inquiry:- Any federal society duly authorised by a resolution of its committee, may submit a requisition to the Registrar to hold an inquiry under Section 83"
MH_RULES_1961_RULE_71,MH_RULES_1961,child,558,66,67,,71,,Procedure and principles for the conduct of inquiry and inspection:-(1),STRUCTURE_UNCERTAIN,,INFO,E_STRUCTURE,"71. Procedure and principles for the conduct of inquiry and inspection:-

(1) An order authorising inqiry under Section 83 or inspection under Section 84 shall, among other things, contain the followi"
MH_RULES_1961_RULE_72,MH_RULES_1961,child,639,67,68,,72,,"Procedure for assessing damages against delinquent promoters, etc",STRUCTURE_UNCERTAIN,,INFO,E_STRUCTURE,"72. Procedure for assessing damages against delinquent promoters, etc. under Section 88:-

(1) On receipt of a report referred to in Section 88 or otherwise, the Registrar or any other person authoris"
MH_RULES_1961_RULE_74,MH_RULES_1961,child,110,68,68,,74,,Levy of audit charges and supervision charges:- (1) The Registrar may levy,,,INFO,,"74. Levy of audit charges and supervision charges:-

(1) The Registrar may levy audit charges and supervision charges payable annually on or before a specified date by all or any class of societies in"
MH_RULES_1961_CONTEXT_074,MH_RULES_1961,child,78,68,68,,,,,RULE_IDENTIFIER_MISSING;STRUCTURE_UNCERTAIN,MISSING_STRUCTURAL_ID,REVIEW,E_STRUCTURE,"Chapter VIII

1 [Disputes and Co-operative Courts]

75. Reference of Dispute:- A reference of a dispute under Section 91 shall be made in writing to the Registrar in Form P. Wherever necessary, the Re"
MH_RULES_1961_RULE_76,MH_RULES_1961,child,106,68,68,,76,,Registrars satisfaction regarding existence of a dispute:- Where any,,,INFO,,"2[76. Registrars satisfaction regarding existence of a dispute:- Where any reference of a dispute is made to the Registrar or any matter is brought to his notice, the Registrar shall, on the basis of "
MH_RULES_1961_RULE_77,MH_RULES_1961,child,71,69,69,,77,,Disposal of a dispute or reference to Co-operative Court:- (1) Where the,STRUCTURE_UNCERTAIN,,INFO,E_STRUCTURE,"77. Disposal of a dispute or reference to Co-operative Court:-

(1) Where the Registrar is satisfied that there is a dispute, the Registrar may decide the dispute himself or refer it for disposal to a"
MH_RULES_1961_RULE_77_A,MH_RULES_1961,child,459,69,69,,77-A,,"Qualifications of Judges of Co-operative Courts, and their",STRUCTURE_UNCERTAIN,,INFO,E_STRUCTURE,"77-A. Qualifications of Judges of Co-operative Courts, and their appointment:-

(1) The member constituting a Co-operative Court shall be called the Judge of that Court.

(2) All appointments of Judge"
MH_RULES_1961_RULE_77_E,MH_RULES_1961,child,422,69,70,,77-E,,Procedure for hearing and decision of disputes:,,,INFO,,"77-E. Procedure for hearing and decision of disputes:-

(1) The Registrar or the Co-operative Court shall record in English, Marathi or Hindi the evidence of the parties to a dispute and the witnesses"
MH_RULES_1961_RULE_77_F,MH_RULES_1961,child,215,70,71,,77-F,,Summary procedure for deciding disputes:,,,INFO,,"77-F. Summary procedure for deciding disputes:-

(1) Subject to the provisions of sub-section (4) of Section 94, the following disputes, if the disputant so desires, shall be decided in the summary ma"
MH_RULES_1961_FORM_P,MH_RULES_1961,parent,504,71,77,,,,"Form P, make the following averments, namely ;—",CONTEXT_PARENT,,INFO,,"Form P, make the following averments, namely ;—

(a) that the claim of the disputant is for recovery of liquidated sum of money only and no other relief beyond the scope of this rule is claimed in thi"
MH_RULES_1961_FORM_P_SUB_1,MH_RULES_1961,child,381,71,72,,,,"Form P, make the following averments, namely ;—",,,INFO,,"78. Summons, notices and fixing of dates, place, etc. in connection with the disputes:- (1) The Registrar 1[or as the case may be, the Co-operative Court], may issue summons or notices at least fiftee"
MH_RULES_1961_FORM_P_SUB_2,MH_RULES_1961,child,85,72,72,,,,"Form P, make the following averments, namely ;—",,,INFO,,"79. Investigation of claims and objections against any attachment:-Where any claim or objection has been preferred against the attachment of any property under Section 95, on the ground that such prop"
MH_RULES_1961_FORM_P_SUB_3,MH_RULES_1961,child,679,72,73,,,,"Form P, make the following averments, namely ;—",,,INFO,,"80. Procedure for the custody of property attached under Section 95: -

(1) Where the property to be attached is moveable property, other than agricultural produce, in the possession of the debtor, th"
MH_RULES_1961_FORM_P_SUB_4,MH_RULES_1961,child,90,73,73,,,,"Form P, make the following averments, namely ;—",,,INFO,,"84. Execution of awards or orders in special cases:- Subject to the provision of Section 98, the Reistrar may, by an order in writing specially authorise any officer of the Co-operative Department or "
MH_RULES_1961_FORM_P_SUB_5,MH_RULES_1961,child,1272,73,75,,,,"Form P, make the following averments, namely ;—",LONG_CHUNK_NO_SAFE_SPLIT,,INFO,A_LONG,"85. Transfer of property which cannot be sold:-(1) When in execution of an order sought to be executed under Section 98 any property cannot be sold for want of buyers, if such property is in the posse"
MH_RULES_1961_FORM_P_SUB_6,MH_RULES_1961,child,637,75,77,,,,"Form P, make the following averments, namely ;—",,,INFO,,"1[86. Payment of fees for decisions of disputes:- (J) The Registrar or the Co-operative Court, as the case may be, may take a dispute on file only if the application regarding reference for such dispu"
MH_RULES_1961_RULE_87,MH_RULES_1961,child,127,77,78,,87,,Mode of communication of an interim order under Section 102:- An,,,INFO,,"Chapter IX Liquidation

87. Mode of communication of an interim order under Section 102:- An interim order under clause (a) or sub-clause (iv) of clause (c) or sub-section (i) of Section 102 shall cal"
MH_RULES_1961_RULE_89,MH_RULES_1961,child,858,78,79,,89,,Appointment of Liquidator and the procedure to be followed and powers,STRUCTURE_UNCERTAIN,,INFO,E_STRUCTURE,89. Appointment of Liquidator and the procedure to be followed and powers to be exercised by him:- The following procedure shall be adopted for the appointment of the Liquidator and for the exercise o
MH_RULES_1961_RULE_91,MH_RULES_1961,child,162,79,79,,91,,Interest on amounts due from a society under liquidation: - The creditor,,,INFO,,"91. Interest on amounts due from a society under liquidation: - The creditor of a society, which is being wound up, may apply to the Liquidator for payment of interest on any debt due from the society"
MH_RULES_1961_RULE_92,MH_RULES_1961,child,233,79,80,,92,,Disposal of records of society whose registration is cancelled:- (1) When,STRUCTURE_UNCERTAIN,,INFO,E_STRUCTURE,"92. Disposal of records of society whose registration is cancelled:-

(1) When an order directing a society to be wound up is issued under Section 102 and no Liquidator is appointed, the officers of t"
MH_RULES_1961_RULE_93,MH_RULES_1961,child,1449,80,82,,93,,Procedure for Submission and consideration of applications for loans,LONG_CHUNK_NO_SAFE_SPLIT;MULTIPLE_FORMS_REVIEW;STRUCTURE_UNCERTAIN,,INFO,A_LONG;E_STRUCTURE;C_TOP20_LONG,"Chapter X

Land Development Banks

93. Procedure for Submission and consideration of applications for loans from Land Development Banks:-

(1) All applications for loans from a Land Development Bank s"
MH_RULES_1961_RULE_94,MH_RULES_1961,child,61,82,82,,94,,Registration of copies of instruments under Section 122:- Copies of,,,INFO,,"94. Registration of copies of instruments under Section 122:- Copies of instruments referred to in Section 122, duly certified by the Manager of the Land Development Bank, shall be sent by the Land De"
MH_RULES_1961_RULE_95,MH_RULES_1961,child,52,82,82,,95,,Authority to Land Development Bank to exercise power under Section,,,INFO,,95. Authority to Land Development Bank to exercise power under Section 133(1):- The authorisation for the purposes of clause (a) of the proviso to sub-section (1) of Section 133 shall be granted to th
MH_RULES_1961_RULE_96,MH_RULES_1961,child,214,82,83,,96,,Appointment of Receiver and his powers under Section 133:- (1) The,STRUCTURE_UNCERTAIN,,INFO,E_STRUCTURE,"96. Appointment of Receiver and his powers under Section 133:-

(1) The State Land Development Bank may, on the application of a Land Development Bank and under circumstances in which the power of sal"
MH_RULES_1961_RULE_97,MH_RULES_1961,child,84,83,83,,97,,"Appointment, qualifications and powers and functions of a Sale Officer",,,INFO,,"97. Appointment, qualifications and powers and functions of a Sale Officer under Section 133:- A Land Development Bank may, from time to time, by a resolution of its committee, appoint any of its offi"
MH_RULES_1961_RULE_98,MH_RULES_1961,child,226,83,83,,98,,Procedure for distraint and sale of the produce of the mortgaged land,,,INFO,,98. Procedure for distraint and sale of the produce of the mortgaged land and sale of mortgaged property:- The procedure laid down in Rule 107 shall mutatis mutandis apply for the distraint and sale o
MH_RULES_1961_RULE_99,MH_RULES_1961,child,144,83,83,,99,,Circumstances under which the State Land Development Bank or the,,,INFO,,"99. Circumstances under which the State Land Development Bank or the Trustee may take action under Section 133(2):-

(1) If a Land Development Bank fails to take action against a defaulter under Secti"
MH_RULES_1961_RULE_100,MH_RULES_1961,child,366,83,84,,100,,Submission of report for confirmation of sale under Section 134,,,INFO,,"100. Submission of report for confirmation of sale under Section 134.

(1) When the sale of the mortgaged property has been effected by a Land Development Bank under Section 133 and the purchase amoun"
MH_RULES_1961_RULE_102,MH_RULES_1961,child,193,84,85,,102,,Sale of immovable property purchase by a Land Development Bank:,,,INFO,,"102. Sale of immovable property purchase by a Land Development Bank:-

(1)The Land Development Bank or the State Land Development Bank, which has purchased any immovable property sold under Chapter XI"
MH_RULES_1961_RULE_103,MH_RULES_1961,child,91,85,85,,103,,Certain provisions of Rule 107 to apply to sale of immovable property,STRUCTURE_UNCERTAIN,,INFO,E_STRUCTURE,"103. Certain provisions of Rule 107 to apply to sale of immovable property under Chapter XI of the Act:-

(1) The provisions of clauses (e), (f), (g)t (h), (i).

(j) and (k) of sub-rule (11) and of su"
MH_RULES_1961_CONTEXT_095,MH_RULES_1961,child,554,85,86,,,,,RULE_IDENTIFIER_MISSING;STRUCTURE_UNCERTAIN,MISSING_STRUCTURAL_ID,REVIEW,E_STRUCTURE,"Chapter XI

Appeals, Review and Revision

1104. Qualifications of President and other members of the Maharashtra State Cooperative Appellate Court, and their appointment:-

(1) The State Government sh"
MH_RULES_1961_RULE_105,MH_RULES_1961,child,49,86,86,,105,,Constitution of authority by the State Government to hear appeals,,,INFO,,"105. Constitution of authority by the State Government to hear appeals which lie to that Government:- The appeals which lie to the State Government under the Act may be heard by 1[the Secretary, the A"
MH_RULES_1961_RULE_106,MH_RULES_1961,parent,597,86,87,,106,,Procedure for presentation to and disposal of appeals by State,,,INFO,,"106. Procedure for presentation to and disposal of appeals by State Government and Registrar under Section 152:-

(1) An appeal to the State Government or the Registrar shall be presented by the appel"
MH_RULES_1961_RULE_106_SUB_1,MH_RULES_1961,child,39,86,86,,106,,Procedure for presentation to and disposal of appeals by State,DUPLICATE_TEXT,DUPLICATE_TEXT,INFO,,(1) An appeal to the State Government or the Registrar shall be presented by the appellant or by his duly appointed agent to the appellate authority either in person during office hours or sent to it 
MH_RULES_1961_RULE_106_SUB_2,MH_RULES_1961,child,25,86,86,,106,,Procedure for presentation to and disposal of appeals by State,,,INFO,,"(2) When such an appeal is presented by an agent, it shall be accompanied by letter of authority of the appellant appointing him as such."
MH_RULES_1961_RULE_106_SUB_3,MH_RULES_1961,child,19,86,86,,106,,Procedure for presentation to and disposal of appeals by State,DUPLICATE_TEXT;SHORT_COMPLETE_PROVISION,DUPLICATE_TEXT,INFO,B_SHORT,(3) Every appeal shall be accompanied by a certified copy of the order against which the appeal is preferred.
MH_RULES_1961_RULE_106_SUB_4,MH_RULES_1961,child,83,86,86,,106,,Procedure for presentation to and disposal of appeals by State,,,INFO,,"(4) Every appeal shall:—

(i) be either type written or hand written in ink legibly;

(ii) specify the name and the address of the appellant and also the name and address of the opponent, as the case "
MH_RULES_1961_RULE_106_SUB_5,MH_RULES_1961,child,70,86,86,,106,,Procedure for presentation to and disposal of appeals by State,,,INFO,,"(5) On receipt of the appeal, the appellate authority shall endorse on it the date of its receipt by it. The appellate authority shall, as soon as possible, examine it and satisfy itself that:—

(i) t"
MH_RULES_1961_RULE_106_SUB_6,MH_RULES_1961,child,101,86,87,,106,,Procedure for presentation to and disposal of appeals by State,,,INFO,,"(6) If the appellate authority finds that the appeal presented does not conform to any of the said provisions, it shall make a note on the appeal to that effect and may call upon the appellant or his "
MH_RULES_1961_RULE_106_SUB_7,MH_RULES_1961,child,29,87,87,,106,,Procedure for presentation to and disposal of appeals by State,,,INFO,,"(7) If the defect is remedied or the cause shown by the appellant or his agent satisfies the appellate authority, the appellate authority may proceed to consider the appeal."
MH_RULES_1961_RULE_106_SUB_8,MH_RULES_1961,child,79,87,87,,106,,Procedure for presentation to and disposal of appeals by State,,,INFO,,"(8) If the appellant or his agent fails to remedy the defects or to show cause to the satisfaction of the appellate authority within the said period, the appellate authority may, if the appeal is not "
MH_RULES_1961_RULE_106_SUB_9,MH_RULES_1961,child,30,87,87,,106,,Procedure for presentation to and disposal of appeals by State,,,INFO,,"(9) On the date so fixed, the appellate authority shall go through the relevant papers, hear the appellant or his agent, if present, and pass suitable order on the appeal."
MH_RULES_1961_RULE_106_SUB_10,MH_RULES_1961,child,20,87,87,,106,,Procedure for presentation to and disposal of appeals by State,,,INFO,,"(10)The appellate authority may, at its discretion, adjourn to any other day the hearing of any apeal at any stage."
MH_RULES_1961_RULE_106_SUB_11,MH_RULES_1961,child,38,87,87,,106,,Procedure for presentation to and disposal of appeals by State,,,INFO,,"(11)When the hearing of the appeal is completed, the appellate authority shall announce its judgment forthwith or may fix a date for the same, after giving due notice to the appellant or the other par"
MH_RULES_1961_RULE_106_SUB_12,MH_RULES_1961,child,47,87,87,,106,,Procedure for presentation to and disposal of appeals by State,,,INFO,,(12)Every decision or order of the appellate authority shall be in writing and a copy of the same shall be supplied to the appellant and such other parties as in the opinion of the appellate authority
MH_RULES_1961_RULE_107,MH_RULES_1961,child,5770,87,95,,107,,1 [Procedure for attachment and sale of property under Section 156.]:,LONG_CHUNK_NO_SAFE_SPLIT;STRUCTURE_UNCERTAIN,,INFO,A_LONG;E_STRUCTURE;C_TOP20_LONG,"Chapter XII

Miscellaneous

107.1 [Procedure for attachment and sale of property under Section 156.]:-

1[(l) A creditor holding a decree requiring the provisions of Section 156 to be applied, or soci"
MH_RULES_1961_RULE_107A,MH_RULES_1961,child,1548,95,99,,107A,,Maximum rates of travelling allowance and daily allowance and,LONG_CHUNK_NO_SAFE_SPLIT;STRUCTURE_UNCERTAIN;TABLE_REVIEW,,INFO,A_LONG;E_STRUCTURE;F_TABLE;C_TOP20_LONG,"1[ 107A. Maximum rates of travelling allowance and daily allowance and sitting fees, etc for members of Committees:- Subject to the provisions of section 160-A, no member of a committee of any society"
MH_RULES_1961_RULE_107C,MH_RULES_1961,child,315,99,101,,107C,,Maximum amount of cash which may be handled at a time and who,TOC_REVIEW,,REVIEW,,"2[107C. Maximum amount of cash which may be handled at a time and who may be authorized: -

(i) In the case of the following societies, only the Secretary or a paid employee of a society, duly authori"
MH_RULES_1961_RULE_108,MH_RULES_1961,child,42,101,101,,108,,"Contributions, fees and charges to be credited to Government:- All",,,INFO,,"108. Contributions, fees and charges to be credited to Government:- All contributions made under sub-section (2) of Section 90, all fees paid under sub-section (3) of Section 108 and all charges levie"
MH_RULES_1961_RULE_109,MH_RULES_1961,child,67,101,101,,109,,"Communication of decision, award, etc:- Any order, decision or award",,,INFO,,"109. Communication of decision, award, etc:- Any order, decision or award required to be communicated under the Act or these rules shall, unless otherwise specifically provided in the Act or the Rules"
MH_RULES_1961_RULE_110,MH_RULES_1961,child,30,101,101,,110,,Repeal of Bombay Co-operative Societies Rules:- The Bombay Co,,,INFO,,"110. Repeal of Bombay Co-operative Societies Rules:- The Bombay Co-operative Societies Rules, 1927 are hereby repealed, except as respects thing done or omitted to be done before the repeal thereof."
MH_RULES_1961_FORM_A,MH_RULES_1961,child,712,101,104,,,,Form ‘A’,,,INFO,,"Form ‘A’

[See Rule 4(1)1

Application for Registration of Society

Place :.

Date :

To

The Additional/Joint/Deputy/Assistant/Registrar,* Co-operative Societies ....................

We submit herew"
MH_RULES_1961_FORM_B,MH_RULES_1961,child,121,104,105,,,,Form ‘B’,,,INFO,,"Form ‘B’ [See Rule 5(1))

Register of applications for registration received in the office of the Registrar/Additional/Joint/Deputy/Assistant Registrar

Serial Name of the Place village, Date of Date "
MH_RULES_1961_FORM_C,MH_RULES_1961,child,259,106,106,,,,Form ‘C’,,,INFO,,"Form ‘C’ [See Rule 6]

Report to Government

To

The Secretary to Government.

............................... ..... Department,

Bombay

Registration proposal Subject:-------------------

Report rega"
MH_RULES_1961_FORM_D,MH_RULES_1961,child,119,106,107,,,,Form 'D’,,,INFO,,"Form 'D’

[See Rule 11(1)]

Register of Co-operative Societies registered or deemed to be registered

under the Act Part …………………………. District ……………………

Registered Full name Taluka Date of File No. Cla"
MH_RULES_1961_FORM_E,MH_RULES_1961,child,178,108,108,,,,Form 'E’,,,INFO,,"Form 'E’ [See Rule 13(1)]

Notice under rule 13(1)

By Registered Post A.D.

To

The Chairman, …………………………………..Co-operative Society,

Sir,

It appears to me that an amendment/amendments of the by-laws "
MH_RULES_1961_FORM_F,MH_RULES_1961,child,181,108,109,,,,Form ‘F’,,,INFO,,"Form ‘F’ [See Rule 13(3)]

Notice under rule 13(3}

To The Chairman,

...... …………………….. Co-operative Society,

Sir,

Whereas you were called upon to make amendment to the by-laws of your society as pe"
MH_RULES_1961_FORM_G,MH_RULES_1961,child,457,109,110,,,,Form ‘G’,,,INFO,,"Form ‘G’

[See Rule 16(3)]

Notice to members, creditors and other persons whose interests will be

affected by the amalgamation/transfer of assets and

liabilities/conversion/division

Notice is here"
MH_RULES_1961_FORM_H,MH_RULES_1961,child,399,110,112,,,,Form ‘H',,,INFO,,"Form ‘H' [See Rule 18(1)]

Application for reconstruction of a society

To

The Registrar of Co-operative Societies,

In the special general meeting of................................................."
MH_RULES_1961_FORM_I,MH_RULES_1961,child,156,113,113,,,,Form ‘I’,,,INFO,,"Form ‘I’ [See Rules 32 and 65{l)j

Register of members [Section 38(1) of the Maharashtra Co-operative Societies Act, 1960]

1. Serial Number

2. Date of admission

3. Date of payment of entrance fee

"
MH_RULES_1961_FORM_J,MH_RULES_1961,child,23,114,114,,,,Form ‘J’,,,INFO,,"Form ‘J’ [See Rule 33]

List of Members of ................. Society Limited/Unlimited

Serial Full name of the Address Class of Member No. Member"
MH_RULES_1961_FORM_K,MH_RULES_1961,child,72,114,114,,,,Form ‘K’,,,INFO,,"Form ‘K’ [See Rule 45(1)]

Declaration under Rule 45(1)

1 ............................................... of ........................................ am/have become a member of more than one credit s"
MH_RULES_1961_FORM_L,MH_RULES_1961,child,143,114,115,,,,Form ‘L’,,,INFO,,"Form ‘L’ [See Rule 48(1)]

Declaration under Section 43 I ................................................ (age.......) residing at,. ..................... having been admitted to the membership of .."
MH_RULES_1961_SCHEDULE_116,MH_RULES_1961,child,157,115,116,,,,Schedule,,,INFO,,"Schedule

Survey No. Name of Name of Name of City Survey No. Boundaries Area

village Taluka District Plot No. Plot South North Acres Gunthas

Hissa East West

Assessment Encumbrances, if any ________"
MH_RULES_1961_FORM_M,MH_RULES_1961,child,239,116,117,,,,Form ‘M’,,,INFO,,"Form ‘M’ [See Rule 48(2)]

Register of declarations made under Section 48(a)/(b)

Serial Date of entry Name of the Date of Name of the Survey No. City

No. in the Member declaration village in which

"
MH_RULES_1961_FORM_M_2,MH_RULES_1961,child,279,117,118,,,,Form M-2,,,INFO,,"Form M-2 [See Rule 56A (3)]

Form of report to be handed over personally by the Chairman or Vice-

Chairman of the notified society on or before 30th September of the proceeding calender year in which"
MH_RULES_1961_FORM_M_3,MH_RULES_1961,child,591,118,119,,,,Form M-3,,,INFO,,"Form M-3 [See Rule 56K]

Office of the Returning Officer, ..... ....................... ………………………………….

(present office designation shall be mentioned)

Name of the Co-operative Society..............."
MH_RULES_1961_FORM_M_4_002,MH_RULES_1961,child,461,119,121,,,,Form M-4,,,INFO,,"Form M-4 [See Rule 56M (2))

Form of Nomination Paper

Election to the.......................... Co-operative Society Ltd..................... Tahsil ............................... , District ......."
MH_RULES_1961_FORM_M_5,MH_RULES_1961,child,128,121,122,,,,Form M-5,,,INFO,,"Form M-5

(See Rule 56V)

Final List of contesting candidates

Election to the Managing Committee member of ……………………………Co-operative

Society Ltd. …………………………Tahsil …………………………District ………………… from the

"
MH_RULES_1961_FORM_M_6,MH_RULES_1961,child,144,122,123,,,,Form M-6,,,INFO,,"Form M-6 [See Rule 56V (I)]

Appointment, of Polling Agents

Election to the Managing Committee members of ...... , ....................... Co-operative Society Ltd...................................."
MH_RULES_1961_FORM_M_7,MH_RULES_1961,child,188,123,123,,,,Form M-7,,,INFO,,"Form M-7 (See Rule 56V(3)]

Common form for appointment of Polling Agents and

also to work as Counting Agents Election to the Managing Committee members of. ..................................... Co-o"
MH_RULES_1961_FORM_M_8,MH_RULES_1961,child,179,125,125,,,,Form M-8,,,INFO,,"Form M-8 [See Rule 56V (4)]

Appointment of Counting Agents

Election to the Managing Committee members of. ...................... Co-

operative Society Ltd.,.................... Tahsil.............."
MH_RULES_1961_FORM_M_9,MH_RULES_1961,child,152,125,126,,,,Form M-9,,,INFO,,"Form M-9 [See Rule 56X]

Form of declaration of result of uncontested election

....................................... Co-operative Society Ltd.....................................

(name of society)"
MH_RULES_1961_FORM_M_10,MH_RULES_1961,child,42,126,126,,,,Form M-10,,,INFO,,"Form M-10 [See Rule 56 A-1]

Form of Ballot Paper

...................................... Co-operative Society Ltd ..................................... Tahsil ........................... District ..."
MH_RULES_1961_FORM_M_002,MH_RULES_1961,child,119,126,127,,,,Form M - 1 1,,,INFO,,"Form M - 1 1 [See Rule 56A-6(2))

List of challenged votes

Election to the ............................... Co-operative Society Ltd ........................

(name of society)

Tahsil ..............."
MH_RULES_1961_FORM_M_12,MH_RULES_1961,child,131,127,128,,,,Form M-12,,,INFO,,"Form M-12 [See Rule 56A-11(1)]

Form of declaration by companion of blind or infirm voter

Election to the ................................ Co-operative Society Ltd .......................

(name of s"
MH_RULES_1961_FORM_M_13,MH_RULES_1961,child,67,128,128,,,,Form M-13,TABLE_REVIEW,,INFO,F_TABLE,"Form M-13 [See Rule 56A-11(2))

List of Blind and Infirm voters

Election to the ................................ Co-operative Society Ltd .......................,

(name of society)

Tahsil ........."
MH_RULES_1961_FORM_M_14,MH_RULES_1961,child,103,128,129,,,,Form M-14,TABLE_REVIEW,,INFO,F_TABLE,"Form M-14 [See Rule 56A-13(2)1

Tendered Voters List

Election to the ................................ Co-operative Society Ltd.,......................

(name of society)

Tahsil ....................."
MH_RULES_1961_FORM_M_15,MH_RULES_1961,child,132,129,130,,,,Form M-15,,,INFO,,"Form M-15 [See Rule 56A-16(1)]

Ballot Papers Account

Election to the ...................... Co-operative Society Ltd ..................................

(name of constituency)

Tahsil .............."
MH_RULES_1961_FORM_M_16,MH_RULES_1961,child,78,130,130,,,,Form M-16,,,INFO,,"Form M-16 [See Rule 56A-24(2)]

Form of Result Sheet

Election to the ................................ Co-operative Society Ltd .......................

(name of society)

Tahsil................... Di"
MH_RULES_1961_FORM_M_17,MH_RULES_1961,child,231,130,131,,,,Form M-17,,,INFO,,"Form M-17 [See Rule 56A-29]

Form of declaration of result and publication of names

of member of the Committee

(Return of Election)

Election to the ..................................... Co-operativ"
MH_RULES_1961_FORM_M_19,MH_RULES_1961,child,204,131,132,,,,Form M-19,,,INFO,,"Form M-19 [See Rule 57A(7)]

Certificate regarding the result of the requisitioned special meeting of the Committee of .................................... Co-operative Society in respect of

No Confi"
MH_RULES_1961_FORM_N,MH_RULES_1961,child,1108,133,138,,,,FORM N,LONG_CHUNK_NO_SAFE_SPLIT,,INFO,A_LONG,"FORM N [See Rule 62(1)]

Balance Sheet

Instructions in accordance Liabilities with which liabilities should be Figures for

Figures

made out

the

for the

previous

current

1

year

3

year

2

4 "
MH_RULES_1961_FORM_N_002,MH_RULES_1961,child,263,139,139,,,,FORM ‘N',TABLE_REVIEW,,INFO,F_TABLE,"FORM ‘N' Profit and Loss Account

Last

Lost

This

This

year's

year's

year's

Income

Expenditure year's

figures

figures

figures

Rs. nP.

Rs. nP.

Rs. nP.

Interest Received :

. ... (I)

Inte"
MH_RULES_1961_FORM_O,MH_RULES_1961,child,116,140,140,,,,Form ‘O’,,,INFO,,"Form ‘O’ (See Rule 73)

Rectification report under Section 82/87

Date of Audit : Period covered :

No. and date of order under Section 83/84: Name and designation of person carrying

out audit, inqui"
MH_RULES_1961_FORM_P_002,MH_RULES_1961,child,209,141,141,,,,Form ‘P’,,,INFO,,"Form ‘P’ (See Rule 75).

Application regarding reference of a dispute To

The Registrar/Additional/Joint/Deputy/Assistant Registrar

1. Name Age Occupation Address 2. Name Age Occupation Address Dispu"
MH_RULES_1961_FORM_Q,MH_RULES_1961,child,337,142,142,,,,Form ‘Q’,,,INFO,,"Form ‘Q’ (See Rule 82)

Proclamation to be issued at the time of issue of a certificate under Section

98

A. In the case of immovable property :

Whereas ........................... (judgment-credito"
MH_RULES_1961_FORM_R,MH_RULES_1961,child,151,143,143,,,,Form ‘R’,,,INFO,,"Form ‘R’

[See Rule 85(5)]

Certificate for Transfer of Property under Section 100

In the case of immovable property :

Whereas in execution of the award or order or awards or orders passed under Sec"
MH_RULES_1961_SCHEDULE_141,MH_RULES_1961,child,29,143,143,,,,Schedule hereto annexed.,,,INFO,,"Schedule hereto annexed.

Description of the property

Details of encumbrances Survey Area and assessment Nature of right title and to which property

No. interest of the defaulter is subject"
MH_RULES_1961_SCHEDULE_142,MH_RULES_1961,child,63,143,143,,,,The Schedule,,,INFO,,"The Schedule

The said property is transferred to the society in full/partial satisfaction of the amount due to it from the debtor.

Given under my hand and seal of the Court/Collector/Registrar this."
MH_RULES_1961_FORM_S,MH_RULES_1961,child,505,144,145,,,,Form ‘S’,,,INFO,,"Form ‘S’ (See Rule 93(8)]

Public Notice under Rule 93 Whereas Shri:.... ........................... resident of ................................ has applied for loan for the purpose of (specify purpo"
MH_RULES_1961_FORM_T,MH_RULES_1961,child,154,145,145,,,,Form ‘T’,,,INFO,,"Form ‘T’ (See Rule 101)

Certificate to be granted to the purchaser of the property under Section

136(1) of the Maharashtra Co-operative Societies Act, 1960

This is to certify that the following pro"
PACS_MODEL_BYLAWS_DOC,PACS_MODEL_BYLAWS,parent,2,3,37,,,,,CONTEXT_PARENT;SHORT_CONTEXT_PARENT,,INFO,B_SHORT;D_TOP20_SHORT,CHAPTER I
PACS_MODEL_BYLAWS_CLAUSE_1,PACS_MODEL_BYLAWS,child,18,3,3,,,1,NAME,SHORT_COMPLETE_PROVISION,,INFO,B_SHORT,"CHAPTER I

IDENTIFICATION OF COOPERATIVE SOCIETY

1. NAME : Bahu-Uddeshiye Prathmik Gramin Cooperative

Samiti (B-PACS) or Bahu-Uddeshiye LAMPS"
PACS_MODEL_BYLAWS_CLAUSE_2,PACS_MODEL_BYLAWS,child,17,3,3,,,2,ADDRESS,SHORT_COMPLETE_PROVISION,,INFO,B_SHORT,"2. ADDRESS : Registered and Postal Address of the Society

(Location of the Society) & E-mail address"
PACS_MODEL_BYLAWS_CLAUSE_3,PACS_MODEL_BYLAWS,child,31,3,3,,,3,AREA OF OPERATION,,,INFO,,"3. AREA OF OPERATION : The following Revenue village (s) / Panchayat

(s) will be in the area of operation of the

Society;

i) ___________

ii) ___________

iii) ___________

iv) ___________"
PACS_MODEL_BYLAWS_CLAUSE_4,PACS_MODEL_BYLAWS,parent,841,3,6,,,4,DEFINITIONS:,,,INFO,,"4. DEFINITIONS:

(1) ""Act"" means the Cooperative Societies Act under which the Society is

registered;

(2) “Agriculture” means agriculture and allied activities;

(3) ""Area of operation"" means the ge"
PACS_MODEL_BYLAWS_CLAUSE_4_SUB_1,PACS_MODEL_BYLAWS,child,13,3,3,,,4,DEFINITIONS:,SHORT_COMPLETE_PROVISION,,INFO,B_SHORT,"(1) ""Act"" means the Cooperative Societies Act under which the Society is

registered;"
PACS_MODEL_BYLAWS_CLAUSE_4_SUB_2,PACS_MODEL_BYLAWS,child,7,3,3,,,4,DEFINITIONS:,SHORT_COMPLETE_PROVISION,,INFO,B_SHORT,(2) “Agriculture” means agriculture and allied activities;
PACS_MODEL_BYLAWS_CLAUSE_4_SUB_3,PACS_MODEL_BYLAWS,child,28,3,3,,,4,DEFINITIONS:,,,INFO,,"(3) ""Area of operation"" means the geographical area (Revenue village (s)/

Panchayat (s)) from which the Society is authorised to draw its membership

as specified in the Byelaws;"
PACS_MODEL_BYLAWS_CLAUSE_4_SUB_4,PACS_MODEL_BYLAWS,child,39,3,3,,,4,DEFINITIONS:,,,INFO,,"(4) “Board of Directors” means the Managing Committee or the governing

body of the Society, by whatever name called, constituted as per the Act to

which the direction, control and management of the "
PACS_MODEL_BYLAWS_CLAUSE_4_SUB_5,PACS_MODEL_BYLAWS,child,7,3,3,,,4,DEFINITIONS:,SHORT_COMPLETE_PROVISION,,INFO,B_SHORT,(5) “Branches” means Branches of the Society;
PACS_MODEL_BYLAWS_CLAUSE_4_SUB_6,PACS_MODEL_BYLAWS,child,13,3,3,,,4,DEFINITIONS:,SHORT_COMPLETE_PROVISION,,INFO,B_SHORT,"(6) “Byelaws” means the Registered Byelaws of the Society and includes

amendment thereof;"
PACS_MODEL_BYLAWS_CLAUSE_4_SUB_7,PACS_MODEL_BYLAWS,child,55,4,4,,,4,DEFINITIONS:,,,INFO,,"(7) “Chief Executive Officer” (CEO) means a person, who is appointed by the

Board of Directors as executive head of the Society and manages the affairs

and day to day operations/activities, subject "
PACS_MODEL_BYLAWS_CLAUSE_4_SUB_8,PACS_MODEL_BYLAWS,child,11,4,4,,,4,DEFINITIONS:,SHORT_COMPLETE_PROVISION,,INFO,B_SHORT,"(8) “Co-operative Tribunal” means the Cooperative Tribunal constituted

under concerned Act;"
PACS_MODEL_BYLAWS_CLAUSE_4_SUB_9,PACS_MODEL_BYLAWS,child,19,4,4,,,4,DEFINITIONS:,SHORT_COMPLETE_PROVISION,,INFO,B_SHORT,"(9) “Delegate” means a member nominated by the Society to represent its

interests in a federation or other organization;"
PACS_MODEL_BYLAWS_CLAUSE_4_SUB_10,PACS_MODEL_BYLAWS,child,28,4,4,,,4,DEFINITIONS:,,,INFO,,"(10) “Director” means a member of the Board of Directors or by whatever name

called duly elected or nominated or co-opted as per the Act, Rules and

Byelaws;"
PACS_MODEL_BYLAWS_CLAUSE_4_SUB_11,PACS_MODEL_BYLAWS,child,20,4,4,,,4,DEFINITIONS:,,,INFO,,"(11) “Employee” means the persons appointed by the Board of Directors in

order to run day-to-day operations of the Society;"
PACS_MODEL_BYLAWS_CLAUSE_4_SUB_12,PACS_MODEL_BYLAWS,child,78,4,4,,,4,DEFINITIONS:,,,INFO,,"(12) “Farmer” means a person actively engaged in the economic and/or

livelihood activity of growing crops and producing other primary agricultural

commodities and shall include poultry and livestock"
PACS_MODEL_BYLAWS_CLAUSE_4_SUB_13,PACS_MODEL_BYLAWS,child,33,4,4,,,4,DEFINITIONS:,,,INFO,,"(13) “Financing Bank” means the bank to which the Society is affiliated or by

which the Society is substantially financed. Priority is to be given to

Cooperative Banks for being the Financing Banks;"
PACS_MODEL_BYLAWS_CLAUSE_4_SUB_14,PACS_MODEL_BYLAWS,child,27,4,4,,,4,DEFINITIONS:,,,INFO,,"(14) ""Financial Year"" means the period commencing from the 1st day of April

of any year and ending with the 31st day of March of succeeding year;"
PACS_MODEL_BYLAWS_CLAUSE_4_SUB_15,PACS_MODEL_BYLAWS,child,16,4,4,,,4,DEFINITIONS:,SHORT_COMPLETE_PROVISION,,INFO,B_SHORT,"(15) “General Body” means a Body consisting of all the “A” class members of

the Society;"
PACS_MODEL_BYLAWS_CLAUSE_4_SUB_16,PACS_MODEL_BYLAWS,child,18,4,4,,,4,DEFINITIONS:,SHORT_COMPLETE_PROVISION,,INFO,B_SHORT,"(16) “Government"" means the State Government/ Government of

India/Appropriate authority in the U.T. with reference to the context;"
PACS_MODEL_BYLAWS_CLAUSE_4_SUB_17,PACS_MODEL_BYLAWS,child,30,5,5,,,4,DEFINITIONS:,,,INFO,,"(17) “Liability of a member” means, the extent of liability of every member and

is limited to the Shares held by him towards contribution of the capital of the

Society;"
PACS_MODEL_BYLAWS_CLAUSE_4_SUB_18,PACS_MODEL_BYLAWS,child,22,5,5,,,4,DEFINITIONS:,,,INFO,,"(18) ""Member"" means any individual admitted as member of the Society after

registration in accordance with the Act, the Rules and Byelaws;"
PACS_MODEL_BYLAWS_CLAUSE_4_SUB_19,PACS_MODEL_BYLAWS,child,15,5,5,,,4,DEFINITIONS:,SHORT_COMPLETE_PROVISION,,INFO,B_SHORT,"(19) “NABARD” means National Bank for Agriculture and Rural Development

constituted by NABARD Act 1981;"
PACS_MODEL_BYLAWS_CLAUSE_4_SUB_20,PACS_MODEL_BYLAWS,child,34,5,5,,,4,DEFINITIONS:,,,INFO,,"(20) “Nominal Member” means any person admitted to the membership of the

Society for a specific purpose as nominal member as provided in the Act,

Rules and Byelaws and shall have no voting right;"
PACS_MODEL_BYLAWS_CLAUSE_4_SUB_21,PACS_MODEL_BYLAWS,child,33,5,5,,,4,DEFINITIONS:,,,INFO,,"(21) “Office-bearer” means an individual elected by the General Body or the

Board of the Society to any office of Cooperative Society in accordance with

its Byelaws and includes President, Vice Pres"
PACS_MODEL_BYLAWS_CLAUSE_4_SUB_22,PACS_MODEL_BYLAWS,child,12,5,5,,,4,DEFINITIONS:,SHORT_COMPLETE_PROVISION,,INFO,B_SHORT,(22) “Person” means an individual not less than 18 years of age;
PACS_MODEL_BYLAWS_CLAUSE_4_SUB_23,PACS_MODEL_BYLAWS,child,56,5,5,,,4,DEFINITIONS:,,,INFO,,"(23) ""President"" means a person elected in accordance with the provisions of

Act, Rules and Byelaws who shall be responsible for the overall

development and progress of the Society and its members, "
PACS_MODEL_BYLAWS_CLAUSE_4_SUB_24,PACS_MODEL_BYLAWS,child,72,5,5,,,4,DEFINITIONS:,,,INFO,,"(24) ""Professional Director"" means a person appointed or co-opted as

Director without voting right to the Board of Directors of the Society by virtue

of his being an expert in the field of accountin"
PACS_MODEL_BYLAWS_CLAUSE_4_SUB_25,PACS_MODEL_BYLAWS,child,12,5,5,,,4,DEFINITIONS:,SHORT_COMPLETE_PROVISION,,INFO,B_SHORT,(25) “RBI” means Reserve Bank of India constituted by RBI Act 1934;
PACS_MODEL_BYLAWS_CLAUSE_4_SUB_26,PACS_MODEL_BYLAWS,child,44,5,6,,,4,DEFINITIONS:,,,INFO,,"(26) ""Registrar"" means the Registrar of Cooperative Societies appointed by the

Government as per the Cooperative Societies Act to perform the functions of Registrar and includes any person appointed "
PACS_MODEL_BYLAWS_CLAUSE_4_SUB_27,PACS_MODEL_BYLAWS,child,16,6,6,,,4,DEFINITIONS:,SHORT_COMPLETE_PROVISION,,INFO,B_SHORT,"(27) ""Rule"" means the Rules framed under the Cooperative Act under which the

Society is registered;"
PACS_MODEL_BYLAWS_CLAUSE_4_SUB_28,PACS_MODEL_BYLAWS,child,13,6,6,,,4,DEFINITIONS:,SHORT_COMPLETE_PROVISION,,INFO,B_SHORT,(28) “Seal” means the General Seal of the Society with year of establishment;
PACS_MODEL_BYLAWS_CLAUSE_4_SUB_29,PACS_MODEL_BYLAWS,child,6,6,6,,,4,DEFINITIONS:,SHORT_COMPLETE_PROVISION,,INFO,B_SHORT,"(29) ""Society"" means the Cooperative Society;"
PACS_MODEL_BYLAWS_CLAUSE_4_SUB_30,PACS_MODEL_BYLAWS,child,32,6,6,,,4,DEFINITIONS:,,,INFO,,"(30) “Sub Committee” means the Sub Committee constituted by the Board of

Directors as per Byelaws for the purpose of special/particular assignment

and for a specific period by whatever name is calle"
PACS_MODEL_BYLAWS_CLAUSE_4_SUB_31,PACS_MODEL_BYLAWS,child,30,6,6,,,4,DEFINITIONS:,,,INFO,,"(31) “Vice President” means a person elected in accordance with the

provisions of Act, Rules and Byelaws who shall act as President in absence

of the President of the Society;"
PACS_MODEL_BYLAWS_CLAUSE_5,PACS_MODEL_BYLAWS,parent,685,7,9,,,5,OBJECTIVES OF THE SOCIETY,,,INFO,,"CHAPTER II

OBJECTIVES AND SERVICES

5. OBJECTIVES OF THE SOCIETY

The Objectives of the Society shall be:

(1) To provide to its members timely and adequate Short and Medium term credit for

developm"
PACS_MODEL_BYLAWS_CLAUSE_5_SUB_1,PACS_MODEL_BYLAWS,child,88,7,7,,,5,OBJECTIVES OF THE SOCIETY,,,INFO,,"(1) To provide to its members timely and adequate Short and Medium term credit for

development of backward and forward activities related to agriculture and its

products, loan for vehicles for agric"
PACS_MODEL_BYLAWS_CLAUSE_5_SUB_2,PACS_MODEL_BYLAWS,child,31,7,7,,,5,OBJECTIVES OF THE SOCIETY,,,INFO,,"(2) To provide Long term loan after approval of the Financing Bank/ Agriculture & Rural

Development Bank/ District Central Cooperative Bank/ State Cooperative Bank/

Financing Institutions of State a"
PACS_MODEL_BYLAWS_CLAUSE_5_SUB_3,PACS_MODEL_BYLAWS,child,111,7,7,,,5,OBJECTIVES OF THE SOCIETY,,,INFO,,"(3) To promote and develop backward linkages (such as demonstration plots, irrigation

facilities, manure, fertilizers, improved seeds/ seed production, custom hiring centre,

farm machineries/impleme"
PACS_MODEL_BYLAWS_CLAUSE_5_SUB_4,PACS_MODEL_BYLAWS,child,26,7,7,,,5,OBJECTIVES OF THE SOCIETY,,,INFO,,"(4) To facilitate or make arrangements or to collaborate with any local

bodies/Governments/ Departments/Universities/Societies/Companies for achieving

its objectives for the benefit of Society and i"
PACS_MODEL_BYLAWS_CLAUSE_5_SUB_5,PACS_MODEL_BYLAWS,child,60,7,8,,,5,OBJECTIVES OF THE SOCIETY,,,INFO,,"(5) To engage in service or business operations (like infrastructure development,

community centre, hospital, education institutions, procurement of food grains, Fair

Price Shop, or any Government s"
PACS_MODEL_BYLAWS_CLAUSE_5_SUB_6,PACS_MODEL_BYLAWS,child,18,8,8,,,5,OBJECTIVES OF THE SOCIETY,SHORT_COMPLETE_PROVISION,,INFO,B_SHORT,"(6) To set up or arrange for Locker facilities with the permission of DCCB (District Central

Cooperative Bank);"
PACS_MODEL_BYLAWS_CLAUSE_5_SUB_7,PACS_MODEL_BYLAWS,child,45,8,8,,,5,OBJECTIVES OF THE SOCIETY,,,INFO,,"(7) To collect socio-economic, financial and business-related information of all members

and non-members in the area of operation which may strengthen policy framework,

development of agriculture or"
PACS_MODEL_BYLAWS_CLAUSE_5_SUB_8,PACS_MODEL_BYLAWS,child,29,8,8,,,5,OBJECTIVES OF THE SOCIETY,,,INFO,,"(8) To demonstrate, promote and develop the latest technologies or extension activities

related to agriculture and its allied activities for enhancing the income of the Society

and its members;"
PACS_MODEL_BYLAWS_CLAUSE_5_SUB_9,PACS_MODEL_BYLAWS,child,50,8,8,,,5,OBJECTIVES OF THE SOCIETY,,,INFO,,"(9) To educate its members & their families (particularly youth and women) and

Management and staff about Cooperative Principles, values and actions which may

promote social harmony and economic ben"
PACS_MODEL_BYLAWS_CLAUSE_5_SUB_10,PACS_MODEL_BYLAWS,child,15,8,8,,,5,OBJECTIVES OF THE SOCIETY,SHORT_COMPLETE_PROVISION,,INFO,B_SHORT,"(10) To act as an agent or Bank Mitra/Business Correspondent/Business Facilitator for

the Financial/Banking Institutions;"
PACS_MODEL_BYLAWS_CLAUSE_5_SUB_11,PACS_MODEL_BYLAWS,child,21,8,8,,,5,OBJECTIVES OF THE SOCIETY,,,INFO,,"(11) To act as an agency for implementation of social security scheme for its members

and to provide micro insurance/ insurance;"
PACS_MODEL_BYLAWS_CLAUSE_5_SUB_12,PACS_MODEL_BYLAWS,child,22,8,8,,,5,OBJECTIVES OF THE SOCIETY,,,INFO,,"(12) To focus on and encourage the inclusion of youth and women in the cooperative

based activities in the area of operation;"
PACS_MODEL_BYLAWS_CLAUSE_5_SUB_13,PACS_MODEL_BYLAWS,child,26,8,8,,,5,OBJECTIVES OF THE SOCIETY,,,INFO,,"(13) To provide community-based services in the fields of education (school, college),

health (hospital, dispensary, clinical laboratory, ambulance service), tourism and

environmental and sustainabl"
PACS_MODEL_BYLAWS_CLAUSE_5_SUB_14,PACS_MODEL_BYLAWS,child,21,8,8,,,5,OBJECTIVES OF THE SOCIETY,,,INFO,,"(14) To participate in Government Schemes for providing services through Direct Benefit

Transfer (DBT) to beneficiaries in the area of operation;"
PACS_MODEL_BYLAWS_CLAUSE_5_SUB_15,PACS_MODEL_BYLAWS,child,18,8,8,,,5,OBJECTIVES OF THE SOCIETY,SHORT_COMPLETE_PROVISION,,INFO,B_SHORT,"(15) To act as a source of information/data centre to be used by the Government for

various purposes;"
PACS_MODEL_BYLAWS_CLAUSE_5_SUB_16,PACS_MODEL_BYLAWS,child,17,8,8,,,5,OBJECTIVES OF THE SOCIETY,SHORT_COMPLETE_PROVISION,,INFO,B_SHORT,"(16) To act as a Common Service Centre for facilitating on-line/digital services in the area

of operation;"
PACS_MODEL_BYLAWS_CLAUSE_5_SUB_17,PACS_MODEL_BYLAWS,child,24,8,8,,,5,OBJECTIVES OF THE SOCIETY,,,INFO,,"(17) To undertake marketing and similar activities both inside and outside its area of

operation for the benefit of the members of the Society."
PACS_MODEL_BYLAWS_CLAUSE_5_SUB_18,PACS_MODEL_BYLAWS,child,13,8,8,,,5,OBJECTIVES OF THE SOCIETY,SHORT_COMPLETE_PROVISION,,INFO,B_SHORT,"(18) To own land, buildings, godowns, processing units and other such necessary assets;"
PACS_MODEL_BYLAWS_CLAUSE_5_SUB_19,PACS_MODEL_BYLAWS,child,33,9,9,,,5,OBJECTIVES OF THE SOCIETY,,,INFO,,"(19) To undertake such other activities as are conducive and incidental to the attainment

of the above objects and as approved by the General Body for the benefit of the

members and Society."
PACS_MODEL_BYLAWS_CLAUSE_6,PACS_MODEL_BYLAWS,child,215,9,9,,,6,SERVICES OF THE SOCIETY,,,INFO,,"6. SERVICES OF THE SOCIETY

The services or business facilities in which the Society can engage itself, keeping in view

the above objectives, are as follows:

(1) Any activity related to backward & f"
PACS_MODEL_BYLAWS_CLAUSE_7,PACS_MODEL_BYLAWS,parent,5,10,15,,,7,MEMBERSHIP:,CONTEXT_PARENT;SHORT_CONTEXT_PARENT,,INFO,B_SHORT,"CHAPTER III

MEMBERSHIP

7. MEMBERSHIP:"
PACS_MODEL_BYLAWS_CLAUSE_7_SUB_1,PACS_MODEL_BYLAWS,child,57,10,10,,,7,MEMBERSHIP:,,,INFO,,"(1) TYPES OF MEMBERSHIP: The Society shall have two types of membership or

types of membership as provided by the State Act/ Rules.

“A”-CLASS MEMBERS: ‘A’ class members are the shareholders of the S"
PACS_MODEL_BYLAWS_CLAUSE_7_SUB_2,PACS_MODEL_BYLAWS,child,134,10,10,,,7,MEMBERSHIP:,,,INFO,,"(2) ELIGIBILITY FOR ‘A’ CLASS MEMBERSHIP:

The following persons, subject to fulfillment of the eligibility condition, shall be A-Class

Members:

a) The promoters at the time of registration of Socie"
PACS_MODEL_BYLAWS_CLAUSE_7_SUB_3,PACS_MODEL_BYLAWS,child,229,10,11,,,7,MEMBERSHIP:,,,INFO,,"(3) ELIGIBILITY AND OTHER CONDITIONS FOR ‘B’-CLASS MEMBERSHIP:

a) A person who desires to have a business relationship with Society shall be

admitted as nominal member by payment of admission fee of"
PACS_MODEL_BYLAWS_CLAUSE_7_SUB_4,PACS_MODEL_BYLAWS,child,222,11,11,,,7,MEMBERSHIP:,,,INFO,,"(4) INELIGIBILITY OR DISQUALIFICATION OF MEMBERS:

A person shall not be eligible for admission or continuing as member of the Society, and

shall cease to be member, if he:

a) has been sentenced for"
PACS_MODEL_BYLAWS_CLAUSE_7_SUB_5,PACS_MODEL_BYLAWS,child,266,12,12,,,7,MEMBERSHIP:,,,INFO,,"(5) PROCEDURE FOR MEMBERSHIP:

a) Any person who is desirous of becoming a member of the Society and is eligible

as per the Byelaws, may obtain an application form at a prescribed fee and may

submit"
PACS_MODEL_BYLAWS_CLAUSE_7_SUB_6,PACS_MODEL_BYLAWS,child,200,12,13,,,7,MEMBERSHIP:,,,INFO,,"(6) SHARES SUBSCRIPTION BY THE MEMBERS:

a) Maximum shareholding by a member except Government shall be limited to 1/5th

of the total subscribed share capital of the Society.

b) Every Individual to "
PACS_MODEL_BYLAWS_CLAUSE_7_SUB_7,PACS_MODEL_BYLAWS,child,387,13,14,,,7,MEMBERSHIP:,,,INFO,,"(7) RIGHTS OF MEMBER:

1. ‘A’ Class Member: Every ‘A’ class member shall have the following rights:

a) to attend, participate and vote in General Body Meeting of the Society;

b) to receive a copy of"
PACS_MODEL_BYLAWS_CLAUSE_7_SUB_8,PACS_MODEL_BYLAWS,child,110,14,14,,,7,MEMBERSHIP:,,,INFO,,"(8) DUTIES OF MEMBER:

a) Every applicant before being admitted to the membership of the Society shall sign

a declaration that he has read and understood the provisions of the Byelaws and

shall be b"
PACS_MODEL_BYLAWS_CLAUSE_7_SUB_9,PACS_MODEL_BYLAWS,child,41,14,14,,,7,MEMBERSHIP:,,,INFO,,"(9) LIABILITIY OF MEMEBRS:

The ‘A’ class members of the Society shall, in the event of liquidation/dissolution, be jointly

and severally liable to contribute towards deficit in the assets, limited t"
PACS_MODEL_BYLAWS_CLAUSE_7_SUB_10,PACS_MODEL_BYLAWS,child,105,15,15,,,7,MEMBERSHIP:,,,INFO,,"(10) WITHDRAWAL OF MEMBERSHIP AND SHARE CAPITAL:

Membership can be withdrawn only after adoption of resolution in a meeting of Board of

Directors. All such resolutions will be placed before the Gene"
PACS_MODEL_BYLAWS_CLAUSE_7_SUB_11,PACS_MODEL_BYLAWS,child,100,15,15,,,7,MEMBERSHIP:,,,INFO,,"(11) EXPULSION OF MEMBER:

A Member of the Society may be expelled by a resolution in the General Body with a

minimum quorum of 50% and passed by 2/3rd majority present and voting if: -

a) He has ac"
PACS_MODEL_BYLAWS_CLAUSE_7_SUB_12,PACS_MODEL_BYLAWS,child,44,15,15,,,7,MEMBERSHIP:,,,INFO,,"(12) NOMINATION BY MEMBER:

A member may nominate a person as nominee in whose favour the Society shall dispose

of the share or interest of such member on his death. In case no nominee is designated,"
PACS_MODEL_BYLAWS_CLAUSE_8,PACS_MODEL_BYLAWS,child,568,16,17,,,8,FUNDS AND RESOURCES:,,,INFO,,"CHAPTER IV

CAPITAL AND FUNDS

8. FUNDS AND RESOURCES:

The Society shall ordinarily obtain funds from the following sources:

1. Admission fee

2. Share Capital

3. Borrowings

4. Deposit

5. Reserve"
PACS_MODEL_BYLAWS_CLAUSE_9,PACS_MODEL_BYLAWS,parent,830,18,20,,,9,GENERAL BODY,,,INFO,,"CHAPTER V

MANAGEMENT OF SOCIETY

9. GENERAL BODY

(1) The final authority in the Society shall vest in the General Body. The General Body

of the Society shall consist of the following:

a) All ‘A’ c"
PACS_MODEL_BYLAWS_CLAUSE_9_SUB_1,PACS_MODEL_BYLAWS,child,37,18,18,,,9,GENERAL BODY,,,INFO,,"(1) The final authority in the Society shall vest in the General Body. The General Body

of the Society shall consist of the following:

a) All ‘A’ class members/shareholders of the Society;

b) Nomin"
PACS_MODEL_BYLAWS_CLAUSE_9_SUB_2,PACS_MODEL_BYLAWS,child,193,18,18,,,9,GENERAL BODY,,,INFO,,"(2) Without prejudice to the other provisions of the Byelaws, the General Body shall

have the following powers and duties: -

a) Election and removal of the Board of Directors in accordance with the
"
PACS_MODEL_BYLAWS_CLAUSE_9_SUB_3,PACS_MODEL_BYLAWS,child,193,19,19,,,9,GENERAL BODY,,,INFO,,"(3) The General Body shall meet from time to time for transaction of business and

such meetings shall be called the General Body Meetings and shall be of three

kinds.

a) Annual General Body Meeting"
PACS_MODEL_BYLAWS_CLAUSE_9_SUB_4,PACS_MODEL_BYLAWS,child,35,19,19,,,9,GENERAL BODY,,,INFO,,"(4) The General Body shall meet at least once a year. The General Body Meeting

may be called by the Board or by Chief Executive Officer of the Society under the

direction of the Board."
PACS_MODEL_BYLAWS_CLAUSE_9_SUB_5,PACS_MODEL_BYLAWS,child,97,19,19,,,9,GENERAL BODY,,,INFO,,"(5) At least 15 clear days’ notice, specifying the date, place, time and agenda of

General Body Meeting, shall be given to all members. The notice of a General

Body Meeting may be given in one or mo"
PACS_MODEL_BYLAWS_CLAUSE_9_SUB_6,PACS_MODEL_BYLAWS,child,107,20,20,,,9,GENERAL BODY,,,INFO,,"(6) The quorum for the General Body Meeting shall be one-fourth of the total number

of the members or 500 members, whichever is less, or as provided in the Act and

Rules. If at the time fixed for Ge"
PACS_MODEL_BYLAWS_CLAUSE_9_SUB_7,PACS_MODEL_BYLAWS,child,39,20,20,,,9,GENERAL BODY,,,INFO,,"(7) If the meeting has been called on the requisition of the members and the quorum

is not complete, the meeting shall be adjourned and no further General Body

Meeting shall be convened on the stren"
PACS_MODEL_BYLAWS_CLAUSE_9_SUB_8,PACS_MODEL_BYLAWS,child,34,20,20,,,9,GENERAL BODY,,,INFO,,"(8) The President or in his absence the Vice President shall preside over meetings

of the General Body. When both of them are absent, the members present shall

elect a Chairman for the meeting."
PACS_MODEL_BYLAWS_CLAUSE_9_SUB_9,PACS_MODEL_BYLAWS,child,54,20,20,,,9,GENERAL BODY,,,INFO,,"(9) Every member of the General Body shall have one vote. Voting by proxies shall

not be allowed at the General Body. All questions shall be decided by the majority

of votes of the members present a"
PACS_MODEL_BYLAWS_CLAUSE_9_SUB_10,PACS_MODEL_BYLAWS,child,33,20,20,,,9,GENERAL BODY,,,INFO,,"(10) All business discussed or decided at a General Body Meeting shall be recorded

in the minute book and shall be signed by the President of the meeting and CEO

of the Society."
PACS_MODEL_BYLAWS_CLAUSE_10,PACS_MODEL_BYLAWS,parent,1048,20,27,,,10,BOARD OF DIRECTOR,CONTEXT_PARENT;LONG_CHUNK_NO_SAFE_SPLIT,,INFO,A_LONG,"10. BOARD OF DIRECTOR

(1) There shall be a Board of Directors of the Society to manage its affairs and it shall

be constituted by election from amongst members of the Society or as laid down

in the"
PACS_MODEL_BYLAWS_CLAUSE_10_SUB_15,PACS_MODEL_BYLAWS,child,91,23,23,,,10,BOARD OF DIRECTOR,,,INFO,,"(15) The quorum of the Board meeting shall be maintained by attendance of minimum

one-third of total number of members of the Board or 5 members whichever is

more. President or the Vice President or"
PACS_MODEL_BYLAWS_CLAUSE_10_SUB_16,PACS_MODEL_BYLAWS,child,883,23,26,,,10,BOARD OF DIRECTOR,,,INFO,,"(16) The Board shall exercise all the powers and discharge all the duties of the Society

subject to superintendence and control of General Body, except those specifically

reserved for General Body s"
PACS_MODEL_BYLAWS_CLAUSE_10_SUB_17,PACS_MODEL_BYLAWS,child,101,26,26,,,10,BOARD OF DIRECTOR,,,INFO,,"(17) The Board of Directors may constitute sub-committees such as Village Committee,

Finance and Audit Committee, Recruitment/ Selection/ Appointment Committee,

Youth/ Women Committee, Business/ Tra"
PACS_MODEL_BYLAWS_CLAUSE_10_SUB_18,PACS_MODEL_BYLAWS,child,42,26,27,,,10,BOARD OF DIRECTOR,,,INFO,,"(18) In the conduct of the affairs of the Society, the Board of Directors shall exercise

prudence and due diligence and shall be responsible for any loss sustained through acts contrary to the Act/ R"
PACS_MODEL_BYLAWS_CLAUSE_10_SUB_19,PACS_MODEL_BYLAWS,child,49,27,27,,,10,BOARD OF DIRECTOR,,,INFO,,"(19) All business discussed or decided at a meeting of the Board of Directors shall be

recorded in a minute book which shall be signed by the President of the meeting,

members of the Board present a"
PACS_MODEL_BYLAWS_CLAUSE_10_SUB_20,PACS_MODEL_BYLAWS,child,48,27,27,,,10,BOARD OF DIRECTOR,,,INFO,,"(20) The services of the Board shall be honorary or gratuitous. The Directors shall be

paid such sitting fee, DA or T.A at Rs. 100 or more per person per day, as may be

decided upon by the Board and"
PACS_MODEL_BYLAWS_CLAUSE_11,PACS_MODEL_BYLAWS,child,189,27,27,,,11,PRESIDENT AND HIS POWERS:,,,INFO,,"11. PRESIDENT AND HIS POWERS:

(1) The President shall be elected from amongst the members of Board of Directors.

(2) The President shall exercise general control and supervision over the administrat"
PACS_MODEL_BYLAWS_CLAUSE_12,PACS_MODEL_BYLAWS,child,389,27,29,,,12,CHIEF EXECUTIVE OFFICER,,,INFO,,"12. CHIEF EXECUTIVE OFFICER – DUTIES AND RESPONSIBILITIES

(1) The Chief Executive Officer, by whatever name may be called, shall be appointed

by the Board of Directors to look after day-to-day affai"
PACS_MODEL_BYLAWS_CLAUSE_13,PACS_MODEL_BYLAWS,parent,557,30,32,,,13,MAINTENANCE OF BOOKS AND ACCOUNTS AND REGISTERS,,,INFO,,"CHAPTER VI

INTERNAL CONTROL

13. MAINTENANCE OF BOOKS AND ACCOUNTS AND REGISTERS

(1) The following registers and books shall be maintained by the Society:

A) Books related to financial statements

"
PACS_MODEL_BYLAWS_CLAUSE_13_SUB_1,PACS_MODEL_BYLAWS,child,300,30,31,,,13,MAINTENANCE OF BOOKS AND ACCOUNTS AND REGISTERS,,,INFO,,"(1) The following registers and books shall be maintained by the Society:

A) Books related to financial statements

a) Cash book

b) Bank book

c) Day book

d) General ledger

e) Subsidiary ledger

f"
PACS_MODEL_BYLAWS_CLAUSE_13_SUB_2,PACS_MODEL_BYLAWS,child,34,31,31,,,13,MAINTENANCE OF BOOKS AND ACCOUNTS AND REGISTERS,,,INFO,,"(2) The books, records and registers of the Society shall be kept in the custody of the

Chief Executive Officer or such other Officer as the Board may authorize in the

absence of CEO."
PACS_MODEL_BYLAWS_CLAUSE_13_SUB_3,PACS_MODEL_BYLAWS,child,58,31,32,,,13,MAINTENANCE OF BOOKS AND ACCOUNTS AND REGISTERS,,,INFO,,"(3) In the absence of CEO, the Board shall specify the officer of the Society who shall:

a) maintain books of accounts;

b) keep custody of cash and stores; c) keep other books and registers; and

d)"
PACS_MODEL_BYLAWS_CLAUSE_13_SUB_4,PACS_MODEL_BYLAWS,child,25,32,32,,,13,MAINTENANCE OF BOOKS AND ACCOUNTS AND REGISTERS,,,INFO,,"(4) The books and accounts and other records shall be open for perusal by any

members of Board of Directors during business hours of Society."
PACS_MODEL_BYLAWS_CLAUSE_13_SUB_5,PACS_MODEL_BYLAWS,child,51,32,32,,,13,MAINTENANCE OF BOOKS AND ACCOUNTS AND REGISTERS,,,INFO,,"(5) Copies of the Act & Rules of the State, the Byelaws, minute book pertaining to general

body meeting, report and compliance thereon of Audit, Inquiry or Inspection, voter list

shall be made avail"
PACS_MODEL_BYLAWS_CLAUSE_13_SUB_6,PACS_MODEL_BYLAWS,child,35,32,32,,,13,MAINTENANCE OF BOOKS AND ACCOUNTS AND REGISTERS,,,INFO,,"(6) The Society shall maintain such accounts and other matters related to accounts in

such form and manner as may be directed by the authority competent to do so under

the Cooperative Societies Act/"
PACS_MODEL_BYLAWS_CLAUSE_13_SUB_7,PACS_MODEL_BYLAWS,child,21,32,32,,,13,MAINTENANCE OF BOOKS AND ACCOUNTS AND REGISTERS,,,INFO,,"(7) The Society shall prepare and submit such returns and statements as the concerned

authority may require from time to time."
PACS_MODEL_BYLAWS_CLAUSE_13_SUB_8,PACS_MODEL_BYLAWS,child,21,32,32,,,13,MAINTENANCE OF BOOKS AND ACCOUNTS AND REGISTERS,,,INFO,,"(8) The Society shall use the Common Accounting System as is being implemented

through computerization of PACS project, designed by NABARD."
PACS_MODEL_BYLAWS_CLAUSE_14,PACS_MODEL_BYLAWS,child,194,32,33,,,14,AUDIT OF THE SOCIETY,,,INFO,,"14. AUDIT OF THE SOCIETY

(1) The Society shall be audited every year by the Auditor appointed for the purpose by

the State Government/ Department.

(2) The Society shall prepare the statement of acc"
PACS_MODEL_BYLAWS_CLAUSE_15,PACS_MODEL_BYLAWS,parent,515,33,34,,,15,"CHANGE OF LIABILITY, TRANSFER OF ASSETS AND LIABILITIES, DIVISION,",,,INFO,,"CHAPTER VII

CHANGE OF STRUCTURE OF SOCIETY

15. CHANGE OF LIABILITY, TRANSFER OF ASSETS AND LIABILITIES, DIVISION,

AMALGAMATION:

(1) The Society may, by a resolution in its General Body,

a) decide"
PACS_MODEL_BYLAWS_CLAUSE_15_SUB_1,PACS_MODEL_BYLAWS,child,74,33,33,,,15,"CHANGE OF LIABILITY, TRANSFER OF ASSETS AND LIABILITIES, DIVISION,",,,INFO,,"(1) The Society may, by a resolution in its General Body,

a) decide to amend its Byelaws to change the form or the extent of its liability;

b) decide to transfer its assets and liabilities, in whole"
PACS_MODEL_BYLAWS_CLAUSE_15_SUB_2,PACS_MODEL_BYLAWS,child,24,33,33,,,15,"CHANGE OF LIABILITY, TRANSFER OF ASSETS AND LIABILITIES, DIVISION,",,,INFO,,"(2) Any two or more Societies may, by a resolution of their respective general bodies,

decide to amalgamate themselves and form a new Society."
PACS_MODEL_BYLAWS_CLAUSE_15_SUB_3,PACS_MODEL_BYLAWS,child,49,33,33,,,15,"CHANGE OF LIABILITY, TRANSFER OF ASSETS AND LIABILITIES, DIVISION,",,,INFO,,"(3) Every resolution of the Society except for expulsion of a member from the Society

shall be passed at its General Body Meeting by 2/3rd of members present and voting

and such resolution shall con"
PACS_MODEL_BYLAWS_CLAUSE_15_SUB_4,PACS_MODEL_BYLAWS,child,82,34,34,,,15,"CHANGE OF LIABILITY, TRANSFER OF ASSETS AND LIABILITIES, DIVISION,",,,INFO,,"(4) The Society shall give notice in writing together with a copy of the resolution to all its

members and federations to which it is affiliated, and creditors who may give their

consent. Notwithsta"
PACS_MODEL_BYLAWS_CLAUSE_15_SUB_5,PACS_MODEL_BYLAWS,child,30,34,34,,,15,"CHANGE OF LIABILITY, TRANSFER OF ASSETS AND LIABILITIES, DIVISION,",,,INFO,,"(5) Any member, federation, or creditor who or which does not exercise within the

specified period the right under the Act shall be deemed to have consented to the

resolution."
PACS_MODEL_BYLAWS_CLAUSE_15_SUB_6,PACS_MODEL_BYLAWS,child,122,34,34,,,15,"CHANGE OF LIABILITY, TRANSFER OF ASSETS AND LIABILITIES, DIVISION,",,,INFO,,"(6) A resolution passed by the Society shall not take effect until,

a) (i) The members, federations, and creditors have consented or are deemed to

have consented to the resolution under the Act and "
PACS_MODEL_BYLAWS_CLAUSE_15_SUB_7,PACS_MODEL_BYLAWS,child,26,34,34,,,15,"CHANGE OF LIABILITY, TRANSFER OF ASSETS AND LIABILITIES, DIVISION,",,,INFO,,"(7) When a resolution passed by the Society takes effect, the resolution shall be a

sufficient conveyance to vest the assets and liabilities in the transferee."
PACS_MODEL_BYLAWS_CLAUSE_15_SUB_8,PACS_MODEL_BYLAWS,child,53,34,34,,,15,"CHANGE OF LIABILITY, TRANSFER OF ASSETS AND LIABILITIES, DIVISION,",,,INFO,,"(8) The registration of the Society shall stand cancelled and the Society shall be deemed

to have been dissolved and shall cease to exist:

a) When the whole of the assets and liabilities of such Soc"
PACS_MODEL_BYLAWS_CLAUSE_15_SUB_9,PACS_MODEL_BYLAWS,child,37,34,34,,,15,"CHANGE OF LIABILITY, TRANSFER OF ASSETS AND LIABILITIES, DIVISION,",,,INFO,,"(9) Where two or more Societies are amalgamated to form a new Society, the registration

of the Societies so amalgamated shall stand cancelled and they shall be deemed to

have been dissolved and shal"
PACS_MODEL_BYLAWS_CLAUSE_16,PACS_MODEL_BYLAWS,child,275,35,35,,,16,PROMOTION OF SUBSIDIARY ORGANISATION:,,,INFO,,"16. PROMOTION OF SUBSIDIARY ORGANISATION:

(1) The Society may, by a resolution passed at General Body Meeting by a majority of

members present and voting, promote subsidiary organisations such as FP"
PACS_MODEL_BYLAWS_CLAUSE_17,PACS_MODEL_BYLAWS,child,69,36,36,,,17,DISPUTE SETTLEMENT PROCEDURE,,,INFO,,"CHAPTER VIII

DISPUTE OF SOCIETY

17. DISPUTE SETTLEMENT PROCEDURE

Any dispute touching the constitution, business and management of the Society arising

between the members, past members and decease"
PACS_MODEL_BYLAWS_CLAUSE_18,PACS_MODEL_BYLAWS,child,101,36,36,,,18,LIQUIDATION,,,INFO,,"CHAPTER IX

LIQUIDATION OF SOCIETY

18. LIQUIDATION

(1) The Society may be dissolved or liquidated in accordance with the provisions of the

Act.

(2) In the event of dissolution of the Society, any "
PACS_MODEL_BYLAWS_CLAUSE_19,PACS_MODEL_BYLAWS,child,119,37,37,,,19,MISCELLANEOUS,,,INFO,,"CHAPTER X

MISCELLANEOUS

19. MISCELLANEOUS

(1) If the Society is indebted to a Cooperative Central Financing institution, it shall be

competent for representative of the latter to inspect the books"
PACS_COMPUTERIZATION_DOC,PACS_COMPUTERIZATION,parent,3,1,26,,,,,CONTEXT_PARENT;SHORT_CONTEXT_PARENT,,INFO,B_SHORT;D_TOP20_SHORT,Government of India
PACS_COMPUTERIZATION_SEC_001,PACS_COMPUTERIZATION,child,21,1,1,,,,Implementing Agency: NABARD,,,INFO,,"Government of India Ministry of Cooperation

PROJECT GUIDELINES Centrally Sponsored Project for

‘Computerisation of Primary Agricultural Credit Societies’

Implementing Agency: NABARD"
PACS_COMPUTERIZATION_SEC_1,PACS_COMPUTERIZATION,child,274,3,3,1,,,Introduction,,,INFO,,"PACS Computerisation Project - Guidelines

1 Introduction

The Primary Agriculture Credit Societies (PACS) form the vital third tier in the three-

tier structure of the Short Term Cooperative Credit "
PACS_COMPUTERIZATION_SEC_2,PACS_COMPUTERIZATION,child,269,3,4,2,,,Aims & Objectives of the Project,,,INFO,,"2 Aims & Objectives of the Project

The aims and objectives of the project inter alia include the following:

a. To bring in efficiency, accountability, transparency at PACS and improve

profitability"
PACS_COMPUTERIZATION_SEC_3,PACS_COMPUTERIZATION,parent,3,4,15,3,,,Project Details,SHORT_CONTEXT_PARENT,,INFO,B_SHORT;D_TOP20_SHORT,3 Project Details
PACS_COMPUTERIZATION_SEC_3_1,PACS_COMPUTERIZATION,child,15,4,4,3.1,,,Project Details,SHORT_COMPLETE_PROVISION,,INFO,B_SHORT,"3.1 Title of the Project

Centrally Sponsored Project for ‘Computerisation of Primary Agricultural

Credit Societies’."
PACS_COMPUTERIZATION_SEC_3_2,PACS_COMPUTERIZATION,child,9,4,4,3.2,,,Project Details,SHORT_COMPLETE_PROVISION,,INFO,B_SHORT,"3.2 Sponsoring Agency

Ministry of Cooperation, Government of India."
PACS_COMPUTERIZATION_SEC_3_3,PACS_COMPUTERIZATION,child,15,4,4,3.3,,,Project Details,SHORT_COMPLETE_PROVISION,,INFO,B_SHORT,"3.3 Duration of the Project

For a period of five years from 2022-23 to 2026-27."
PACS_COMPUTERIZATION_SEC_3_4,PACS_COMPUTERIZATION,child,16,5,5,3.4,,,Project Details,SHORT_COMPLETE_PROVISION,,INFO,B_SHORT,"3.4 Sunset Date of the Project

Sunset date of the project will be 31 March 2027."
PACS_COMPUTERIZATION_SEC_3_5,PACS_COMPUTERIZATION,child,21,5,5,3.5,,,Project Details,,,INFO,,"3.5 Type of Project

Centrally Sponsored Project with one-time assistance from the GoI. Extant

Centrally Sponsored Scheme (CSS) guidelines are applicable."
PACS_COMPUTERIZATION_SEC_3_6,PACS_COMPUTERIZATION,child,73,5,5,3.6,,,Project Details,,,INFO,,"3.6 Project Beneficiaries

63000 PACS, LAMPS etc. will benefit directly through computerization of their

credit/ non-credit business activities related to Agriculture and Allied activities.

(In Nort"
PACS_COMPUTERIZATION_SEC_3_7,PACS_COMPUTERIZATION,parent,3,5,5,3.7,,,Project Details,SHORT_CONTEXT_PARENT,,INFO,B_SHORT;D_TOP20_SHORT,3.7 Implementation Mechanism
PACS_COMPUTERIZATION_SEC_3_7_1,PACS_COMPUTERIZATION,child,41,5,5,3.7.1,,,Implementation Mechanism,,,INFO,,"3.7.1 Formation of Implementation and Monitoring Committees

National and State level Implementation and Monitoring Committees shall be

constituted as detailed hereunder for implementation of this pr"
PACS_COMPUTERIZATION_SEC_013,PACS_COMPUTERIZATION,child,65,5,5,,,,a) Members of NLMIC:,,,INFO,,"i) National Level Monitoring and Implementation Committee (NLMIC):

a) Members of NLMIC:

i. Secretary (M/o Cooperation, GoI) (Chairman)

ii. Additional Secretary & Financial Advisor (M/o Cooperation,"
PACS_COMPUTERIZATION_SEC_014,PACS_COMPUTERIZATION,child,183,5,6,,,,b) Role of NLMIC:,,,INFO,,"b) Role of NLMIC:

i. Guide and steer the implementation of the project. ii. Approve the guidelines for implementation of the project.

iii. Review the progress of implementation of the project period"
PACS_COMPUTERIZATION_SEC_015,PACS_COMPUTERIZATION,child,56,6,6,,,,a) Members of SLIMC,,,INFO,,"ii) State level Implementation & Monitoring Committee (SLIMC)

a) Members of SLIMC

i. Addl. Chief Secretary/Principal Secretary/Secretary, Co-operation -

Chairperson

ii. Principal Secretary/Secreta"
PACS_COMPUTERIZATION_SEC_016,PACS_COMPUTERIZATION,child,56,6,6,,,,b) Role of SLIMC,,,INFO,,"b) Role of SLIMC

 To implement the approved guidelines at the state level and provide feedback

to NLMIC.

 To guide and steer the implementation of the project in the state.

 To examine and reco"
PACS_COMPUTERIZATION_SEC_017,PACS_COMPUTERIZATION,child,62,6,7,,,,a) Members of the DLIMC:,,,INFO,,"iii) District Level Implementation & Monitoring Committee (DLIMC) a) Members of the DLIMC:

i. District Collector/District Magistrate - Chairperson

ii. District Development Manager (DDM), NABARD - Me"
PACS_COMPUTERIZATION_SEC_018,PACS_COMPUTERIZATION,child,54,7,7,,,,b) Role of DLIMC:,,,INFO,,"b) Role of DLIMC:

i. To be the first line of implementation and monitoring system within the

overall framework.

ii. It will be responsible for the smooth implementation of the project as per

appro"
PACS_COMPUTERIZATION_SEC_3_8,PACS_COMPUTERIZATION,parent,9,7,12,3.8,,,Project Details,SHORT_CONTEXT_PARENT,,INFO,B_SHORT,"3.8 Project Cost, Sources of Funds & Funding Pattern"
PACS_COMPUTERIZATION_SEC_3_8_1,PACS_COMPUTERIZATION,child,64,7,7,3.8.1,,,"Project Cost, Sources of Funds & Funding Pattern",TABLE_REVIEW,,INFO,F_TABLE,"3.8.1 Project Cost:

The total cost of the project is estimated at ₹2516.00 crore to be shared as under:

Agency Cost share (₹ Crore)

Government of India (60.73%)

1528

State Govt. (29.25%)

736

NA"
PACS_COMPUTERIZATION_SEC_3_8_2,PACS_COMPUTERIZATION,child,133,7,8,3.8.2,,,"Project Cost, Sources of Funds & Funding Pattern",TABLE_REVIEW,,INFO,F_TABLE,"3.8.2 Component wise Cost Sharing Pattern:

Component Cost Sharing pattern

Comprehensive software To be shared by GoI and NABARD. NABARD will

Component Cost Sharing pattern

(including cyber securit"
PACS_COMPUTERIZATION_SEC_3_8_3,PACS_COMPUTERIZATION,child,17,8,8,3.8.3,,,"Project Cost, Sources of Funds & Funding Pattern",SHORT_COMPLETE_PROVISION,,INFO,B_SHORT,"3.8.3 Item wise cost estimate per PACS

The item-wise cost estimate per PACS is given as under:-"
PACS_COMPUTERIZATION_SEC_023,PACS_COMPUTERIZATION,child,83,8,8,,,,₹ per PACS,TABLE_REVIEW,,INFO,F_TABLE,"Amount in

SN

Item

₹ per PACS

A

Per PACS project cost

Hardware –Computer, Multi-functional Devices (MFD),

UPS, webcam, bio-metric scanner, external HDD,

(i) including 5 years of AMC for hardwar"
PACS_COMPUTERIZATION_SEC_024,PACS_COMPUTERIZATION,child,72,9,9,,,,₹ per PACS,TABLE_REVIEW,,INFO,F_TABLE,"Amount in

SN

Item

₹ per PACS

(iii) Training

10,198/-

a. Implementation Services including data preparation,

digitization, verification till final reconciliation and

porting into the ERP soluti"
PACS_COMPUTERIZATION_SEC_3_8_4,PACS_COMPUTERIZATION,child,502,9,12,3.8.4,,,"Project Cost, Sources of Funds & Funding Pattern",TABLE_REVIEW,,INFO,F_TABLE,"3.8.4 Component wise Fund Flow Mechanism

The component wise Fund Flow mechanism of the project will be as under:

Cost

Sl

per Total cost Source of

No Component

Release of Fund

PACS (in ₹ crore) "
PACS_COMPUTERIZATION_SEC_3_9,PACS_COMPUTERIZATION,child,5,12,12,3.9,,,Project Details,SHORT_COMPLETE_PROVISION,,INFO,B_SHORT,3.9 Phasing of the project
PACS_COMPUTERIZATION_SEC_027,PACS_COMPUTERIZATION,child,43,12,12,,,,Total No. of PACS to be Maintenance and hand-,TABLE_REVIEW,,INFO,F_TABLE,"Total No. of PACS to be Maintenance and hand-

Year

computerized

holding support

Year I 2022-23

13,000

Year II 2023-24

20,000

Handholding support of

total 5 years from 2022-23

Year III 2024-2"
PACS_COMPUTERIZATION_SEC_3_9_002,PACS_COMPUTERIZATION,child,6,13,13,3.9,,,Project Details,SHORT_COMPLETE_PROVISION,,INFO,B_SHORT,3.9 Basic Architecture of the Project
PACS_COMPUTERIZATION_SEC_3_10_1,PACS_COMPUTERIZATION,child,75,13,13,3.10.1,,,Project Details,,,INFO,,"3.10.1 One common ERP software will be provided to all the PACS in the project,

across the country, to capture data on all functionalities of PACS, both credit

and non-credit. This software would be"
PACS_COMPUTERIZATION_SEC_3_10_2,PACS_COMPUTERIZATION,child,316,13,14,3.10.2,,,Project Details,,,INFO,,"3.10.2 NABARD will prepare and publish a central panel of System Integrators

(SIs) through open bidding. States are to select the SIs from this central

panel with a ceiling on number of PACS that on"
PACS_COMPUTERIZATION_SEC_3_10_3,PACS_COMPUTERIZATION,child,147,14,14,3.10.3,,,Project Details,,,INFO,,"3.10.3 The basic responsibility of training on use of software will lie with NLPSV.

NLPSV will provide necessary inputs to State level SIs and National Level

Training Institutions to facilitate crea"
PACS_COMPUTERIZATION_SEC_3_10_4,PACS_COMPUTERIZATION,child,102,14,14,3.10.4,,,Project Details,,,INFO,,"3.10.4 For implementation and monitoring of the project, creation of a core team at

NABARD, Head Office with the team members constituted from its officers

has been envisaged. This core team will be"
PACS_COMPUTERIZATION_SEC_3_11,PACS_COMPUTERIZATION,child,131,15,15,3.11,,,Project Details,,,INFO,,"3.11 Data Management

The data shall be housed at the National Level Data Repository (NLDR). Data

generated at PACS would be routed, either through the DCCBs or State Data

Centers, to the National L"
PACS_COMPUTERIZATION_SEC_3_11_002,PACS_COMPUTERIZATION,child,175,15,15,3.11,,,Project Details,,,INFO,,"3.11 Selection of PACS

• All functional PACS will be eligible for joining the project. A PACS will be

deemed functional if it fulfils the necessary condition i.e. completion of Audit of

accounts of"
PACS_COMPUTERIZATION_SEC_4,PACS_COMPUTERIZATION,parent,6,16,18,4,,,Project Monitoring Units (PMUs)/Support Teams,SHORT_CONTEXT_PARENT,,INFO,B_SHORT,4 Project Monitoring Units (PMUs)/Support Teams
PACS_COMPUTERIZATION_SEC_4_1,PACS_COMPUTERIZATION,child,3,16,16,4.1,,,Project Monitoring Units (PMUs)/Support Teams,SHORT_COMPLETE_PROVISION,,INFO,B_SHORT;D_TOP20_SHORT,4.1 Central PMU:
PACS_COMPUTERIZATION_SEC_037,PACS_COMPUTERIZATION,child,245,16,17,,,,a. Roles and responsibilities of central PMU,,,INFO,,"a. Roles and responsibilities of central PMU

Central PMU will:

i. Be set up by NABARD and manned by Management & Technical Experts.

ii. Finalize project design and implementation strategy.

iii. Un"
PACS_COMPUTERIZATION_SEC_4_2,PACS_COMPUTERIZATION,child,3,17,17,4.2,,,Project Monitoring Units (PMUs)/Support Teams,SHORT_COMPLETE_PROVISION,,INFO,B_SHORT;D_TOP20_SHORT,4.2 State PMUs:
PACS_COMPUTERIZATION_SEC_039,PACS_COMPUTERIZATION,child,194,17,17,,,,a. Roles and responsibilities of State PMU,,,INFO,,"a. Roles and responsibilities of State PMU

PMUs at the State level will:

i. Be manned by NABARD’s officials and Management & Technical Experts.

ii. Will function under the overall guidance of the C"
PACS_COMPUTERIZATION_SEC_4_3,PACS_COMPUTERIZATION,child,106,17,18,4.3,,,Project Monitoring Units (PMUs)/Support Teams,,,INFO,,"4.3 Support Teams at District/ Cluster levels

There will be field level ‘support teams’, set up and maintained by System Integrator,

at a cluster of about 200 PACS/ District Level, manned and assist"
PACS_COMPUTERIZATION_SEC_5,PACS_COMPUTERIZATION,parent,2,18,22,5,,,Stakeholders,SHORT_CONTEXT_PARENT,,INFO,B_SHORT;D_TOP20_SHORT,5 Stakeholders
PACS_COMPUTERIZATION_SEC_5_1,PACS_COMPUTERIZATION,parent,10,18,22,5.1,,,Stakeholders,SHORT_CONTEXT_PARENT,,INFO,B_SHORT,5.1 Roles and responsibilities of various stakeholders of the project
PACS_COMPUTERIZATION_SEC_5_1_1,PACS_COMPUTERIZATION,child,26,18,18,5.1.1,,,,,,INFO,,"5.1.1 Government of India:

Government of India i.e. Ministry of Cooperation will be responsible for

guiding the overall implementation and monitoring of the project through

NLMIC."
PACS_COMPUTERIZATION_SEC_5_1_2,PACS_COMPUTERIZATION,child,417,18,19,5.1.2,,,,,,INFO,,"5.1.2 State Governments:

a. State Governments will be responsible for implementation and monitoring

of the project in their respective states through the State Level

Implementation and Monitoring C"
PACS_COMPUTERIZATION_SEC_5_1_3,PACS_COMPUTERIZATION,child,70,19,20,5.1.3,,,,,,INFO,,"5.1.3 NABARD:

a. NABARD will implement the project and act as project manager for the

PACS Computerisation Project at Central level under the guidance and

directions of National Level Monitoring an"
PACS_COMPUTERIZATION_SEC_5_1_4,PACS_COMPUTERIZATION,child,93,20,20,5.1.4,,,,,,INFO,,"5.1.4 State Cooperative Bank:

a. Form a dedicated PACS Computerisation Cell, equipped with IT trained

manpower, within the Bank for this Project.

b. Act in capacity of Member Secretary of the State"
PACS_COMPUTERIZATION_SEC_5_1_5,PACS_COMPUTERIZATION,child,198,20,21,5.1.5,,,,,,INFO,,"5.1.5 District Central Cooperative Banks:

a. Form a dedicated PACS computerisation cell within the Bank for this

project.

b. Act in the capacity of Member Secretary of the District Level Monitoring"
PACS_COMPUTERIZATION_SEC_5_1_6,PACS_COMPUTERIZATION,child,234,21,21,5.1.6,,,,,,INFO,,"5.1.6 Primary Agricultural Credit Societies:

a. Check own eligibility as per norms.

b. If eligible, then check priority status as per norms.

c. If some criteria are not fulfilled, arrange to plug t"
PACS_COMPUTERIZATION_SEC_5_1_7,PACS_COMPUTERIZATION,child,63,21,22,5.1.7,,,,,,INFO,,"5.1.7 National Level PACS Software Vendor (NLPSV):

a. Provide a national level PACS Computerisation Software (PCS).

b. Customise the software based on the requirement of each state. c. Facilitate th"
PACS_COMPUTERIZATION_SEC_5_1_8,PACS_COMPUTERIZATION,child,42,22,22,5.1.8,,,,,,INFO,,"5.1.8 National Level Data Repository Vendor (NLDRV):

a. Be responsible for national level data storage, security and data

management.

b. Generate reports required at

i. National Level

ii. State L"
PACS_COMPUTERIZATION_SEC_5_1_9,PACS_COMPUTERIZATION,child,111,22,22,5.1.9,,,,,,INFO,,"5.1.9 System Integrator (SI) state-wise:

a. SI will coordinate with States/UTs for installation of software prepared by

NLPSV.

b. Digitise existing manual/ semi computerised/ computerised data of

"
PACS_COMPUTERIZATION_SEC_6,PACS_COMPUTERIZATION,child,80,22,23,6,,,Legal Framework,,,INFO,,"6 Legal Framework

The project will adhere to the respective State Cooperative Acts under which the

PACS are working. The implementation of the project shall be bound by the following agreements:

(a"
PACS_COMPUTERIZATION_SEC_7,PACS_COMPUTERIZATION,parent,7,23,23,7,,,Upkeep and maintenance of assets created,SHORT_CONTEXT_PARENT,,INFO,B_SHORT,7 Upkeep and maintenance of assets created
PACS_COMPUTERIZATION_SEC_7_1,PACS_COMPUTERIZATION,child,49,23,23,7.1,,,Upkeep and maintenance of assets created,,,INFO,,"7.1 The software maintenance, in terms of upgrades/ antivirus and incorporation

of new modules for new / innovative activities initiated by the PACS, as also

maintenance of the data repository, will"
PACS_COMPUTERIZATION_SEC_7_2,PACS_COMPUTERIZATION,child,29,23,23,7.2,,,Upkeep and maintenance of assets created,,,INFO,,"7.2 Maintenance of the hardware installed at PACS will be the responsibility of the

respective PACS, DCCBs/ StCBs on an ongoing basis even after completion of the

project period."
PACS_COMPUTERIZATION_SEC_7_3,PACS_COMPUTERIZATION,child,43,23,23,7.3,,,Upkeep and maintenance of assets created,,,INFO,,"7.3 The central infrastructure facility and common software will be maintained and

updated by NABARD periodically. A suitable Pay per use arrangement will be

finalised by NABARD in consultation with"
PACS_COMPUTERIZATION_SEC_7_4,PACS_COMPUTERIZATION,child,30,23,23,7.4,,,Upkeep and maintenance of assets created,,,INFO,,"7.4 This will be a periodic contractual exercise, which will be funded from

contributions by various tiers of the system during and beyond the project period, as

per the requirements."
PACS_COMPUTERIZATION_SEC_7_5,PACS_COMPUTERIZATION,child,51,23,23,7.5,,,Upkeep and maintenance of assets created,,,INFO,,"7.5 State Level support teams will continue to work under aegis of StCB and

State Government and suitable pay per use models will be designed for financial

closure for such continued functioning of "
PACS_COMPUTERIZATION_SEC_8,PACS_COMPUTERIZATION,parent,5,24,24,8,,,Deliverables of the Project,SHORT_CONTEXT_PARENT,,INFO,B_SHORT,8 Deliverables of the Project
PACS_COMPUTERIZATION_SEC_8_1,PACS_COMPUTERIZATION,child,128,24,24,8.1,,,Deliverables of the Project,,,INFO,,"8.1 Transparent and Complete accounting System

Accounting as per CAS (Common Accounting System) & MIS (Management

Information System) prescribed by NABARD – Origination of accounts on the basis

of "
PACS_COMPUTERIZATION_SEC_8_2,PACS_COMPUTERIZATION,child,39,24,24,8.2,,,Deliverables of the Project,,,INFO,,"8.2 Governance

1. Alerts on the conduct of Board Meetings and General Body meetings.

2. Prompting on Agenda preparation.

3. Record Keeping of Board & General Body Meeting proceedings.

4. Real time"
PACS_COMPUTERIZATION_SEC_8_3,PACS_COMPUTERIZATION,child,57,24,24,8.3,,,Deliverables of the Project,,,INFO,,"8.3 Enablement

a. Optimal use of Infrastructure – currently substantial warehouse capacities are

being created under Atmanirbhar Bharat program.

b. Market connectivity – access to the agri-produce "
PACS_COMPUTERIZATION_SEC_9,PACS_COMPUTERIZATION,parent,65,25,26,9,,,Expected Outcomes of the Project:,,,INFO,,"9. Expected Outcomes of the Project:

i. PACS functions will be faster, transparent and accountable.

ii. Migration of the legacy data.

iii. Timely generation of MIS.

iv. Improved facilities (credit"
PACS_COMPUTERIZATION_SEC_9_1,PACS_COMPUTERIZATION,child,57,25,25,9.1,,,Expected Outcomes of the Project:,,,INFO,,"9.1 Statutory Audit

An automated accounting and audit process delivers prompt and accurate audit

statements leading to completion of audit within 2 to 3 days from the date of closure

of financial a"
PACS_COMPUTERIZATION_SEC_9_2,PACS_COMPUTERIZATION,child,46,25,25,9.2,,,Expected Outcomes of the Project:,,,INFO,,"9.2 Transparency in Operations and Productive Manpower Deployment

Further, automation of all the businesses and their business processes will lead to

complete transparency and ease of use besides pr"
PACS_COMPUTERIZATION_SEC_9_3,PACS_COMPUTERIZATION,child,31,25,26,9.3,,,Expected Outcomes of the Project:,,,INFO,,"9.3 Integration

Seamless integration with all the relevant governmental agencies and departments

and more specifically the higher financing agencies leading to better financial

management and accou"
PACS_COMPUTERIZATION_SEC_067,PACS_COMPUTERIZATION,child,17,26,26,,,,Ministry of Cooperation,SHORT_CHUNK,,INFO,B_SHORT,"Ministry of Cooperation

Atal Akshya Urja Bhawan, CGO Complex, New Delhi - 110003

Website: http://cooperation.gov.in/

Ph:20849021, 20849022"
PMFBY_2023_DOC,PMFBY_2023,parent,5,1,213,,,,,CONTEXT_PARENT;SHORT_CONTEXT_PARENT,,INFO,B_SHORT,Pradhan Mantri Fasal Bima Yojana
PMFBY_2023_SEC_001,PMFBY_2023,child,20,1,1,,,,Department of Agriculture & Farmers Welfare\,TOC_REVIEW,,REVIEW,,"Pradhan Mantri Fasal Bima Yojana

(PMFBY)

OPERATIONAL GUIDELINES

2023

Eﬀective from Kharif 2023

`

Department of Agriculture & Farmers Welfare\"
PMFBY_2023_SEC_002,PMFBY_2023,child,440,1,3,,,,Ministry of Agriculture & Farmers Welfare,TABLE_REVIEW;TOC_REVIEW,,REVIEW,F_TABLE,"Ministry of Agriculture & Farmers Welfare

Government of India Krishi Bhawan, New Delhi-110001

INDEX

Operational Guidelines 2023

Sl. No.

Section

Page No.

1 Objective of the Scheme

11

2 Adoptio"
PMFBY_2023_SEC_003,PMFBY_2023,child,1184,4,9,,,,TABLE INDEX,LONG_CHUNK_NO_SAFE_SPLIT,,INFO,A_LONG,"TABLE INDEX

Table No. | Topic | Para. No.
Table 1 | Premium Rate Payable by the Farmer | 13.1
Table 2 | Seasonality Discipline | 16.4
Table 3 | Calculation of Crop-wise Sum Insured | 17.6.6
Table 4 |"
PMFBY_2023_SEC_004,PMFBY_2023,parent,542,10,11,,,,Pradhan Mantri Fasal Bima Yojana,,,INFO,,"Pradhan Mantri Fasal Bima Yojana

Pradhan Mantri Fasal Bima Yojana (PMFBY) was launched from Kharif 2016 with aim to support production in agriculture by providing an affordable crop insurance product"
PMFBY_2023_SEC_004_SUB_1,PMFBY_2023,child,394,10,10,,,,Pradhan Mantri Fasal Bima Yojana,,,INFO,,"Pradhan Mantri Fasal Bima Yojana

Pradhan Mantri Fasal Bima Yojana (PMFBY) was launched from Kharif 2016 with aim to support production in agriculture by providing an affordable crop insurance product"
PMFBY_2023_SEC_004_SUB_2,PMFBY_2023,child,148,10,11,,,,Pradhan Mantri Fasal Bima Yojana,,,INFO,,These operational Guidelines shall be effective from Kharif 2023 onwards and shall be overriding any provisions or clauses of Tender Document or Contract or Notification of the State Govts./UTs or con
PMFBY_2023_SEC_005,PMFBY_2023,child,99,11,11,,,,Objective of the Scheme,,,INFO,,"Objective of the Scheme 1.

PMFBY aims at supporting sustainable production in agriculture sector by way of:

• Providing ﬁnancial support to farmers suffering crop loss/damage arising out of unforese"
PMFBY_2023_SEC_2,PMFBY_2023,parent,7,11,14,2,,,Adoption of Technology for Scheme Administration,SHORT_CONTEXT_PARENT,,INFO,B_SHORT,2. Adoption of Technology for Scheme Administration
PMFBY_2023_SEC_2_1,PMFBY_2023,child,68,11,11,2.1,,,Adoption of Technology for Scheme Administration,,,INFO,,"Digital Technology

2.1 In an endeavor to integrate Technology in implementation and execution of the Scheme, GoI has designed and developed a National Crop Insurance Portal (NCIP) (www.pmfby.gov.in) "
PMFBY_2023_SEC_2_2,PMFBY_2023,child,42,11,11,2.2,,,Adoption of Technology for Scheme Administration,,,INFO,,2.2 Continued & efficient functioning of the Portal successfully calls for responsible participation by different stakeholders who will have the responsibility for census coding and regular updating o
PMFBY_2023_SEC_2_3,PMFBY_2023,child,94,11,11,2.3,,,Adoption of Technology for Scheme Administration,,,INFO,,"2.3 Implementing State/UTs and Insurance Companies during each crop season are required to digitize and upload basic information like notiﬁed areas, crops, sum insured, Government subsidy and premium "
PMFBY_2023_SEC_2_4,PMFBY_2023,child,41,11,11,2.4,,,Adoption of Technology for Scheme Administration,,,INFO,,2.4 Digitization of basic information/notiﬁcation should compulsorily be done before ﬂoating tender documents which will be followed by the entry of L1 Premium rates and name of the selected Insurance
PMFBY_2023_SEC_2_5,PMFBY_2023,child,50,11,12,2.5,,,Adoption of Technology for Scheme Administration,,,INFO,,"2.5 Since the NCIP has been operationalized for auto administration and seamless ﬂow of data/information/reports on real-time basis, the State/UT Government would not be allowed to create/use a separa"
PMFBY_2023_SEC_2_6,PMFBY_2023,child,36,12,12,2.6,,,Adoption of Technology for Scheme Administration,,,INFO,,2.6 All Stakeholders have deﬁned roles and responsibilities and accessibility to related modules on the Portal for the administration of the Scheme. Details of the operationalization of modules for ea
PMFBY_2023_SEC_2_7,PMFBY_2023,child,49,12,12,2.7,,,Adoption of Technology for Scheme Administration,,,INFO,,"2.7 Secured credential/login, preferably linked with Aadhaar Number and mobile One Time Password (OTP) based, for all Stakeholders viz, GoI, State Governments/UT Administrations, Banks, empaneled Insu"
PMFBY_2023_SEC_2_8,PMFBY_2023,child,53,12,12,2.8,,,Adoption of Technology for Scheme Administration,,,INFO,,"2.8 The Insurance Companies shall not distribute/collect/allow any other proforma/utility/web-Portal etc. for collecting details of insured farmers separately. However, they may provide all requisite "
PMFBY_2023_SEC_2_9,PMFBY_2023,child,59,12,12,2.9,,,Adoption of Technology for Scheme Administration,,,INFO,,"2.9 Only those farmers whose data is uploaded on the NCIP, and their share of premium has been remitted to the concerned Insurance Company within the prescribed time limit, shall be eligible for Insur"
PMFBY_2023_SEC_2_10,PMFBY_2023,child,176,12,12,2.10,,,Adoption of Technology for Scheme Administration,,,INFO,,"2.10 All data pertaining to crop-wise, Insurance Unit (IU) wise historical yield data, Notional value of average yield/Scale of Finance (SOF), Sown Area, Coverage and Claims data, Threshold Yield (TY)"
PMFBY_2023_SEC_2_11,PMFBY_2023,child,39,12,12,2.11,,,Adoption of Technology for Scheme Administration,,,INFO,,"2.11 The Banks/Financial Institutions (FIs)/other intermediaries need to compulsorily transfer the individual farmer's data electronically to the NCIP. Accordingly, banks/FIs may endeavor to undertake"
PMFBY_2023_SEC_2_12,PMFBY_2023,child,80,12,13,2.12,,,Adoption of Technology for Scheme Administration,,,INFO,,"2.12 The NCIP having details of insured farmers under PMFBY shall be dovetailed with Kisan Rin Portal (KRP), having details of all the farmers availing subsidized short term agriculture loans through "
PMFBY_2023_SEC_2_13,PMFBY_2023,child,140,13,13,2.13,,,Adoption of Technology for Scheme Administration,,,INFO,,"2.13 With a view to keep pace with the massive innovations happening for making agriculture financially resilient and to achieve the objective of meeting Sustainable Development Goals, the scheme envi"
PMFBY_2023_SEC_2_14,PMFBY_2023,child,157,13,13,2.14,,,Adoption of Technology for Scheme Administration,,,INFO,,"Remote Sensing & Other Technologies

2.14 The Insurance Companies & States/UTs shall compulsorily use innovative technology & mobile applications for monitoring of crop health through CROPIC App, repo"
PMFBY_2023_SEC_2_15,PMFBY_2023,child,50,13,13,2.15,,,Adoption of Technology for Scheme Administration,,,INFO,,2.15 The Department of the State/UT Government responsible for managing the digital land record and its web-portal will facilitate the integration of land record with NCIP and provide Application Prog
PMFBY_2023_SEC_2_16,PMFBY_2023,child,43,13,13,2.16,,,Adoption of Technology for Scheme Administration,,,INFO,,2.16 Suitable technology & modalities shall also be explored and adopted for using Smart Sampling Technique (SST) for conducting CCEs required for arriving at proportionate Crop Yield Estimation along
PMFBY_2023_SEC_2_17,PMFBY_2023,child,41,13,13,2.17,,,Adoption of Technology for Scheme Administration,,,INFO,,2.17 Yield Estimation System based on Technology (YES-TECH) for direct estimation of yield at Gram Panchayat (GP) level has been rolled out from Kharif 2023 season onwards as per the provisions of YES
PMFBY_2023_SEC_2_18,PMFBY_2023,child,61,13,13,2.18,,,Adoption of Technology for Scheme Administration,,,INFO,,"2.18 YES-TECH shall be further augmented through Collection of Real-time Photos and Observations of Crops (CROPIC) initiative, wherein crop health will be monitored by taking periodic photos of standi"
PMFBY_2023_SEC_2_19,PMFBY_2023,child,70,13,14,2.19,,,Adoption of Technology for Scheme Administration,,,INFO,,2.19 A national level network of Automatic Weather Stations (AWS) & Automatic Rain Gauges (ARG) shall also be established under the Weather Information Network Data System (WINDS) initiative as per th
PMFBY_2023_SEC_2_20,PMFBY_2023,child,66,14,14,2.20,,,Adoption of Technology for Scheme Administration,,,INFO,,"2.20 State/UTs shall adopt use of technology, such as satellite imagery, drones, Unmanned Aerial Vehicle (UAV) and remote sensing for various applications such as crop area estimation, yield disputes "
PMFBY_2023_SEC_2_21,PMFBY_2023,child,40,14,14,2.21,,,Adoption of Technology for Scheme Administration,,,INFO,,"2.21 Use of technology derived solutions for calculation of Yield will be triggered in the following instances when:

Requisite number of CCEs have not been conducted at the Insurance Unit (IU) level "
PMFBY_2023_SEC_2_22,PMFBY_2023,child,29,14,14,2.22,,,Adoption of Technology for Scheme Administration,,,INFO,,"2.22 Or

The yield data submitted by the Nodal Department of the State/UT Government is disputed by the IC due to non-compliance of the deﬁned procedure for conducting CCEs."
PMFBY_2023_SEC_2_23,PMFBY_2023,child,42,14,14,2.23,,,Adoption of Technology for Scheme Administration,,,INFO,,"2.23 Or

The Nodal Department of State/UT Government is unable to submit Actual or approved yield data (CCE Agri App based) for at-least 90% of total Crop Cutting Experiments (CCEs) conducted, within "
PMFBY_2023_SEC_2_24,PMFBY_2023,child,36,14,14,2.24,,,Adoption of Technology for Scheme Administration,,,INFO,,"2.24 To develop a framework for Research Studies & Working Papers by academia & Multilateral bodies, GoI may enter into bilateral or multilateral arrangements / agreements with any relevant national /"
PMFBY_2023_SEC_3,PMFBY_2023,parent,4,14,16,3,,,Coverage of Farmers,SHORT_CONTEXT_PARENT,,INFO,B_SHORT,3. Coverage of Farmers
PMFBY_2023_SEC_3_1,PMFBY_2023,parent,172,14,16,3.1,,,Coverage of Farmers,,,INFO,,"3.1 All farmers including sharecroppers and tenant farmers growing the notiﬁed crops in the notiﬁed areas are eligible for coverage. However, farmers should have insurable interest on the insured crop"
PMFBY_2023_SEC_3_1_1_1,PMFBY_2023,child,105,14,15,3.1.1.1,,,,,,INFO,,3.1.1.1 The scheme is optional for all farmers including farmers who have been sanctioned short-term Seasonal Agricultural Operations (SAO) loans though Kisan Credit Card (KCC) for the notiﬁed crops f
PMFBY_2023_SEC_3_1_1_2,PMFBY_2023,child,42,15,15,3.1.1.2,,,,,,INFO,,"3.1.1.2 Farmer whose KCC loan has become sub-standard as deﬁned and as per prevailing practices of the concerned Banks and/or Government regulator shall not be considered as a Loanee farmer. However, "
PMFBY_2023_SEC_3_1_1_3,PMFBY_2023,child,62,15,15,3.1.1.3,,,,,,INFO,,"3.1.1.3 Merely, sanctioning of crop loan against other collateral securities including ﬁxed deposits, gold/jewel loans, mortgage loans etc. without having insurable interest of the farmer on the insur"
PMFBY_2023_SEC_3_1_2_1,PMFBY_2023,child,34,15,15,3.1.2.1,,,,,,INFO,,"3.1.2.1 The insurance coverage will strictly be equivalent to the sum insured per hectare, as deﬁned in the Government notiﬁcation or /and on NCIP multiplied by proposed insured- area for notiﬁed crop"
PMFBY_2023_SEC_3_1_3,PMFBY_2023,child,50,15,15,3.1.3,,,,,,INFO,,3.1.3 Special efforts shall be made to ensure maximum coverage of Scheduled Caste (SC)/ Scheduled Tribe (ST)/ Women farmers under the Scheme. Further Panchayat Raj Institutions (PRIs) may be involved 
PMFBY_2023_SEC_3_1_4,PMFBY_2023,child,185,15,15,3.1.4,,,,,,INFO,,3.1.4 The implementing Insurance Company selected as lowest rate bidder (L1) will be responsible for taking necessary measures to ensure at least 10% incremental increase in coverage of non-loanee far
PMFBY_2023_SEC_3_1_5,PMFBY_2023,child,75,15,16,3.1.5,,,,,,INFO,,3.1.5 These Insurance Companies shall use digital means such as AIDE App for enrollment of farmers and complete the process as per the seasonality discipline detailed in Para 16.4. The same Insurance 
PMFBY_2023_SEC_3_1_6,PMFBY_2023,child,135,16,16,3.1.6,,,,,,INFO,,3.1.6 The exchange of information and co-witnessing of CCEs for the district by the Government/NCIP will be limited to L1 Company only and it will be binding on other companies to accept the yield dat
PMFBY_2023_SEC_3_1_7,PMFBY_2023,child,30,16,16,3.1.7,,,,,,INFO,,"3.1.7 A detailed SOP/Manual and modalities of the enrollment of non-loanee farmers at L1 premium rate by other unsuccessful bidders shall be notified by the GoI separately.

Universal Coverage 3.2"
PMFBY_2023_SEC_3_2_1,PMFBY_2023,parent,45,16,16,3.2.1,,,Coverage of Farmers,,,INFO,,"3.2.1 The States / UTs shall make all efforts for providing insurance protection to all the farmers including tenant farmers, sharecroppers as well as loanee or non-loanee farmers in their respective "
PMFBY_2023_SEC_3_2_1_1,PMFBY_2023,child,87,16,16,3.2.1.1,,,,,,INFO,,"3.2.1.1 Full Universalization: Complete farmer database would be fetched on the NCIP through the pre-validated, Land Parcel, Crop & Farmers KYC database of the concerned State/UT. Enrolment through an"
PMFBY_2023_SEC_3_2_1_2,PMFBY_2023,child,48,16,16,3.2.1.2,,,,,,INFO,,3.2.1.2 Preferential Universalization: The States/UTs can incentivize the enrolment of farmers under the scheme by subsidizing the farmer’s premium partially or completely. State/UT may decide to dedu
PMFBY_2023_SEC_4,PMFBY_2023,child,94,16,17,4,,,Coverage of Crops,,,INFO,,"4. Coverage of Crops

I. Food crops (Cereals, Millets and Pulses).

II. Oilseeds.

III. Annual Commercial / Annual Horticultural crops.

IV. In addition, pilots for coverage can be taken up for those "
PMFBY_2023_SEC_5,PMFBY_2023,parent,6,17,23,5,,,Coverage of Risks and Exclusions,SHORT_CONTEXT_PARENT,,INFO,B_SHORT,5. Coverage of Risks and Exclusions
PMFBY_2023_SEC_5_1,PMFBY_2023,child,60,17,17,5.1,,,Coverage of Risks and Exclusions,,,INFO,,"5.1 Basic Cover: The basic cover under the scheme covers the risk of yield loss to standing crops (sowing to harvesting). This comprehensive risk insurance is

provided to cover yield losses on an are"
PMFBY_2023_SEC_5_2,PMFBY_2023,parent,60,17,18,5.2,,,Coverage of Risks and Exclusions,,,INFO,,"5.2 Add-On Coverage: Apart from the mandatory basic cover, the State Governments/UT Administrations, in consultation with the State Level Coordination Committee on Crop Insurance (SLCCCI) may choose a"
PMFBY_2023_SEC_5_2_1,PMFBY_2023,child,18,17,17,5.2.1,,,,SHORT_COMPLETE_PROVISION,,INFO,B_SHORT,5.2.1 Prevented Sowing/Planting/Germination Risk: Insured area is prevented from sowing/planting/germination due to deﬁcit rainfall or adverse seasonal/climatic conditions.
PMFBY_2023_SEC_5_2_2,PMFBY_2023,child,62,17,17,5.2.2,,,,,,INFO,,"5.2.2 Mid-Season Adversity: Loss in case of adverse seasonal conditions during the crop season viz. ﬂoods, prolonged dry spells and severe drought etc., wherein expected yield during the season is lik"
PMFBY_2023_SEC_5_2_3,PMFBY_2023,child,61,17,17,5.2.3,,,,,,INFO,,"5.2.3 Post-Harvest Losses: Coverage is available only up to a maximum period of two weeks from harvesting, for those crops which are required to be dried in cut and spread / small, bundled condition d"
PMFBY_2023_SEC_5_2_4,PMFBY_2023,child,34,17,17,5.2.4,,,,,,INFO,,"5.2.4 Localized Calamities: Loss/damage to notiﬁed insured crops resulting from occurrence of identiﬁed localized risks of hailstorm, landslide, inundation, cloud burst and natural ﬁre due to lighteni"
PMFBY_2023_SEC_5_2_5,PMFBY_2023,child,175,17,18,5.2.5,,,,,,INFO,,5.2.5 Add-on coverage for crop loss due to attack by wild animals: The States/UTs may consider providing add-on coverage for crop loss due to the attack by wild animals wherever the risk is perceived 
PMFBY_2023_SEC_5_3,PMFBY_2023,child,34,18,18,5.3,,,Coverage of Risks and Exclusions,,,INFO,,5.3 States/UTs have to notify crop-wise speciﬁc period/duration for coverage of aforesaid add-on risks in their notiﬁcation as detailed in Para 7.2 of this guideline and the same will also be uploaded
PMFBY_2023_SEC_5_4,PMFBY_2023,child,20,18,18,5.4,,,Coverage of Risks and Exclusions,,,INFO,,"5.4 General Exclusions: Losses arising out of war and nuclear risks, malicious damage and other preventable risks shall be excluded."
PMFBY_2023_SEC_5_5,PMFBY_2023,child,93,18,18,5.5,,,Coverage of Risks and Exclusions,,,INFO,,5.5 Loss/damage for localized calamities and post-harvest losses will be assessed at the level of the individual insured farm and hence intimation of loss by the farmer/designated agencies or nodal de
PMFBY_2023_SEC_5_6,PMFBY_2023,child,23,18,18,5.6,,,Coverage of Risks and Exclusions,,,INFO,,"5.6 Details of indemniﬁcation and claims calculation for aforesaid risk covers are

provided in Para 21.

Risk Management Mechanisms under the Scheme 5.7"
PMFBY_2023_SEC_5_7_1,PMFBY_2023,child,37,18,18,5.7.1,,,Coverage of Risks and Exclusions,,,INFO,,5.7.1 The Scheme shall operate mainly on complete ‘risk transfer’ approach wherein complete risk is transferred to implementing Insurance Companies. This will involve bearing of the entire claim liabi
PMFBY_2023_SEC_5_7_2,PMFBY_2023,child,92,18,18,5.7.2,,,Coverage of Risks and Exclusions,,,INFO,,"5.7.2 However, if the State Governments/UT Administrations strongly believe that they need to partake in some of the elements of the risk, they may explore opting for ‘risk participation’ approach. Th"
PMFBY_2023_SEC_5_7_3,PMFBY_2023,child,32,18,18,5.7.3,,,Coverage of Risks and Exclusions,,,INFO,,5.7.3 Any pilot for a model other than those listed above can be taken up in one State at a time with the approval of Union Agriculture Minister and Union Finance Minister.
PMFBY_2023_SEC_5_7_4,PMFBY_2023,parent,11,18,21,5.7.4,,,Coverage of Risks and Exclusions,SHORT_CONTEXT_PARENT,,INFO,B_SHORT,5.7.4 Following shall be the modalities specific to Risk Participation Approach:
PMFBY_2023_SEC_5_7_4_1,PMFBY_2023,child,99,18,19,5.7.4.1,,,,TABLE_REVIEW,,INFO,F_TABLE,"5.7.4.1 “Profit & Loss” Sharing Mechanism:

Parameter

Specifications

Risk Sharing Insurance Company – up to loss ratios of 100%

Insurance Company & Government (GoI and State Govt.) – Risk sharin

1"
PMFBY_2023_SEC_063,PMFBY_2023,child,20,19,19,,,,Profit = 100%- LR = 100%,,,INFO,,"Profit Sharing @ Loss Ratio of 0%

Loss Sharing @ Loss Ratio of 350%

Profit = 100%- LR = 100%"
PMFBY_2023_SEC_064,PMFBY_2023,child,87,19,19,,,,Loss = 100%- LR = -250%,,,INFO,,"Loss = 100%- LR = -250%

Insurer Profit = (layer (0%- 50%)

Insurer Loss = (layer (220%- 350%) = - 130%) * (15% share of loss

=50%) *(15% share of Profit) + layer

(220%-350%) + layer (130%-220%

(65"
PMFBY_2023_SEC_065,PMFBY_2023,child,182,19,19,,,,102% of the premium,,,INFO,,"the Premium

102% of the premium

State share of Profit = 100% - 49.75% = 50.25% of the premium

State Share of Loss = -250% - (- 102%) = - 148% of the Loss

Conditions:

I. Liabilities:

a. GoI subsi"
PMFBY_2023_SEC_5_7_4_2,PMFBY_2023,child,119,20,20,5.7.4.2,,,,TABLE_REVIEW,,INFO,F_TABLE,"5.7.4.2 “Cup & Cap” model (60:130)

Parameter

Specifications

Insurance Company – up to loss ratios of 130%

Risk Sharing

Government (GoI and State Govt. equally) – loss ratio > 130%

Loss ratio bet"
PMFBY_2023_SEC_067,PMFBY_2023,child,78,20,20,,,,II. Surplus Sharing:,,,INFO,,"II. Surplus Sharing:

a. GoI will share surplus (if any) equally with State/UT Government if the claim ratio

are less than 60%

b. Surplus sharing between Insurance Company and Government (GoI and St"
PMFBY_2023_SEC_5_7_4_3,PMFBY_2023,child,160,20,21,5.7.4.3,,,,TABLE_REVIEW,,INFO,F_TABLE,"5.7.4.3 “Cup & Cap” Model (80-110)

Parameters

Specifications

Insurance Company – up to loss ratios of 110%

Risk Sharing

State Govt. – loss ratio > 110%

Loss ratio between 0%-80% - Insurance Comp"
PMFBY_2023_SEC_069,PMFBY_2023,child,61,21,21,,,,II. Surplus Sharing:,,,INFO,,"II. Surplus Sharing:

a. GoI will not share surplus (if any) with State/UT Government if the claim ratio is less

than 80%

b. Surplus sharing between Insurance Company and State/UT Government will be"
PMFBY_2023_SEC_5_7_4_4,PMFBY_2023,child,192,21,21,5.7.4.4,,,,,,INFO,,"5.7.4.4 Claim settlement under “Cup & Cap” Models:

a) Claim settlement under “Cup& Cap” Models at Cluster level for any given season

upto the given threshold will be the responsibility of the implem"
PMFBY_2023_SEC_5_7_4_5,PMFBY_2023,child,130,21,21,5.7.4.5,,,,,,INFO,,"5.7.4.5 Calculation of Burn Cost under “Cup & Cap (80-110)” Model:

Burn Cost (BC) for notiﬁed crop(s) under the Cup & Cap 80-110 ARTM model for the given cluster and season and comparison with the L1"
PMFBY_2023_SEC_5_8_1,PMFBY_2023,child,164,21,22,5.8.1,,,Coverage of Risks and Exclusions,,,INFO,,"5.8.1 With a view to enhance the access to agriculture & allied insurance products for farmers and to increase penetration of insurance adoption in the Agri ecosystem, GoI intends to create an ecosyst"
PMFBY_2023_SEC_5_8_2,PMFBY_2023,child,116,22,22,5.8.2,,,Coverage of Risks and Exclusions,,,INFO,,5.8.2 GoI for this purpose would explore potential collaborations between different stakeholders to facilitate the development of a comprehensive and secure digital SARTHI platform and dovetail it wit
PMFBY_2023_SEC_5_8_3,PMFBY_2023,child,133,22,22,5.8.3,,,Coverage of Risks and Exclusions,,,INFO,,"5.8.3 A unified Agri insurance ecosystem will have the following features:

 Digitization of the Agri & other Insurance product offerings ecosystem in a stable,

secure environment.

 Greater degree"
PMFBY_2023_SEC_5_8_4,PMFBY_2023,child,106,22,22,5.8.4,,,Coverage of Risks and Exclusions,,,INFO,,"5.8.4 To facilitate a comprehensive risk protection environment for Agriculture and Rural sector, GoI will build an open-source digital platform which will provide seamless integration of different in"
PMFBY_2023_SEC_5_8_5,PMFBY_2023,child,48,22,23,5.8.5,,,Coverage of Risks and Exclusions,,,INFO,,"5.8.5 Govt. of India though a consultative committee comprising of insurance industry experts, regulators, academia, Insurtech/agri-tech startups and experts from multi-lateral national/international "
PMFBY_2023_SEC_5_8_6,PMFBY_2023,child,148,23,23,5.8.6,,,Coverage of Risks and Exclusions,,,INFO,,"5.8.6 IRDAI has also been leveraging digital technology to achieve the vision of “Insurance for All” by 2047 where every citizen has an appropriate life, health and property insurance cover and every "
PMFBY_2023_SEC_5_8_7,PMFBY_2023,child,27,23,23,5.8.7,,,Coverage of Risks and Exclusions,,,INFO,,5.8.7 A detailed SOP/Manual and modalities of the SARTHI Platform and Product Innovation including the product designing and validation protocols shall be notified by the GoI separately.
PMFBY_2023_SEC_6,PMFBY_2023,parent,54,23,29,6,,,Preconditions for Implementation of the Scheme,,,INFO,,"6. Preconditions for Implementation of the Scheme

State/UTs 6.1

Issuance of Notiﬁcation by the State Governments/UT Administrations for the implementation of the Scheme shall imply their acceptance "
PMFBY_2023_SEC_6_1_1,PMFBY_2023,child,67,23,23,6.1.1,,,Preconditions for Implementation of the Scheme,,,INFO,,"6.1.1 Digitization of IU-wise administrative/revenue hierarchy along with Scheme; crops; level of IUs notiﬁed, crop-wise sum insured, crop-wise indemnity level, crop-wise Threshold Yield (TY) at Insur"
PMFBY_2023_SEC_6_1_2,PMFBY_2023,child,108,23,23,6.1.2,,,Preconditions for Implementation of the Scheme,,,INFO,,"6.1.2 Adoption of innovative technology especially YES-TECH for direct yield estimation at Gram Panchayat (GP) level as per the standards and specifications given in the YES-TECH Manual 2023, CROPIC f"
PMFBY_2023_SEC_6_1_3,PMFBY_2023,child,67,23,24,6.1.3,,,Preconditions for Implementation of the Scheme,,,INFO,,6.1.3 Making an additional provision of a separate budget allocation of 3% of the total budget of the Scheme for administrative expenses from Financial Year (FY) 2023- 24 for meeting the day-to-day ex
PMFBY_2023_SEC_6_1_4,PMFBY_2023,child,31,24,24,6.1.4,,,Preconditions for Implementation of the Scheme,,,INFO,,6.1.4 Adopt Smart Sampling Technology for conducting requisite number of CCEs at the level of notiﬁed IU area and approve the actual yield data as recorded in the CCE Agri App.
PMFBY_2023_SEC_6_1_5,PMFBY_2023,child,54,24,24,6.1.5,,,Preconditions for Implementation of the Scheme,,,INFO,,6.1.5 To finalize CCE and YES-TECH based final yield estimation data on the NCIP to enable auto-calculation of claims. In case the Nodal Department does not provide/upload actual yield data within 2 m
PMFBY_2023_SEC_6_1_6,PMFBY_2023,child,40,24,24,6.1.6,,,Preconditions for Implementation of the Scheme,,,INFO,,"6.1.6 In order to ensure timely release of subsidy and to maintain strict financial discipline in the scheme implementation, the release of subsidy shall be guided by the following provisions:

I. The"
PMFBY_2023_SEC_086,PMFBY_2023,child,25,24,24,,,,II. Notwithstanding any legal order specifically restricting the release of subsidy the,,,INFO,,II. Notwithstanding any legal order specifically restricting the release of subsidy the subsidy component of previous season shall be settled first from any future contributions.
PMFBY_2023_SEC_087,PMFBY_2023,child,29,24,24,,,,III. All the financial transactions (subsidy and claims) including farmers premium being,,,INFO,,III. All the financial transactions (subsidy and claims) including farmers premium being paid by State/UTs adopting Full or Preferential Universalization shall be routed through National Crop Insuranc
PMFBY_2023_SEC_088,PMFBY_2023,child,33,24,24,,,,IV. The States/UTs are required to commit their liabilities in advance as per modalities,,,INFO,,"IV. The States/UTs are required to commit their liabilities in advance as per modalities mentioned hereunder:

Start

Advance Subsidy

Notification of Digitization on NCIP

deposited in Escrow

PMFBY "
PMFBY_2023_SEC_089,PMFBY_2023,child,20,24,24,,,,CNA to Confirm on NCIP,,,INFO,,"Escrow A/c

Advance Subsidy

deposited in

Yes

Escrow Account?

No

CNA to Confirm on NCIP

NCIP Activated for

Enrollments

End"
PMFBY_2023_SEC_6_1_7,PMFBY_2023,parent,737,25,26,6.1.7,,,Preconditions for Implementation of the Scheme,,,INFO,,"6.1.7 State/UT shall release an amount equivalent to 50% previous season’s total State/UT Government liability on approved application data as the advance upfront premium subsidy, and the same shall b"
PMFBY_2023_SEC_6_1_7_SUB_1,PMFBY_2023,child,462,25,25,6.1.7,,,Preconditions for Implementation of the Scheme,,,INFO,,"6.1.7 State/UT shall release an amount equivalent to 50% previous season’s total State/UT Government liability on approved application data as the advance upfront premium subsidy, and the same shall b"
PMFBY_2023_SEC_6_1_7_SUB_2,PMFBY_2023,child,275,25,26,6.1.7,,,Preconditions for Implementation of the Scheme,,,INFO,,VII. NCIP would only be opened for enrolment upon remittance of the above-mentioned advance upfront premium by the concerned State/UT Government to the Escrow Account and upon receipt of electronic co
PMFBY_2023_SEC_6_1_8,PMFBY_2023,child,39,26,26,6.1.8,,,Preconditions for Implementation of the Scheme,,,INFO,,6.1.8 To carry out pilot studies for improved yield estimations using technology. Adoption of protocol/Standard Operating Procedure (SOP) for smart sampling technique (SST) and direct yield estimation
PMFBY_2023_SEC_6_1_9,PMFBY_2023,child,119,26,26,6.1.9,,,Preconditions for Implementation of the Scheme,,,INFO,,"6.1.9 The present composition of the State level Coordination Committee on Crop Insurance (SLCCCI) includes the representation of concerned Departments of the State Governments/UT Administrations, Res"
PMFBY_2023_SEC_6_1_10,PMFBY_2023,child,41,26,26,6.1.10,,,Preconditions for Implementation of the Scheme,,,INFO,,6.1.10 Adequate preparedness for ensuring availability of all crop loss and yield data on National Crop Insurance Portal (NCIP) as computation of claims including those related to add-on cover will be
PMFBY_2023_SEC_6_1_11,PMFBY_2023,child,92,26,27,6.1.11,,,Preconditions for Implementation of the Scheme,,,INFO,,6.1.11 Grievance redressal and resolution of complaints and queries of farmers raised through any of the mode including Krishi Rakshak Portal & Helpline within timelines outlined in the SOP/Manual of 
PMFBY_2023_SEC_6_2_1,PMFBY_2023,child,24,27,27,6.2.1,,,Preconditions for Implementation of the Scheme,,,INFO,,6.2.1 To carry out pilot studies and research for leveraging new technology for the effective implementation of Scheme in a transparent & efficient manner.
PMFBY_2023_SEC_6_2_2,PMFBY_2023,child,43,27,27,6.2.2,,,Preconditions for Implementation of the Scheme,,,INFO,,"6.2.2 Deployment of requisite infrastructure to widen the outreach of the Scheme and enabling access to related services to the rural farmers at their doorstep, with a commitment for at least 10% incr"
PMFBY_2023_SEC_6_2_3,PMFBY_2023,child,42,27,27,6.2.3,,,Preconditions for Implementation of the Scheme,,,INFO,,"6.2.3 Deployment of sufﬁcient manpower to co-observe CCEs and allied activities and compulsory use of CCE Agri App, CROPIC App, Crop Loss Assessment App, their digital web portals and other digital Ap"
PMFBY_2023_SEC_6_2_4,PMFBY_2023,child,49,27,27,6.2.4,,,Preconditions for Implementation of the Scheme,,,INFO,,6.2.4 Allocation of requisite resources for IEC activities including awareness generation and capacity building of stakeholders about the Scheme. The detailed planning for the same should be submitted
PMFBY_2023_SEC_6_2_5,PMFBY_2023,child,45,27,27,6.2.5,,,Preconditions for Implementation of the Scheme,,,INFO,,"6.2.5 Creation of a grievance redressal mechanism at the ground level covering the Sub-district, District, State and National level, putting in place a robust and effective method for grievance regist"
PMFBY_2023_SEC_6_2_6,PMFBY_2023,child,31,27,27,6.2.6,,,Preconditions for Implementation of the Scheme,,,INFO,,6.2.6 Settlement of claims to the eligible farmers under the Basic Cover and all insured add-on covers as per the prescribed timelines as deﬁned in the seasonality discipline and State/UT Notification
PMFBY_2023_SEC_6_2_7,PMFBY_2023,child,31,27,27,6.2.7,,,Preconditions for Implementation of the Scheme,,,INFO,,6.2.7 Timely payment of service charge to Banks (4% of farmer's premium) and requisite service charges to Common Service Centre - Special Purpose Vehicle (CSC-SPV) & other Insurance Intermediaries thr
PMFBY_2023_SEC_6_2_8,PMFBY_2023,child,22,27,27,6.2.8,,,Preconditions for Implementation of the Scheme,,,INFO,,6.2.8 An SOP/Manual for carrying out different activities of awareness generation and capacity building shall be as shared by the GoI separately.
PMFBY_2023_SEC_6_2_9,PMFBY_2023,child,96,27,28,6.2.9,,,Preconditions for Implementation of the Scheme,,,INFO,,6.2.9 Grievance redressal and resolution of complaints and queries of farmers raised through any of the mode including Krishi Rakshak Portal & Helpline within timelines outlined in the SOP/Manual of G
PMFBY_2023_SEC_6_3_1,PMFBY_2023,child,73,28,28,6.3.1,,,Preconditions for Implementation of the Scheme,,,INFO,,"6.3.1 Creation of digital credentials for each user at PACS, Branch, Regional/Zonal Office and Head Office level and compulsory data entry of farmers' details on NCIP either through fully automated mo"
PMFBY_2023_SEC_6_3_2,PMFBY_2023,child,43,28,28,6.3.2,,,Preconditions for Implementation of the Scheme,,,INFO,,"6.3.2 Digitization of correct and updated information of the insured farmers on NCIP after due validation with the records available with the bank/farmers including Aadhaar Number, Mobile Number, vali"
PMFBY_2023_SEC_6_3_3,PMFBY_2023,child,43,28,28,6.3.3,,,Preconditions for Implementation of the Scheme,,,INFO,,"6.3.3 Uploading copies of the requisite documents e.g. Land Possession/Ownership Certificate, Copy of Bank Passbook/Bank Account details & Crop Sowing certificate as per the requirements of the State "
PMFBY_2023_SEC_6_3_4,PMFBY_2023,child,20,28,28,6.3.4,,,Preconditions for Implementation of the Scheme,,,INFO,,6.3.4 Timely remittance of farmer's premium through payment gateway linked with NCIP strictly as per timelines to implementing Insurance Companies.
PMFBY_2023_SEC_6_3_5,PMFBY_2023,child,47,28,28,6.3.5,,,Preconditions for Implementation of the Scheme,,,INFO,,6.3.5 Grievance redressal and resolution of complaints and queries of farmers raised through any of the mode including Krishi Rakshak Portal & Helpline within timelines outlined in the SOP/Manual of G
PMFBY_2023_SEC_6_4_1,PMFBY_2023,child,29,28,28,6.4.1,,,Preconditions for Implementation of the Scheme,,,INFO,,"6.4.1 Aadhaar has been made mandatory for availing Crop insurance from Kharif 2017 season onwards. Therefore, all enrolment agencies are advised to mandatorily obtain Aadhaar Number of their farmers."
PMFBY_2023_SEC_6_4_2,PMFBY_2023,child,78,28,28,6.4.2,,,Preconditions for Implementation of the Scheme,,,INFO,,6.4.2 Farmers not having Aadhaar Identity (ID) may also enroll under PMFBY subject to their enrolment for Aadhaar and submission of proof of such enrolment as per notiﬁcation No. 334.dated 8th Februar
PMFBY_2023_SEC_6_4_3,PMFBY_2023,child,70,28,28,6.4.3,,,Preconditions for Implementation of the Scheme,,,INFO,,6.4.3 All enrolment agencies including banks have to compulsorily take Aadhaar/Aadhaar enrolment number as per the notiﬁcation under the Aadhaar Act before the enrollment or sanction of crop loan unde
PMFBY_2023_SEC_6_5_1,PMFBY_2023,child,66,28,29,6.5.1,,,Preconditions for Implementation of the Scheme,,,INFO,,6.5.1 State/UTs and Insurance Companies will enter into an agreement before the commencement of the ﬁrst crop season as per the model agreement shared by the GoI and as available on NCIP. The roles an
PMFBY_2023_SEC_7,PMFBY_2023,parent,13,29,42,7,,,Procedure for Issuance of Tender by the States/UTs,SHORT_CONTEXT_PARENT,,INFO,B_SHORT,"Tendering and Notiﬁcation 7.

Procedure for Issuance of Tender by the States/UTs 7.1"
PMFBY_2023_SEC_7_1_1,PMFBY_2023,child,81,29,29,7.1.1,,,Procedure for Issuance of Tender by the States/UTs,,,INFO,,7.1.1 Operational Guidelines of PMFBY provides for compulsory tender by the States/UTs for period of 3 years to ensure assured business to Insurance Companies for a longer duration leading to increase
PMFBY_2023_SEC_7_1_2,PMFBY_2023,child,19,29,29,7.1.2,,,Procedure for Issuance of Tender by the States/UTs,SHORT_COMPLETE_PROVISION,,INFO,B_SHORT,"7.1.2 Updated Model Tender Document as per Operational Guidelines 2023 shall be

provided to the States/UTs by GoI separately."
PMFBY_2023_SEC_7_1_3,PMFBY_2023,child,51,29,29,7.1.3,,,Procedure for Issuance of Tender by the States/UTs,,,INFO,,7.1.3 Meeting of the SLCCCI should be convened prior to the commencement of the ﬁrst crop season and well in advance for ﬁnalizing the various terms and conditions and calling of bids/issuance of the 
PMFBY_2023_SEC_7_1_4,PMFBY_2023,child,45,29,29,7.1.4,,,Procedure for Issuance of Tender by the States/UTs,,,INFO,,"7.1.4 In order to have transparency, all the details mentioned in the Model Tender Document (refer Para 7.1.2) shall mandatorily, be made a part of the tendering process. No modiﬁcation in the terms a"
PMFBY_2023_SEC_7_1_5,PMFBY_2023,child,81,29,29,7.1.5,,,Procedure for Issuance of Tender by the States/UTs,,,INFO,,7.1.5 States / UTs should ensure the issuance of the tender notice/document and its circulation to all concerned agencies/ departments/ institutions at least three months prior to the commencement of 
PMFBY_2023_SEC_7_1_6,PMFBY_2023,child,72,29,29,7.1.6,,,Procedure for Issuance of Tender by the States/UTs,,,INFO,,"7.1.6 Annexure for bid document may be generated through the Portal including Crop-wise IU location master. The procedure and template for the same are available on NCIP. Before ﬂoating the Tender, la"
PMFBY_2023_SEC_7_1_7,PMFBY_2023,child,60,29,29,7.1.7,,,Procedure for Issuance of Tender by the States/UTs,,,INFO,,"7.1.7 The prescribed list of data required to be published along with the tender is detailed below to enable proper risk analysis and correct premium rating, viz. details about the notiﬁed scheme, not"
PMFBY_2023_SEC_121,PMFBY_2023,child,33,29,30,,,,"A. Details of Automatic Weather Stations (AWS), Automatic Rain Gauges (ARG) or",,,INFO,,"A. Details of Automatic Weather Stations (AWS), Automatic Rain Gauges (ARG) or IMD/State Governments/UT Administrations/Private AWS/ARG networks, which have been installed as per the standards and spe"
PMFBY_2023_SEC_122,PMFBY_2023,child,34,30,30,,,,B. Year wise historical Average Yield data for each notiﬁed crop at the Notiﬁed IU level,,,INFO,,B. Year wise historical Average Yield data for each notiﬁed crop at the Notiﬁed IU level for past 10 years (including immediately preceding season/year) and this data shall be made available through t
PMFBY_2023_SEC_123,PMFBY_2023,child,29,30,30,,,,"C. Year wise, Crop-wise, IU level historical Coverage and Claim data for past 3 years",,,INFO,,"C. Year wise, Crop-wise, IU level historical Coverage and Claim data for past 3 years (including immediately preceding season/year) and this data shall be made available through the NCIP."
PMFBY_2023_SEC_124,PMFBY_2023,child,24,30,30,,,,D. Crop-wise nomenclature of yield being collated and reported along with the,,,INFO,,D. Crop-wise nomenclature of yield being collated and reported along with the conversion factor between the two nomenclatures (if applicable) e.g. Paddy & Rice.
PMFBY_2023_SEC_125,PMFBY_2023,child,35,30,30,,,,E. List of cluster wise distribution of districts and list of crops proposed to be covered,,,INFO,,"E. List of cluster wise distribution of districts and list of crops proposed to be covered under different risk combinations along with applicable Sum Insured values, indemnity levels and onset of sow"
PMFBY_2023_SEC_126,PMFBY_2023,child,47,30,30,,,,F. Classiﬁcation of irrigated and unirrigated districts in clusters as per irrigation facilities,,,INFO,,"F. Classiﬁcation of irrigated and unirrigated districts in clusters as per irrigation facilities available. If the State/UTs have not categorized irrigated/un-irrigated district, GoI liability will be"
PMFBY_2023_SEC_127,PMFBY_2023,child,22,30,30,,,,G. Details of Alternate Risk Management Models (ARTM) and Yield Estimation Models,,,INFO,,G. Details of Alternate Risk Management Models (ARTM) and Yield Estimation Models under YES-TECH as are being adopted by the State Governments/UTs.
PMFBY_2023_SEC_7_1_8,PMFBY_2023,parent,125,30,31,7.1.8,,,Procedure for Issuance of Tender by the States/UTs,,,INFO,,"7.1.8 Calculation of the lowest weighted premium of district shall be based on the insured area for notiﬁed crops in each district during last year/season. However, in the absence of insured area deta"
PMFBY_2023_SEC_7_1_8_1,PMFBY_2023,child,22,30,30,7.1.8.1,,,,,,INFO,,7.1.8.1 Bidding shall be done through e-tendering and work order may be released within 2 weeks of the opening of the Tender.
PMFBY_2023_SEC_7_1_8_2,PMFBY_2023,child,128,30,30,7.1.8.2,,,,,,INFO,,"7.1.8.2 Depending on the risk proﬁle, historical loss cost and cost beneﬁt analysis for the proposed crop(s) in district(s) of any cluster, if the State/UT Government feels that the premium rate likel"
PMFBY_2023_SEC_7_1_8_3,PMFBY_2023,child,120,30,31,7.1.8.3,,,,,,INFO,,"7.1.8.3 In such cases where a ceiling on premium rate has been indicated, the State/UT Government must call ﬁnancial bids in a two-step bidding or in two separate envelopes. The ﬁrst bid/envelope is f"
PMFBY_2023_SEC_7_1_9,PMFBY_2023,child,182,31,31,7.1.9,,,Procedure for Issuance of Tender by the States/UTs,,,INFO,,7.1.9 The State/UT Government shall ﬁrst evaluate the ﬁrst envelope of the bid keeping in view the premium offered by each individual participating Insurance Company and if the risk propensity and wea
PMFBY_2023_SEC_7_1_10,PMFBY_2023,child,64,31,31,7.1.10,,,Procedure for Issuance of Tender by the States/UTs,,,INFO,,7.1.10 Sum Insured and Indemnity Values for the current tender shall also be uploaded by the State/UTs on NCIP before publishing of Tender. Loss Cost calculation shall be made available for the State/
PMFBY_2023_SEC_7_1_11,PMFBY_2023,child,151,31,31,7.1.11,,,Procedure for Issuance of Tender by the States/UTs,,,INFO,,"7.1.11 The tender process is the most crucial part of the implementation of the scheme, therefore it is important to ensure that the process is conducted with utmost caution as the rates once opened m"
PMFBY_2023_SEC_7_1_12,PMFBY_2023,child,69,31,31,7.1.12,,,Procedure for Issuance of Tender by the States/UTs,,,INFO,,"7.1.12 State/UTs are required to compulsorily upload meeting notices, tender documents, addendums, corrigendum, notiﬁcation of award, copy of agreement between State/UT Government and the Insurance Co"
PMFBY_2023_SEC_7_1_13,PMFBY_2023,child,70,31,32,7.1.13,,,Procedure for Issuance of Tender by the States/UTs,,,INFO,,7.1.13 All conditions proposed to be stipulated by State/UT Government shall be incorporated in the bid document itself and no new condition should be included in the notiﬁcation. In case Insurance Co
PMFBY_2023_SEC_7_1_14,PMFBY_2023,child,71,32,32,7.1.14,,,Procedure for Issuance of Tender by the States/UTs,,,INFO,,"7.1.14 L1 bidder shall not be allowed to withdraw its bid after opening of bids/allotment of work. If L1 bidder withdraws then ﬁnancial loss, if any, to the State/UT Government due to re-tendering /as"
PMFBY_2023_SEC_7_1_15,PMFBY_2023,child,41,32,32,7.1.15,,,Procedure for Issuance of Tender by the States/UTs,,,INFO,,"7.1.15 There would be no further negotiations with the L1 bidder to accept L1 rates of other bidder for any district-crop combination i.e., the rates quoted by the L1 bidder for different district-cro"
PMFBY_2023_SEC_7_1_16,PMFBY_2023,child,57,32,32,7.1.16,,,Procedure for Issuance of Tender by the States/UTs,,,INFO,,"7.1.16 Bidding and negotiation conditions will be as per Central Vigilance Commission (CVC) guidelines, vide its circular nos. No.005/CRD/012 dated 03rd March 2007 & No.005/CRD/012 dated 20th Jan 2010"
PMFBY_2023_SEC_7_1_17_1,PMFBY_2023,child,234,32,32,7.1.17.1,,,Procedure for Issuance of Tender by the States/UTs,,,INFO,,7.1.17.1 Either party shall be entitled to terminate this Agreement under speciﬁc situations and conditions as mentioned below after ninety (90) days of issuing a written notice to the other party sub
PMFBY_2023_SEC_7_1_17_2,PMFBY_2023,child,69,32,33,7.1.17.2,,,Procedure for Issuance of Tender by the States/UTs,,,INFO,,7.1.17.2 Termination of agreement by any party due to any other reason not listed above will attract an additional penalty of up to 5% of the total premium. The total premium in this case shall be equ
PMFBY_2023_SEC_7_2_1_1,PMFBY_2023,child,177,33,33,7.2.1.1,,,Procedure for Issuance of Tender by the States/UTs,,,INFO,,"7.2.1.1 The Scheme shall operate on the principle of ""Area Approach"" in the selected deﬁned areas called IU. The State/UTs will notify crops and deﬁned areas covered during the season in accordance wi"
PMFBY_2023_SEC_7_2_1_2,PMFBY_2023,child,58,33,33,7.2.1.2,,,Procedure for Issuance of Tender by the States/UTs,,,INFO,,7.2.1.2 The State/UTs will notify the type of Risk Coverage opted viz. Basic Cover and Add-on Covers during the season. For the claims arising out of crop damage due to localized risks and post-harves
PMFBY_2023_SEC_7_2_1_3,PMFBY_2023,child,106,33,33,7.2.1.3,,,Procedure for Issuance of Tender by the States/UTs,,,INFO,,"7.2.1.3 The SLCCCI, for the purpose of notiﬁcation, will consider factors such as availability of the past yield data based on CCEs for adequate number of years (at least 10 years for the calculation "
PMFBY_2023_SEC_7_2_1_4,PMFBY_2023,child,161,33,33,7.2.1.4,,,Procedure for Issuance of Tender by the States/UTs,,,INFO,,"7.2.1.4 The States/UTs should provide all information and data as mentioned above (Para 7.1.6) in soft format (in Excel sheet) in English to the Insurance Companies for the risk assessment, calculatio"
PMFBY_2023_SEC_7_2_1_5,PMFBY_2023,child,85,33,34,7.2.1.5,,,Procedure for Issuance of Tender by the States/UTs,,,INFO,,"7.2.1.5 In case State/UTs propose to notify irrigated and un-irrigated (rainfed) areas under a crop separately, they shall ensure that minimum CCEs are planned and conducted for irrigated and rainfed "
PMFBY_2023_SEC_7_2_1_6,PMFBY_2023,child,133,34,34,7.2.1.6,,,Procedure for Issuance of Tender by the States/UTs,,,INFO,,"7.2.1.6 While notifying the crop(s) where a speciﬁc conversion factor is being used for reporting of yield such as in the case of rice/paddy etc., due care should be taken by the State/UT Nodal Depart"
PMFBY_2023_SEC_7_2_1_7,PMFBY_2023,child,125,34,34,7.2.1.7,,,Procedure for Issuance of Tender by the States/UTs,,,INFO,,"7.2.1.7 For the current season or subsequent seasons (in a multi-year contract), the State/UTs, if required, can notify additional IUs or de-notify certain IUs subject to maximum deviation of 10% of t"
PMFBY_2023_SEC_7_2_1_8,PMFBY_2023,child,117,34,34,7.2.1.8,,,Procedure for Issuance of Tender by the States/UTs,,,INFO,,"7.2.1.8 In case of creation/re-organization of any new IU/Districts by the State Governments/UT Administrations after the ﬁnalization of tender, it shall be included in the scheme with the same terms "
PMFBY_2023_SEC_7_2_1_9,PMFBY_2023,child,81,34,34,7.2.1.9,,,Procedure for Issuance of Tender by the States/UTs,,,INFO,,7.2.1.9 The GoI shall incentivize each primary worker or field functionary involved in conducting crop cutting experiment through CCE Agri App of GoI by Rs. 150 per CCE for encouraging using technolog
PMFBY_2023_SEC_7_3_1,PMFBY_2023,child,152,34,35,7.3.1,,,Procedure for Issuance of Tender by the States/UTs,,,INFO,,"7.3.1 Scheme provides for adoption of three levels of Indemnity, viz., 70%, 80% and 90%. State/UT Government in consultation with the SLCCCI shall ﬁnalize the indemnity levels for notiﬁed crops at the"
PMFBY_2023_SEC_7_3_2,PMFBY_2023,child,102,35,35,7.3.2,,,Procedure for Issuance of Tender by the States/UTs,,,INFO,,7.3.2 The Indemnity level of the district-crop combination should be prescribed in the tender and will remain the same during the entire contract period. In case of re-organization/creation of new dis
PMFBY_2023_SEC_7_3_3,PMFBY_2023,parent,90,35,38,7.3.3,,,Procedure for Issuance of Tender by the States/UTs,,,INFO,,"7.3.3 The calculation and notiﬁcation of Threshold Yield – For calculation of Threshold Yield, historical average yield of the best ﬁve out of last seven years and applicable indemnity level shall be "
PMFBY_2023_SEC_7_3_3_1,PMFBY_2023,child,105,35,35,7.3.3.1,,,,,,INFO,,"7.3.3.1 Fixed Threshold Yield – Threshold Yield as derived from the best 5 of the immediate last 7 years crop yield data and notiﬁed indemnity level, will remain unchanged for the entire contract peri"
PMFBY_2023_SEC_155,PMFBY_2023,child,70,35,35,,,,Threshold Yield:,,,INFO,,"Threshold Yield:

Threshold Yield calculated as per formula below:

Formula = [(Ʃ Best 5-year Yield) X Notiﬁed Indemnity level] ÷ 5

Under this method the Threshold Yield calculated in year 1 will rem"
PMFBY_2023_SEC_156,PMFBY_2023,child,71,35,36,,,,Premium Rate:,,,INFO,,"Premium Rate:

Under this method Premium rate quoted by The Insurance Company in ﬁrst year will remain

same throughout the tender period. For example, if the premium rate quoted by insurance company "
PMFBY_2023_SEC_157,PMFBY_2023,child,56,36,36,,,,Evaluation of tender process and determination of L1 Company:,,,INFO,,"Evaluation of tender process and determination of L1 Company:

Under this method, every Insurance Company will quote premium rate for each district crop combination notiﬁed by concerned State/UT. L1 w"
PMFBY_2023_SEC_7_3_3_2,PMFBY_2023,child,216,36,36,7.3.3.2,,,,,,INFO,,"7.3.3.2 Laddered Threshold Yield - If the district level average change in yield for a crop over immediately preceding 7 years is negative then ﬁxed TY mentioned as in Para 7.3.3.1, above shall apply."
PMFBY_2023_SEC_159,PMFBY_2023,child,133,36,37,,,,Threshold Yield:,,,INFO,,"Indemnity Level-70%

Threshold Yield:

Here, average yield growth rate in last 7 years = - 3.27% as calculated below:

(1,000/1,000-1) + (1,600/1,000-1) + (1,900/1,600-1) + (1,850/1,900-1) + (1,400/1,"
PMFBY_2023_SEC_160,PMFBY_2023,child,117,37,37,,,,Evaluation of tender process and determination of L1 Company:,,,INFO,,"Premium Rate:

It will remain same across the contract period like Illustration I.

Evaluation of tender process and determination of L1 Company:

Under this method, every insurance company will quote"
PMFBY_2023_SEC_161,PMFBY_2023,child,200,37,37,,,,Indemnity Level-70%,,,INFO,,"Indemnity Level-70%

Method

Average Yield growth rate in last 7 years = 6.25% as calculated below:

(1,000/1,000-1) + (1,600/1,000-1) + (1,900/1,600-1) + (1,850/1,900-1) + (1,400/1,850-1)

+ (1,200/1"
PMFBY_2023_SEC_162,PMFBY_2023,child,62,37,38,,,,Evaluation of tender process and determination of L1 Company:,,,INFO,,"Premium Rate:

It will remain same across the contract period like Illustration I. Evaluation of tender process and determination of L1 Company:

Under this method, every IC will quote the premium rat"
PMFBY_2023_SEC_7_3_3_3,PMFBY_2023,child,74,38,38,7.3.3.3,,,,,,INFO,,"7.3.3.3 Variable Threshold Yield - In this case, Threshold Yield of a crop in an IU may be computed every year after incorporating the actual crop yield of the previous year. For premium rate determin"
PMFBY_2023_SEC_164,PMFBY_2023,child,139,38,38,,,,responding Increase/ Decrease in APR against each 1% point Increase/Decrease in,TABLE_REVIEW,,INFO,F_TABLE,"responding Increase/ Decrease in APR against each 1% point Increase/Decrease in

APR Grid

Indemnity Level

Premium Range

70%

80%

90%

0%<=APR<5%

4.65%

5.80%

6.90%

5%<=APR<10%

2.80%

3.45%

4."
PMFBY_2023_SEC_165,PMFBY_2023,child,192,38,39,,,,Premium rate quoted by L1 Insurance Company for a district crop combination =13%,,,INFO,,"Indemnity Level =70%

Premium rate quoted by L1 Insurance Company for a district crop combination =13%

Year 2020 TY (Notional at district level) is calculated as per existing formula (using data give"
PMFBY_2023_SEC_166,PMFBY_2023,child,45,39,39,,,,Evaluation of tender process and determination of L1 Company:,,,INFO,,"Evaluation of tender process and determination of L1 Company:

Under this method, every insurance company will quote premium rate for each district-crop combination notiﬁed by State/UT Government. L1 "
PMFBY_2023_SEC_167,PMFBY_2023,child,346,39,40,,,,Actual Premium Rate (APR),,,INFO,,"Actual Premium Rate (APR)

Note1 - Please note that the threshold yield may vary at IU level but for premium rate determination, weighted average yield (considering the last year insured area as weigh"
PMFBY_2023_SEC_7_3_4,PMFBY_2023,child,382,40,40,7.3.4,,,Procedure for Issuance of Tender by the States/UTs,,,INFO,,"7.3.4 In exceptional cases, where the last corresponding season yield data is not available at the time of Bidding, yield data is to be provided before the harvesting of the current season. However, t"
PMFBY_2023_SEC_7_6_1,PMFBY_2023,child,56,41,41,7.6.1,,,Procedure for Issuance of Tender by the States/UTs,,,INFO,,7.6.1 GoI intends to set up a nationwide network of Automatic Weather Stations (AWS)/Automatic Rain Gauges (ARG) under the WINDS initiative which shall augment the weather data collection system in th
PMFBY_2023_SEC_7_6_2,PMFBY_2023,child,33,41,41,7.6.2,,,Procedure for Issuance of Tender by the States/UTs,,,INFO,,"7.6.2 The GoI, constituted a committee for wider stakeholder consultations with a mandate to prepare a comprehensive document for nationwide implementation, standardization and improvement of weather "
PMFBY_2023_SEC_7_6_3,PMFBY_2023,child,62,41,41,7.6.3,,,Procedure for Issuance of Tender by the States/UTs,,,INFO,,"7.6.3 Accordingly, the committee has prepared a comprehensive WINDS Manual 2023, which includes the Model Tender Document and the Agreement, in consultation with all the stakeholders comprising of rep"
PMFBY_2023_SEC_7_6_4,PMFBY_2023,child,31,41,41,7.6.4,,,Procedure for Issuance of Tender by the States/UTs,,,INFO,,7.6.4 The GoI has accordingly notified the WINDS Manual 2023 for its implementation and the same shall be followed by the State/UTs and other stakeholders for setting up AWS/ARGs under WINDS.
PMFBY_2023_SEC_7_6_5,PMFBY_2023,child,47,41,41,7.6.5,,,Procedure for Issuance of Tender by the States/UTs,,,INFO,,"7.6.5 WINDS shall facilitate the establishment of a full-fledged AWS at Block/Tehsil/Taluk level and ARG at Gram Panchayat (GP) level. This network shall foster development of “One Nation, One Pipelin"
PMFBY_2023_SEC_7_6_6,PMFBY_2023,child,103,41,41,7.6.6,,,Procedure for Issuance of Tender by the States/UTs,,,INFO,,7.6.6 The State/UT shall establish the WINDS Network by calling tenders from the WINDS Implementation Partners (WIPs) empaneled by the WINDS committee for the purpose and shall notify the WINDS networ
PMFBY_2023_SEC_7_6_7,PMFBY_2023,child,56,41,41,7.6.7,,,Procedure for Issuance of Tender by the States/UTs,,,INFO,,7.6.7 Only those AWS/ARGs of IMD/State Governments/UT Administrations /private agencies should be considered and notiﬁed which are as per standards and specifications outlined in the WINDS Manual 2023
PMFBY_2023_SEC_7_6_8,PMFBY_2023,child,74,41,41,7.6.8,,,Procedure for Issuance of Tender by the States/UTs,,,INFO,,"7.6.8 The GoI, through WINDS Manual 2023, has envisaged to operationalize AWS/ARG network under WINDS with private player participation on the basis of 'renting of data' i.e., final payment shall be l"
PMFBY_2023_SEC_7_6_9,PMFBY_2023,child,81,42,42,7.6.9,,,Procedure for Issuance of Tender by the States/UTs,,,INFO,,7.6.9 The State/UT shall notify the AWS and ARGs for consideration of weather data for generating the proxy indicators for initiating crop damage surveys under add-on claim and for assessing the exten
PMFBY_2023_SEC_7_6_10,PMFBY_2023,child,92,42,42,7.6.10,,,Procedure for Issuance of Tender by the States/UTs,TABLE_REVIEW,,INFO,F_TABLE,"7.6.10 The cost of implementing the WINDS component would be shared between Central and State Governments/UT Administrations on sunset basis as under:

SN | Particulars | Sharing Ratio/Pattern between"
PMFBY_2023_SEC_7_6_11,PMFBY_2023,child,61,42,42,7.6.11,,,Procedure for Issuance of Tender by the States/UTs,,,INFO,,"7.6.11 The GoI and the State Governments/UT Administrations shall have the liberty to use the data generated under WINDS for public purposes, including but not limited to, implementation of welfare an"
PMFBY_2023_SEC_7_6_12,PMFBY_2023,child,86,42,42,7.6.12,,,Procedure for Issuance of Tender by the States/UTs,,,INFO,,"7.6.12 The WINDS Implementation Partners (WIPs) can explore the commercial potential of the weather data generated through AWS/ARG network installed and maintained by them under WINDS. However, the WI"
PMFBY_2023_SEC_7_6_13,PMFBY_2023,child,29,42,42,7.6.13,,,Procedure for Issuance of Tender by the States/UTs,,,INFO,,7.6.13 The WINDS data shared by GoI with any entity shall not be used for any other purpose or shared with any third party or monetized by such entities.
PMFBY_2023_SEC_7_6_14,PMFBY_2023,child,47,42,42,7.6.14,,,Procedure for Issuance of Tender by the States/UTs,,,INFO,,"7.6.14 The weather data generated through AWS/ARG network under WINDS shall be hosted on an access-controlled WINDS portal and shall be shared with the concerned stakeholders, free of cost, as per the"
PMFBY_2023_SEC_8,PMFBY_2023,parent,9,42,44,8,,,Engagement of Common Service Centers (CSCs) and Other,SHORT_CONTEXT_PARENT,,INFO,B_SHORT,8. Engagement of Common Service Centers (CSCs) and Other
PMFBY_2023_SEC_8_1,PMFBY_2023,child,82,42,43,8.1,,,Engagement of Common Service Centers (CSCs) and Other,,,INFO,,"Intermediaries for Coverage of Non-Loanee Farmers

8.1 The CSC e-Gov India Ltd., a company established under Ministry of Electronics and Information Technology (MeITY), has been engaged to enroll non-"
PMFBY_2023_SEC_8_2,PMFBY_2023,child,43,43,43,8.2,,,Engagement of Common Service Centers (CSCs) and Other,,,INFO,,8.2 All empaneled Insurance Companies shall compulsorily be required to enter into an agreement with CSC e-Gov for the enrolment of non-loanee farmers and for the provision of other related services t
PMFBY_2023_SEC_8_3,PMFBY_2023,child,109,43,43,8.3,,,Engagement of Common Service Centers (CSCs) and Other,,,INFO,,8.3 All applications of one unique farmer of one village for a particular season and Scheme to be considered as one unit for the payment of service charges. No other agreement or payment is required t
PMFBY_2023_SEC_8_4,PMFBY_2023,child,69,43,43,8.4,,,Engagement of Common Service Centers (CSCs) and Other,,,INFO,,"8.4 No charges/fee shall be borne or paid by the farmers being enrolled through CSC- VLEs, i.e., Common Service Centre - Village Level Entrepreneur (CSC-VLE). This information should prominently be di"
PMFBY_2023_SEC_8_5,PMFBY_2023,child,108,43,43,8.5,,,Engagement of Common Service Centers (CSCs) and Other,,,INFO,,8.5 Any payment deducted from the wallet of CSC-VLE against the PMFBY/RWBCIS policies cannot be refunded without reconciliation of applications and corresponding data at NCIP and transaction statement
PMFBY_2023_SEC_8_6,PMFBY_2023,child,307,43,44,8.6,,,Engagement of Common Service Centers (CSCs) and Other,,,INFO,,8.6 While accepting the application from the individual farmers CSC-VLE will explain the provisions and requirement of documents along with consequences of wrong submission of information/documents to
PMFBY_2023_SEC_8_7,PMFBY_2023,child,46,44,44,8.7,,,Engagement of Common Service Centers (CSCs) and Other,,,INFO,,"8.7 As per the IRDAI circular, no separate qualiﬁcation/certiﬁcation will be required for the CSC-VLEs to facilitate enrolment of non-loanee farmers. However, proper training/ capacity building progra"
PMFBY_2023_SEC_8_8,PMFBY_2023,child,143,44,44,8.8,,,Engagement of Common Service Centers (CSCs) and Other,,,INFO,,8.8 The Banking Correspondent (BC) associated with the designated branches of the rural ﬁnancial institutions including the public sector banks ﬁnancing KCC/Agriculture short-term loans at subsidized 
PMFBY_2023_SEC_8_9,PMFBY_2023,child,76,44,44,8.9,,,Engagement of Common Service Centers (CSCs) and Other,,,INFO,,8.9 Empaneled Insurance Companies have to necessarily register/approve all licensed insurance intermediaries desirous of getting engaged for enrolment of non-loanee farmers in the beginning of each se
PMFBY_2023_SEC_9,PMFBY_2023,parent,5,44,46,9,,,Electronic Remittance of Funds,SHORT_CONTEXT_PARENT,,INFO,B_SHORT,9. Electronic Remittance of Funds
PMFBY_2023_SEC_9_1,PMFBY_2023,child,82,44,44,9.1,,,Electronic Remittance of Funds,,,INFO,,9.1 The GoI has already been leveraging the capabilities of Public Financial Management System (PFMS) for remittance of premium subsidies to concerned Insurance Companies and eligible claims directly 
PMFBY_2023_SEC_9_2,PMFBY_2023,child,121,44,45,9.2,,,Electronic Remittance of Funds,,,INFO,,"9.2 Banks, CSC e-GOV and other Insurance intermediaries are required to remit the consolidated premium payment to respective Insurance Companies mandatorily through the Payment gateway of NCIP or paym"
PMFBY_2023_SEC_9_3,PMFBY_2023,child,102,45,45,9.3,,,Electronic Remittance of Funds,,,INFO,,"9.3 To adjust the variance in the remitted premium due to rounding off by the banks and the Insurance intermediaries to the respective Insurance Companies through the payment gateway of the NCIP, no a"
PMFBY_2023_SEC_9_4,PMFBY_2023,child,128,45,45,9.4,,,Electronic Remittance of Funds,,,INFO,,"9.4 All Insurance Companies will maintain only one bank account for crop insurance business throughout the Country for premium credit including farmers’ share, state share and central share of subsidy"
PMFBY_2023_SEC_9_5,PMFBY_2023,child,64,45,45,9.5,,,Electronic Remittance of Funds,,,INFO,,9.5 The Insurance Companies have been provided with login access of NCIP for sharing essential crop notiﬁcation data and information along with application-level coverage data including banking detail
PMFBY_2023_SEC_9_6,PMFBY_2023,child,106,45,45,9.6,,,Electronic Remittance of Funds,,,INFO,,9.6 Insurance Companies shall complete all verification and validation of coverage details of farmers for the given season within the timelines as stipulated in the seasonality discipline of the opera
PMFBY_2023_SEC_9_7,PMFBY_2023,child,165,45,46,9.7,,,Electronic Remittance of Funds,,,INFO,,9.7 Govt. of India is developing a Digital Public Infrastructure in the country to interconnect various digital databased spread across various States/UTs and other public & private entities across th
PMFBY_2023_SEC_9_8,PMFBY_2023,child,121,46,46,9.8,,,Electronic Remittance of Funds,,,INFO,,"9.8 Going forward the verification and validation of coverage under the scheme shall be done using the pre-validated data of Farmer, Land Records & Crop details available through Agri-Stack. The data "
PMFBY_2023_SEC_9_9,PMFBY_2023,child,47,46,46,9.9,,,Electronic Remittance of Funds,,,INFO,,"9.9 Aadhaar Enabled Payment System (AEPS) shall be used mandatorily as primary mode of payment of claims for the applications enrolled as non-loanee applications, whereas NEFT based remittance of clai"
PMFBY_2023_SEC_10,PMFBY_2023,parent,6,46,46,10,,,Census Code Mapping of Entities,SHORT_CONTEXT_PARENT,,INFO,B_SHORT,10. Census Code Mapping of Entities
PMFBY_2023_SEC_10_1,PMFBY_2023,child,79,46,46,10.1,,,Census Code Mapping of Entities,,,INFO,,"10.1 All State/UTs shall update census codes of their villages with the higher administrative/revenue units like Gram Panchayat, Firkas, Patwar Circles, Revenue Circles, Hoblis, Mandals, Blocks, Tehsi"
PMFBY_2023_SEC_10_2,PMFBY_2023,child,60,46,46,10.2,,,Census Code Mapping of Entities,,,INFO,,10.2 States/UTs are required to adopt the Revenue Hierarchical System under PMFBY and RWBCIS and accordingly shall update the village master to facilitate notiﬁcation on portal. The State/UTs shall en
PMFBY_2023_SEC_10_3,PMFBY_2023,child,77,46,46,10.3,,,Census Code Mapping of Entities,,,INFO,,"10.3 GoI has procured village boundary maps from Survey of India. Further, for the purposes of obtaining updated and accurate farm location State/UTs must also provide Geo-coded (latitude & longitude)"
PMFBY_2023_SEC_11_1,PMFBY_2023,child,114,47,47,11.1,,,,STRUCTURE_UNCERTAIN,,INFO,E_STRUCTURE,"Digitization of Land Records 11.

11.1 Under the Central Sector Scheme of Digital India Land Record Modernization Program (DILRMP), majority of the State/UTs have digitized their land records. To addr"
PMFBY_2023_SEC_12,PMFBY_2023,parent,4,47,47,12,,,Sum Insured/Coverage Limit,SHORT_CONTEXT_PARENT,,INFO,B_SHORT,12. Sum Insured/Coverage Limit
PMFBY_2023_SEC_12_1,PMFBY_2023,child,148,47,47,12.1,,,Sum Insured/Coverage Limit,,,INFO,,12.1 States/UTs need to choose either the Scale of Finance or Notional Average Value (Notional Average Yield * MSP/Farm Gate) price method for computation of Sum Insured for a district-crop combinatio
PMFBY_2023_SEC_12_2,PMFBY_2023,child,43,47,47,12.2,,,Sum Insured/Coverage Limit,,,INFO,,"12.2 Area under cultivation shall always be expressed in Hectare for all crops including perennial horticulture crops, accordingly the State Governments/UT Administrations are required to mandatorily "
PMFBY_2023_SEC_12_3,PMFBY_2023,child,30,47,47,12.3,,,Sum Insured/Coverage Limit,,,INFO,,"12.3 In cases where crops are separately notiﬁed under irrigated, rainfed category by the States/UTs, the Sum Insured value for irrigated and rainfed areas should be separately indicated and notified."
PMFBY_2023_SEC_13,PMFBY_2023,parent,6,47,50,13,,,Premium Rates and Premium Subsidy,SHORT_CONTEXT_PARENT,,INFO,B_SHORT,13. Premium Rates and Premium Subsidy
PMFBY_2023_SEC_13_1,PMFBY_2023,parent,147,47,50,13.1,,,Premium Rates and Premium Subsidy,TABLE_REVIEW,,INFO,F_TABLE,"13.1 The Actuarial Premium Rate (APR) would be charged under PMFBY& RWBCIS by the implementing Insurance Company. The rate of premium payable by the farmer will be as per the following Table 1:

Seaso"
PMFBY_2023_SEC_214,PMFBY_2023,child,44,48,48,,,,Payment of Government Subsidy,,,INFO,,"Payment of Government Subsidy

All farmers enrolled under the scheme would be entitled for admissible subsidy on the Actuarial Premium. All demands for premium subsidies shall be mandatorily routed th"
PMFBY_2023_SEC_13_1_1,PMFBY_2023,child,66,48,48,13.1.1,,,,,,INFO,,"13.1.1 The difference between Actuarial Premium Rate (APR) and the Rate of Insurance premium payable by farmers shall be treated as the Rate of Normal Premium Subsidy, which shall be shared equally in"
PMFBY_2023_SEC_13_1_2,PMFBY_2023,child,130,48,48,13.1.2,,,,,,INFO,,"13.1.2 The full GoI share in the premium subsidy as per sharing pattern in Para 13.1.1 above will be applicable only up to APR of 25% and 30% with respect to irrigated and rainfed areas/district, resp"
PMFBY_2023_SEC_13_1_3,PMFBY_2023,child,27,48,48,13.1.3,,,,,,INFO,,"13.1.3 For the purpose of categorization of Districts between Rainfed and Irrigated, districts having 50% or more of the Gross irrigated area will be categorized as Irrigated."
PMFBY_2023_SEC_13_1_4,PMFBY_2023,child,17,48,48,13.1.4,,,,SHORT_COMPLETE_PROVISION,,INFO,B_SHORT,13.1.4 The State/ UTs are free to extend additional subsidy to reduce the financial burden on farmers.
PMFBY_2023_SEC_13_1_5,PMFBY_2023,child,54,48,48,13.1.5,,,,,,INFO,,"13.1.5 share over and above the normal subsidy from their budget. In other words, additional subsidy, if any shall be borne entirely by the State/ UT. Subsidy in premium is allowed only to the extent "
PMFBY_2023_SEC_13_1_6,PMFBY_2023,child,106,48,48,13.1.6,,,,,,INFO,,"13.1.6 The Government premium subsidy to the implementing Insurance Companies shall be routed through a Central Nodal Agency (CNA) designated by the GoI for the purpose, strictly as per the provisions"
PMFBY_2023_SEC_13_1_7,PMFBY_2023,child,65,48,49,13.1.7,,,,,,INFO,,"13.1.7 Governments, both Centre and State, shall release their share of subsidy as outlined in Para 6.1.6 of these guidelines. The release of GoI subsidy shall not be dependent on release of State sub"
PMFBY_2023_SEC_13_1_8,PMFBY_2023,child,145,49,49,13.1.8,,,,,,INFO,,"13.1.8 Both Centre and State Governments/UT Administrations, will release their share of advance subsidy (First Instalment) equivalent to 50% of respective share of subsidy in corresponding previous s"
PMFBY_2023_SEC_13_1_9,PMFBY_2023,child,59,49,49,13.1.9,,,,,,INFO,,"13.1.9 In the State/UT who have adopted full or preferential universalization by subsiding the Farmer share of premium also, the submission of demand for full farmer-share to be paid by the State/UT G"
PMFBY_2023_SEC_13_1_10,PMFBY_2023,child,102,49,49,13.1.10,,,,,,INFO,,13.1.10 To facilitate claim settlement under risks of Prevented Sowing/ Mid-Season Adversity/Localized Calamity: Insurance Companies should release the admissible claim amount to the beneﬁciary immedi
PMFBY_2023_SEC_13_1_11,PMFBY_2023,child,100,49,49,13.1.11,,,,,,INFO,,13.1.11 All admissible claims based on Yield data/Post harvest losses will be settled on receipt of second instalment of Government subsidy to be paid on the basis of approved applications as availabl
PMFBY_2023_SEC_13_1_12,PMFBY_2023,child,47,49,49,13.1.12,,,,,,INFO,,13.1.12 All empaneled Insurance Companies including private Insurance Companies shall provide free access to the Central and State level agencies including Comptroller & Auditor General (CAG) and its 
PMFBY_2023_SEC_13_1_13,PMFBY_2023,child,40,49,49,13.1.13,,,,,,INFO,,"13.1.13 In case, the State/UT Government is willing to subsidize full farmers' share of premium, a token farmer Premium of minimum Re. 1 should compulsorily be charged per application from the farmer "
PMFBY_2023_SEC_13_1_14,PMFBY_2023,child,132,50,50,13.1.14,,,,,,INFO,,"13.1.14 Enrolment on the NCIP for any season shall be opened only after the conditions outlined in Para 6.1.7 for submission of advance premium in Escrow accounts are fulfilled. However, the State/UTs"
PMFBY_2023_SEC_14,PMFBY_2023,parent,5,50,50,14,,,Budget for Administrative Expenses,SHORT_CONTEXT_PARENT,,INFO,B_SHORT,14. Budget for Administrative Expenses
PMFBY_2023_SEC_14_1,PMFBY_2023,child,84,50,50,14.1,,,Budget for Administrative Expenses,,,INFO,,14.1 Up to 3% of the total budget for PMFBY/RWBCIS shall be mandatorily earmarked by State/UTs for creating funds for enabling administrative expenses towards implementation and monitoring of the Sche
PMFBY_2023_SEC_14_2,PMFBY_2023,child,46,50,50,14.2,,,Budget for Administrative Expenses,,,INFO,,"14.2 The GoI has already made provisions for aforesaid activities under sub heads like Salaries, Domestic Travel Expenses, and Technology interventions, Ofﬁce Expenses, other Administrative Expenses a"
PMFBY_2023_SEC_15,PMFBY_2023,parent,9,50,51,15,,,Central Program Management Unit (CPMU) & State Program,SHORT_CONTEXT_PARENT,,INFO,B_SHORT,15. Central Program Management Unit (CPMU) & State Program
PMFBY_2023_SEC_15_1,PMFBY_2023,child,67,50,50,15.1,,,Central Program Management Unit (CPMU) & State Program,,,INFO,,"Management Unit (SPMU)

15.1 Central Program Management Unit (CPMU) has been created at the Central level to provide technical support and professional advice on risk classiﬁcation & rating, research "
PMFBY_2023_SEC_15_2,PMFBY_2023,child,127,50,50,15.2,,,Central Program Management Unit (CPMU) & State Program,,,INFO,,"15.2 CPMU shall calculate the Burn Cost (BC)/Loss Cost (LC) i.e., Claims as percentage (%) of Sum Insured (SI) observed in case of notiﬁed crop(s) in notiﬁed unit area of insurance during the precedin"
PMFBY_2023_SEC_15_3,PMFBY_2023,child,107,50,51,15.3,,,Central Program Management Unit (CPMU) & State Program,,,INFO,,"15.3 CPMU shall also develop a suitable methodology for burn cost calculation, risk classiﬁcation & premium rating by using historical yield data, historical claim data including add-on claims, weathe"
PMFBY_2023_SEC_15_4,PMFBY_2023,child,121,51,51,15.4,,,Central Program Management Unit (CPMU) & State Program,,,INFO,,"15.4 In line with creation of CPMU at Central level and the experience gained over the last six successful years of implementation, it has been envisaged that all States/UTs implementing the Schemes s"
PMFBY_2023_SEC_15_5,PMFBY_2023,child,141,51,51,15.5,,,Central Program Management Unit (CPMU) & State Program,,,INFO,,15.5 The States/UTs shall be categorized for creation of SPMUs as per the table below and shall mandatorily onboard experts as detailed against their category. A minimum of one position against the in
PMFBY_2023_SEC_16,PMFBY_2023,parent,3,51,59,16,,,Seasonality Discipline,SHORT_CONTEXT_PARENT,,INFO,B_SHORT;D_TOP20_SHORT,16. Seasonality Discipline
PMFBY_2023_SEC_16_1,PMFBY_2023,child,149,51,52,16.1,,,Seasonality Discipline,,,INFO,,16.1 The cut-off date is uniform for both Loanee and non-loanee farmers. The District-wise cut-off dates for different crops shall be based on the Crop Calendar of major crops prepared in consultation
PMFBY_2023_SEC_16_2,PMFBY_2023,child,69,52,52,16.2,,,Seasonality Discipline,,,INFO,,"16.2 The cut-off date for enrolment of each notiﬁed crop should be based on crop calendars of the districts and normally may not be beyond 15th July for Kharif, 15th December for Rabi & 15th Feb for s"
PMFBY_2023_SEC_16_3,PMFBY_2023,child,61,52,52,16.3,,,Seasonality Discipline,,,INFO,,16.3 All State/UTs shall consider preponing the cut-off dates for Kharif and Rabi seasons. Advancement of cut-off may help in reduction of premium rates during the tendering years leading to reduction
PMFBY_2023_SEC_16_4,PMFBY_2023,child,2475,52,57,16.4,,,Seasonality Discipline,LONG_CHUNK_NO_SAFE_SPLIT;TABLE_REVIEW,,INFO,A_LONG;F_TABLE;C_TOP20_LONG,"16.4 The broad indicative seasonality discipline is given in the Table 2 below:

Action to

S. No.

Activity

Kharif

Rabi

be taken by

Nodal

Conduct of SLCCCI meeting to take decision

15th Novembe"
PMFBY_2023_SEC_16_5,PMFBY_2023,child,125,57,57,16.5,,,Seasonality Discipline,,,INFO,,16.5 In case the cut-off date for enrollment of farmers and debit of premium falls on a public holiday or is declared as a public holiday by the Central or State/UT Government or there is disruption o
PMFBY_2023_SEC_16_6,PMFBY_2023,child,82,57,57,16.6,,,Seasonality Discipline,,,INFO,,16.6 In case of disruption of services due to natural events beyond human control or technical or software or network related issues with the NCIP the subsequent dates may be extended by the competent
PMFBY_2023_SEC_16_7,PMFBY_2023,child,36,57,57,16.7,,,Seasonality Discipline,,,INFO,,"16.7 Further, in case of more than two major crop season(s) pattern in any specific States/UTs, a modiﬁed seasonality discipline keeping in view the overall seasonality discipline prescribed above, sh"
PMFBY_2023_SEC_16_8,PMFBY_2023,child,156,57,58,16.8,,,Seasonality Discipline,,,INFO,,"16.8 Keeping in view the speciﬁc nature of crop and scope for catastrophic crop damage, SLCCCI shall ﬁx seasonality discipline in such a way that it does not encourage adverse selection or moral hazar"
PMFBY_2023_SEC_16_9,PMFBY_2023,child,111,58,58,16.9,,,Seasonality Discipline,,,INFO,,"16.9 It may be noted that, under no circumstance, will GoI or any State/UT extend the cut-off dates for enrolment of farmers except for the Para 16.6. However, in case the States/UTs decide to do so, "
PMFBY_2023_SEC_16_10,PMFBY_2023,child,100,58,58,16.10,,,Seasonality Discipline,,,INFO,,"16.10 There may be exceptional circumstances or technical glitches due to which farmers’ data could not be uploaded on NCIP, however, the corresponding premium was remitted to the concerned insurance "
PMFBY_2023_SEC_16_11,PMFBY_2023,child,97,58,58,16.11,,,Seasonality Discipline,,,INFO,,"16.11 Similarly, due to technical glitches, premium remittance gets failed despite attempts made by the stakeholders to remit the same within cut-off date. In this case State Govt./UT may request GoI "
PMFBY_2023_SEC_16_12,PMFBY_2023,child,113,58,58,16.12,,,Seasonality Discipline,,,INFO,,"16.12 In case CCE data submitted through CCE Agri App is not approved within the stipulated timelines, the same will be approved automatically and used for claim calculation. In case of non-submission"
PMFBY_2023_SEC_16_13,PMFBY_2023,child,161,58,59,16.13,,,Seasonality Discipline,,,INFO,,"16.13 In a situation where total claims have been approved or auto approved, the Insurance Companies shall be liable to pay claims within 3 weeks of calculation/auto-approval of claims irrespective of"
PMFBY_2023_SEC_16_14,PMFBY_2023,child,135,59,59,16.14,,,Seasonality Discipline,,,INFO,,16.14 All types of admissible claims shall mandatorily be paid within the stipulated cut-off date failing which penal interest @ 12% per annum shall be payable to the farmers on admissible pending cla
PMFBY_2023_SEC_16_15,PMFBY_2023,child,60,59,59,16.15,,,Seasonality Discipline,,,INFO,,"16.15 Since the yield data is being ﬁnalized by the State Government/UT Administrations and uploaded on NCIP, the admissible penal interest rate shall be calculated on the NCIP and the same shall be a"
PMFBY_2023_SEC_17,PMFBY_2023,parent,8,59,69,17,,,Collection of Applications and Premium from Farmers,SHORT_CONTEXT_PARENT,,INFO,B_SHORT,17 Collection of Applications and Premium from Farmers
PMFBY_2023_SEC_17_1,PMFBY_2023,child,242,59,59,17.1,,,Collection of Applications and Premium from Farmers,,,INFO,,"17.1 The branches of all scheduled commercial banks, regional rural banks, and cooperative banks shall act as nodal branches for enrolment of farmers in the NCIP. The primary agriculture credit societ"
PMFBY_2023_SEC_17_2,PMFBY_2023,child,139,59,60,17.2,,,Collection of Applications and Premium from Farmers,,,INFO,,17.2 All the Banks are required to upload the insured farmers' data mandatorily on the NCIP using the fully automated mode of data entry using API integration between CBS/middleware utility and NCIP o
PMFBY_2023_SEC_17_3,PMFBY_2023,child,40,60,60,17.3,,,Collection of Applications and Premium from Farmers,,,INFO,,"17.3 In order to facilitate timely release of Government subsidy and remittance of claims to the farmers, entry of detailed information of all insured farmers on NCIP is mandatory for all bank branche"
PMFBY_2023_SEC_17_4,PMFBY_2023,child,97,60,60,17.4,,,Collection of Applications and Premium from Farmers,,,INFO,,"17.4 Farmer for a specific parcel of land will be allowed to enroll themselves from one channel of enrolment only (Banks, CSC, Insurance Intermediaries, Insurance Company or directly by the Farmers us"
PMFBY_2023_SEC_17_5,PMFBY_2023,child,39,60,60,17.5,,,Collection of Applications and Premium from Farmers,,,INFO,,17.5 IRDAI is in process of developing a women centric rural distribution channel named as Bima Vahak. The channel shall also be made operational for enrollment of farmers under PMFBY as and when the 
PMFBY_2023_SEC_17_6,PMFBY_2023,parent,3,60,64,17.6,,,Collection of Applications and Premium from Farmers,SHORT_CONTEXT_PARENT,,INFO,B_SHORT;D_TOP20_SHORT,17.6 Loanee Farmers:
PMFBY_2023_SEC_17_6_1,PMFBY_2023,child,231,60,60,17.6.1,,,Loanee Farmers:,,,INFO,,"17.6.1 Whenever banks sanction crop loan/KCC for the notiﬁed crop in a notiﬁed area for the given season, the crop loan amount to the extent of notiﬁed Sum Insured for notiﬁed crop and acreage of indi"
PMFBY_2023_SEC_17_6_2,PMFBY_2023,child,228,60,61,17.6.2,,,Loanee Farmers:,,,INFO,,"17.6.2 For insurance coverage of a farmer, Sum Insured value for a notiﬁed crop and season shall be notiﬁed and digitized on the NCIP by the State/UTs within given timelines. The cut-off date for enro"
PMFBY_2023_SEC_17_6_3,PMFBY_2023,child,147,61,61,17.6.3,,,Loanee Farmers:,,,INFO,,"17.6.3 All enrolment agencies including cooperative banks and PACS shall provide valid and fully operational bank account details of farmers viz. complete bank account number, Indian Financial System "
PMFBY_2023_SEC_17_6_4,PMFBY_2023,child,55,61,61,17.6.4,,,Loanee Farmers:,,,INFO,,17.6.4 Any reporting of excess acreages under insurance in comparison to the sown acreage will be liable for initiation of documentary and physical inspection/verification/validation by the GoI/State/
PMFBY_2023_SEC_17_6_5,PMFBY_2023,child,88,61,61,17.6.5,,,Loanee Farmers:,,,INFO,,"17.6.5 Beneﬁt of add on products viz., Prevented sowing/ On-Account Payment for Mid-season Adversity/ Localized Calamity shall be available to only those farmers who have paid the premium or the premi"
PMFBY_2023_SEC_17_6_6,PMFBY_2023,child,317,61,62,17.6.6,,,Loanee Farmers:,TABLE_REVIEW,,INFO,F_TABLE,"17.6.6 Detailed example for Calculation of crop-wise Sum Insured (SI) for the season for coverage of loanee farmers is given in Table 3 below:

| Crop 1 | Crop 2 | Crop 3 | Crop 4 | Crop 5 | Crop 6
To"
PMFBY_2023_SEC_17_6_7,PMFBY_2023,child,104,62,63,17.6.7,,,Loanee Farmers:,,,INFO,,17.6.7 Farmers having crop loans sanctioned through Kisan Credit Cards (KCC) are covered as loanee farmer and banks shall maintain all back up records and registers relating to compliance with the sea
PMFBY_2023_SEC_17_6_8,PMFBY_2023,child,40,63,63,17.6.8,,,Loanee Farmers:,,,INFO,,17.6.8 Bank Branches of Commercial Banks (CBs) and Regional Rural Banks (RRBs)/ Nodal Bank Branch in case of PACS under its jurisdiction shall submit individual insured farmer's application details al
PMFBY_2023_SEC_17_6_9,PMFBY_2023,child,55,63,63,17.6.9,,,Loanee Farmers:,,,INFO,,17.6.9 Different options for entry of details of enrolled farmers on NCIP are available for bank branches in a more transparent and efficient manner. Banks can upload the details of insured farmers th
PMFBY_2023_SEC_17_6_10,PMFBY_2023,child,61,63,63,17.6.10,,,Loanee Farmers:,,,INFO,,"17.6.10 As an alternative, direct integration of Core Banking Solution (CBS) or middleware utility with NCIP using API based data exchange protocols has also been successfully initiated and the same m"
PMFBY_2023_SEC_17_6_11,PMFBY_2023,child,181,63,63,17.6.11,,,Loanee Farmers:,,,INFO,,"17.6.11 The scheme will work on the ""Opt-out"" mode for the existing loanee farmers. The farmers can choose not to be enrolled under the Scheme by giving a signed declaration as per prescribed format ("
PMFBY_2023_SEC_17_6_12,PMFBY_2023,child,46,63,63,17.6.12,,,Loanee Farmers:,,,INFO,,"17.6.12 Banks need to debit farmer's share of premium within the last 7 days up to enrolment cut-off date. During this period, the banks may also prepare the ﬁnal list of farmers who have opted-out an"
PMFBY_2023_SEC_17_6_13,PMFBY_2023,child,67,63,63,17.6.13,,,Loanee Farmers:,,,INFO,,17.6.13 In case the farmer has submitted a declaration for opting-out from the scheme for a season earlier in previous year he will be enrolled automatically for the current season by the bank branch 
PMFBY_2023_SEC_17_6_14,PMFBY_2023,child,43,63,64,17.6.14,,,Loanee Farmers:,,,INFO,,"17.6.14 Declaration for ""Opting-out"" will have to be submitted by the farmer in the same bank branch where they have their KCC Loan account. Formats for ""Opting-out"" are already circulated to relevant"
PMFBY_2023_SEC_17_6_15,PMFBY_2023,child,88,64,64,17.6.15,,,Loanee Farmers:,,,INFO,,17.6.15 Banks shall ensure mandatory enrolment of all those loanee farmers who have indicated their willingness to enroll by not submitted declarations for Opting-out up to 7 days before the cut-off d
PMFBY_2023_SEC_17_6_16,PMFBY_2023,child,70,64,64,17.6.16,,,Loanee Farmers:,,,INFO,,"17.6.16 In cases where the farmer's application has been rejected by the Insurance Company as per the provisions of Operational Guidelines, farmer's remittance for such applications must be refunded b"
PMFBY_2023_SEC_17_6_17,PMFBY_2023,child,22,64,64,17.6.17,,,Loanee Farmers:,,,INFO,,17.6.17 All rejected applications may be re-opened for review & verification purpose if the State/UT Government and/or GoI decides to do so.
PMFBY_2023_SEC_17_7,PMFBY_2023,parent,9,64,65,17.7,,,Collection of Applications and Premium from Farmers,SHORT_CONTEXT_PARENT,,INFO,B_SHORT,17.7 Non-Loanee Farmers through Banks and other Channel Partners
PMFBY_2023_SEC_17_7_1,PMFBY_2023,child,59,64,64,17.7.1,,,Non-Loanee Farmers through Banks and other Channel Partners,,,INFO,,17.7.1 All non-loanee farmers desirous of availing crop insurance shall approach the nearest bank branch or CSC-VLE or other intermediaries or agencies duly authorized/empaneled by the GoI or licensed
PMFBY_2023_SEC_17_7_2,PMFBY_2023,child,38,64,64,17.7.2,,,Non-Loanee Farmers through Banks and other Channel Partners,,,INFO,,17.7.2 Loanee farmers who have opted-out of the scheme and want to avail crop insurance for the notified crops can enroll themselves through the available enrollment channels. In this case the farmer 
PMFBY_2023_SEC_17_7_3,PMFBY_2023,child,150,64,64,17.7.3,,,Non-Loanee Farmers through Banks and other Channel Partners,,,INFO,,"17.7.3 In case of submission through Bank Branches and their BCs, farmers shall approach the nearest branch of a Commercial Bank or RRB or PACS or DCCB or designated Banking Correspondent with applica"
PMFBY_2023_SEC_17_7_4,PMFBY_2023,child,102,64,65,17.7.4,,,Non-Loanee Farmers through Banks and other Channel Partners,,,INFO,,"17.7.4 In case of application submitted through CSC-VLE, the CSC-VLE shall authenticate the farmer using their biometric authentication using Aadhaar services made available by UIDAI for ﬁlling up the"
PMFBY_2023_SEC_17_7_5,PMFBY_2023,child,144,65,65,17.7.5,,,Non-Loanee Farmers through Banks and other Channel Partners,,,INFO,,"17.7.5 CSC/Bank Branch/PACS/designated BCs ofﬁcials will assist the farmers in completing the insurance application and provide necessary guidance. While accepting the applications and premium, CSC/Ba"
PMFBY_2023_SEC_17_7_6,PMFBY_2023,child,94,65,65,17.7.6,,,Non-Loanee Farmers through Banks and other Channel Partners,,,INFO,,"17.7.6 Non-loanee farmers could also be serviced directly by any designated agencies, duly authorized by the GoI, or insurance intermediaries licensed by the IRDAI for the purpose and they will act as"
PMFBY_2023_SEC_17_7_7,PMFBY_2023,child,134,65,65,17.7.7,,,Non-Loanee Farmers through Banks and other Channel Partners,,,INFO,,"17.7.7 While accepting the applications and the premium from aforesaid designated insurance intermediaries, it shall be the responsibility of Insurance Companies or its designated intermediaries to ve"
PMFBY_2023_SEC_17_7_8,PMFBY_2023,child,75,65,65,17.7.8,,,Non-Loanee Farmers through Banks and other Channel Partners,,,INFO,,"17.7.8 In cases where the farmer's application has been rejected by the Insurance Company as per the provisions of Operational Guidelines, farmer's remittance for such applications must be refunded ba"
PMFBY_2023_SEC_17_7_9,PMFBY_2023,child,22,65,65,17.7.9,,,Non-Loanee Farmers through Banks and other Channel Partners,,,INFO,,17.7.9 All rejected applications may be re-opened for review & verification purpose if the State/UT Government and/or GoI decides to do so.
PMFBY_2023_SEC_17_7_10,PMFBY_2023,child,29,65,65,17.7.10,,,Non-Loanee Farmers through Banks and other Channel Partners,,,INFO,,"17.7.10 For farmers buying crop insurance through CSC-VLEs or online, OTP/Aadhaar enabled veriﬁcation shall be construed as consent and signature of the applicant for availing coverage under the schem"
PMFBY_2023_SEC_17_8,PMFBY_2023,parent,12,66,66,17.8,,,Collection of Applications and Premium from Farmers,SHORT_CONTEXT_PARENT,,INFO,B_SHORT,17.8 Non-Loanee Farmers - Directly to Insurance Companies or through Web Portal
PMFBY_2023_SEC_17_8_1,PMFBY_2023,child,26,66,66,17.8.1,,,,,,INFO,,17.8.1 Non-Loanee farmer may contact the Insurance Company and submit the requisite and desired supporting documents and applicable premium through conventional method or through electronic mode.
PMFBY_2023_SEC_17_8_2,PMFBY_2023,child,145,66,66,17.8.2,,,,,,INFO,,"17.8.2 Non-loanee farmer can also submit application forms for getting insurance coverage through NCIP or Crop Insurance App. For this, a farmer can ﬁll up the online application form available on NCI"
PMFBY_2023_SEC_17_8_3,PMFBY_2023,child,116,66,66,17.8.3,,,,,,INFO,,"17.8.3 It is mandatory that Non-Loanee farmers, willing to enroll themselves under the scheme shall have insurable interest and submit necessary documentary evidence as proof to confirm the same. SLCC"
PMFBY_2023_SEC_17_8_4,PMFBY_2023,child,81,66,66,17.8.4,,,,,,INFO,,17.8.4 Insurance Company retains the right to accept or reject applications under the scheme within 15 days and 30 days after the cut-off date for data entry on NCIP for Loanee and Non-Loanee farmers 
PMFBY_2023_SEC_17_8_5,PMFBY_2023,child,77,66,66,17.8.5,,,,,,INFO,,"17.8.5 In cases where the farmer's application has been rejected by the Insurance Company as per the provisions of Operational Guidelines, farmer's remittance for such applications must be refunded ba"
PMFBY_2023_SEC_17_8_6,PMFBY_2023,child,22,66,66,17.8.6,,,,,,INFO,,17.8.6 All rejected applications may be re-opened for review & verification purpose if the State Governments/UTs and/or GoI decides to do so.
PMFBY_2023_SEC_17_9,PMFBY_2023,parent,10,66,67,17.9,,,Collection of Applications and Premium from Farmers,SHORT_CONTEXT_PARENT,,INFO,B_SHORT,17.9 Option for change of crop name by the Farmer
PMFBY_2023_SEC_17_9_1,PMFBY_2023,child,175,66,67,17.9.1,,,,,,INFO,,17.9.1 All loanee farmers can change the name of the insured crop from the original crop indicated in the KCC loan application but such change should be submitted in writing to the concerned bank bran
PMFBY_2023_SEC_17_9_2,PMFBY_2023,child,128,67,67,17.9.2,,,,,,INFO,,"17.9.2 Similarly, all non-loanee farmers already covered under the scheme before actual sowing or transplanting, based on advance crop planning, will also have the option to change the crop. For any r"
PMFBY_2023_SEC_17_10,PMFBY_2023,child,190,67,67,17.10,,,Collection of Applications and Premium from Farmers,,,INFO,,17.10 Incomplete applications or applications with wrong farmer’s and land details or applications with debited premium remitted by the Banks/ PACS/BCs or Insurance Intermediaries after the cut-off da
PMFBY_2023_SEC_17_11,PMFBY_2023,child,130,67,67,17.11,,,Collection of Applications and Premium from Farmers,,,INFO,,"17.11 The concerned branches of Commercial Banks, RRBs and Nodal branch of DCCBs in case of PACS will upload the details of individual insured farmers enrolled through them like farmer's name, father'"
PMFBY_2023_SEC_17_12,PMFBY_2023,child,120,68,68,17.12,,,Collection of Applications and Premium from Farmers,,,INFO,,17.12 Insurance Companies shall be responsible for verification and validation of requisite information including necessary documentation in respect of non-loanee farmers enrolled through Insurance In
PMFBY_2023_SEC_17_13,PMFBY_2023,child,202,68,68,17.13,,,Collection of Applications and Premium from Farmers,,,INFO,,17.13 Insurance Companies shall reconcile the details of individual insured farmers uploaded on the NCIP with the consolidated challan generated and consolidated farmers’ premium remittance done throu
PMFBY_2023_SEC_17_14,PMFBY_2023,child,101,68,68,17.14,,,Collection of Applications and Premium from Farmers,,,INFO,,17.14 Insurance Companies shall verify and satisfy themselves about the coverage of farmers and crops and accept the applications submitted by banks electronically through NCIP. The insured farmer's p
PMFBY_2023_SEC_17_15,PMFBY_2023,child,119,68,69,17.15,,,Collection of Applications and Premium from Farmers,,,INFO,,"17.15 All Insurance Companies shall compulsorily verify and take necessary action including approval, rejection or reversion of applications of farmers through NCIP within stipulated date. After stipu"
PMFBY_2023_SEC_17_16,PMFBY_2023,parent,37,69,69,17.16,,,Collection of Applications and Premium from Farmers,,,INFO,,"17.16 The Insurance Companies are mandatorily required to follow the process and protocol for processing of application, inception of risk and processing of claims as detailed in the Operational Guide"
PMFBY_2023_SEC_17_16_1,PMFBY_2023,child,13,69,69,17.16.1,,,,SHORT_COMPLETE_PROVISION,,INFO,B_SHORT,17.16.1 The KCC Loan was covered or premium was paid outside seasonality discipline.
PMFBY_2023_SEC_17_16_2,PMFBY_2023,child,19,69,69,17.16.2,,,,SHORT_COMPLETE_PROVISION,,INFO,B_SHORT,17.16.2 Sown area was less than the insured area under a crop in a notiﬁed area (refer Para 25).
PMFBY_2023_SEC_17_16_3,PMFBY_2023,child,17,69,69,17.16.3,,,,SHORT_COMPLETE_PROVISION,,INFO,B_SHORT,17.16.3 Different crop other than the declared or notified was sown in the land survey no. insured.
PMFBY_2023_SEC_17_16_4,PMFBY_2023,child,11,69,69,17.16.4,,,,SHORT_COMPLETE_PROVISION,,INFO,B_SHORT,17.16.4 Survey number insured was not actual crop growing survey no.
PMFBY_2023_SEC_17_16_5,PMFBY_2023,child,13,69,69,17.16.5,,,,SHORT_COMPLETE_PROVISION,,INFO,B_SHORT,17.16.5 Area insured is more than the total land holding of the farmer.
PMFBY_2023_SEC_17_16_6,PMFBY_2023,child,19,69,69,17.16.6,,,,SHORT_COMPLETE_PROVISION,,INFO,B_SHORT,17.16.6 Multiple insurance for same crops grown on same land with multiple insurers or through multiple banks or intermediaries.
PMFBY_2023_SEC_17_16_7,PMFBY_2023,child,24,69,69,17.16.7,,,,,,INFO,,17.16.7 The insured land parcel belongs to the other farmer but has been enrolled by some other farmers who are not tenants or sharecroppers.
PMFBY_2023_SEC_17_16_8,PMFBY_2023,child,19,69,69,17.16.8,,,,SHORT_COMPLETE_PROVISION,,INFO,B_SHORT,17.16.8 Total Sum insured is more than the notiﬁed sum insured for insured acreage of a given insured crop.
PMFBY_2023_SEC_17_17,PMFBY_2023,child,24,69,69,17.17,,,Collection of Applications and Premium from Farmers,,,INFO,,17.17 Financial penalty shall be applicable on Insurance Companies if approval of applications is not done within the stipulated time para 16.14 & 16.15.
PMFBY_2023_SEC_17_18,PMFBY_2023,child,106,69,69,17.18,,,Collection of Applications and Premium from Farmers,,,INFO,,17.18 On acceptance of applications by Insurance Companies the acknowledgement status is updated for such applications on NCIP and gets visible to the concerned bank branches/CSC-VLEs/Insurance Interm
PMFBY_2023_SEC_17_19,PMFBY_2023,child,83,69,69,17.19,,,Collection of Applications and Premium from Farmers,,,INFO,,17.19 All the Insurance Companies shall ensure distribution of the acknowledgement receipts through conventional/electronic mode to the loanee farmers in the template approved by the GoI within a mont
PMFBY_2023_SEC_17_20,PMFBY_2023,child,22,69,69,17.20,,,Collection of Applications and Premium from Farmers,,,INFO,,17.20 All Stakeholders shall follow all the timelines strictly as given in the Table 2 of the Para 16.4 of these guidelines.
PMFBY_2023_SEC_18,PMFBY_2023,parent,8,69,75,18,,,Assessment of Loss / Shortfall in Yield,SHORT_CONTEXT_PARENT,,INFO,B_SHORT,18 Assessment of Loss / Shortfall in Yield
PMFBY_2023_SEC_18_1,PMFBY_2023,child,175,70,70,18.1,,,Assessment of Loss / Shortfall in Yield,,,INFO,,18.1 Wide-Spread Calamities (based on season-end yield): The eligible claims on the basis of crop yield estimation data arrived through CCEs or by using values arrived through CCE and YES-TECH in a pr
PMFBY_2023_SEC_18_2,PMFBY_2023,child,187,70,70,18.2,,,Assessment of Loss / Shortfall in Yield,,,INFO,,"18.2 The Scheme operates on the basis of 'Area Approach'. The Deﬁned Areas for each notiﬁed crop for wide-spread calamities, i.e., the insurance unit is the Village/Village Panchayat or any other equi"
PMFBY_2023_SEC_18_3,PMFBY_2023,child,72,70,70,18.3,,,Assessment of Loss / Shortfall in Yield,,,INFO,,"18.3 CCEs shall be undertaken per crop per unit area of insurance for notiﬁed crops*, on a sliding scale, as indicated in Table 4 below:

Sl. No. | Level | Minimum Sample Size
1 | District | 24
2 | Ta"
PMFBY_2023_SEC_18_4,PMFBY_2023,parent,39,70,71,18.4,,,Assessment of Loss / Shortfall in Yield,,,INFO,,"18.4 Smart Sampling Methodology for Crop Yield Estimation

For major crops across states and with availability of technologies, the following method of

Rationalization of number of CCEs without impac"
PMFBY_2023_SEC_18_4_1,PMFBY_2023,child,50,70,71,18.4.1,,,Smart Sampling Methodology for Crop Yield Estimation,,,INFO,,18.4.1 Smart Sampling of CCEs: Technology solutions for rationalization of CCEs based on homogeneous selection of sample experimental plots based on crop health condition analyzed through Remote Sensi
PMFBY_2023_SEC_18_5,PMFBY_2023,parent,8,71,75,18.5,,,Assessment of Loss / Shortfall in Yield,SHORT_CONTEXT_PARENT,,INFO,B_SHORT,18.5 Modalities for Conducting Crop Cutting Experiments (CCEs)
PMFBY_2023_SEC_18_5_1,PMFBY_2023,child,309,71,71,18.5.1,,,Modalities for Conducting Crop Cutting Experiments (CCEs),,,INFO,,"18.5.1 In order to maintain the sanctity and credibility of CCEs as an objective method of crop yield estimation, the modalities mentioned below will be followed:

i. To bring transparency and confide"
PMFBY_2023_SEC_18_5_2,PMFBY_2023,child,44,71,71,18.5.2,,,Modalities for Conducting Crop Cutting Experiments (CCEs),,,INFO,,"18.5.2 If the State/UTs do not conduct their Crop Cutting Experiments through the CCE- Agri app, then additional weightage shall be assigned to the technology derived yield estimates, as defined in Pa"
PMFBY_2023_SEC_18_5_3,PMFBY_2023,child,129,71,71,18.5.3,,,Modalities for Conducting Crop Cutting Experiments (CCEs),,,INFO,,"18.5.3 CCE experimental plots shall be chosen using smart sampling technology for selected major crops and conventional random sampling for other crops and the secrecy of the selected plot, subject to"
PMFBY_2023_SEC_18_5_4,PMFBY_2023,child,72,72,72,18.5.4,,,Modalities for Conducting Crop Cutting Experiments (CCEs),,,INFO,,"18.5.4 In case few experiments under GCES also falls in the IUs under PMFBY, the results of such experiments shall be accepted for use under crop yield estimation for the scheme and therefore only bal"
PMFBY_2023_SEC_18_5_5,PMFBY_2023,child,57,72,72,18.5.5,,,Modalities for Conducting Crop Cutting Experiments (CCEs),,,INFO,,"18.5.5 In case of sampling methodology being SST, complete CCEs as required for the given IU shall be conducted using the SST method only. In other words, in a particular insurance unit, all the requi"
PMFBY_2023_SEC_18_5_6,PMFBY_2023,child,30,72,72,18.5.6,,,Modalities for Conducting Crop Cutting Experiments (CCEs),,,INFO,,"18.5.6 A comprehensive manual for Crop Cutting Experiments for Crop Yield Estimation has also been developed by the GoI in consultation with NSSO, IASRI and the respective State Governments/UT Adminis"
PMFBY_2023_SEC_18_5_7,PMFBY_2023,child,23,72,72,18.5.7,,,Modalities for Conducting Crop Cutting Experiments (CCEs),,,INFO,,18.5.7 The GoI shall notify the CCE Manual 2023 and the same shall be followed by the States/UTs for conducting CCEs under PMFBY.
PMFBY_2023_SEC_18_5_8,PMFBY_2023,child,36,72,72,18.5.8,,,Modalities for Conducting Crop Cutting Experiments (CCEs),,,INFO,,"18.5.8 In order to provide proper beneﬁts to the farmers and to compensate them as per near actual loss experience, crop(s) shall be notiﬁed at the lowest level i.e. Village/Village Panchayat as detai"
PMFBY_2023_SEC_18_5_9,PMFBY_2023,child,53,72,72,18.5.9,,,Modalities for Conducting Crop Cutting Experiments (CCEs),,,INFO,,"18.5.9 State/UTs shall strengthen the audit process of the conduct of CCEs, with necessary checks and balances. Digitizing the CCE process including geo-coding (providing the latitude and longitude of"
PMFBY_2023_SEC_18_5_10,PMFBY_2023,child,82,72,72,18.5.10,,,Modalities for Conducting Crop Cutting Experiments (CCEs),,,INFO,,"18.5.10 Wherever external agencies are proposed to be used by the State Governments/UT Administrations for conduct of CCEs (i.e. CCEs are outsourced), it should be given only to the registered 'profes"
PMFBY_2023_SEC_18_5_11,PMFBY_2023,child,396,72,73,18.5.11,,,Modalities for Conducting Crop Cutting Experiments (CCEs),,,INFO,,"18.5.11 District level Steering Committee: State/UT Government shall compulsorily constitute a Steering committee in each district to plan, conduct and supervise the CCEs for yield assessment and to p"
PMFBY_2023_SEC_18_5_12,PMFBY_2023,child,211,73,73,18.5.12,,,Modalities for Conducting Crop Cutting Experiments (CCEs),,,INFO,,"18.5.12 In instances where required number of CCEs could not be conducted due to non-availability of adequate cropped area, adverse weather conditions or inadequate infrastructure etc., the yield esti"
PMFBY_2023_SEC_18_5_13_1,PMFBY_2023,child,99,73,74,18.5.13.1,,,Modalities for Conducting Crop Cutting Experiments (CCEs),,,INFO,,"18.5.13.1 States/UTs shall, in the beginning, specify the number of required picking for each crop both for irrigated and un-irrigated (rainfed) conditions. Ideally it should be as per the NSO/Indian "
PMFBY_2023_SEC_18_5_13_2,PMFBY_2023,child,38,74,74,18.5.13.2,,,Modalities for Conducting Crop Cutting Experiments (CCEs),,,INFO,,"18.5.13.2 If the required number of CCEs have been done but the required number of pickings have not been done, then for those experiments, statistical factor needs to be used to extrapolate yield to "
PMFBY_2023_SEC_18_5_13_3,PMFBY_2023,child,49,74,74,18.5.13.3,,,Modalities for Conducting Crop Cutting Experiments (CCEs),,,INFO,,18.5.13.3 Such statistical factor (proportion of picking wise yield) needs to be computed from well conducted CCEs (with the required number of pickings) from the same Taluka separately from Irrigated
PMFBY_2023_SEC_340,PMFBY_2023,child,258,74,74,,,,An Example for Yield Calculation for multi-picking crop is mentioned in Table 5 below:,TABLE_REVIEW,,INFO,F_TABLE,"An Example for Yield Calculation for multi-picking crop is mentioned in Table 5 below:

Crop | Experiment no. | Picking 1 Yield (kg) | Picking 2 Yield (kg) | Picking 3 Yield (kg) | Picking 4 Yield (kg"
PMFBY_2023_SEC_18_5_13_4,PMFBY_2023,child,69,74,74,18.5.13.4,,,Modalities for Conducting Crop Cutting Experiments (CCEs),,,INFO,,"18.5.13.4 In case there is dispute regarding large deviation in picking dates, the average picking dates should be computed from well conducted CCEs at the Taluka level. Accordingly, the picking dates"
PMFBY_2023_SEC_18_5_13_5,PMFBY_2023,child,95,74,75,18.5.13.5,,,Modalities for Conducting Crop Cutting Experiments (CCEs),,,INFO,,"18.5.13.5 If there is no proper CCE (with required number of pickings) even at the Taluka level, it should be considered that no CCE is available and the procedure deﬁned in yield dispute SOP (Standar"
PMFBY_2023_SEC_18_5_13_6,PMFBY_2023,child,197,75,75,18.5.13.6,,,Modalities for Conducting Crop Cutting Experiments (CCEs),,,INFO,,"18.5.13.6 All claims will be settled exclusively on the basis of CCE based yield data available on the NCIP or a combination of the CCE based yields and YES-TECH derived yields, as the case may be. Th"
PMFBY_2023_SEC_18_5_13_7,PMFBY_2023,child,140,75,75,18.5.13.7,,,Modalities for Conducting Crop Cutting Experiments (CCEs),,,INFO,,"18.5.13.7 Insurance Companies should be given complete access to co-witness the CCEs, the digital images of the CCEs and relevant data in the requisite format (electronic/physical) by the State/UT Gov"
PMFBY_2023_FORM_2,PMFBY_2023,child,29,75,75,,,,"Form-2 etc. to the Insurance Companies, however, the State/UT should provide",MULTIPLE_FORMS_REVIEW,,INFO,,"Form-2 etc. to the Insurance Companies, however, the State/UT should provide facility for physical veriﬁcation of documents like Form-1, Form-2 etc. on request of Insurance Companies at their premises"
PMFBY_2023_SEC_19,PMFBY_2023,parent,8,75,81,19,,,Dispute resolution regarding Yield Data/Crop Loss Data,SHORT_CONTEXT_PARENT,,INFO,B_SHORT,19 Dispute resolution regarding Yield Data/Crop Loss Data
PMFBY_2023_SEC_19_1,PMFBY_2023,child,36,75,75,19.1,,,Dispute resolution regarding Yield Data/Crop Loss Data,,,INFO,,"19.1 During the earlier years of implementation of PMFBY, various types of yield disputes were observed, leading to unnecessary delays in the claim settlement. The following chart shows the procedures"
PMFBY_2023_SEC_19_2,PMFBY_2023,child,353,75,76,19.2,,,Dispute resolution regarding Yield Data/Crop Loss Data,,,INFO,,Chart: Procedures to be followed in different yield dispute cases 19.2 Wherever the yield estimates reported at IU level are abnormally low or high vis-à- vis the general crop condition the Insurance 
PMFBY_2023_SEC_16_14_002,PMFBY_2023,child,3,76,76,16.14,,,,SHORT_COMPLETE_PROVISION;STRUCTURE_UNCERTAIN,,INFO,B_SHORT;E_STRUCTURE;D_TOP20_SHORT,16.14 & 16.15.
PMFBY_2023_SEC_19_3,PMFBY_2023,child,124,77,77,19.3,,,Dispute resolution regarding Yield Data/Crop Loss Data,,,INFO,,"19.3 The existing Central TAC comprising of representatives from the DES, DA&FW, Mahalanobis National Crop Forecast Centre (MNCFC), National Statistical Organization (NSO), Indian Agricultural Statist"
PMFBY_2023_SEC_19_4,PMFBY_2023,child,84,77,77,19.4,,,Dispute resolution regarding Yield Data/Crop Loss Data,,,INFO,,"19.4 The Central TAC shall review all technical matters related to the execution of the Scheme. In case, the matter requires further focused deliberations, the Central TAC will refer the issue to the "
PMFBY_2023_SEC_19_5,PMFBY_2023,child,88,77,77,19.5,,,Dispute resolution regarding Yield Data/Crop Loss Data,,,INFO,,19.5 State shall also constitute the State/UT Level Technical Advisory Committee (STAC) on a similar pattern to resolve disputes. The STAC may be chaired by the Principal Secretary/Secretary/Additiona
PMFBY_2023_SEC_19_6,PMFBY_2023,child,29,77,77,19.6,,,Dispute resolution regarding Yield Data/Crop Loss Data,,,INFO,,19.6 TAC/TA/STAC shall deliberate and examine the subject matter and indicate their views/decisions based on statistical/technological inputs and other related scientiﬁc and technical parameters as de
PMFBY_2023_SEC_19_7,PMFBY_2023,parent,13,77,81,19.7,,,Dispute resolution regarding Yield Data/Crop Loss Data,SHORT_CONTEXT_PARENT,,INFO,B_SHORT,19.7 The SOP to deal with Yield Assessment dispute cases is as under
PMFBY_2023_SEC_19_7_1,PMFBY_2023,child,258,77,78,19.7.1,,,,,,INFO,,19.7.1 When to use this SOP: This SOP shall be followed only when there is a dispute about the crop yield values between the State/UT Government and Insurance Company/ies and in the case when it remai
PMFBY_2023_SEC_19_7_2,PMFBY_2023,child,60,78,78,19.7.2,,,,,,INFO,,"19.7.2 The Organizations to which TAC can refer the case: The organizations can be the Central Government or autonomous organizations, which have requisite capacity to carry out such analyses, such as"
PMFBY_2023_SEC_19_7_3,PMFBY_2023,child,167,78,78,19.7.3,,,,,,INFO,,"19.7.3 Data to be provided by State/UT Government to TA:

 All crop loss assessment surveys or yield assessment survey or CCE data of the

contested area, in digital/soft format, along with photograp"
PMFBY_2023_SEC_19_7_4,PMFBY_2023,child,115,78,78,19.7.4,,,,,,INFO,,"19.7.4 Data to be provided by Insurance Company:

 Data of the co-observed crop loss assessment surveys or yield assessment survey

or CCEs collected by Insurance Companies in digital/soft format, al"
PMFBY_2023_SEC_19_7_5,PMFBY_2023,child,44,79,79,19.7.5,,,,,,INFO,,"19.7.5 Analysis to be carried out by the Technical Agency:

Among the steps given below, any 3 steps should be followed from (a) to (d) and any one step should be followed from (e) to (f). The steps i"
PMFBY_2023_SEC_360,PMFBY_2023,child,192,79,79,,,,a) Statistical analysis of the yield assessment survey and/or CCE yield data:,,,INFO,,"a) Statistical analysis of the yield assessment survey and/or CCE yield data:

Basic Statistical Parameters (Mean, Variance, Coefﬁcient of Variation (CV), Range, Standard Error, etc.) Scatter plots, T"
PMFBY_2023_SEC_0_25,PMFBY_2023,child,28,79,79,0.25,,,,STRUCTURE_UNCERTAIN,,INFO,E_STRUCTURE,0.25 degree data should be used only at the district level and not at the block/village level. High resolution weather data can also be sourced from weather companies.
PMFBY_2023_SEC_362,PMFBY_2023,child,122,79,79,,,,c) Analysis of Long-term Yield Data: Analysis of previous 10 years' yield data (at,,,INFO,,"c) Analysis of Long-term Yield Data: Analysis of previous 10 years' yield data (at

GP or Taluka level) shall be carried out to assess the variations in yield data. The analysis should include yield r"
PMFBY_2023_SEC_363,PMFBY_2023,child,60,79,79,,,,"e) Analysis of Vegetation Index from Satellite Data: The vegetation indices, which",,,INFO,,"e) Analysis of Vegetation Index from Satellite Data: The vegetation indices, which

can be used for this purpose are Normalized Difference Vegetation Index (NDVI), Normalized Difference Wetness Index "
PMFBY_2023_SEC_364,PMFBY_2023,parent,823,79,81,,,,levels of analysis,,,INFO,,"Table 6: Types of resolution to be used for vegetation index derivation for different

levels of analysis

Level of Analysis | Spatial Resolution to be used | Examples of Satellite/Sensor
Village leve"
PMFBY_2023_SEC_364_SUB_1,PMFBY_2023,child,522,79,80,,,,levels of analysis,,,INFO,,"Table 6: Types of resolution to be used for vegetation index derivation for different

levels of analysis

Level of Analysis | Spatial Resolution to be used | Examples of Satellite/Sensor
Village leve"
PMFBY_2023_SEC_364_SUB_2,PMFBY_2023,child,336,80,81,,,,levels of analysis,,,INFO,,"Wherever there is large mismatch between yield proxy and the yield assessment survey or CCE yield (more than 2 levels), the yield assessment survey or CCE yield for that IU can be considered, as outli"
PMFBY_2023_SEC_19_7_6,PMFBY_2023,child,33,81,81,19.7.6,,,,,,INFO,,"19.7.6 Time required for the analysis: The analysis needs to be completed by the concerned TA, within one month of receipt of all mentioned data from the Insurance Company and the State/UT Government."
PMFBY_2023_SEC_19_7_7,PMFBY_2023,child,56,81,81,19.7.7,,,,,,INFO,,"19.7.7 Funds needed for the analysis: All the analysis will be carried out by the TA, with its existing resources. However, if there is any need of procurement of priced data or services, this may be "
PMFBY_2023_SEC_19_7_8,PMFBY_2023,child,48,81,81,19.7.8,,,,,,INFO,,"19.7.8 Support to Technical Agency: The TA, if required, can take the support from the experts of SRSCs and SAUs. For this the State Agriculture Department will issue required instructions to concerne"
PMFBY_2023_SEC_19_7_9,PMFBY_2023,child,175,81,81,19.7.9,,,,,,INFO,,"19.7.9 General Suggestions: Though this SOP identiﬁes the procedure for yield dispute resolutions, in the long run, it will beneﬁt the scheme and the farmers, if there is no dispute. The following sug"
PMFBY_2023_SEC_20,PMFBY_2023,parent,8,82,88,20,,,Use of Innovative Technologies in Yield Estimation,SHORT_CONTEXT_PARENT,,INFO,B_SHORT,20 Use of Innovative Technologies in Yield Estimation
PMFBY_2023_SEC_20_1,PMFBY_2023,parent,9,82,84,20.1,,,Use of Innovative Technologies in Yield Estimation,SHORT_CONTEXT_PARENT,,INFO,B_SHORT,20.1 Rationalization of CCEs - Smart Sampling Technique (SST)
PMFBY_2023_SEC_20_1_1,PMFBY_2023,child,219,82,82,20.1.1,,,Rationalization of CCEs - Smart Sampling Technique (SST),,,INFO,,20.1.1 It is observed that concerns regarding crop yield estimation in the insurance units are increasing and thereby reducing the efﬁciency of the crop insurance mechanism. Disputes on the quality of
PMFBY_2023_SEC_20_1_2,PMFBY_2023,parent,28,82,82,20.1.2,,,Rationalization of CCEs - Smart Sampling Technique (SST),,,INFO,,20.1.2 The two important input data layers for implementing smart sampling are crop map and crop yield proxy map in digital form in moderate to high spatial resolution.
PMFBY_2023_SEC_20_1_2_1,PMFBY_2023,child,119,82,82,20.1.2.1,,,,,,INFO,,"20.1.2.1 Crop map: Satellite derived accurate crop map is a pre-requisite for smart sampling. Crop mapping accuracy depends on many aspects, which include:

a) spatial resolution of satellite data vis"
PMFBY_2023_SEC_20_1_2_2,PMFBY_2023,child,118,82,82,20.1.2.2,,,,,,INFO,,20.1.2.2 Crop yield proxy map: Ability of the yield proxy to capture the spatial variability of yield within the IU largely determines the efﬁciency of Smart sampling technique. GoI has developed a pr
PMFBY_2023_SEC_20_1_3,PMFBY_2023,child,190,83,83,20.1.3,,,Rationalization of CCEs - Smart Sampling Technique (SST),,,INFO,,20.1.3 Selection of CCE ﬁelds: The Crop map should be co-registered with the Yield proxy map and overlaid on it. Density slicing based on 4-6 quantiles (divide the frequency distribution in equal prop
PMFBY_2023_SEC_20_1_4,PMFBY_2023,child,98,83,83,20.1.4,,,Rationalization of CCEs - Smart Sampling Technique (SST),,,INFO,,"20.1.4 Crops to be covered: SST for CCE ﬁelds selection may be implemented for the notified crops, wherever satellite-based crop mapping and multi-index-based yield proxy layer generation are made ava"
PMFBY_2023_SEC_20_1_5,PMFBY_2023,child,86,83,83,20.1.5,,,Rationalization of CCEs - Smart Sampling Technique (SST),,,INFO,,20.1.5 Variable Methodology: Selection of right data and right techniques of analysis for crop mapping and crop yield proxy generation determines the efﬁciency of smart sampling. One methodology with 
PMFBY_2023_SEC_20_1_6,PMFBY_2023,parent,42,83,84,20.1.6,,,Rationalization of CCEs - Smart Sampling Technique (SST),,,INFO,,"20.1.6 Accordingly, the State/UTs are required to share the list of district wise crop calendar including harvesting window (i.e. Start Date and End Date) for Kharif and Rabi crops for the implementat"
PMFBY_2023_SEC_20_1_6_1,PMFBY_2023,child,44,83,83,20.1.6.1,,,,,,INFO,,20.1.6.1 The State/UTs shall select and notify the districts and crops for the implementation of SST and no other sampling method shall be used for these districts and crops for conducting CCEs. Howev
PMFBY_2023_SEC_20_1_6_2,PMFBY_2023,child,42,83,83,20.1.6.2,,,,,,INFO,,20.1.6.2 MNCFC will be the nodal agency for SST implementation in coordination with the State Remote Sensing Centers (SRSCs). The State/UTs must bring the SRSCs onboard for SST implementation especial
PMFBY_2023_SEC_20_1_6_3,PMFBY_2023,child,63,83,84,20.1.6.3,,,,,,INFO,,"20.1.6.3 The State/UTs shall provide the following information to MNCFC for generation of SST points:

i. List of Districts and Crops for implementation of SST as part of the notification itself.

ii."
PMFBY_2023_SEC_20_1_6_4,PMFBY_2023,child,44,84,84,20.1.6.4,,,,,,INFO,,"20.1.6.4 Location of SST based CCEs shall be shared by MNCFC with the concerned State/UT Agriculture Department 15 days before the harvesting period, as notified in the crop calendar as latest by the "
PMFBY_2023_SEC_20_1_7,PMFBY_2023,child,48,84,84,20.1.7,,,Rationalization of CCEs - Smart Sampling Technique (SST),,,INFO,,20.1.7 State/UTs are advised to make suitable preparedness to ensure implementation of SST for selection of CCE plots for the selected Districts/Crops and must work in close Coordination with the MNCF
PMFBY_2023_SEC_20_2,PMFBY_2023,parent,6,84,86,20.2,,,Use of Innovative Technologies in Yield Estimation,SHORT_CONTEXT_PARENT,,INFO,B_SHORT,20.2 Direct Yield Estimation through Technology
PMFBY_2023_SEC_20_2_1,PMFBY_2023,parent,8,84,85,20.2.1,,,Direct Yield Estimation through Technology,SHORT_CONTEXT_PARENT,,INFO,B_SHORT,20.2.1 Yield Estimation System Based on Technology (YES-TECH)
PMFBY_2023_SEC_20_2_1_1,PMFBY_2023,child,145,84,84,20.2.1.1,,,Yield Estimation System Based on Technology (YES-TECH),,,INFO,,"20.2.1.1 For addressing the issue of reliability of CCE based crop yield assessment in terms of their accuracy, representativeness and timeliness, it was envisaged that innovative technologies such as"
PMFBY_2023_SEC_20_2_1_2,PMFBY_2023,child,13,84,84,20.2.1.2,,,Yield Estimation System Based on Technology (YES-TECH),SHORT_COMPLETE_PROVISION,,INFO,B_SHORT,"20.2.1.2 The GoI, with the support of national/international centers as mentioned in Para"
PMFBY_2023_SEC_20_2_1_1_002,PMFBY_2023,child,48,84,84,20.2.1.1,,,Yield Estimation System Based on Technology (YES-TECH),,,INFO,,"20.2.1.1 above, SRSCs and SAUs, initiated pilot studies on technology-based crop yield estimation using technology and a small number of good quality CCEs as ground truth for model calibration and val"
PMFBY_2023_SEC_20_2_1_3,PMFBY_2023,child,39,84,84,20.2.1.3,,,Yield Estimation System Based on Technology (YES-TECH),,,INFO,,"20.2.1.3 Accordingly, the GoI has initiated nation-wide rollout of Yield Estimation System based on Technology (YES-TECH), from Kharif 2023 season onwards, towards enabling large scale adoption of tec"
PMFBY_2023_SEC_20_2_1_4,PMFBY_2023,child,30,84,84,20.2.1.4,,,Yield Estimation System Based on Technology (YES-TECH),,,INFO,,"20.2.1.4 YES-TECH Manual 2023 has been notified by the GoI and all the provisions of the said manual, as amended from time to time, shall be applicable to the scheme."
PMFBY_2023_SEC_20_2_1_5,PMFBY_2023,child,69,84,84,20.2.1.5,,,Yield Estimation System Based on Technology (YES-TECH),,,INFO,,"20.2.1.5 Technology-based yield estimation shall be implemented on graded scale i.e., minimum 30% weightage to technology driven yield estimates in the first year along with 70% to traditional Crop Cu"
PMFBY_2023_SEC_20_2_1_6,PMFBY_2023,child,40,85,85,20.2.1.6,,,Yield Estimation System Based on Technology (YES-TECH),,,INFO,,"20.2.1.6 The concept of assigning the weightage to technology is being roped in for reducing the moral hazards & increasing objectivity, however the conventional CCEs (to be captured through CCE-Agri "
PMFBY_2023_SEC_20_2_1_7,PMFBY_2023,child,70,85,85,20.2.1.7,,,Yield Estimation System Based on Technology (YES-TECH),,,INFO,,"20.2.1.7 The weightage to technology shall be increased in the following manner if State/UTs do not conduct their Crop Cutting Experiments through the CCE-Agri app:

% of CCE conducted through app w.r"
PMFBY_2023_SEC_20_2_1_8,PMFBY_2023,child,136,85,85,20.2.1.8,,,Yield Estimation System Based on Technology (YES-TECH),,,INFO,,"20.2.1.8 State/UTs will be assisted by the following entities in implementation of YES-TECH:

i. Mentor Institutes for Technology Rollout (MITR) shall supervise the adoption and implementation of tech"
PMFBY_2023_SEC_20_2_1_9,PMFBY_2023,child,83,85,85,20.2.1.9,,,Yield Estimation System Based on Technology (YES-TECH),TABLE_REVIEW,,INFO,F_TABLE,"20.2.1.9 Cost of implementing the YES-TECH component would be shared between the GoI and the State/UT Government on sunset basis as under:

| Particulars | Sharing Ratio/Pattern between Central and St"
PMFBY_2023_SEC_20_2_2,PMFBY_2023,parent,10,85,86,20.2.2,,,Direct Yield Estimation through Technology,SHORT_CONTEXT_PARENT,,INFO,B_SHORT,20.2.2 Collection of Real-time Photos and Observations of Crops (CROPIC)
PMFBY_2023_SEC_20_2_2_1,PMFBY_2023,child,46,85,85,20.2.2.1,,,,,,INFO,,"20.2.2.1 Under this initiative, crop health will be monitored by taking periodic photos of standing or peril-affected crops at pre-determined interval of its growth with GPS coordinates, three to five"
PMFBY_2023_SEC_20_2_2_2,PMFBY_2023,child,42,85,85,20.2.2.2,,,,,,INFO,,20.2.2.2 This will also greatly help in reducing the moral hazard as availability of periodic photos of crop health will ensure that there is suitable data available to validate a sudden and precipito
PMFBY_2023_SEC_20_2_2_3,PMFBY_2023,child,17,86,86,20.2.2.3,,,,SHORT_COMPLETE_PROVISION,,INFO,B_SHORT,"20.2.2.3 Further, this data can subsequently be analyzed using AI/ML tools to further augment the YES-TECH models."
PMFBY_2023_SEC_20_2_2_4,PMFBY_2023,child,53,86,86,20.2.2.4,,,,,,INFO,,"20.2.2.4 The use of CROPIC Mobile App for collection of crop photographs shall be mandatory for Insurance Companies and State Governments/UTs. Other rural channels viz. Krishi Sakhi, Bima Mitras etc. "
PMFBY_2023_SEC_20_2_2_5,PMFBY_2023,child,71,86,86,20.2.2.5,,,,,,INFO,,20.2.2.5 Monetary incentive of Rs. 10/- per field / visit (maximum Rs. 50/- per field per year) for sending crop condition photo from the ground level shall be given to identified individuals like Far
PMFBY_2023_SEC_20_2_2_6,PMFBY_2023,child,17,86,86,20.2.2.6,,,,SHORT_COMPLETE_PROVISION,,INFO,B_SHORT,20.2.2.6 A detailed SOP/Manual and modalities of the CROPIC platform shall be notified by the GoI separately.
PMFBY_2023_SEC_20_3,PMFBY_2023,parent,11,86,86,20.3,,,Use of Innovative Technologies in Yield Estimation,SHORT_CONTEXT_PARENT,,INFO,B_SHORT,20.3 Concerns in Yield Data Quality and Timelines for Data Reporting
PMFBY_2023_SEC_20_3_1,PMFBY_2023,child,97,86,86,20.3.1,,,,,,INFO,,"20.3.1 It has been observed that the normal CCE process being followed for estimating yield is lacking in reliability, accuracy and speed, which affects claim settlement. There is a need for real time"
PMFBY_2023_SEC_20_3_2,PMFBY_2023,child,227,86,86,20.3.2,,,,,,INFO,,20.3.2 If the CCE derived yield data is not provided by the State/UTs within the stipulated timeline then technology derived Synthetic Yield data (i.e. crop yield estimated/simulated using the Models 
PMFBY_2023_SEC_20_4,PMFBY_2023,parent,7,86,88,20.4,,,Use of Innovative Technologies in Yield Estimation,SHORT_CONTEXT_PARENT,,INFO,B_SHORT,20.4 Fund for Innovation and Technology (FIAT)
PMFBY_2023_SEC_20_4_1,PMFBY_2023,child,54,86,87,20.4.1,,,Fund for Innovation and Technology (FIAT),,,INFO,,20.4.1 Fund for Innovation and Technology (FIAT) has been created by the GoI wherein resources shall be allocated for meeting designated percentage of GoI share/100% grant in various technological int
PMFBY_2023_SEC_20_4_2,PMFBY_2023,child,82,87,87,20.4.2,,,Fund for Innovation and Technology (FIAT),,,INFO,,20.4.2 The FIAT shall be funded from the amount already collected from the corpus generated from excess farmers share of premium surrendered by Insurance Companies due to application of Area Correctio
PMFBY_2023_SEC_20_4_3,PMFBY_2023,child,127,87,87,20.4.3,,,Fund for Innovation and Technology (FIAT),,,INFO,,"20.4.3 The FIAT shall be utilized for the following activities under the scheme:

i. Yield Estimation System Based on Technology (YES-TECH),

ii. Weather Information Network & Data System (WINDS)

iii"
PMFBY_2023_SEC_20_4_4,PMFBY_2023,child,267,87,88,20.4.4,,,Fund for Innovation and Technology (FIAT),,,INFO,,"20.4.4 The SOP for management of FIAT and release of funds for aforesaid activities shall be issued by the GoI, separately.

Support to the States and Insurance Companies for Technology Adoption: 20.5"
PMFBY_2023_SEC_21,PMFBY_2023,parent,7,88,121,21,,,Assessment of Claims & Claim Settlement,SHORT_CONTEXT_PARENT,,INFO,B_SHORT,21 Assessment of Claims & Claim Settlement
PMFBY_2023_SEC_21_1,PMFBY_2023,child,163,88,88,21.1,,,Assessment of Claims & Claim Settlement,,,INFO,,21.1 Payment of Claim under standard PMFBY is the responsibility of concerned Insurance Companies. The Insurance Companies shall therefore take all the necessary steps to take appropriate reinsurance 
PMFBY_2023_SEC_21_2,PMFBY_2023,parent,10,88,89,21.2,,,Assessment of Claims & Claim Settlement,SHORT_CONTEXT_PARENT,,INFO,B_SHORT,21.2 Yield Loss due to Wide-spread Calamities under Basic Cover
PMFBY_2023_SEC_21_2_1,PMFBY_2023,child,289,88,89,21.2.1,,,,,,INFO,,"21.2.1 If the Actual Yield per hectare of the insured crop for the Insurance Unit (calculated on basis of requisite number of CCEs or a combination of CCE & technology derived yield estimates, as the "
PMFBY_2023_SEC_21_2_2,PMFBY_2023,child,28,89,89,21.2.2,,,,,,INFO,,"21.2.2 District Level Joint Committee (DLJC) will be constituted which will look after the invoking of On-Account Payment under mid-season adversity, prevented sowing, localized calamities and post-ha"
PMFBY_2023_SEC_21_3,PMFBY_2023,parent,7,89,95,21.3,,,Assessment of Claims & Claim Settlement,SHORT_CONTEXT_PARENT,,INFO,B_SHORT,21.3 Prevented/Failed Sowing and Prevented Planting/Germination Claims
PMFBY_2023_SEC_21_3_1,PMFBY_2023,child,104,89,89,21.3.1,,,Prevented/Failed Sowing and Prevented Planting/Germination Claims,,,INFO,,21.3.1 Insurance cover will be provided to farmers in case of widespread incidence of eligible risks (Para 5.2.1) affecting crops in more than 75% of the area sown in a notiﬁed unit at early stage of 
PMFBY_2023_SEC_21_3_2_1,PMFBY_2023,child,16,89,89,21.3.2.1,,,Prevented/Failed Sowing and Prevented Planting/Germination Claims,SHORT_COMPLETE_PROVISION,,INFO,B_SHORT,21.3.2.1 This add-on cover will only be available if this cover is notiﬁed by the State/UT.
PMFBY_2023_SEC_21_3_2_2,PMFBY_2023,child,72,89,89,21.3.2.2,,,Prevented/Failed Sowing and Prevented Planting/Germination Claims,,,INFO,,"21.3.2.2 Notiﬁed IUs will be eligible for ""Prevented Sowing/ Planting"" pay-out only if more than 75% of Crop-wise, normal sown area for notiﬁed crop in the IU experienced unsown/prevented sowing/germi"
PMFBY_2023_SEC_21_3_2_3,PMFBY_2023,child,78,89,89,21.3.2.3,,,Prevented/Failed Sowing and Prevented Planting/Germination Claims,,,INFO,,21.3.2.3 Only those farmers are eligible for ﬁnancial support under this cover who have paid the premium i.e. the premium amount has been debited from their account before the peril occurrence notific
PMFBY_2023_SEC_21_3_2_4,PMFBY_2023,child,61,89,89,21.3.2.4,,,Prevented/Failed Sowing and Prevented Planting/Germination Claims,,,INFO,,"21.3.2.4 The provision could be invoked for a speciﬁc crop or a group of crops in notiﬁed IU, by the Nodal Department of the State Governments/UT Administrations on the basis of the recommendation sub"
PMFBY_2023_SEC_21_3_2_5,PMFBY_2023,child,117,89,90,21.3.2.5,,,Prevented/Failed Sowing and Prevented Planting/Germination Claims,,,INFO,,"21.3.2.5 The eligibility of claim settlement shall be decided based on the outcome of the joint loss assessment surveys carried out by the representatives of Insurance Company, District Administration"
PMFBY_2023_SEC_21_3_2_6,PMFBY_2023,child,54,90,90,21.3.2.6,,,Prevented/Failed Sowing and Prevented Planting/Germination Claims,,,INFO,,21.3.2.6 STAC in coordination with State Remote Sensing Application Center or TIP appointed under YES-TECH (for the crops notified under Crop Model Matrix (CMM)) will conduct estimation and assessment
PMFBY_2023_SEC_21_3_2_7,PMFBY_2023,child,106,90,90,21.3.2.7,,,Prevented/Failed Sowing and Prevented Planting/Germination Claims,,,INFO,,"21.3.2.7 The amount payable would be 25% of the gross total Sum Insured and the insurance coverage shall get terminated. Farmers can have the alternative to sow shorter duration, resistant crops and a"
PMFBY_2023_SEC_21_3_3,PMFBY_2023,child,75,90,90,21.3.3,,,Prevented/Failed Sowing and Prevented Planting/Germination Claims,,,INFO,,"21.3.3 Proxy-Indicators: Indicators to be used for loss intimation could be rainfall data, other weather indices from WINDS and/or IMD, satellite imagery, Remote sensing indices, drought assessment re"
PMFBY_2023_SEC_21_3_4_1,PMFBY_2023,child,69,90,90,21.3.4.1,,,Prevented/Failed Sowing and Prevented Planting/Germination Claims,,,INFO,,"21.3.4.1 The States/UTs would notify the Crop Calendar indicating crop-wise and agro-climatic zone or district wise cut-off dates by which, this provision could be invoked. However, these dates should"
PMFBY_2023_SEC_21_3_4_2,PMFBY_2023,child,124,90,90,21.3.4.2,,,Prevented/Failed Sowing and Prevented Planting/Germination Claims,,,INFO,,21.3.4.2 The DLMC will recommend invoking of prevented sowing to the State Nodal Department. State/UT Government Notiﬁcation will only be issued by the concerned State Nodal Department after considera
PMFBY_2023_SEC_21_3_4_3,PMFBY_2023,child,137,90,91,21.3.4.3,,,Prevented/Failed Sowing and Prevented Planting/Germination Claims,,,INFO,,"21.3.4.3 If it is felt that the prevailing conditions precedent triggers for invocation of prevented sowing have been breached, the Chairman, DLMC on his/her own accord or on the directions of the Sta"
PMFBY_2023_SEC_21_3_4_4,PMFBY_2023,child,48,91,91,21.3.4.4,,,Prevented/Failed Sowing and Prevented Planting/Germination Claims,,,INFO,,21.3.4.4 State Governments/UT Administrations would declare the list of notiﬁed IU that suffered Prevented or Failed Sowing/Planting/Germination conditions with approximate areas in percentage of the 
PMFBY_2023_SEC_21_3_4_5,PMFBY_2023,child,40,91,91,21.3.4.5,,,Prevented/Failed Sowing and Prevented Planting/Germination Claims,,,INFO,,21.3.4.5 Peril occurrence notification issued by the State Governments/UT Administrations shall be digitized and integrated with the NCIP to ensure complete visibility of process involved and enabling
PMFBY_2023_SEC_21_3_4_6,PMFBY_2023,child,53,91,91,21.3.4.6,,,Prevented/Failed Sowing and Prevented Planting/Germination Claims,,,INFO,,"21.3.4.6 For estimation of crop loss in the affected areas, the digital mobile App provided by the GoI shall be compulsorily used by the Insurance Companies, States/UTs and loss surveyors appointed by"
PMFBY_2023_SEC_21_3_4_7,PMFBY_2023,child,31,91,91,21.3.4.7,,,Prevented/Failed Sowing and Prevented Planting/Germination Claims,,,INFO,,"21.3.4.7 The State/UTs implementing YES-TECH for the notified crops, may shall ask the TIPs to submit the Special Report for Prevented Sowing (SR-PS) as mentioned the YES-TECH Manual 2023.

Conditions"
PMFBY_2023_SEC_21_3_5_1,PMFBY_2023,child,45,91,91,21.3.5.1,,,Prevented/Failed Sowing and Prevented Planting/Germination Claims,,,INFO,,21.3.5.1 The cover will be available for major crops covering a total sown area higher than 25% of the total sown area of the District/Taluka or the equivalent unit for the season (refer Para 7.2.1.1)
PMFBY_2023_SEC_21_3_5_2,PMFBY_2023,child,22,91,91,21.3.5.2,,,Prevented/Failed Sowing and Prevented Planting/Germination Claims,,,INFO,,21.3.5.2 Mere disbursement/sanction of loan without receipt/ debit of premium before the notiﬁcation of calamity won't make a farmer eligible for claim.
PMFBY_2023_SEC_21_3_5_3,PMFBY_2023,child,113,91,91,21.3.5.3,,,Prevented/Failed Sowing and Prevented Planting/Germination Claims,,,INFO,,21.3.5.3 This provision has to be notiﬁed by the State/UT Government within 30 days from date of the onset of sowing and no later than 15 days of the cut-off date for enrolment and debit of premium as
PMFBY_2023_SEC_21_3_5_4,PMFBY_2023,child,22,91,91,21.3.5.4,,,Prevented/Failed Sowing and Prevented Planting/Germination Claims,,,INFO,,21.3.5.4 The Insurance Companies shall disburse the claim within 30 days of the State/UTs Notiﬁcation invoking the event of the insured risk.
PMFBY_2023_SEC_21_3_5_5,PMFBY_2023,child,35,91,91,21.3.5.5,,,Prevented/Failed Sowing and Prevented Planting/Germination Claims,,,INFO,,21.3.5.5 The pay-out under the cover would be disbursed by the Insurance Companies only after the receipt of at least advance Government share of premium subsidy (1st tranche of both State/UT Governme
PMFBY_2023_SEC_21_3_5_6,PMFBY_2023,child,53,91,92,21.3.5.6,,,Prevented/Failed Sowing and Prevented Planting/Germination Claims,,,INFO,,21.3.5.6 Insurance Cover would terminate for the affected crop in a Notiﬁed IU once a claim under this section is invoked and the affected Insurance Unit/ Crop would not be eligible for any other add-
PMFBY_2023_SEC_21_3_5_7,PMFBY_2023,child,21,92,92,21.3.5.7,,,Prevented/Failed Sowing and Prevented Planting/Germination Claims,,,INFO,,"21.3.5.7 Once this provision is invoked, no fresh enrolment of farmers for the affected notiﬁed crops and areas would be done."
PMFBY_2023_SEC_21_3_5_8,PMFBY_2023,child,26,92,92,21.3.5.8,,,Prevented/Failed Sowing and Prevented Planting/Germination Claims,,,INFO,,"21.3.5.8 Once exigency is invoked it applies to all the insured farmers in the Notiﬁed Insurance Unit for a given crop, including those whose crop survived."
PMFBY_2023_SEC_21_3_5_9,PMFBY_2023,child,46,92,92,21.3.5.9,,,Prevented/Failed Sowing and Prevented Planting/Germination Claims,,,INFO,,"21.3.5.9 The Bank would remit farmers’ premium to Insurance Companies, with eligible loanee farmers list, within 7 days of the intimation of loss under this section, if not uploaded earlier on Portal."
PMFBY_2023_SEC_21_3_5_10,PMFBY_2023,child,88,92,92,21.3.5.10,,,Prevented/Failed Sowing and Prevented Planting/Germination Claims,,,INFO,,"21.3.5.10 District ‘B’ with 100 Insurance Units has been affected by a dry-spell at the beginning of crop season, consequently about 80% of the area could not be sown in about 50 Insurance Units for g"
PMFBY_2023_SEC_21_3_5_11,PMFBY_2023,child,1117,92,95,21.3.5.11,,,Prevented/Failed Sowing and Prevented Planting/Germination Claims,LONG_CHUNK_NO_SAFE_SPLIT;TABLE_REVIEW,,INFO,A_LONG;F_TABLE,"21.3.5.11 Detailed Procedure and Timelines for payment of Prevented / Failed Sowing and Prevented Planting / Germination Claims is mentioned in Table 8 below:

Schedule for taking

Sl. No. Action requ"
PMFBY_2023_SEC_21_4,PMFBY_2023,parent,9,95,102,21.4,,,Assessment of Claims & Claim Settlement,SHORT_CONTEXT_PARENT,,INFO,B_SHORT,21.4 On-Account Payment of Claims due to Mid-Season Adversity
PMFBY_2023_SEC_21_4_1,PMFBY_2023,child,84,95,95,21.4.1,,,On-Account Payment of Claims due to Mid-Season Adversity,,,INFO,,"21.4.1 Insurance cover will be provided to the farmers to provide immediate relief in case of adverse seasonal conditions during the crop season viz. ﬂoods, prolonged dry spells, severe drought etc., "
PMFBY_2023_SEC_21_4_2_1,PMFBY_2023,child,17,95,95,21.4.2.1,,,On-Account Payment of Claims due to Mid-Season Adversity,SHORT_COMPLETE_PROVISION,,INFO,B_SHORT,21.4.2.1 This add-on cover will only be available if this cover is notiﬁed by the State/UT Government.
PMFBY_2023_SEC_21_4_2_2,PMFBY_2023,child,48,96,96,21.4.2.2,,,On-Account Payment of Claims due to Mid-Season Adversity,,,INFO,,"21.4.2.2 All notiﬁed IUs would be eligible for ""On-Account"" payment only if the expected Yield of the affected crop during the season in those IUs is less than 50% of Normal Yield where normal yield w"
PMFBY_2023_SEC_21_4_2_3,PMFBY_2023,child,48,96,96,21.4.2.3,,,On-Account Payment of Claims due to Mid-Season Adversity,,,INFO,,"21.4.2.3 The provision could be invoked for a speciﬁc crop or a group of crops in the notiﬁed IU, by the DLMC/State Governments/UT Administrations on the basis of proxy weather indicators supported by"
PMFBY_2023_SEC_21_4_2_4,PMFBY_2023,child,104,96,96,21.4.2.4,,,On-Account Payment of Claims due to Mid-Season Adversity,,,INFO,,"21.4.2.4 The quantum of likely losses and the amount of 'On-Account' payment shall be decided based on the joint survey by representatives of IC, District Administration/State Government’s/UT Administ"
PMFBY_2023_SEC_21_4_2_5,PMFBY_2023,child,58,96,96,21.4.2.5,,,On-Account Payment of Claims due to Mid-Season Adversity,,,INFO,,21.4.2.5 STAC in coordination with respective State Remote Sensing Application Center (SRSAC) or TIP appointed under YES-TECH (for the crops notified under Crop Model Matrix (CMM)) will conduct the cr
PMFBY_2023_SEC_21_4_2_6,PMFBY_2023,child,73,96,96,21.4.2.6,,,On-Account Payment of Claims due to Mid-Season Adversity,,,INFO,,21.4.2.6 Only those farmers would be eligible for ﬁnancial support under this cover who have paid the premium / the premium has been debited from their account before the happening of the mid-season a
PMFBY_2023_SEC_21_4_2_7,PMFBY_2023,child,25,96,96,21.4.2.7,,,On-Account Payment of Claims due to Mid-Season Adversity,,,INFO,,21.4.2.7 Amount payable would be 25% of the likely claims subject to adjustment against ﬁnal yield claims based on yield assessment data arrived through CCEs.
PMFBY_2023_SEC_21_4_2_8,PMFBY_2023,child,93,96,96,21.4.2.8,,,On-Account Payment of Claims due to Mid-Season Adversity,,,INFO,,"21.4.2.8 If adversity occurs within a period of 30 days from the start of onset of sowing (as per the crop calendar/notiﬁed by the State/UTs) and within 15 days before the onset of harvesting, this pr"
PMFBY_2023_SEC_21_4_2_9,PMFBY_2023,child,51,96,96,21.4.2.9,,,On-Account Payment of Claims due to Mid-Season Adversity,,,INFO,,21.4.2.9 Maximum liability is limited to the maximum or balance Sum Insured of the damaged crop's area within insured land parcel and the pay-out under this provision would be in proportion to the los
PMFBY_2023_SEC_21_4_2_10,PMFBY_2023,child,20,96,96,21.4.2.10,,,On-Account Payment of Claims due to Mid-Season Adversity,,,INFO,,21.4.2.10 Payout under this peril will be as per the payment modalities given in the Annexure- V of these Guidelines.
PMFBY_2023_SEC_21_4_2_11,PMFBY_2023,child,47,97,97,21.4.2.11,,,On-Account Payment of Claims due to Mid-Season Adversity,,,INFO,,"21.4.2.11 In case the crop losses are triggered due to multiple events under different or similar covers, the payout under localized calamites shall be calculated as per the modalities described in Pa"
PMFBY_2023_SEC_21_4_3,PMFBY_2023,child,108,97,97,21.4.3,,,On-Account Payment of Claims due to Mid-Season Adversity,,,INFO,,"21.4.3 Proxy-Indicators: Indicators to be used for loss intimation could be rainfall data, other weather indices from WINDS and/or IMD, satellite imagery, remote sensing indices, drought assessment re"
PMFBY_2023_SEC_21_4_4_1,PMFBY_2023,child,42,97,97,21.4.4.1,,,On-Account Payment of Claims due to Mid-Season Adversity,,,INFO,,21.4.4.1 The Joint Committee of the State/UT or District Administration/Nodal Department and the Insurer (refer Para 21.3.5.11) for the assessment of crop damage have to be formed and notiﬁed before t
PMFBY_2023_SEC_21_4_4_2,PMFBY_2023,child,199,97,97,21.4.4.2,,,On-Account Payment of Claims due to Mid-Season Adversity,,,INFO,,"21.4.4.2 When it is perceived that a risk is triggered as deﬁned in the protocol for different indices, viz. Weather, Remote Sensing, Hydrology, Soil Moisture & Insects/ Pest/ Disease impact resulting"
PMFBY_2023_SEC_21_4_4_3,PMFBY_2023,child,54,97,97,21.4.4.3,,,On-Account Payment of Claims due to Mid-Season Adversity,,,INFO,,21.4.4.3 The Joint Committee shall decide the eligibility for mid-term adversity declaration based on the daily weather indices from WINDS and/or IMD (available AWS/ARGs under WINDS notiﬁed by the Gov
PMFBY_2023_SEC_21_4_4_4,PMFBY_2023,child,69,97,97,21.4.4.4,,,On-Account Payment of Claims due to Mid-Season Adversity,,,INFO,,"21.4.4.4 Based on these parameters, the Joint Committee will assess whether the provision of On-account payment will be invoked and will call for a joint survey. A formal letter has to be issued withi"
PMFBY_2023_SEC_21_4_4_5,PMFBY_2023,child,52,97,98,21.4.4.5,,,On-Account Payment of Claims due to Mid-Season Adversity,,,INFO,,"21.4.4.5 Based on the above report, a joint inspection of the affected area shall be done the Insurance Company along with the District Administration/Nodal Department ofﬁcials and farmer representati"
PMFBY_2023_SEC_21_4_4_6,PMFBY_2023,child,28,98,98,21.4.4.6,,,On-Account Payment of Claims due to Mid-Season Adversity,,,INFO,,"21.4.4.6 Information/Services of MITR, MNCFC, ISRO or State/UT specific SRSACs may also be utilized for determination of the extent of loss, using satellite data, for On- Account pay-out."
PMFBY_2023_SEC_21_4_4_7,PMFBY_2023,child,75,98,98,21.4.4.7,,,On-Account Payment of Claims due to Mid-Season Adversity,,,INFO,,"21.4.4.7 If the assessed loss of the affected crop assessed through Loss Assessment Surveys is more than 50% of the normal crop yield for the Notiﬁed Insurance Unit, On- Account payment would be payab"
PMFBY_2023_SEC_21_4_4_8,PMFBY_2023,child,40,98,98,21.4.4.8,,,On-Account Payment of Claims due to Mid-Season Adversity,,,INFO,,"21.4.4.8 The sample surveys for estimation of crop yield loss in the affected IUs shall be conducted using the digital mobile App provided by the GoI, by the States/UT officials and the loss surveyors"
PMFBY_2023_SEC_21_4_4_9,PMFBY_2023,child,31,98,98,21.4.4.9,,,On-Account Payment of Claims due to Mid-Season Adversity,,,INFO,,"21.4.4.9 On-Account payment would be calculated as per following formula:

(Threshold Yield - Estimated Yield)

× Sum Insured × 25% Threshold Yield

Timeframe for Loss Assessment and Submission of Rep"
PMFBY_2023_SEC_21_4_5_1,PMFBY_2023,child,46,98,98,21.4.5.1,,,On-Account Payment of Claims due to Mid-Season Adversity,,,INFO,,21.4.5.1 A formal invocation of mid-season adversity through a formal letter will be issued by the District Administration/Nodal Department of State/UT Government asking to carry out the loss assessme
PMFBY_2023_SEC_21_4_5_2,PMFBY_2023,child,51,98,98,21.4.5.2,,,On-Account Payment of Claims due to Mid-Season Adversity,,,INFO,,21.4.5.2 Loss assessment report at the affected insurance unit level has to be completed by the Joint Committee within 15 days from occurrence of the adverse seasonal event and the loss report should 
PMFBY_2023_SEC_21_4_5_3,PMFBY_2023,child,28,98,98,21.4.5.3,,,On-Account Payment of Claims due to Mid-Season Adversity,,,INFO,,"21.4.5.3 The State/UTs implementing YES-TECH for the notified crops, may ask the TIPs to submit the Special Report for Mid-Season Adversity (SR-MSA) as mentioned the YES-TECH Manual 2023."
PMFBY_2023_SEC_21_4_5_4,PMFBY_2023,child,43,98,98,21.4.5.4,,,On-Account Payment of Claims due to Mid-Season Adversity,,,INFO,,21.4.5.4 Peril occurrence notification issued by the State Governments/UT Administrations shall also be digitized and integrated with the NCIP to ensure complete visibility of process involved and ena
PMFBY_2023_SEC_21_4_6_1,PMFBY_2023,child,26,98,98,21.4.6.1,,,On-Account Payment of Claims due to Mid-Season Adversity,,,INFO,,21.4.6.1 Mere disbursement/ sanction of loan without receipt/ debit of premium before the notiﬁcation of the calamity would not make a farmer eligible for the claim.
PMFBY_2023_SEC_21_4_6_2,PMFBY_2023,child,34,99,99,21.4.6.2,,,On-Account Payment of Claims due to Mid-Season Adversity,,,INFO,,21.4.6.2 The pay-out under the cover would be disbursed by the Insurance Company only after the receipt of at least advance Government share of premium subsidy (1st tranche of both State/UT and the Go
PMFBY_2023_SEC_21_4_6_3,PMFBY_2023,child,35,99,99,21.4.6.3,,,On-Account Payment of Claims due to Mid-Season Adversity,,,INFO,,21.4.6.3 On-Account payment would be paid to all eligible insured farmers within one month of the notiﬁcation invoking this provision by the State/UT Government and subject to receipt of loss assessme
PMFBY_2023_SEC_21_4_6_4,PMFBY_2023,child,15,99,99,21.4.6.4,,,On-Account Payment of Claims due to Mid-Season Adversity,SHORT_COMPLETE_PROVISION,,INFO,B_SHORT,21.4.6.4 These claims would be adjusted against the end season area approach yield based claims.
PMFBY_2023_SEC_21_4_6_5,PMFBY_2023,child,201,99,99,21.4.6.5,,,On-Account Payment of Claims due to Mid-Season Adversity,,,INFO,,"21.4.6.5 Banks would remit farmers' premium to the Insurance Companies, with the farmers list, within 7 days of the intimation of loss under this section, if not uploaded earlier on Portal. However, t"
PMFBY_2023_SEC_21_4_6_6,PMFBY_2023,child,886,99,102,21.4.6.6,,,On-Account Payment of Claims due to Mid-Season Adversity,TABLE_REVIEW,,INFO,F_TABLE,"21.4.6.6 Detailed Procedure and Timelines for On Account Payment of Claims due to Mid- Season Adversity is mentioned in Table 9 below:

Action to be taken Schedule for taking

Sl. No Action required t"
PMFBY_2023_SEC_21_5,PMFBY_2023,parent,3,102,109,21.5,,,Assessment of Claims & Claim Settlement,SHORT_CONTEXT_PARENT,,INFO,B_SHORT;D_TOP20_SHORT,21.5 Localized Calamity
PMFBY_2023_SEC_21_5_1,PMFBY_2023,child,45,102,102,21.5.1,,,Localized Calamity,,,INFO,,"21.5.1 The Scheme provides for insurance cover at the individual farm level to crop losses due to occurrence of localized perils/ calamities viz. hailstorm, landslide, inundation, cloud burst and natu"
PMFBY_2023_SEC_21_5_2,PMFBY_2023,child,65,102,102,21.5.2,,,Localized Calamity,,,INFO,,"21.5.2 For the purpose of indemniﬁcation of crop losses due to inundation as localized calamity, Inundation is a situation where insured ﬁeld is covered or submerged by water due to the rise in water "
PMFBY_2023_SEC_21_5_3,PMFBY_2023,child,87,102,102,21.5.3,,,Localized Calamity,,,INFO,,"21.5.3 However, this is subject to conﬁrmation of the damage in the joint survey to be conducted by the State/UT Government representative and Insurance Company in presence of the concerned farmer. Th"
PMFBY_2023_SEC_21_5_4_1,PMFBY_2023,child,17,102,102,21.5.4.1,,,Localized Calamity,SHORT_COMPLETE_PROVISION,,INFO,B_SHORT,21.5.4.1 This add-on cover will only be available if this cover is notiﬁed by the State/UT Government.
PMFBY_2023_SEC_21_5_4_2,PMFBY_2023,child,28,102,102,21.5.4.2,,,Localized Calamity,,,INFO,,"21.5.4.2 Available to all insured farmers, at farm unit level, affected by above mentioned perils in a Notiﬁed IU growing notiﬁed crops for which insurance has been availed."
PMFBY_2023_SEC_21_5_4_3,PMFBY_2023,child,37,102,102,21.5.4.3,,,Localized Calamity,,,INFO,,21.5.4.3 Available for all notiﬁed crops which have been declared eligible for localized calamity losses as per the State/UT Government notiﬁcation and damaged by speciﬁed perils during when the crop 
PMFBY_2023_SEC_21_5_4_4,PMFBY_2023,child,34,102,102,21.5.4.4,,,Localized Calamity,,,INFO,,21.5.4.4 Only those farmers would be eligible for ﬁnancial support under this cover who have paid the premium i.e. the premium has been debited from their account before the occurrence of the insured 
PMFBY_2023_SEC_21_5_4_5,PMFBY_2023,child,51,102,102,21.5.4.5,,,Localized Calamity,,,INFO,,21.5.4.5 Maximum liability is limited to the maximum or balance Sum Insured of the damaged crop's area within insured land parcel and the pay-out under this provision would be in proportion to the los
PMFBY_2023_SEC_21_5_4_6,PMFBY_2023,child,20,102,102,21.5.4.6,,,Localized Calamity,,,INFO,,21.5.4.6 Payout under this peril will be as per the payment modalities given in the Annexure- V of these Guidelines.
PMFBY_2023_SEC_21_5_4_7,PMFBY_2023,child,47,102,103,21.5.4.7,,,Localized Calamity,,,INFO,,"21.5.4.7 In case the crop losses are triggered due to multiple events under different or similar covers, the payout under localized calamites shall be calculated as per the modalities described in Par"
PMFBY_2023_SEC_21_5_4_8,PMFBY_2023,child,68,103,103,21.5.4.8,,,Localized Calamity,,,INFO,,21.5.4.8 Proxy-Indicators: Rainfall data from WINDS network/ hailstorm/landslide/ lightening (natural ﬁre) incidences substantiated by reports in the local media or reports of the Agriculture/ Revenue
PMFBY_2023_SEC_21_5_5_1,PMFBY_2023,child,8,103,103,21.5.5.1,,,Localized Calamity,SHORT_COMPLETE_PROVISION,,INFO,B_SHORT,21.5.5.1 Time and Method of Reporting the Loss/Claims
PMFBY_2023_SEC_490,PMFBY_2023,child,48,103,103,,,,A. The State/UT Government shall define the period during which the crop is in,,,INFO,,"A. The State/UT Government shall define the period during which the crop is in standing position (district crop wise Crop calendar), during which this provision can be invoked. In the case of any even"
PMFBY_2023_SEC_21_5_5_4,PMFBY_2023,child,16,103,103,21.5.5.4,,,Localized Calamity,SHORT_COMPLETE_PROVISION,,INFO,B_SHORT,B. Immediate intimation (within 72 hours) by the insured farmer as detailed in Para 21.5.5.4 below.
PMFBY_2023_SEC_492,PMFBY_2023,child,59,103,103,,,,"C. Intimation must contain details of insured farmer's name, affected survey number-",,,INFO,,"C. Intimation must contain details of insured farmer's name, affected survey number-wise insured crop and acreage affected, Farmer's Application No as on NCIP, his/her Mobile Number etc. KCC A/c No. ("
PMFBY_2023_SEC_493,PMFBY_2023,child,38,103,103,,,,"D. Premium payment veriﬁcation to be done from the portal and in case of need, may",,,INFO,,"D. Premium payment veriﬁcation to be done from the portal and in case of need, may be veriﬁed from the bank. The bank shall provide the payment veriﬁcation within the next 48 hours of receipt of such "
PMFBY_2023_SEC_494,PMFBY_2023,child,27,103,103,,,,E. Mobile application may be used for reporting incidence of localized calamities for,DUPLICATE_TEXT,DUPLICATE_TEXT,INFO,,E. Mobile application may be used for reporting incidence of localized calamities for intimation of events including longitude/latitude details and pictures using Mobile App developed by DA&FW.
PMFBY_2023_SEC_21_5_5_2,PMFBY_2023,child,35,103,103,21.5.5.2,,,Localized Calamity,,,INFO,,"21.5.5.2 Localized Calamity claim amount at individual farm level shall be calculated as per the following formula:

𝒕𝒐𝒕𝒂𝒍 𝑰𝒏𝒔𝒖𝒓𝒆𝒅 𝑨𝒓𝒆𝒂(%) × 𝑬𝒔𝒕𝒊𝒎𝒂𝒕𝒆𝒅 𝑪𝒓𝒐𝒑 𝑫𝒂𝒎𝒂𝒈𝒆

𝑆𝒖𝒎 𝑰𝒏𝒔𝒖𝒓𝒆𝒅 × 𝑨𝒇𝒇𝒆𝒄𝒕𝒆𝒅 𝑨𝒓𝒆𝒂 𝒐𝒖𝒕 𝒐𝒇

"
PMFBY_2023_SEC_21_5_5_3,PMFBY_2023,child,37,103,103,21.5.5.3,,,Localized Calamity,,,INFO,,"21.5.5.3 For estimation of crop loss in the individual farms/land parcels, the digital mobile App developed by the GoI shall be compulsorily used by the Insurance Companies, States/UTs and loss survey"
PMFBY_2023_SEC_21_5_5_4_002,PMFBY_2023,child,136,103,104,21.5.5.4,,,Localized Calamity,,,INFO,,"21.5.5.4 Channel of reporting i.e. Whom to be reported: Intimation may be given within 72 hours by the farmer either directly through the ""Crop Insurance App"" or on dedicated centralized toll-free num"
PMFBY_2023_SEC_21_5_5_5,PMFBY_2023,child,29,104,104,21.5.5.5,,,Localized Calamity,,,INFO,,"21.5.5.5 Reporting of losses will be done through the Crop Insurance App and the Centralized Toll-Free Number (KRPH), along with other channels. Other Channels will be phased out subsequently."
PMFBY_2023_SEC_21_5_5_6,PMFBY_2023,child,55,104,104,21.5.5.6,,,Localized Calamity,,,INFO,,"21.5.5.6 In case the intimation has been given through the concerned bank branch or State/UT Government ofﬁcials, the same shall be forwarded by the Bank Branches or Govt. officials of the concerned I"
PMFBY_2023_SEC_21_5_6_1,PMFBY_2023,child,73,104,104,21.5.6.1,,,Localized Calamity,,,INFO,,"21.5.6.1 Duly ﬁlled crop loss intimation through the Crop Insurance App or Krishi Rakshak Portal & Helpline, or other mentioned channels, along with all relevant documents is necessary for initiation "
PMFBY_2023_SEC_21_5_6_2,PMFBY_2023,child,91,104,104,21.5.6.2,,,Localized Calamity,,,INFO,,21.5.6.2 The Insurance Companies are responsible for ensuring that sufﬁcient number of loss intimation forms are available at the bank branch & local Government ofﬁcials level. Any other additional do
PMFBY_2023_SEC_21_5_6_3,PMFBY_2023,child,43,104,104,21.5.6.3,,,Localized Calamity,,,INFO,,"21.5.6.3 Weather data report from the WINDS network, Mid-season report (MSR) under YES- TECH), IMD reports, Media reports, Local Newspaper cuttings to substantiate occurrence of loss event and severit"
PMFBY_2023_SEC_21_5_7_1,PMFBY_2023,child,100,104,104,21.5.7.1,,,Localized Calamity,,,INFO,,21.5.7.1 The loss assessors would be appointed by the Insurance Company for assessment of losses due to incidence of Localized Calamities. The loss assessors appointed by the Insurance Companies shoul
PMFBY_2023_SEC_21_5_7_2,PMFBY_2023,child,24,104,104,21.5.7.2,,,Localized Calamity,,,INFO,,21.5.7.2 For compliance under the above provisions the Insurance Companies would utilize the empaneled loss assessors for using their services as and when required.
PMFBY_2023_SEC_21_5_7_3,PMFBY_2023,child,599,105,106,21.5.7.3,,,Localized Calamity,,,INFO,,"21.5.7.3 The loss would be jointly assessed by a team comprising of loss assessor appointed by the insurer, block level agriculture ofﬁcer, primary worker of the agriculture or revenue department and "
PMFBY_2023_SEC_506,PMFBY_2023,child,40,106,106,,,,D. The tentative sample size would be as under:,TABLE_REVIEW,,INFO,F_TABLE,"D. The tentative sample size would be as under:

Intimation (affected area against Insured are

Survey

notiﬁed crop)

Less than 25%

All Intimations would be surveyed

Sample survey at IU crop level "
PMFBY_2023_SEC_21_5_9_1,PMFBY_2023,child,25,106,106,21.5.9.1,,,Localized Calamity,,,INFO,,21.5.9.1 Mere disbursement/sanction of a loan without receipt/debit of premium before the occurrence of insured peril would not make a farmer eligible for the claim.
PMFBY_2023_SEC_21_5_9_2,PMFBY_2023,child,66,106,106,21.5.9.2,,,Localized Calamity,,,INFO,,"21.5.9.2 When the affected area is limited up to 25% of the total insured area for the season, in the notiﬁed insurance unit, the losses of eligible farmers would be assessed individually provided the"
PMFBY_2023_SEC_21_5_9_3,PMFBY_2023,child,110,106,106,21.5.9.3,,,Localized Calamity,,,INFO,,"21.5.9.3 If the affected area under a notiﬁed crop is more than 25% of the total insured area in a notiﬁed insurance unit, all the eligible farmers who have taken insurance for the notiﬁed crop, which"
PMFBY_2023_SEC_21_5_9_4,PMFBY_2023,child,119,106,106,21.5.9.4,,,Localized Calamity,,,INFO,,"21.5.9.4 The eligibility of claim settlement shall be decided based on the outcome of joint loss assessment surveys carried out by representatives of Insurance Company, District Administration/State G"
PMFBY_2023_SEC_21_5_9_5,PMFBY_2023,child,54,106,106,21.5.9.5,,,Localized Calamity,,,INFO,,21.5.9.5 STAC in coordination with State Remote Sensing Application Centre or TIP appointed under YES-TECH (for the crops notified under Crop Model Matrix (CMM)) will conduct yield estimation and asse
PMFBY_2023_SEC_21_5_9_6,PMFBY_2023,child,34,106,106,21.5.9.6,,,Localized Calamity,,,INFO,,21.5.9.6 The pay-out under the cover would be disbursed by the Insurance Company only after the receipt of at least advance Government share of premium subsidy (1st instalment of both State/UT and the
PMFBY_2023_SEC_21_5_9_7,PMFBY_2023,child,17,106,107,21.5.9.7,,,Localized Calamity,SHORT_COMPLETE_PROVISION,,INFO,B_SHORT,"21.5.9.7 The Insurance Company would disburse the claim, if payable within 15 days of survey of loss."
PMFBY_2023_SEC_21_5_9_8,PMFBY_2023,child,33,107,107,21.5.9.8,,,Localized Calamity,,,INFO,,21.5.9.8 Farmers getting enrolled or whose premium is debited after the occurrence of insurance peril or data has not been uploaded on NCIP would not be eligible for ﬁnancial support under this cover.
PMFBY_2023_SEC_21_5_10,PMFBY_2023,child,629,107,109,21.5.10,,,Localized Calamity,TABLE_REVIEW,,INFO,F_TABLE,"21.5.10 Detailed Procedure and Timelines for payment of Localized claims is mentioned in Table 10 below:

Schedule for

Action required to be taken

Sl. No.

Action to be taken by

taking action

Inti"
PMFBY_2023_SEC_516,PMFBY_2023,parent,647,109,111,,,,Protocol for Area based Assessment: If affected area >25% of total insured Area:,TABLE_REVIEW,,INFO,F_TABLE,"Protocol for Area based Assessment: If affected area >25% of total insured Area:

Action to be taken Schedule for taking

Action required to be taken

Sl. No.

by

action

Fulfilment of eligibility of"
PMFBY_2023_SEC_516_SUB_1,PMFBY_2023,child,529,109,111,,,,Protocol for Area based Assessment: If affected area >25% of total insured Area:,TABLE_REVIEW,,INFO,F_TABLE,"Protocol for Area based Assessment: If affected area >25% of total insured Area:

Action to be taken Schedule for taking

Action required to be taken

Sl. No.

by

action

Fulfilment of eligibility of"
PMFBY_2023_SEC_516_SUB_2,PMFBY_2023,child,192,111,111,,,,Protocol for Area based Assessment: If affected area >25% of total insured Area:,TABLE_REVIEW,,INFO,F_TABLE,Data of loss assessment ﬁnalized by DLJC and admissible claims will be Within 7 days of the Insurance Company uploaded on the NCIP against survey. 7 the farmer from whom loss intimation has been recei
PMFBY_2023_SEC_21_6,PMFBY_2023,parent,3,111,117,21.6,,,Assessment of Claims & Claim Settlement,SHORT_CONTEXT_PARENT,,INFO,B_SHORT;D_TOP20_SHORT,21.6 Post-Harvest Losses
PMFBY_2023_SEC_21_6_1,PMFBY_2023,child,69,111,111,21.6.1,,,Post-Harvest Losses,,,INFO,,"21.6.1 Provision has been made for assessment of loss on individual plot basis in the case of occurrence of hailstorm, cyclone, cyclonic rains and unseasonal rains resulting in damage to harvested cro"
PMFBY_2023_SEC_21_6_2,PMFBY_2023,child,38,111,111,21.6.2,,,Post-Harvest Losses,,,INFO,,"21.6.2 For indemniﬁcation of post-harvest crop losses, the provision of damage of harvested crops due to unseasonal rains shall trigger when the unseasonal rainfall is more than 20% over long period a"
PMFBY_2023_SEC_21_6_3,PMFBY_2023,child,78,111,111,21.6.3,,,Post-Harvest Losses,,,INFO,,"21.6.3 However, this is subject to conﬁrmation of the damage in the joint survey to be conducted by concerned State/UT Government and Insurance Company. The States/UTs have to compulsorily notify the "
PMFBY_2023_SEC_21_6_4_1,PMFBY_2023,child,17,111,111,21.6.4.1,,,Post-Harvest Losses,SHORT_COMPLETE_PROVISION,,INFO,B_SHORT,21.6.4.1 This Add-on cover will only be available if this cover is notiﬁed by the State/UT Government.
PMFBY_2023_SEC_21_6_4_2,PMFBY_2023,child,29,111,111,21.6.4.2,,,Post-Harvest Losses,,,INFO,,"21.6.4.2 Available to all insured farmers, at farm unit level, affected by above mentioned perils in a Notiﬁed Insurance Unit, growing notiﬁed crops for which insurance have been availed."
PMFBY_2023_SEC_21_6_4_3,PMFBY_2023,child,60,111,111,21.6.4.3,,,Post-Harvest Losses,,,INFO,,21.6.4.3 Available for all notiﬁed crops which has been declared eligible for post-harvest losses as per the Government notiﬁcation and damaged by speciﬁed perils during the process of drying in the ﬁ
PMFBY_2023_SEC_21_6_4_4,PMFBY_2023,child,34,111,111,21.6.4.4,,,Post-Harvest Losses,,,INFO,,21.6.4.4 Only those farmers would be eligible for ﬁnancial support under this cover who have paid the premium i.e. the premium has been debited from their account before the occurrence of the insured 
PMFBY_2023_SEC_21_6_4_5,PMFBY_2023,child,46,112,112,21.6.4.5,,,Post-Harvest Losses,,,INFO,,21.6.4.5 Maximum liability is limited to the maximum or balance Sum Insured of the damaged crop’s area and the pay-out under this provision would be in proportion to the loss incurred on the crop in t
PMFBY_2023_SEC_21_6_4_6,PMFBY_2023,child,20,112,112,21.6.4.6,,,Post-Harvest Losses,,,INFO,,21.6.4.6 Payout under this peril will be as per the payment modalities given in the Annexure V of these Guidelines.
PMFBY_2023_SEC_21_6_5,PMFBY_2023,child,62,112,112,21.6.5,,,Post-Harvest Losses,,,INFO,,"21.6.5 Proxy-Indicators: Weather data from WINDS network, IMD weather reports, hailstorm incidences substantiated by local media reports or reports of the Agriculture/ Revenue Department supported by "
PMFBY_2023_SEC_21_6_6,PMFBY_2023,parent,4,112,113,21.6.6,,,Post-Harvest Losses,SHORT_CONTEXT_PARENT,,INFO,B_SHORT,21.6.6 Loss Assessment Procedure
PMFBY_2023_SEC_21_6_6_1,PMFBY_2023,child,80,112,112,21.6.6.1,,,Loss Assessment Procedure,,,INFO,,"21.6.6.1 Time and method of reporting the loss/claims:

A. The State/UT Government would notify crop-wise and the agro-climatic zone or

district-wise onset of harvesting dates/harvesting period durin"
PMFBY_2023_SEC_21_6_6_4,PMFBY_2023,child,123,112,112,21.6.6.4,,,Loss Assessment Procedure,,,INFO,,"21.6.6.4 below.

C. Intimation must contain details of insured farmer's name, affected land parcel/ survey

no. wise insured crop and acreage affected, Farmer's Application No as on NCIP, his/her Mobi"
PMFBY_2023_SEC_21_6_6_2,PMFBY_2023,child,35,112,112,21.6.6.2,,,Loss Assessment Procedure,,,INFO,,"21.6.6.2 Post-harvest losses claim amount at individual farm level shall be calculated as per the following formula:

𝒕𝒐𝒕𝒂𝒍 𝑰𝒏𝒔𝒖𝒓𝒆𝒅 𝑨𝒓𝒆𝒂(%) × 𝑬𝒔𝒕𝒊𝒎𝒂𝒕𝒆𝒅 𝑪𝒓𝒐𝒑 𝑫𝒂𝒎𝒂𝒈𝒆

𝑺𝒖𝒎 𝑰𝒏𝒔𝒖𝒓𝒆𝒅 × 𝑨𝒓𝒆𝒂 𝒂𝒇𝒇𝒆𝒄𝒕𝒆𝒅 𝒐𝒖𝒕 𝒐𝒇
"
PMFBY_2023_SEC_21_6_6_3,PMFBY_2023,child,37,112,112,21.6.6.3,,,Loss Assessment Procedure,,,INFO,,"21.6.6.3 For estimation of crop loss in the individual farms/land parcels, the digital mobile App developed by the GoI shall be compulsorily used by the Insurance Companies, States/UTs and loss survey"
PMFBY_2023_SEC_21_6_6_4_002,PMFBY_2023,child,136,112,113,21.6.6.4,,,Loss Assessment Procedure,,,INFO,,"21.6.6.4 Channel of reporting, i.e. Whom to be reported: Intimation may be given within 72 hours by the farmer either directly through the ""Crop Insurance App"" or on dedicated centralized toll-free nu"
PMFBY_2023_SEC_21_6_6_5,PMFBY_2023,child,30,113,113,21.6.6.5,,,Loss Assessment Procedure,,,INFO,,"21.6.6.5 Reporting of losses will be done primarily through the Crop Insurance App and the Centralized Toll-Free Number (14447), along with other channels. Other channels will be phased out subsequent"
PMFBY_2023_SEC_21_6_6_6,PMFBY_2023,child,55,113,113,21.6.6.6,,,Loss Assessment Procedure,,,INFO,,"21.6.6.6 In case the intimation has been given through the concerned bank branch or State/UT Government ofﬁcials, the same shall be forwarded by the Bank Branches or Govt. officials of the concerned I"
PMFBY_2023_SEC_21_6_7_1,PMFBY_2023,child,69,113,113,21.6.7.1,,,Post-Harvest Losses,,,INFO,,21.6.7.1 A duly ﬁlled intimation through Crop Insurance App or Krishi Rakshak Portal & Helpline or any other conventional channels along with all relevant documents is necessary for initiation of loss
PMFBY_2023_SEC_21_6_7_2,PMFBY_2023,child,91,113,113,21.6.7.2,,,Post-Harvest Losses,,,INFO,,21.6.7.2 The Insurance Companies are responsible for ensuring that sufﬁcient number of loss intimation forms are available at the bank branch & local Government ofﬁcials level. Any other additional do
PMFBY_2023_SEC_21_6_7_3,PMFBY_2023,child,43,113,113,21.6.7.3,,,Post-Harvest Losses,,,INFO,,"21.6.7.3 Weather data report from the WINDS network, Special Report (SR) under YES- TECH, IMD reports, Media reports, Local Newspaper cuttings to substantiate occurrence of loss event and severity of "
PMFBY_2023_SEC_21_6_8_1,PMFBY_2023,child,93,113,113,21.6.8.1,,,Post-Harvest Losses,,,INFO,,21.6.8.1 The loss assessors would be appointed by the Insurance Company for assessment of post-harvest losses. The loss assessors appointed by the Insurance Companies should be in accordance with the 
PMFBY_2023_SEC_21_6_8_2,PMFBY_2023,child,24,113,113,21.6.8.2,,,Post-Harvest Losses,,,INFO,,21.6.8.2 For compliance under the above provisions the Insurance Companies would utilize the empaneled loss assessors for using their services as and when required.
PMFBY_2023_SEC_21_6_8_3,PMFBY_2023,child,612,114,114,21.6.8.3,,,Post-Harvest Losses,,,INFO,,"21.6.8.3 The loss would be jointly assessed by a team comprising of loss assessor appointed by the insurer, block level agriculture ofﬁcer, primary worker of the agriculture or revenue department and "
PMFBY_2023_SEC_542,PMFBY_2023,child,39,114,115,,,,I. The tentative sample size would be as under:,TABLE_REVIEW,,INFO,F_TABLE,"I. The tentative sample size would be as under:

Intimation (Insured area under notiﬁed

Survey

crop)

All Intimations would be surveyed

Less than 25%

Sample survey at IU crop level as per mid-

>2"
PMFBY_2023_SEC_21_6_10_1,PMFBY_2023,child,25,115,115,21.6.10.1,,,Post-Harvest Losses,,,INFO,,21.6.10.1 Mere disbursement/sanction of loan without the receipt/debit of premium before the occurrence of insured peril would not make a farmer eligible for a claim.
PMFBY_2023_SEC_21_6_10_2,PMFBY_2023,child,67,115,115,21.6.10.2,,,Post-Harvest Losses,,,INFO,,"21.6.10.2 When affected area is limited up to 25% of the total insured area for the season in the notiﬁed insurance unit, the losses of eligible farmers would be assessed individually provided they ha"
PMFBY_2023_SEC_21_6_10_3,PMFBY_2023,child,109,115,115,21.6.10.3,,,Post-Harvest Losses,,,INFO,,"21.6.10.3 If the affected area under a notiﬁed crop is more than 25% of the total insured area in a notiﬁed insurance unit, all the eligible farmers who have taken insurance for the notiﬁed crop, whic"
PMFBY_2023_SEC_21_6_10_4,PMFBY_2023,child,122,115,115,21.6.10.4,,,Post-Harvest Losses,,,INFO,,"21.6.10.4 The eligibility of claim settlement shall be decided based on the outcome of the joint loss assessment surveys carried out by representatives of the Insurance Company, District Administratio"
PMFBY_2023_SEC_21_6_10_5,PMFBY_2023,child,60,115,115,21.6.10.5,,,Post-Harvest Losses,,,INFO,,21.6.10.5 STAC in coordination with State Remote Sensing Application Centre or TIP appointed under YES-TECH (for the crops notified under Crop Model Matrix (CMM)) will conduct assessment of loss as me
PMFBY_2023_SEC_21_6_10_6,PMFBY_2023,child,35,115,115,21.6.10.6,,,Post-Harvest Losses,,,INFO,,21.6.10.6 The pay-out under the cover would be disbursed by the Insurance Company only after the receipt of 2nd tranche of the Government share of premium subsidy (both the State/UT Government and the
PMFBY_2023_SEC_21_6_10_7,PMFBY_2023,child,21,115,115,21.6.10.7,,,Post-Harvest Losses,,,INFO,,"21.6.10.7 The Insurance Company would disburse the claim, if payable, within 15 days of the receipt of the loss survey report."
PMFBY_2023_SEC_21_6_10_8,PMFBY_2023,child,636,115,117,21.6.10.8,,,Post-Harvest Losses,TABLE_REVIEW,,INFO,F_TABLE,21.6.10.8 Farmers getting enrolled or whose premium is debited after the occurrence of insurance peril or data has not been uploaded on NCIP would not be eligible for ﬁnancial support under this cover
PMFBY_2023_SEC_551,PMFBY_2023,child,387,117,118,,,,Sl. No. Action required to be taken Action to be taken by Schedule for taking action,TABLE_REVIEW,,INFO,F_TABLE,"Protocol for Area based Assessment: If affected area>25% of total insured Area Sl. No. Action required to be taken Action to be taken by Schedule for taking action

Fulﬁllment of eligibility of post-
"
PMFBY_2023_SEC_552,PMFBY_2023,child,196,119,119,,,,Sl. No. Action required to be taken Action to be taken by Schedule for taking action,TABLE_REVIEW,,INFO,F_TABLE,"Sl. No. Action required to be taken Action to be taken by Schedule for taking action

based on the joint survey.

out the loss assessment

surveys subject to receipt of

full Government share of

Paym"
PMFBY_2023_SEC_21_7,PMFBY_2023,parent,11,119,121,21.7,,,Assessment of Claims & Claim Settlement,SHORT_CONTEXT_PARENT,,INFO,B_SHORT,21.7 Claim Settlement under Multiple Events of Similar or Different Perils
PMFBY_2023_SEC_21_7_1,PMFBY_2023,child,65,119,119,21.7.1,,,,,,INFO,,"21.7.1 There have been instances of multiple perils happening over the course of a crop season in an IU, or simultaneously during the crop harvesting window affecting same crop-land parcel or applicat"
PMFBY_2023_SEC_21_7_2,PMFBY_2023,child,57,119,119,21.7.2,,,,,,INFO,,"21.7.2 The claim events under PMFBY (including RWBCIS) have been divided into three wider categories on the basis of approach and applicability of these events:

A. Wide-Spread Events with Policy Term"
PMFBY_2023_SEC_21_7_3,PMFBY_2023,child,70,119,119,21.7.3,,,,,,INFO,,"21.7.3 In the event that the Claims for a same crop-Land parcel or application are triggered under different types of coverages viz., Localized Calamities, Mid-season adversity, post-harvest losses an"
PMFBY_2023_SEC_21_7_4,PMFBY_2023,child,104,119,120,21.7.4,,,,,,INFO,,"21.7.4 In case multiple events affecting same crop-Land parcel or application are triggered under the identical covers, differential claim amount will be paid without reducing the Sum Insured. i.e., t"
PMFBY_2023_SEC_21_7_5,PMFBY_2023,child,97,120,120,21.7.5,,,,,,INFO,,"21.7.5 In case of multiple claim events are triggered under different covers in combinations other than those specified above, then the available sum insured for the subsequent perils would be derived"
PMFBY_2023_SEC_21_7_6,PMFBY_2023,child,60,120,120,21.7.6,,,,,,INFO,,21.7.6 After the initial event the balance Sum Insured for any given application only shall be utilized to ascertain the payable claims in future events using the above modality. The final yield-based
PMFBY_2023_SEC_21_7_7,PMFBY_2023,child,102,120,120,21.7.7,,,,,,INFO,,"21.7.7 Under Para 21.7.2 (A) above, where the clause of Preventive Sowing/Failed Germination is triggered, the insurance cover will cease to exist and therefore there is no possibility of any further "
PMFBY_2023_SEC_21_7_8,PMFBY_2023,child,6,121,121,21.7.8,,,,SHORT_COMPLETE_PROVISION,,INFO,B_SHORT,21.7.8 Multi-Event Multi-Peril Claim Calculation Flowchart:
PMFBY_2023_SEC_562,PMFBY_2023,child,219,121,121,,,,Claim Reported,TABLE_REVIEW,,INFO,F_TABLE,"Claim Reported

Is this multi-peril

No

Calculate the claim by multiplying

claim reported on

%age with Notified SI & pay as

Same Land

per applicable provisions.

Parcel-Same Crop

& Same Season?
"
PMFBY_2023_SEC_563,PMFBY_2023,child,21,121,121,,,,Season ends,,,INFO,,"Season ends

yield based Claim

Harvest claims,

also?

Step 2: Reduce the previously paid claim under Mid-season and pay the balance"
PMFBY_2023_SEC_22,PMFBY_2023,parent,11,121,122,22,,,Participation of Loss Assessors/Evaluators for Loss Assessment,SHORT_CONTEXT_PARENT,,INFO,B_SHORT,22 Participation of Loss Assessors/Evaluators for Loss Assessment under the Scheme
PMFBY_2023_SEC_22_1,PMFBY_2023,parent,3,121,122,22.1,,,Participation of Loss Assessors/Evaluators for Loss Assessment,SHORT_CONTEXT_PARENT,,INFO,B_SHORT;D_TOP20_SHORT,22.1 Empanelment Criteria
PMFBY_2023_SEC_22_1_1,PMFBY_2023,child,62,121,122,22.1.1,,,Empanelment Criteria,,,INFO,,"22.1.1 The agencies having relevant ﬁeld experience, ﬁnancial and infrastructural strength, sufﬁcient skilled manpower having diploma in any subject with minimum 2 years of relevant experience or a Ba"
PMFBY_2023_SEC_22_1_2,PMFBY_2023,child,57,122,122,22.1.2,,,Empanelment Criteria,,,INFO,,"22.1.2 Once loss assessment agency has been empaneled by the GoI, it will be considered as a pre-qualiﬁed company to participate and engage with the concerned State/UT Government and Insurance Compani"
PMFBY_2023_SEC_22_1_3,PMFBY_2023,child,58,122,122,22.1.3,,,Empanelment Criteria,,,INFO,,"22.1.3 Once empaneled, the performance of such agencies will be evaluated every season against vital parameters defined in the monitoring and evaluation framework notified by the GoI and the non-perfo"
PMFBY_2023_SEC_22_1_4,PMFBY_2023,child,50,122,122,22.1.4,,,Empanelment Criteria,,,INFO,,22.1.4 Detailed guidelines for the empanelment and accreditation of loss assessment agencies shall be prepared and notified by the GoI separately. These guidelines will enable empanelment and de-empan
PMFBY_2023_SEC_22_1_5,PMFBY_2023,child,66,122,122,22.1.5,,,Empanelment Criteria,,,INFO,,"22.1.5 As loss assessment is a vital activity under the Scheme and forms the basis of claims settlement, any malpractice, manipulation or misreporting is non-acceptable and shall be taken very serious"
PMFBY_2023_SEC_22_1_6,PMFBY_2023,child,62,122,122,22.1.6,,,Empanelment Criteria,,,INFO,,"22.1.6 In order to develop the capacity of the loss assessment agencies and to create a large pool of Certified Crop Loss Assessors (CCLAs) at national level, GoI shall design a LMS based open online "
PMFBY_2023_SEC_22_1_7,PMFBY_2023,child,45,122,122,22.1.7,,,Empanelment Criteria,,,INFO,,"22.1.7 The loss assessment agencies shall be provided with a transition period of One/Two Years to create a pool of Certified Crop Loss Assessors (CCLA), after which the Loss assessment agencies shall"
PMFBY_2023_SEC_23,PMFBY_2023,parent,9,122,125,23,,,Procedure for Settlement of Claims to the Farmers,SHORT_CONTEXT_PARENT,,INFO,B_SHORT,23 Procedure for Settlement of Claims to the Farmers
PMFBY_2023_SEC_23_1,PMFBY_2023,child,118,122,122,23.1,,,Procedure for Settlement of Claims to the Farmers,,,INFO,,"23.1 The Insurance Company should have received the ﬁnal share of Government subsidy (2nd tranche), both Central and State, on the basis of the enrollment data basis the applications approved on the N"
PMFBY_2023_SEC_23_2,PMFBY_2023,child,96,122,123,23.2,,,Procedure for Settlement of Claims to the Farmers,,,INFO,,23.2 State Governments/UT Administrations shall compulsorily upload the Threshold Yield and Actual Yield data for all Crop-IUs on NCIP for all notiﬁed crops which shall also be veriﬁed and accepted by
PMFBY_2023_SEC_23_3,PMFBY_2023,child,187,123,123,23.3,,,Procedure for Settlement of Claims to the Farmers,,,INFO,,23.3 The DLMC will be required to upload or enter the details of crop loss as per the Joint Loss Survey conducted by DLJC for all intermediate loss events viz. prevented sowing/planting/germination fa
PMFBY_2023_SEC_23_4,PMFBY_2023,child,115,123,123,23.4,,,Procedure for Settlement of Claims to the Farmers,,,INFO,,23.4 The loss reports and Actual Yield data shall be approved or reverted (in case of any discrepancy or /concern on the authenticity and correctness of the report and data) by the Insurance Company. 
PMFBY_2023_SEC_23_5,PMFBY_2023,child,110,123,123,23.5,,,Procedure for Settlement of Claims to the Farmers,,,INFO,,"23.5 In case of wide-spread calamity (end of season claims), once yield data is ﬁnalized and received from the State/UT Government as per the decided cut-off-dates and is uploaded, approved and accept"
PMFBY_2023_SEC_23_6,PMFBY_2023,child,96,123,124,23.6,,,Procedure for Settlement of Claims to the Farmers,,,INFO,,"23.6 In case the CCE data submitted through CCE Agri App is not approved within the stipulated timelines, it will be auto- approved and used for claim calculation. In case of non-submission of Actual "
PMFBY_2023_SEC_23_7,PMFBY_2023,child,155,124,124,23.7,,,Procedure for Settlement of Claims to the Farmers,,,INFO,,"23.7 In case of farmers (loanee) covered by ﬁnancial Institutions, claims shall be released only electronically through NCIP using PFMS platform directly into insured farmer's given loan or saving ban"
PMFBY_2023_SEC_23_8,PMFBY_2023,child,127,124,124,23.8,,,Procedure for Settlement of Claims to the Farmers,,,INFO,,"23.8 In case of farmers (non-loanee) covered through Insurance intermediaries or CSC or any other enrollment channel, Aadhaar Enabled Payment System (AEPS) shall be used mandatorily as primary mode of"
PMFBY_2023_SEC_23_9,PMFBY_2023,child,37,124,124,23.9,,,Procedure for Settlement of Claims to the Farmers,,,INFO,,"23.9 For change of account numbers, a certificate/declaration shall be required to be submitted by the concerned farmer to the Insurance Company containing the revised and updated banking details and "
PMFBY_2023_SEC_23_10,PMFBY_2023,child,85,124,124,23.10,,,Procedure for Settlement of Claims to the Farmers,,,INFO,,"23.10 In case of demise or the insured farmer, the applications shall be enabled for the concerned Insurance Companies for updating the new bank account details of the legal heir of the insured farmer"
PMFBY_2023_SEC_23_11,PMFBY_2023,child,155,124,124,23.11,,,Procedure for Settlement of Claims to the Farmers,,,INFO,,23.11 In case the eligible claims could not be remitted by the Insurance Company to the concerned insured farmer during 6 consecutive seasons despite due attempts and efforts have been made to trace t
PMFBY_2023_SEC_23_12,PMFBY_2023,child,35,125,125,23.12,,,Procedure for Settlement of Claims to the Farmers,,,INFO,,"23.12 In case of claims under prevented/failed sowing, localized calamities, post-harvest losses; Insurance Company will process the claims after assessment and shall release the claims as per detaile"
PMFBY_2023_SEC_23_13,PMFBY_2023,child,116,125,125,23.13,,,Procedure for Settlement of Claims to the Farmers,,,INFO,,23.13 The claim settlement intimation shall be sent to each beneﬁciary farmer through SMS initiated through NCIP and an intimation through Chatbot platform shall also be initiated to the farmers. Stat
PMFBY_2023_SEC_23_14,PMFBY_2023,child,107,125,125,23.14,,,Procedure for Settlement of Claims to the Farmers,,,INFO,,"23.14 In any situation, the State/UT Government cannot reopen or re-calculate already assessed and disbursed claims after 30 days from the time of claim settlement for the notiﬁed crop(s) at the notiﬁ"
PMFBY_2023_SEC_23_15,PMFBY_2023,child,46,125,125,23.15,,,Procedure for Settlement of Claims to the Farmers,,,INFO,,23.15 All the details of the farmers pertaining to payment of claims shall be veriﬁed through PFMS before initiating the claim payment on NCIP. Applications with invalidated bank accounts and Aadhaar 
PMFBY_2023_SEC_23_16,PMFBY_2023,parent,70,125,125,23.16,,,Procedure for Settlement of Claims to the Farmers,,,INFO,,23.16 The State/UT may define the minimum claim amount per farmer as threshold for all the seasons below which the claims shall be held back by the insurance companies. The claims above this threshold
PMFBY_2023_SEC_23_16_1,PMFBY_2023,child,20,125,125,23.16.1,,,,,,INFO,,23.16.1 Option 1 – The amount below the defined threshold may be transferred to FIAT account maintained by the GoI.
PMFBY_2023_SEC_23_16_2,PMFBY_2023,child,22,125,125,23.16.2,,,,,,INFO,,23.16.2 Option 2 – The State/UTs may top-up the actual claim amount from their own budget to meet the defined minimum threshold.
PMFBY_2023_SEC_23_16_3,PMFBY_2023,child,29,125,125,23.16.3,,,,,,INFO,,23.16.3 Option 3 - The State/UTs may retain the claim amount below the defined threshold and add to the claim amount of the same farmer in the next season(s).
PMFBY_2023_SEC_24,PMFBY_2023,parent,9,125,126,24,,,Important Conditions/ Clauses Applicable for Coverage of Risks,SHORT_CONTEXT_PARENT,,INFO,B_SHORT,24 Important Conditions/ Clauses Applicable for Coverage of Risks
PMFBY_2023_SEC_24_1,PMFBY_2023,child,59,125,126,24.1,,,Important Conditions/ Clauses Applicable for Coverage of Risks,,,INFO,,"24.1 Insurance Companies shall receive the premium for coverage either from the bank, channel partner, CSC-VLE, insurance intermediary or directly. In case of any error in data entry or non-entry of r"
PMFBY_2023_SEC_24_2,PMFBY_2023,child,46,126,126,24.2,,,Important Conditions/ Clauses Applicable for Coverage of Risks,,,INFO,,"24.2 In case of any substantial misreporting by nodal bank /branch with respect to loanee farmers coverage which may include incorrect insured and sown acreage and survey number details, bank account "
PMFBY_2023_SEC_24_3,PMFBY_2023,child,67,126,126,24.3,,,Important Conditions/ Clauses Applicable for Coverage of Risks,,,INFO,,"24.3 Mere sanctioning/disbursement of crop loans and the submission of relevant data on NCIP and remittance of premium by the farmer or bank, without explicit intent to raise the crop or without havin"
PMFBY_2023_SEC_24_4,PMFBY_2023,child,58,126,126,24.4,,,Important Conditions/ Clauses Applicable for Coverage of Risks,,,INFO,,24.4 The acceptance of risk and payment of claims by Insurance Company shall be purely based on the provisions of these Guidelines and no other guidelines or modalities of any other scheme of Central/
PMFBY_2023_SEC_25,PMFBY_2023,parent,3,126,128,25,,,Acreage Discrepancy,SHORT_CONTEXT_PARENT,,INFO,B_SHORT;D_TOP20_SHORT,25 Acreage Discrepancy
PMFBY_2023_SEC_25_1,PMFBY_2023,child,452,126,127,25.1,,,Acreage Discrepancy,,,INFO,,"25.1 Some areas across the country in the past have reported excess insurance coverage vis-à-vis planted or sown acreage, leading to over-insurance. Any discrepancy in coverage of excess area should b"
PMFBY_2023_SEC_25_2,PMFBY_2023,child,33,127,127,25.2,,,Acreage Discrepancy,,,INFO,,25.2 The Insurance Companies should also verify sufﬁcient number of insured land parcels for each notiﬁed major crop by visiting those Insured ﬁelds and report the same though mobile app to the GoI.
PMFBY_2023_SEC_25_3,PMFBY_2023,child,165,127,127,25.3,,,Acreage Discrepancy,,,INFO,,"25.3 Under the scheme, notiﬁed crops are being insured by the Insurance Companies on the basis of actuarial premium rate by sufficiently pricing the underlying risk, hence, it is not their prerogative"
PMFBY_2023_SEC_25_4,PMFBY_2023,child,107,127,127,25.4,,,Acreage Discrepancy,,,INFO,,"25.4 Any case of large-scale irregularities or anomalies regarding insurance of excess area i.e. the insured area being more than the published sown area (i.e., the average of the last three consecuti"
PMFBY_2023_SEC_25_5,PMFBY_2023,child,202,127,127,25.5,,,Acreage Discrepancy,,,INFO,,"25.5 In spite of all suitable measures taken by the Insurance Company for de-duplication and elimination of ghost farmers or identification of excess area insured by the individual farmers, all Insura"
PMFBY_2023_SEC_25_6,PMFBY_2023,child,76,127,128,25.6,,,Acreage Discrepancy,,,INFO,,"25.6 If at all, ACF has to be applied in the case of established gross irregularities on ground, until the land integration, ceding of land parcels with Aadhaar or Unique Land Parcel Identification Nu"
PMFBY_2023_SEC_25_7,PMFBY_2023,child,138,128,128,25.7,,,Acreage Discrepancy,,,INFO,,"25.7 If the difference between insured area and sown area (maximum of preceding last three years) is greater than 30% at the Block/Tehsil/Taluka level, the matter should be compulsorily brought to the"
PMFBY_2023_SEC_25_8,PMFBY_2023,child,73,128,128,25.8,,,Acreage Discrepancy,,,INFO,,"25.8 Accordingly, after scrutiny, excess insured area, if any shall be treated as un-insured and corresponding farmer's premium will be forfeited. The same will be surrendered to the FIAT Fund maintai"
PMFBY_2023_SEC_25_9,PMFBY_2023,child,37,128,128,25.9,,,Acreage Discrepancy,,,INFO,,25.9 Premium subsidy surrendered by the Insurance Companies due to application of ACF shall be refunded to the Central and State Governments/UT Administrations respectively in their subsidy sharing ra
PMFBY_2023_SEC_26,PMFBY_2023,parent,9,128,131,26,,,Information Education & Communication (IEC) and Capacity Building,SHORT_CONTEXT_PARENT,,INFO,B_SHORT,26 Information Education & Communication (IEC) and Capacity Building
PMFBY_2023_SEC_26_1,PMFBY_2023,child,150,128,128,26.1,,,Information Education & Communication (IEC) and Capacity Building,,,INFO,,"26.1 Information, Education and Communication (IEC) and Capacity Building activities through awareness drives, campaigns, trainings and handholding support are the focus areas under revamped PMFBY. It"
PMFBY_2023_SEC_26_2,PMFBY_2023,child,178,128,129,26.2,,,Information Education & Communication (IEC) and Capacity Building,,,INFO,,26.2 Major challenge in creating well informed ecosystem is the multiple layers of hierarchy within each stakeholder and their different levels of understanding about scheme implementation aspects. Th
PMFBY_2023_SEC_26_3,PMFBY_2023,child,97,129,129,26.3,,,Information Education & Communication (IEC) and Capacity Building,,,INFO,,"26.3 It requires sensitization of higher authorities of the targeted stakeholders at the National, State/UT, & district level, massive awareness generation and error free implementation at the ground "
PMFBY_2023_SEC_26_4,PMFBY_2023,parent,25,129,131,26.4,,,Information Education & Communication (IEC) and Capacity Building,,,INFO,,26.4 Following would be the broad strategies for creating awareness and improve knowledge about the scheme that shall be focused by GoI for desired outcomes:
PMFBY_2023_SEC_26_4_1,PMFBY_2023,child,101,129,129,26.4.1,,,,,,INFO,,26.4.1 All IEC and Training and Capacity Building activities need to be carried out in a multi-pronged approach comprising of awareness generation at a mass level and sensitization of key stakeholders
PMFBY_2023_SEC_26_4_2,PMFBY_2023,child,71,129,129,26.4.2,,,,,,INFO,,"26.4.2 At the beginning of each crop season, concerned Insurance Companies need to prepare a stakeholder-wise micro level IEC and training activity plan and ensure strict implementation of the same. T"
PMFBY_2023_SEC_26_4_3,PMFBY_2023,child,40,129,129,26.4.3,,,,,,INFO,,26.4.3 The Insurance Companies shall undertake an exercise of activity mapping and corresponding budget allocation for IEC and Training. This would help in planning diverse activities with maximum out
PMFBY_2023_SEC_26_4_4,PMFBY_2023,child,71,129,130,26.4.4,,,,,,INFO,,26.4.4 Adequate publicity and awareness generation needs to be conducted in all the villages of the notiﬁed districts and IUs by all the implementing stakeholders in co-ordination with each other. All
PMFBY_2023_SEC_26_4_5,PMFBY_2023,child,66,130,130,26.4.5,,,,,,INFO,,26.4.5 Awareness generation and training and capacity building activities need to be carried out on regular basis starting from three months prior to the beginning of the enrolment period till the cla
PMFBY_2023_SEC_26_4_6,PMFBY_2023,child,22,130,130,26.4.6,,,,,,INFO,,26.4.6 Insurance Companies are required to prepare a dynamic social media calendar for generating awareness and addressing issues raised on social media.
PMFBY_2023_SEC_26_4_7,PMFBY_2023,child,28,130,130,26.4.7,,,,,,INFO,,26.4.7 State Governments/UT Administrations shall facilitate all the implementing stakeholders in organizing training & capacity building and sensitization workshops/ on key implementation activities 
PMFBY_2023_SEC_26_4_8,PMFBY_2023,child,55,130,130,26.4.8,,,,,,INFO,,"26.4.8 Insurance Companies shall earmark 0.5% of the Gross Written Premium for the concerned season for expenses on publicity, awareness generation, training and capacity building activities at the ﬁe"
PMFBY_2023_SEC_26_4_9,PMFBY_2023,child,168,130,130,26.4.9,,,,,,INFO,,26.4.9 A share of 0.25% of the total Gross Premium i.e. 50% out of the earmarked 0.5% of the Gross Written Premium will be pooled at the central level in the form of a Central IEC Pool Fund which shal
PMFBY_2023_SEC_26_4_10,PMFBY_2023,child,68,130,130,26.4.10,,,,,,INFO,,"26.4.10 The balance 0.25% of gross funds for IEC needs to be spent by Insurance Companies on publicity, awareness generation, training and capacity building activities about the scheme while synchroni"
PMFBY_2023_SEC_26_4_11,PMFBY_2023,child,35,130,130,26.4.11,,,,,,INFO,,26.4.11 Specific IEC needs of NER/Himalayan States and UTs may be taken up by the GoI through IEC advisory committee on case-to-case basis and the GoI may direct the concerned Insurance Company regard
PMFBY_2023_SEC_26_4_12,PMFBY_2023,child,34,130,130,26.4.12,,,,,,INFO,,"26.4.12 All the publicity material/information/training material should necessarily be uploaded on the NCIP or Mobile App specially designed by GoI along with the coverage, frequency and duration etc."
PMFBY_2023_SEC_26_4_13,PMFBY_2023,child,61,130,131,26.4.13,,,,,,INFO,,26.4.13 Resources from Central IEC Pool Fund shall also be used to support the engagement of apex/premier institutes at the national and state level having institutional infrastructure and skilled hum
PMFBY_2023_SEC_26_4_14,PMFBY_2023,child,25,131,131,26.4.14,,,,,,INFO,,26.4.14 All the stakeholders are required to contribute in developing a pool of resource persons/master trainers on the subject of crop insurance across the country.
PMFBY_2023_SEC_26_4_15,PMFBY_2023,child,65,131,131,26.4.15,,,,,,INFO,,26.4.15 Insurance Companies to contribute in building institutional capacities by providing training and support to the Faculty Members of select apex/premier training institutes (identiﬁed/empaneled 
PMFBY_2023_SEC_26_4_16,PMFBY_2023,child,49,131,131,26.4.16,,,,,,INFO,,"26.4.16 Strict monitoring, tracking and impact assessment of all the activities planned and executed through the Central IEC Pool Fund at National and State/UT level shall be done periodically for ens"
PMFBY_2023_SEC_27_1,PMFBY_2023,child,41,131,131,27.1,,,,STRUCTURE_UNCERTAIN,,INFO,E_STRUCTURE,"27.1 All payments of commission, rewards & service charges by the Insurance Company to Banks, CSC eGov & Insurance Intermediaries etc. shall be subject to the applicable circulars and regulations issu"
PMFBY_2023_SEC_27_2,PMFBY_2023,child,44,131,131,27.2,,,,STRUCTURE_UNCERTAIN,,INFO,E_STRUCTURE,"27.2 Even if the farmer's share of premium is contributed or/ﬁnanced by the concerned State Governments/UT Administrations under preferential universalization, the applicable service charges on total "
PMFBY_2023_SEC_27_3,PMFBY_2023,child,84,131,131,27.3,,,,STRUCTURE_UNCERTAIN,,INFO,E_STRUCTURE,"27.3 The bank Head Ofﬁces, CSC e-Gov & Insurance Intermediaries shall request service charges from Insurance Companies based on approved applications for the respective season. The Bank HQ, CSC e-Gov "
PMFBY_2023_SEC_27_4,PMFBY_2023,child,85,131,131,27.4,,,,STRUCTURE_UNCERTAIN,,INFO,E_STRUCTURE,"27.4 No service charges will be payable to the concerned bank/branches, CSC e-Gov, Insurance Intermediaries etc. for the applications involving anomaly or misrepresentation of details or data and for "
PMFBY_2023_SEC_27_5,PMFBY_2023,child,48,131,132,27.5,,,,STRUCTURE_UNCERTAIN,,INFO,E_STRUCTURE,"27.5 If there is a delay in the payment of service charges by the Insurance Company beyond 30 days of ﬁnalization of enrollment statistics, the payable service charges shall be required to be paid wit"
PMFBY_2023_SEC_27_6,PMFBY_2023,child,42,132,132,27.6,,,,STRUCTURE_UNCERTAIN,,INFO,E_STRUCTURE,"27.6 The services charges shall be paid by the concerned Insurance Companies to the Banks, CSC eGov & other Insurance Intermediaries without waiting for the full premium receipt, subject to receipt of"
PMFBY_2023_SEC_27_7,PMFBY_2023,parent,6,132,132,27.7,,,Bank HQs and Bank Branches,SHORT_CONTEXT_PARENT;STRUCTURE_UNCERTAIN,,INFO,B_SHORT;E_STRUCTURE,27.7 Bank HQs and Bank Branches
PMFBY_2023_SEC_27_7_1,PMFBY_2023,child,237,132,132,27.7.1,,,Bank HQs and Bank Branches,,,INFO,,"27.7.1 Bank and other ﬁnancial institutions, including the Banking Correspondents shall be paid service charges @ 4% of the farmer's share of premium by Insurance Company for the farmers enrolled by t"
PMFBY_2023_SEC_27_8,PMFBY_2023,parent,6,132,133,27.8,,,"CSC, BCs & Other Intermediaries",SHORT_CONTEXT_PARENT;STRUCTURE_UNCERTAIN,,INFO,B_SHORT;E_STRUCTURE,"27.8 CSC, BCs & Other Intermediaries"
PMFBY_2023_SEC_27_8_1,PMFBY_2023,child,148,132,132,27.8.1,,,"CSC, BCs & Other Intermediaries",,,INFO,,27.8.1 CSC e-Gov. India Pvt. Ltd. shall be paid service charges as decided by GoI from time to time and mutually agreed between CSC e-Gov and concerned Insurers for all applications approved by the In
PMFBY_2023_SEC_27_8_2,PMFBY_2023,child,117,132,133,27.8.2,,,"CSC, BCs & Other Intermediaries",,,INFO,,"27.8.2 Common Service Centers, Banking Correspondents shall be paid service charges by Insurance Companies, against the finally approved applications generated by them. This includes charges for submi"
PMFBY_2023_SEC_27_8_3,PMFBY_2023,child,82,133,133,27.8.3,,,"CSC, BCs & Other Intermediaries",,,INFO,,27.8.3 Rural and other insurance intermediaries engaged in providing services under the scheme to the farmers for enrolment may be paid service charges as mutually agreed between the Insurance Interme
PMFBY_2023_SEC_28,PMFBY_2023,parent,6,133,133,28,,,Goods & Service Tax (GST),SHORT_CONTEXT_PARENT,,INFO,B_SHORT,28 Goods & Service Tax (GST)
PMFBY_2023_SEC_28_1,PMFBY_2023,child,17,133,133,28.1,,,Goods & Service Tax (GST),SHORT_COMPLETE_PROVISION,,INFO,B_SHORT,28.1 Collection of premiums under the Scheme is exempted from applicability of Goods & Service Tax (GST).
PMFBY_2023_SEC_29,PMFBY_2023,parent,7,133,134,29,,,Monitoring and Review of the Scheme,SHORT_CONTEXT_PARENT,,INFO,B_SHORT,29 Monitoring and Review of the Scheme
PMFBY_2023_SEC_29_1,PMFBY_2023,child,50,133,133,29.1,,,Monitoring and Review of the Scheme,,,INFO,,"29.1 The State Level Coordination Committee on Crop Insurance (SLCCCI) of the concerned State shall be responsible for the monitoring of the Schemes in respective States & UTs. However, a National Lev"
PMFBY_2023_SEC_29_2,PMFBY_2023,child,90,133,133,29.2,,,Monitoring and Review of the Scheme,,,INFO,,"29.2 A National Review Conference shall be held twice in a year or as decided by the Crop Insurance Division of DA&FW, GoI to review the progress with all concerned stakeholders under the scheme to di"
PMFBY_2023_SEC_29_3,PMFBY_2023,parent,25,133,134,29.3,,,Monitoring and Review of the Scheme,,,INFO,,29.3 The following monitoring measures are proposed to ensure the effective implementation of the Scheme during each crop season ensuring maximum beneﬁts to the farmers:
PMFBY_2023_SEC_29_3_1,PMFBY_2023,child,80,133,133,29.3.1,,,,,,INFO,,29.3.1 The Bank branches/CSCs/ Insurance intermediaries may collect the details of individual insured farmers (both loanee and non-loanee) and submit the information electronically using the web or CB
PMFBY_2023_SEC_29_3_2,PMFBY_2023,child,91,133,133,29.3.2,,,,,,INFO,,29.3.2 The calculation of excess insured area if any shall be reported by the Insurance Companies immediately after the completion of coverage period and uploading of data of individual insured farmer
PMFBY_2023_SEC_29_3_3,PMFBY_2023,child,78,134,134,29.3.3,,,,,,INFO,,"29.3.3 Insurance Companies shall calculate crop-wise, IU wise payable claims on add-on covers and final claims based on the actual yield data and threshold yield as per the type of TY adopted at the t"
PMFBY_2023_SEC_29_3_4,PMFBY_2023,child,54,134,134,29.3.4,,,,,,INFO,,"29.3.4 After the ﬁnalization of the claim amount from the concerned Insurance Companies, the same shall be made available on the NCIP for the concerned bank branches, CSC e-Gov and other channel partn"
PMFBY_2023_SEC_29_3_5,PMFBY_2023,child,61,134,134,29.3.5,,,,,,INFO,,"29.3.5 The individual farmer shall be able to check and track the status of Application, Claim and Grievance ticket on the NCIP. Further, the farmer should be able to raise complaints, queries and gri"
PMFBY_2023_SEC_29_3_6,PMFBY_2023,child,76,134,134,29.3.6,,,,,,INFO,,"29.3.6 The State/UTs should ensure that crop insurance products, including the weather index-based coverage under RWBCIS, provide comprehensive insurance coverage to the farmers on sound insurance pri"
PMFBY_2023_SEC_29_3_7,PMFBY_2023,child,35,134,134,29.3.7,,,,,,INFO,,"29.3.7 About 5% of the beneﬁciaries shall be veriﬁed by Regional Ofﬁces or Local level Ofﬁces of Insurance Companies who will send the feedback on Crop Insurance to the concerned DLMC, State/UT Govern"
PMFBY_2023_SEC_29_3_8,PMFBY_2023,child,30,134,134,29.3.8,,,,,,INFO,,29.3.8 At least 10% of the beneﬁciaries veriﬁed by the Insurance Companies may be cross veriﬁed by the concerned DLMC and they should send the feedback to the State/UT Government.
PMFBY_2023_SEC_29_3_9,PMFBY_2023,child,40,134,134,29.3.9,,,,,,INFO,,29.3.9 1% to 2% of the beneﬁciaries may be veriﬁed and validated by the Head Ofﬁce of the Insurance Companies or the Independent Agencies appointed by the GoI or NLMC and they should send the necessar
PMFBY_2023_SEC_30,PMFBY_2023,parent,4,134,138,30,,,Grievance Redressal Mechanism,SHORT_CONTEXT_PARENT,,INFO,B_SHORT,30 Grievance Redressal Mechanism
PMFBY_2023_SEC_30_1,PMFBY_2023,child,39,134,134,30.1,,,Grievance Redressal Mechanism,,,INFO,,30.1 Each implementing State/UT and empaneled Insurance Companies are required to compulsorily collaborate for setting up a robust grievance redressal mechanism with requisite infrastructure up to the
PMFBY_2023_SEC_30_2,PMFBY_2023,child,94,134,135,30.2,,,Grievance Redressal Mechanism,,,INFO,,"30.2 At the initial level, for grievance redressal, each district shall designate a Taluka and District level grievance redressal ofﬁcer preferably Tehsil/Taluk or District Agriculture/Horticulture Of"
PMFBY_2023_SEC_30_3,PMFBY_2023,child,199,135,135,30.3,,,Grievance Redressal Mechanism,,,INFO,,"30.3 Appellate Committee (AC)/DGRC at District Level: In line with the DLMC, an Appellate Committee (AC)/DGRC shall also be constituted for redressal of grievances of Farmers, Banks, Insurance Company"
PMFBY_2023_SEC_30_4,PMFBY_2023,child,101,135,135,30.4,,,Grievance Redressal Mechanism,,,INFO,,"30.4 State Level Grievance Redressal Committee (SGRC): The State/UT shall also constitute a State Level Grievance Redressal Committee for redressal of grievance of Farmers, Banks, Insurance Company, C"
PMFBY_2023_SEC_30_5,PMFBY_2023,child,372,135,136,30.5,,,Grievance Redressal Mechanism,,,INFO,,30.5 The grievances which have wider scope of effect impacting a greater number of districts or there is a breach of guidelines by any of the stakeholder or the grievance matter exceeds Rs. 25 Lakh in
PMFBY_2023_SEC_30_6,PMFBY_2023,parent,7,136,137,30.6,,,Grievance Redressal Mechanism,SHORT_CONTEXT_PARENT,,INFO,B_SHORT,30.6 Krishi Rakshak Portal & Helpline (KRPH)
PMFBY_2023_SEC_30_6_1,PMFBY_2023,child,160,136,136,30.6.1,,,Krishi Rakshak Portal & Helpline (KRPH),,,INFO,,"30.6.1 A dedicated Centralized Toll-free Number, under the aegis of Krishi Rakshak Portal & Helpline (KRPH) has been set-up for query resolution and grievance redressal of farmers. Any query or compla"
PMFBY_2023_SEC_30_6_2,PMFBY_2023,child,58,136,136,30.6.2,,,Krishi Rakshak Portal & Helpline (KRPH),,,INFO,,"30.6.2 The Krishi Rakshak Portal shall be the centralized system equipped with the necessary features viz., Complaint/Query capturing through multiple modes (electronic, telephonic and conventional or"
PMFBY_2023_SEC_30_6_3,PMFBY_2023,child,175,136,137,30.6.3,,,Krishi Rakshak Portal & Helpline (KRPH),,,INFO,,"30.6.3 The farmers’ grievances would be registered and transmitted to the concerned Insurance Company, banks, CSC e-Gov, State, Districts or Bank users etc., for resolution within a definite turn-arou"
PMFBY_2023_SEC_30_6_4,PMFBY_2023,child,52,137,137,30.6.4,,,Krishi Rakshak Portal & Helpline (KRPH),,,INFO,,"30.6.4 The system shall not only take the grievances/queries through calls but will also facilitate those grievances from the farmers which are received through other sources like mobile app, Chatbot,"
PMFBY_2023_SEC_30_6_5,PMFBY_2023,child,73,137,137,30.6.5,,,Krishi Rakshak Portal & Helpline (KRPH),,,INFO,,30.6.5 Every grievance shall be taken to a logical conclusion to the satisfaction of the farmer. Every grievance will have a Ticket ID with ticket closure responsibility lying with the Insurance Compa
PMFBY_2023_SEC_30_6_6,PMFBY_2023,child,94,137,137,30.6.6,,,Krishi Rakshak Portal & Helpline (KRPH),,,INFO,,"30.6.6 IRDAI already has an Integrated Grievance Management System named as Bima Bharosa, a platform for complaint registration and grievance redressal, which shall also be integrated with KRPH for re"
PMFBY_2023_SEC_30_6_7,PMFBY_2023,child,24,137,137,30.6.7,,,Krishi Rakshak Portal & Helpline (KRPH),,,INFO,,30.6.7 Any grievance resolved by the respective stakeholders shall be liable for re-opening in case the concerned farmer is not satisfied with the resolution.
PMFBY_2023_SEC_30_7,PMFBY_2023,parent,7,137,138,30.7,,,Grievance Redressal Mechanism,SHORT_CONTEXT_PARENT,,INFO,B_SHORT,30.7 Grievance Redressal Mechanism by Insurance Company
PMFBY_2023_SEC_30_7_1,PMFBY_2023,child,116,137,137,30.7.1,,,Grievance Redressal Mechanism by Insurance Company,,,INFO,,30.7.1 Each implementing Insurance Company will put in place an effective and resilient Grievance Redressal Mechanism for resolution and disposal of all grievances received through multiple channels v
PMFBY_2023_SEC_30_7_2,PMFBY_2023,child,25,137,137,30.7.2,,,Grievance Redressal Mechanism by Insurance Company,,,INFO,,"30.7.2 Similarly, senior resource persons at the District and State level should be equipped to participate in DGRC and SGRC meeting to resolve such grievances."
PMFBY_2023_SEC_30_7_3,PMFBY_2023,child,47,138,138,30.7.3,,,Grievance Redressal Mechanism by Insurance Company,,,INFO,,"30.7.3 Insurance Company shall ensure that details of the grievance redressal ofﬁcers along with the name, address and contact number and email id is publicized widely among farmers. Insurance Compani"
PMFBY_2023_SEC_30_7_4,PMFBY_2023,child,35,138,138,30.7.4,,,Grievance Redressal Mechanism by Insurance Company,,,INFO,,30.7.4 Insurance Company shall have to mandatorily prepare and submit monthly report containing details of all such grievances reported and their disposal status to respective Grievance Redressal Comm
PMFBY_2023_SEC_30_7_5,PMFBY_2023,child,23,138,138,30.7.5,,,Grievance Redressal Mechanism by Insurance Company,,,INFO,,"30.7.5 All the queries, complaints or grievances related to the scheme shall mandatorily be ported and handled through Krishi Rakshak Portal & Helpline."
PMFBY_2023_SEC_30_8,PMFBY_2023,parent,18,138,138,30.8,,,Grievance Redressal Mechanism,SHORT_CONTEXT_PARENT,,INFO,B_SHORT,"30.8 Committee to Examine the Additional Claims Arising due to Errors, Omissions and Commissions of the ﬁnancial Institutions"
PMFBY_2023_SEC_30_8_1,PMFBY_2023,child,90,138,138,30.8.1,,,,,,INFO,,"30.8.1 A committee has been be constituted under the chairpersonship of CEO- PMFBY/Joint Secretary (Credit), DA&FW with the representatives of Internal Finance Division (IFD), DA&FW, concerned State/U"
PMFBY_2023_SEC_30_8_2,PMFBY_2023,child,19,138,138,30.8.2,,,,SHORT_COMPLETE_PROVISION,,INFO,B_SHORT,30.8.2 The Committee may also invite the senior executive/ofﬁcers of concerned stakeholders to present their cases before the committee.
PMFBY_2023_SEC_30_8_3,PMFBY_2023,child,46,138,138,30.8.3,,,,,,INFO,,30.8.3 The Committee will take ﬁnal decision in this regard including recommendation for the payment of admissible government subsidy to facilitate the payment of admissible claims and/ or payment of 
PMFBY_2023_SEC_30_8_4,PMFBY_2023,child,64,138,138,30.8.4,,,,,,INFO,,30.8.4 The committees constituted at Tehsil/District or State level under PMFBY for redressal of various disputes and grievances of the stakeholders should examine and dispose of grievances including 
PMFBY_2023_SEC_31,PMFBY_2023,parent,8,138,140,31,,,Empanelment and Selection of Insurance Companies (ICs),SHORT_CONTEXT_PARENT,,INFO,B_SHORT,31 Empanelment and Selection of Insurance Companies (ICs)
PMFBY_2023_SEC_31_1,PMFBY_2023,parent,3,138,139,31.1,,,Empanelment and Selection of Insurance Companies (ICs),SHORT_CONTEXT_PARENT,,INFO,B_SHORT;D_TOP20_SHORT,31.1 Empanelment Criteria
PMFBY_2023_SEC_31_1_1,PMFBY_2023,child,82,138,138,31.1.1,,,Empanelment Criteria,,,INFO,,"31.1.1 All the General Insurance Companies including specialized Insurance Companies as empaneled by DA&FW, GoI and selected by concerned State Governments/UT Administrations through a tendering proce"
PMFBY_2023_SEC_31_1_2,PMFBY_2023,child,163,139,139,31.1.2,,,Empanelment Criteria,,,INFO,,31.1.2 Insurance Companies shall not be permitted to surrender full or partial clusters or districts once the company has been selected as L1 bidder. If any Insurance Company declines after being decl
PMFBY_2023_SEC_31_1_3,PMFBY_2023,child,28,139,139,31.1.3,,,Empanelment Criteria,,,INFO,,"31.1.3 Each Insurance Company should compulsorily bid for any NER or Himalayan States and UTs. Suitable penalty may be imposed to the non-participating insurers by the D&FW, GoI."
PMFBY_2023_SEC_31_1_4,PMFBY_2023,child,56,139,139,31.1.4,,,Empanelment Criteria,,,INFO,,"31.1.4 Core businesses such as underwriting, grievance redressal, claim calculation and settlement cannot be outsourced by the Insurance Company to any third party outside of the organization. Suitabl"
PMFBY_2023_SEC_31_1_5,PMFBY_2023,child,80,139,139,31.1.5,,,Empanelment Criteria,,,INFO,,"31.1.5 Since premium rate is being decided on the basis of transparent bidding process, the co-insurance arrangements between the insurers as per the standard practices of the insurance industry withi"
PMFBY_2023_SEC_31_2,PMFBY_2023,parent,11,139,140,31.2,,,Empanelment and Selection of Insurance Companies (ICs),SHORT_CONTEXT_PARENT,,INFO,B_SHORT,31.2 Selection Criteria of Empaneled Insurance Companies as Implementing Agency (IA)
PMFBY_2023_SEC_31_2_1,PMFBY_2023,child,76,139,139,31.2.1,,,Selection Criteria of Empaneled Insurance Companies as Implementing,,,INFO,,"31.2.1 The selection of Insurance Company from the empaneled list, as communicated by DA&FW, GoI from time to time, to act as Implementing Agency (IA) shall be done by the concerned States/UTs for imp"
PMFBY_2023_SEC_31_2_2,PMFBY_2023,child,100,139,139,31.2.2,,,Selection Criteria of Empaneled Insurance Companies as Implementing,,,INFO,,"31.2.2 Before the commencement of the crop season, the State/UT Government would invite the pre-qualiﬁed empaneled Insurance Companies through open tender for submission of district-wise and crop-wise"
PMFBY_2023_SEC_31_2_3,PMFBY_2023,child,57,140,140,31.2.3,,,Selection Criteria of Empaneled Insurance Companies as Implementing,,,INFO,,"31.2.3 Based on the district-wise and crop-wise actuarial premium rates quoted by the empaneled companies, the total premium amount and weighted average premium rates for cluster of districts will be "
PMFBY_2023_SEC_31_2_4,PMFBY_2023,child,122,140,140,31.2.4,,,Selection Criteria of Empaneled Insurance Companies as Implementing,,,INFO,,31.2.4 State/UTs shall be required to select Insurance Companies for minimum period of three years. Ensuring long-term continuity will facilitate the Insurance Companies to build their credibility amo
PMFBY_2023_SEC_31_2_5,PMFBY_2023,child,67,140,140,31.2.5,,,Selection Criteria of Empaneled Insurance Companies as Implementing,,,INFO,,"31.2.5 The insurance coverage in terms of the number of farmers and acreage should be at least at the level of the corresponding previous season. In case of fall in coverage, DA&FW, GoI may get the fa"
PMFBY_2023_SEC_31_2_6,PMFBY_2023,child,89,140,140,31.2.6,,,Selection Criteria of Empaneled Insurance Companies as Implementing,,,INFO,,"31.2.6 The State/UT Government may provide the requisite data about past yield of the last 10 consecutive years or more, threshold yield, crop-wise sum insured, indemnity level, insurance unit levels,"
PMFBY_2023_SEC_32,PMFBY_2023,parent,9,140,141,32,,,Clustering/Clubbing of Districts for Bidding by the State/UT,SHORT_CONTEXT_PARENT,,INFO,B_SHORT,32 Clustering/Clubbing of Districts for Bidding by the State/UT
PMFBY_2023_SEC_32_1,PMFBY_2023,child,161,140,140,32.1,,,Clustering/Clubbing of Districts for Bidding by the State/UT,,,INFO,,"32.1 In order to diversify and spread the risk and cover high risk and low risk districts area without any prejudice, the State Governments/UT Administrations are required to group the districts/ area"
PMFBY_2023_SEC_32_2,PMFBY_2023,child,74,140,141,32.2,,,Clustering/Clubbing of Districts for Bidding by the State/UT,,,INFO,,"32.2 The district having a very high risks exposure, i.e., the total Sum Insured (SI) value may also be divided and distributed across clusters, combining sub-districts as a new cluster or clubbing wi"
PMFBY_2023_SEC_32_3,PMFBY_2023,child,103,141,141,32.3,,,Clustering/Clubbing of Districts for Bidding by the State/UT,,,INFO,,"32.3 The Clustering/ Clubbing of districts should be done to achieve the following objectives:

A. Cluster formation shall be applicable for up to 3 years and shall not be changed

during the contract"
PMFBY_2023_SEC_32_4,PMFBY_2023,child,67,141,141,32.4,,,Clustering/Clubbing of Districts for Bidding by the State/UT,,,INFO,,"32.4 Hence, one of the major requirements of clustering is the risk analysis of different districts. For the purpose of clustering and clubbing of districts and determination of L1 bidder, the risk is"
PMFBY_2023_SEC_32_5,PMFBY_2023,child,80,141,141,32.5,,,Clustering/Clubbing of Districts for Bidding by the State/UT,,,INFO,,"32.5 Although high quality long-term yield data is available at IU level since 2016 onwards, but the same is not always reflective of the crop losses especially when the claims on localized risks exce"
PMFBY_2023_SEC_32_6,PMFBY_2023,child,146,141,141,32.6,,,Clustering/Clubbing of Districts for Bidding by the State/UT,,,INFO,,"32.6 Satellite data, of moderate resolution (e.g. Resource-sat, Advanced Wide Field Sensor (AWiFS), Terra/Aqua MODIS) are available, for the long-term, i.e. at least around 15 years. The long-term Veg"
PMFBY_2023_SEC_32_7,PMFBY_2023,child,38,141,141,32.7,,,Clustering/Clubbing of Districts for Bidding by the State/UT,,,INFO,,"32.7 The above-listed approaches are only to provide guidance to the State/UTs. The State Governments/UT Administrations are free to follow the recommended approaches, or any other method devised by t"
PMFBY_2023_SEC_32_8,PMFBY_2023,child,21,141,141,32.8,,,Clustering/Clubbing of Districts for Bidding by the State/UT,,,INFO,,"32.8 The detail illustration for classiﬁcation of risks, clubbing/clustering of risks and districts and determination of L1 bidder are at Annexure-III."
PMFBY_2023_SEC_33,PMFBY_2023,parent,9,142,142,33,,,Assessment of Performance and De-empanelment of Insurance,SHORT_CONTEXT_PARENT,,INFO,B_SHORT,33 Assessment of Performance and De-empanelment of Insurance Companies
PMFBY_2023_SEC_33_1,PMFBY_2023,child,62,142,142,33.1,,,Assessment of Performance and De-empanelment of Insurance,,,INFO,,33.1 The performance of the empaneled Insurance Companies shall be closely monitored by the concerned Nodal Department of the State Governments/UT Administrations at the end of the completion of each 
PMFBY_2023_SEC_33_2,PMFBY_2023,child,30,142,142,33.2,,,Assessment of Performance and De-empanelment of Insurance,,,INFO,,"33.2 For the purpose, a detailed performance evaluation matrix containing key performance indicators with assigned weightage shall be notified by DA&FW from time to time and circulated to the stakehol"
PMFBY_2023_SEC_33_3,PMFBY_2023,child,60,142,142,33.3,,,Assessment of Performance and De-empanelment of Insurance,,,INFO,,33.3 The Nodal department at the end of two complete seasons of a year may initiate performance evaluation of the Insurance Companies working in their state on the speciﬁc parameters as prescribed in 
PMFBY_2023_SEC_33_4,PMFBY_2023,child,117,142,142,33.4,,,Assessment of Performance and De-empanelment of Insurance,,,INFO,,33.4 The base data to be used for the evaluation shall be extracted from NCIP by DA&FW and analyzed as per the performance evaluation matrix. The Nodal department of the states/UTs shall be required t
PMFBY_2023_SEC_33_5,PMFBY_2023,child,52,142,142,33.5,,,Assessment of Performance and De-empanelment of Insurance,,,INFO,,"33.5 DA&FW, GoI will have the ﬁnal authority to implement and execute the performance evaluation report after thorough evaluation and validation of facts. DA&FW, GoI may ask for additional data and pr"
PMFBY_2023_SEC_33_6,PMFBY_2023,child,38,142,142,33.6,,,Assessment of Performance and De-empanelment of Insurance,,,INFO,,"33.6 Once the Performance Evaluation report has been accepted and ﬁnalized by DA&FW, GoI, and the corresponding reward and punitive actions will be taken by the Ministry along with similar actions by "
PMFBY_2023_SEC_34,PMFBY_2023,parent,10,142,142,34,,,Evaluation of Efﬁciency of Nodal Departments of the State/UT,SHORT_CONTEXT_PARENT,,INFO,B_SHORT,34 Evaluation of Efﬁciency of Nodal Departments of the State/UT
PMFBY_2023_SEC_34_1,PMFBY_2023,child,32,142,142,34.1,,,Evaluation of Efﬁciency of Nodal Departments of the State/UT,,,INFO,,34.1 The efﬁciency evaluation of the State Nodal Department shall also be closely monitored by DA&FW on every 1-year interval through ascertaining the State's efﬁciency and execution / implementation 
PMFBY_2023_SEC_34_2,PMFBY_2023,child,30,142,142,34.2,,,Evaluation of Efﬁciency of Nodal Departments of the State/UT,,,INFO,,"34.2 For the purpose, a detailed performance evaluation matrix containing key performance indicators with assigned weightage shall be notified by DA&FW from time to time and circulated to the stakehol"
PMFBY_2023_SEC_35,PMFBY_2023,parent,6,142,143,35,,,Evaluation of Efﬁciency of Districts,SHORT_CONTEXT_PARENT,,INFO,B_SHORT,35 Evaluation of Efﬁciency of Districts
PMFBY_2023_SEC_35_1,PMFBY_2023,child,30,142,143,35.1,,,Evaluation of Efﬁciency of Districts,,,INFO,,35.1 The efﬁciency evaluation of the Districts shall also be closely monitored by DA&FW on every 1-year interval through ascertaining the District’s efﬁciency in execution & implementation of the Sche
PMFBY_2023_SEC_35_2,PMFBY_2023,child,30,143,143,35.2,,,Evaluation of Efﬁciency of Districts,,,INFO,,"35.2 For the purpose, a detailed performance evaluation matrix containing key performance indicators with assigned weightage shall be notified by DA&FW from time to time and circulated to the stakehol"
PMFBY_2023_SEC_35_3,PMFBY_2023,child,37,143,143,35.3,,,Evaluation of Efﬁciency of Districts,,,INFO,,"35.3 Once the Performance Evaluation report has been accepted and ﬁnalized by DA&FW, GoI, the corresponding reward and punitive actions will be taken by the GoI along with similar actions by the Nodal"
PMFBY_2023_SEC_36,PMFBY_2023,parent,6,143,143,36,,,Evaluation of Efﬁciency of Banks,SHORT_CONTEXT_PARENT,,INFO,B_SHORT,36 Evaluation of Efﬁciency of Banks
PMFBY_2023_SEC_36_1,PMFBY_2023,child,34,143,143,36.1,,,Evaluation of Efﬁciency of Banks,,,INFO,,36.1 The efficiency and evaluation of the performance of the Financial Institutions shall be carried out by DA&FW on every 1-year interval as per the Performance evaluation matrix and ranking framewor
PMFBY_2023_SEC_36_2,PMFBY_2023,child,30,143,143,36.2,,,Evaluation of Efﬁciency of Banks,,,INFO,,"36.2 For the purpose, a detailed performance evaluation matrix containing key performance indicators with assigned weightage shall be notified by DA&FW from time to time and circulated to the stakehol"
PMFBY_2023_SEC_37,PMFBY_2023,parent,6,143,143,37,,,Evaluation of Efﬁciency of CSC-VLEs,SHORT_CONTEXT_PARENT,,INFO,B_SHORT,37 Evaluation of Efﬁciency of CSC-VLEs
PMFBY_2023_SEC_37_1,PMFBY_2023,child,31,143,143,37.1,,,Evaluation of Efﬁciency of CSC-VLEs,,,INFO,,37.1 The efficiency and evaluation of the performance of CSC-SPV shall be carried out by DA&FW on every 1-year interval as per the Performance evaluation matrix and ranking framework for CSC-VLEs.
PMFBY_2023_SEC_37_2,PMFBY_2023,child,62,143,143,37.2,,,Evaluation of Efﬁciency of CSC-VLEs,,,INFO,,"37.2 For the purpose, a detailed performance evaluation matrix containing key performance indicators with assigned weightage shall be notified by DA&FW from time to time and circulated to the stakehol"
PMFBY_2023_SEC_38_1_1,PMFBY_2023,child,35,143,143,38.1.1,,,,STRUCTURE_UNCERTAIN,,INFO,E_STRUCTURE,"38.1.1 Support and Coordination with the State Governments/UT Administrations for implementation of PMFBY including awareness creation, publicity and the issuance of necessary instructions and Operati"
PMFBY_2023_SEC_38_1_2,PMFBY_2023,child,25,143,143,38.1.2,,,,STRUCTURE_UNCERTAIN,,INFO,E_STRUCTURE,"38.1.2 Issue of directives to RBI, NABARD, Commercial Banks, RRBs and Cooperatives for compliance with the terms and conditions of PMFBY and its operational modalities."
PMFBY_2023_SEC_38_1_3,PMFBY_2023,child,46,143,143,38.1.3,,,"Design, development, operationalization and maintenance of National Crop",STRUCTURE_UNCERTAIN,,INFO,E_STRUCTURE,"38.1.3 Design, development, operationalization and maintenance of National Crop Insurance Portal (NCIP), WINDS Portal, KRPH Portal, YES-TECH Portal, LMS Portal, etc. and various mobile applications in"
PMFBY_2023_SEC_38_1_4,PMFBY_2023,child,20,144,144,38.1.4,,,,STRUCTURE_UNCERTAIN,,INFO,E_STRUCTURE,38.1.4 Setting up of the Central Program Management Unit (CPMU) with adequate infrastructure and expertise as deﬁned in Para 15.
PMFBY_2023_SEC_38_1_5,PMFBY_2023,child,32,144,144,38.1.5,,,,STRUCTURE_UNCERTAIN,,INFO,E_STRUCTURE,38.1.5 Constitution of Technical Advisory Committee and operationalization of central TAC as deﬁned in Para 19.3 to take up matters/disputes referred to it by any of the stakeholders for resolution an
PMFBY_2023_SEC_38_1_6,PMFBY_2023,child,19,144,144,38.1.6,,,,SHORT_COMPLETE_PROVISION;STRUCTURE_UNCERTAIN,,INFO,B_SHORT;E_STRUCTURE,38.1.6 Facilitate States in strengthening of AWS/ARG network under WINDS by providing financial support as outlined in Para 7.6.10
PMFBY_2023_SEC_38_1_7,PMFBY_2023,child,41,144,144,38.1.7,,,,STRUCTURE_UNCERTAIN,,INFO,E_STRUCTURE,38.1.7 To release central share of premium subsidy as outlined in Para 6.1.6 & 6.1.7 and to release claim liabilities under Cup & Cap (60-130) & Profit & Loss Sharing Models under ARTM as outlined in 
PMFBY_2023_SEC_38_1_8,PMFBY_2023,child,23,144,144,38.1.8,,,,STRUCTURE_UNCERTAIN,,INFO,E_STRUCTURE,38.1.8 To release balance tranches of premium subsidy for the season to the concerned Insurance Companies as per the enrollment statistics on NCIP.
PMFBY_2023_SEC_38_1_9,PMFBY_2023,child,49,144,144,38.1.9,,,,STRUCTURE_UNCERTAIN,,INFO,E_STRUCTURE,"38.1.9 To review and monitor the implementation of PMFBY including premium rates, product-benchmarking and other matters and issue necessary directives to Insurance Companies, Banks, CSC e-Gov, Insura"
PMFBY_2023_SEC_38_1_10,PMFBY_2023,child,50,144,144,38.1.10,,,,STRUCTURE_UNCERTAIN,,INFO,E_STRUCTURE,"38.1.10 To organize Capacity building trainings and workshops for the State Governments/UT Administrations, Banks, CSC-eGIv/VLEs, Insurance Intermediaries, Technical Partners ((MITRs, TIPs, WIPs)) and"
PMFBY_2023_SEC_38_1_11,PMFBY_2023,child,29,144,144,38.1.11,,,,STRUCTURE_UNCERTAIN,,INFO,E_STRUCTURE,"38.1.11 To provide necessary assistance, guidance and resources for adoption of new technology for ensuring transparency, objectivity, better administration of Scheme and timely payment of claims to i"
PMFBY_2023_SEC_38_1_12,PMFBY_2023,child,45,144,144,38.1.12,,,,STRUCTURE_UNCERTAIN,,INFO,E_STRUCTURE,"38.1.12 To utilize 0.25% of the total Gross Premium (out of 0.5% of the total Gross Premium earmarked for awareness, publicity & capacity building) pooled at the central level to ensure sustainable an"
PMFBY_2023_SEC_38_1_13,PMFBY_2023,child,23,144,144,38.1.13,,,,STRUCTURE_UNCERTAIN,,INFO,E_STRUCTURE,38.1.13 To develop Technology related protocols including the protocols for Smart Sampling Techniques and Technology Based yield estimation for claim assessment and disbursement.
PMFBY_2023_SEC_38_1_14,PMFBY_2023,child,62,144,144,38.1.14,,,"Empanelment of Insurance Companies, constitutions of various committees",STRUCTURE_UNCERTAIN,,INFO,E_STRUCTURE,"38.1.14 Empanelment of Insurance Companies, constitutions of various committees including YES-TECH, WINDS, Central TAC, SARTHI (Sandbox for Agricultural & Rural Security, Technology & Insurance) Commi"
PMFBY_2023_SEC_38_1_15,PMFBY_2023,child,47,144,145,38.1.15,,,,STRUCTURE_UNCERTAIN,,INFO,E_STRUCTURE,38.1.15 Fostering experimentation and innovation for the creation of new Agri-insurance products under Agri-Sandbox framework for quicker adoption of technological developments and enhanced risk prote
PMFBY_2023_SEC_38_1_16,PMFBY_2023,child,40,145,145,38.1.16,,,,STRUCTURE_UNCERTAIN,,INFO,E_STRUCTURE,"38.1.16 Interpretation of any provision of the Scheme, decision in any aspects of the acceptance of risk or any dispute in settlement of claims between the stakeholders, and facilitation of stakeholde"
PMFBY_2023_SEC_38_1_17,PMFBY_2023,child,29,145,145,38.1.17,,,,STRUCTURE_UNCERTAIN,,INFO,E_STRUCTURE,"38.1.17 To issue clarifications for the interpretation of these guidelines. The advisories, directions or clarifications issued by DA&FW, GoI shall also be considered as a part of these guidelines."
PMFBY_2023_SEC_38_1_18,PMFBY_2023,child,33,145,145,38.1.18,,,,STRUCTURE_UNCERTAIN,,INFO,E_STRUCTURE,"38.1.18 To amend & issue Operational Guidelines of PMFBY, amendments of manual of YESTECH, WINDS, CROPIC, KRPH, LMS, guidelines of FIAT and SOP/Manuals of various other interventions under PMFBY from "
PMFBY_2023_SEC_38_2,PMFBY_2023,parent,4,145,147,38.2,,,State Government/UT Administration,SHORT_CONTEXT_PARENT;STRUCTURE_UNCERTAIN,,INFO,B_SHORT;E_STRUCTURE,38.2 State Government/UT Administration
PMFBY_2023_SEC_38_2_1,PMFBY_2023,child,44,145,145,38.2.1,,,State Government/UT Administration,,,INFO,,38.2.1 To constitute the SLCCCI with adequate representation of all stakeholders as detailed in Para 6.1.9. The composition of SLCCCI may be strengthened suitably from time to time to give representat
PMFBY_2023_SEC_38_2_2,PMFBY_2023,child,40,145,145,38.2.2,,,State Government/UT Administration,,,INFO,,38.2.2 To set up and notify State level Technical Advisory Committee (STAC) and State level Grievance Redressal Committee (SGRC) at State/UT level in order to take up matters/disputes referred to it b
PMFBY_2023_SEC_38_2_3,PMFBY_2023,child,49,145,145,38.2.3,,,State Government/UT Administration,,,INFO,,"38.2.3 To set up and notify the District Level Monitoring Committee (DLMC), District Level Grievance Redressal Committee (DGRC), District Level Joint Committee (DJLC) for crop damage assessment and Di"
PMFBY_2023_SEC_38_2_4,PMFBY_2023,child,45,145,145,38.2.4,,,State Government/UT Administration,,,INFO,,"38.2.4 To hold SLCCCI meeting well in advance to ﬁnalize clusters, issue bid document & notice, selection of Implementing Agency and issuance of Notiﬁcation. Notiﬁcation of the State/UT Government sha"
PMFBY_2023_SEC_38_2_5,PMFBY_2023,child,32,145,145,38.2.5,,,State Government/UT Administration,,,INFO,,38.2.5 To publish bid document for selection of TIPs and WIPs for implementation of YES- TECH and WINDS under the scheme as per respective manuals issued by GoI from time to time.
PMFBY_2023_SEC_38_2_6,PMFBY_2023,child,30,145,145,38.2.6,,,State Government/UT Administration,,,INFO,,"38.2.6 To take suitable action for adoption of new technology solutions including YES- TECH, CROPIC, WINDS Smart Sampling Technique (SST), etc., for early loss assessment and better administration of "
PMFBY_2023_SEC_38_2_7,PMFBY_2023,child,18,145,145,38.2.7,,,State Government/UT Administration,SHORT_COMPLETE_PROVISION,,INFO,B_SHORT,"38.2.7 To issue necessary directives to all agencies, institutions, Government departments and Committees involved in implementation of Scheme."
PMFBY_2023_SEC_38_2_8,PMFBY_2023,child,42,145,145,38.2.8,,,State Government/UT Administration,,,INFO,,38.2.8 Notify insurance unit area at Village or Village Panchayat or other equivalent units for major crops. Unit size may be above the level of Village or Village Panchayat for other crops as per the
PMFBY_2023_SEC_38_2_9,PMFBY_2023,child,75,146,146,38.2.9,,,State Government/UT Administration,,,INFO,,"38.2.9 To furnish in advance insurance unit-wise (or of higher unit, if unit level data not available) yield data of past 10 years of all crops notiﬁed under PMFBY, previous 10 years season-wise, crop"
PMFBY_2023_SEC_38_2_10,PMFBY_2023,child,34,146,146,38.2.10,,,State Government/UT Administration,,,INFO,,38.2.10 Issuance of necessary instructions to the WIPs implementing WINDS and the Regional Meteorological Centers of IMD for maintenance and supply of weather data as per standards and specifications 
PMFBY_2023_SEC_38_2_11,PMFBY_2023,child,36,146,146,38.2.11,,,State Government/UT Administration,,,INFO,,"38.2.11 Plan and conduct awareness and publicity three months prior to the start of the coverage period, to maximize coverage of the farmers especially non-loanee farmers in co-ordination with impleme"
PMFBY_2023_SEC_38_2_12,PMFBY_2023,child,42,146,146,38.2.12,,,State Government/UT Administration,,,INFO,,"38.2.12 To release state share of premium subsidy as outlined in Para 6.1.6 & 6.1.7 and to release claim liabilities under Cup & Cap (80-110, 60-130) & Profit & Loss Sharing Models under ARTM as outli"
PMFBY_2023_SEC_38_2_13,PMFBY_2023,child,23,146,146,38.2.13,,,State Government/UT Administration,,,INFO,,38.2.13 To release balance tranches of premium subsidy for the season to the concerned insurance companies as per the enrollment statistics on NCIP.
PMFBY_2023_SEC_38_2_14,PMFBY_2023,child,31,146,146,38.2.14,,,State Government/UT Administration,,,INFO,,38.2.14 Submission of yield data for all notiﬁed crops and insurance units to the insurance companies in a standard template in an electronic form on the NCIP within the stipulated timelines.
PMFBY_2023_SEC_38_2_15,PMFBY_2023,child,46,146,146,38.2.15,,,State Government/UT Administration,,,INFO,,38.2.15 Assist the insurance companies for assessment of crop loss of the individual insured farmers caused by localized perils and also assist in assessment of the post-harvest losses. Also to notify
PMFBY_2023_SEC_38_2_16,PMFBY_2023,child,42,146,146,38.2.16,,,State Government/UT Administration,,,INFO,,38.2.16 To conduct requisite number of CCEs using CCE Agri App of GoI in the notiﬁed area as per the GCES/State manual. Provide the yield data to the Insurance Company within the prescribed cut-off da
PMFBY_2023_SEC_38_2_17,PMFBY_2023,child,46,146,146,38.2.17,,,State Government/UT Administration,,,INFO,,38.2.17 To approve Actual Yield (AY) & Threshold Yield (TY) data under PMFBY on NCIP and approve loss cost under RWBCIS in order to enable Insurance Companies to accept the AY & TY data & loss cost un
PMFBY_2023_SEC_38_2_18,PMFBY_2023,child,56,146,146,38.2.18,,,State Government/UT Administration,,,INFO,,38.2.18 To provide relevant documents to the Insurance companies for those CCEs co-observed by them. It is only in cases of CCEs co-observed by Insurance Companies that they can raise objections in ca
PMFBY_2023_SEC_38_2_19,PMFBY_2023,child,20,146,146,38.2.19,,,State Government/UT Administration,,,INFO,,38.2.19 To notify district-wise and crop-wise seasonality discipline including onset of sowing dates and cut-off date for completion of harvesting.
PMFBY_2023_SEC_38_2_20,PMFBY_2023,child,21,146,146,38.2.20,,,State Government/UT Administration,,,INFO,,"38.2.20 To provide crop-wise, IU-wise data of normal area sown and notify cut-off dates for invoking provisions of prevented/failed sowing/transplantation/germination clause."
PMFBY_2023_SEC_38_2_21,PMFBY_2023,child,20,147,147,38.2.21,,,State Government/UT Administration,,,INFO,,38.2.21 Approval of CCE data on NCIP and uploading of missing CCE data to facilitate calculation of claims on portal.
PMFBY_2023_SEC_38_2_22,PMFBY_2023,child,27,147,147,38.2.22,,,State Government/UT Administration,,,INFO,,38.2.22 Ensure mandatory use of Mobile Application and other technology solutions like RST for improvement in the quality of CCEs and digitization of CCE-wise yield on NCIP.
PMFBY_2023_SEC_38_2_23,PMFBY_2023,child,13,147,147,38.2.23,,,State Government/UT Administration,SHORT_COMPLETE_PROVISION,,INFO,B_SHORT,38.2.23 Setting up of the State PMU with adequate infrastructure and domain expertise.
PMFBY_2023_SEC_38_2_24,PMFBY_2023,child,30,147,147,38.2.24,,,State Government/UT Administration,,,INFO,,38.2.24 To provide ofﬁce space to implementing Insurance Companies at its District/Tehsil/Block ofﬁce. The States/UT may charge suitable payment for such accommodation offered to Insurance Company as 
PMFBY_2023_SEC_38_2_25,PMFBY_2023,child,17,147,147,38.2.25,,,State Government/UT Administration,SHORT_COMPLETE_PROVISION,,INFO,B_SHORT,38.2.25 To undertake performance evaluation of implementing Insurance Companies and calculate financial penalty as per Operational Guidelines.
PMFBY_2023_SEC_38_2_26,PMFBY_2023,child,17,147,147,38.2.26,,,State Government/UT Administration,SHORT_COMPLETE_PROVISION,,INFO,B_SHORT,"38.2.26 Timely and correct preparation, updation and digitization of Village level master (Location master) on the NCIP."
PMFBY_2023_SEC_38_2_27,PMFBY_2023,child,28,147,147,38.2.27,,,State Government/UT Administration,,,INFO,,38.2.27 Ensure no condition is enforced in violation of the provisions mentioned in the Operational Guidelines while publishing the tender or selection of bidders and implementation of scheme.
PMFBY_2023_SEC_38_3,PMFBY_2023,parent,6,147,148,38.3,,,Central PMUs and State PMUs,SHORT_CONTEXT_PARENT;STRUCTURE_UNCERTAIN,,INFO,B_SHORT;E_STRUCTURE,38.3 Central PMUs and State PMUs
PMFBY_2023_SEC_38_3_1,PMFBY_2023,child,14,147,147,38.3.1,,,Central PMUs and State PMUs,SHORT_COMPLETE_PROVISION,,INFO,B_SHORT,38.3.1 Monitoring of the implementation of Crop Insurance Schemes at national and State/UT level.
PMFBY_2023_SEC_38_3_2,PMFBY_2023,child,21,147,147,38.3.2,,,Central PMUs and State PMUs,,,INFO,,"38.3.2 Calculation of Scheme-wise/season-wise/crop-wise Loss Cost, evaluation of bids received and providing actuarial analysis to the GoI and State Governments/UT Administrations."
PMFBY_2023_SEC_38_3_3,PMFBY_2023,child,24,147,147,38.3.3,,,Central PMUs and State PMUs,,,INFO,,38.3.3 Design & development parametric products and multi-peril hybrid products for the crop / areas based on the local weather conditions and underlying risks.
PMFBY_2023_SEC_38_3_4,PMFBY_2023,child,16,147,147,38.3.4,,,Central PMUs and State PMUs,SHORT_COMPLETE_PROVISION,,INFO,B_SHORT,38.3.4 Appraisal/ benchmarking and standardization of crop insurance products (weather based) for various participating Insurance Companies.
PMFBY_2023_SEC_38_3_5,PMFBY_2023,child,18,147,147,38.3.5,,,Central PMUs and State PMUs,SHORT_COMPLETE_PROVISION,,INFO,B_SHORT,"38.3.5 Undertake the evaluation, impact & correlation studies for various activities being performed and executed under the scheme."
PMFBY_2023_SEC_38_3_6,PMFBY_2023,child,16,147,147,38.3.6,,,Central PMUs and State PMUs,SHORT_COMPLETE_PROVISION,,INFO,B_SHORT,"38.3.6 To undertake awareness, capacity building and training of all the stakeholders engaged in crop insurance."
PMFBY_2023_SEC_38_3_7,PMFBY_2023,child,14,147,147,38.3.7,,,Central PMUs and State PMUs,SHORT_COMPLETE_PROVISION,,INFO,B_SHORT,38.3.7 To provide technical input to Government & Insurance Companies regarding crop insurance products.
PMFBY_2023_SEC_38_3_8,PMFBY_2023,child,30,147,147,38.3.8,,,Central PMUs and State PMUs,,,INFO,,"38.3.8 To develop methodology for crop loss assessment & yield estimation including assessment through remote sensing, suggest improvements in the method for yield assessment through CCEs & other alte"
PMFBY_2023_SEC_38_3_9,PMFBY_2023,child,30,147,147,38.3.9,,,Central PMUs and State PMUs,,,INFO,,"38.3.9 Development of integrated database for crop insurance, data analytics of data as available on NCIP for monitoring and other strategic interventions by the GoI and the State Governments/UT Admin"
PMFBY_2023_SEC_38_3_10,PMFBY_2023,child,16,148,148,38.3.10,,,Central PMUs and State PMUs,SHORT_COMPLETE_PROVISION,,INFO,B_SHORT,38.3.10 Development of effective and objective Monitoring & Evaluation (M&E) Framework & Management Information System (MIS).
PMFBY_2023_SEC_38_3_11,PMFBY_2023,child,27,148,148,38.3.11,,,Central PMUs and State PMUs,,,INFO,,"38.3.11 To undertake other related works/activities entrusted by the DA&FW, GoI and the work/activities referred by the State Governments/UT Administrations to GoI for technical assessment and feedbac"
PMFBY_2023_SEC_38_4,PMFBY_2023,parent,4,148,149,38.4,,,Insurance Companies (ICs),SHORT_CONTEXT_PARENT;STRUCTURE_UNCERTAIN,,INFO,B_SHORT;E_STRUCTURE,38.4 Insurance Companies (ICs)
PMFBY_2023_SEC_38_4_1,PMFBY_2023,child,24,148,148,38.4.1,,,Insurance Companies (ICs),,,INFO,,38.4.1 To liaise with State Governments/UT Administrations and Agencies/ Institutions & Committees involved in the implementation of PMFBY and regular participation in meetings conducted.
PMFBY_2023_SEC_38_4_2,PMFBY_2023,child,31,148,148,38.4.2,,,Insurance Companies (ICs),,,INFO,,"38.4.2 To undertake risk underwriting-responsibilities, claim settlement & grievance redressal for acceptance of risk and processing claim liabilities strictly as an in-house activity. It should not b"
PMFBY_2023_SEC_38_4_3,PMFBY_2023,child,35,148,148,38.4.3,,,Insurance Companies (ICs),,,INFO,,38.4.3 To process claims on receipt of crop damage & yield data from States/UTs and remittance of claims directly into farmers’ bank account through NCIP using the DigiClaim module of NCIP within the 
PMFBY_2023_SEC_38_4_4,PMFBY_2023,child,22,148,148,38.4.4,,,Insurance Companies (ICs),,,INFO,,"38.4.4 Obtain re-insurance arrangements, if necessary for diversifying the underlying risk with rated re-insurers as per the regulatory provisions on the same."
PMFBY_2023_SEC_38_4_5,PMFBY_2023,child,54,148,148,38.4.5,,,Insurance Companies (ICs),,,INFO,,38.4.5 To verify the land records and other details of farmers immediately after the cut-off date for data uploading is over but before the onset of crop harvesting and arrival of actual yield data. N
PMFBY_2023_SEC_38_4_6,PMFBY_2023,child,49,148,148,38.4.6,,,Insurance Companies (ICs),,,INFO,,38.4.6 Share the details of the designated insurance intermediaries with the State/UTs before the inception of non-loanee farmers’ enrolment for the season to the concerned authority. Also share the l
PMFBY_2023_SEC_38_4_7,PMFBY_2023,child,21,148,148,38.4.7,,,Insurance Companies (ICs),,,INFO,,"38.4.7 Ensure timely payment of commission/ service charges to Banks, CSC e-Gov, BCs & Insurance Intermediaries for implementation of the Scheme."
PMFBY_2023_SEC_38_4_8,PMFBY_2023,child,66,148,148,38.4.8,,,Insurance Companies (ICs),,,INFO,,"38.4.8 To undertake extensive efforts to create awareness, education and generate publicity about the scheme at the grass-root level including for bank branches, VLEs, BCs, State & District level offi"
PMFBY_2023_SEC_38_4_9,PMFBY_2023,child,16,148,148,38.4.9,,,Insurance Companies (ICs),SHORT_COMPLETE_PROVISION,,INFO,B_SHORT,"38.4.9 Provide requisite reports, statistics and information demanded by the GoI and the State Governments/UT Administrations."
PMFBY_2023_SEC_38_4_10,PMFBY_2023,child,29,148,148,38.4.10,,,Insurance Companies (ICs),,,INFO,,"38.4.10 Handhold Bank branches, VLEs and Insurance Intermediaries and facilitate their training and capacity building especially in terms of timely digitizing details of the insured farmers on the NCI"
PMFBY_2023_SEC_38_4_11,PMFBY_2023,child,30,148,149,38.4.11,,,Insurance Companies (ICs),,,INFO,,38.4.11 Ensure insurance intermediaries and other channel partners use AIDE App for farmers’ enrollment to make the entire process paperless and cashless and enable enrollment of farmers at their door
PMFBY_2023_SEC_38_4_12,PMFBY_2023,child,48,149,149,38.4.12,,,Insurance Companies (ICs),,,INFO,,"38.4.12 Redressal of all queries, complaints and grievances within the time frame fixed by DA&FW, GoI under the KRPH framework and integration of the Grievance Redressal system of Insurance Companies "
PMFBY_2023_SEC_38_4_13,PMFBY_2023,child,38,149,149,38.4.13,,,Insurance Companies (ICs),,,INFO,,"38.4.13 The coverage of eligible loanee farmers should be carried out by Insurance Companies through the bank branches, Coverage of non-loanee farmers or the farmers not willing to enroll through bank"
PMFBY_2023_SEC_38_4_14,PMFBY_2023,child,148,149,149,38.4.14,,,Insurance Companies (ICs),,,INFO,,38.4.14 To establish a functional ofﬁce at the sub-district level i.e. Tehsil/Block level in each District and at least one personnel to be deployed at each Tehsil/Block level ofﬁce in the allocated D
PMFBY_2023_SEC_38_4_15,PMFBY_2023,child,17,149,149,38.4.15,,,Insurance Companies (ICs),SHORT_COMPLETE_PROVISION,,INFO,B_SHORT,38.4.15 To deploy sufﬁcient manpower to co-observe CCEs and allied activities. Ensure compulsory co-observance through CCE-Agri App.
PMFBY_2023_SEC_38_4_16,PMFBY_2023,child,39,149,149,38.4.16,,,Insurance Companies (ICs),,,INFO,,"38.4.16 At the beginning of each crop season, concerned Insurance Companies need to prepare a stakeholder-wise micro level IEC and training activity plan and ensure strict implementation of the same a"
PMFBY_2023_SEC_38_4_17,PMFBY_2023,child,29,149,149,38.4.17,,,Insurance Companies (ICs),,,INFO,,"38.4.17 To assist the States/UTs, Insurance Intermediaries & CSC-VLEs with the requisite reports/updates, for reconciliation of premium, payable/paid claims, application data, service charges etc. for"
PMFBY_2023_SEC_38_4_18,PMFBY_2023,child,18,149,149,38.4.18,,,Insurance Companies (ICs),SHORT_COMPLETE_PROVISION,,INFO,B_SHORT,38.4.18 To provide necessary inputs to the State Governments/UT Administration/SLCCCI as required as per the notiﬁcation or otherwise.
PMFBY_2023_SEC_38_4_19,PMFBY_2023,child,50,149,149,38.4.19,,,Insurance Companies (ICs),,,INFO,,"38.4.19 To implement the scheme as per the provisions of the Operational Guidelines, Advisories, Manuals and SOPs issued by GoI from time to time and comply with the terms and conditions of the tender"
PMFBY_2023_SEC_38_5,PMFBY_2023,parent,3,149,151,38.5,,,Financial Institutions/Banks,SHORT_CONTEXT_PARENT;STRUCTURE_UNCERTAIN,,INFO,B_SHORT;E_STRUCTURE,38.5 Financial Institutions/Banks
PMFBY_2023_SEC_38_5_1,PMFBY_2023,child,28,149,149,38.5.1,,,Financial Institutions/Banks,,,INFO,,"38.5.1 For the purpose of PMFBY, scheduled banking institutions engaged in disbursing KCC loan as per relevant guidelines of DA&FW, GoI, and NABARD/RBI shall be reckoned as Banks."
PMFBY_2023_SEC_38_5_2,PMFBY_2023,child,35,150,150,38.5.2,,,Financial Institutions/Banks,,,INFO,,"38.5.2 To comply with the Operational Guidelines, Notiﬁcation, as well as other directives, of the GoI and the State Governments/UT Administrations etc. and transact the requisite functions on NCIP wi"
PMFBY_2023_SEC_38_5_3,PMFBY_2023,child,21,150,150,38.5.3,,,Financial Institutions/Banks,,,INFO,,"38.5.3 To communicate notiﬁcation, as well as other directives, guidelines, etc. to all agencies & branches that fall within their jurisdiction."
PMFBY_2023_SEC_38_5_4,PMFBY_2023,child,22,150,150,38.5.4,,,Financial Institutions/Banks,,,INFO,,38.5.4 To ensure that all agencies within their jurisdiction sanction additional loan component to loanee farmers towards insurance premium payable by them.
PMFBY_2023_SEC_38_5_5,PMFBY_2023,child,19,150,150,38.5.5,,,Financial Institutions/Banks,SHORT_COMPLETE_PROVISION,,INFO,B_SHORT,38.5.5 To assist all farmers who want to opt-out from the scheme and maintain records of all opt-out applications.
PMFBY_2023_SEC_38_5_6,PMFBY_2023,child,56,150,150,38.5.6,,,Financial Institutions/Banks,,,INFO,,38.5.6 To ensure that all service (subordinate) bank branches within their jurisdiction serve all non-loanee farmers desiring and eligible to take insurance cover under PMFBY. Such a service will incl
PMFBY_2023_SEC_38_5_7,PMFBY_2023,child,32,150,150,38.5.7,,,Financial Institutions/Banks,,,INFO,,38.5.7 To ensure that the premium for both loanee and non-loanee farmers shall be remitted to the concerned Insurance Companies and the related data is uploaded on NCIP within the prescribed time.
PMFBY_2023_SEC_38_5_8,PMFBY_2023,child,118,150,150,38.5.8,,,Financial Institutions/Banks,,,INFO,,"38.5.8 Lead Bank/Administrative Ofﬁces of Banks should ensure that all farmers sanctioned crop loans/seasonal operational loans, i.e., KCC loan for notiﬁed crop(s) are necessarily insured (except for "
PMFBY_2023_SEC_38_5_9,PMFBY_2023,child,103,150,150,38.5.9,,,Financial Institutions/Banks,,,INFO,,38.5.9 To ensure digitization of insured farmer details on NCIP along with details of remittance of premium within stipulated time. The consolidated premium of farmers' share will be remitted electron
PMFBY_2023_SEC_38_5_10,PMFBY_2023,child,89,150,150,38.5.10,,,Financial Institutions/Banks,,,INFO,,"38.5.10 To respond to the clarifications or rectification sought by the Insurance Companies within 7 days. The banks should cross-check with their records and aberrations, if any, should be brought to"
PMFBY_2023_SEC_38_5_11,PMFBY_2023,child,28,151,151,38.5.11,,,Financial Institutions/Banks,,,INFO,,"38.5.11 To assist the States/UTs & Insurance Companies with the requisite reports/updates, for reconciliation of premium, payable/paid claims, application data, service charges etc. for closure of the"
PMFBY_2023_SEC_38_5_12,PMFBY_2023,child,59,151,151,38.5.12,,,Financial Institutions/Banks,,,INFO,,38.5.12 To compulsorily take Aadhaar number or Aadhaar enrolment number as per the notiﬁcation under Section 7 of the Aadhaar Act before sanctioning or renewal of KCC loan and/or during enrollment und
PMFBY_2023_SEC_38_5_13,PMFBY_2023,child,30,151,151,38.5.13,,,Financial Institutions/Banks,,,INFO,,"38.5.13 To permit the Insurance Companies to access all relevant records/ledgers related to insured farmers at the Bank Branch and PACS for the purpose of scrutiny, if desired by them."
PMFBY_2023_SEC_38_5_14,PMFBY_2023,child,49,151,151,38.5.14,,,Financial Institutions/Banks,,,INFO,,"38.5.14 To ensure that the farmers are not deprived of any beneﬁt under the Scheme due to errors of omission or commissions by the concerned bank branches or PACS, and in case of such errors, the conc"
PMFBY_2023_SEC_38_5_15,PMFBY_2023,child,18,151,151,38.5.15,,,Financial Institutions/Banks,SHORT_COMPLETE_PROVISION,,INFO,B_SHORT,"38.5.15 To educate the farmers on the Scheme features, benefits and importance to get enrolled under the scheme."
PMFBY_2023_SEC_38_5_16,PMFBY_2023,child,33,151,151,38.5.16,,,Financial Institutions/Banks,,,INFO,,"38.5.16 To guide the farmers on ﬁlling up the application for insurance on the NCIP and collection of the required documents and record keeping of the same, particularly in case of non-loanee farmers."
PMFBY_2023_SEC_38_5_17,PMFBY_2023,child,29,151,151,38.5.17,,,Financial Institutions/Banks,,,INFO,,"38.5.17 To collect Aadhaar Number, mobile number and intended crop wise sowing planning of all eligible farmers well before the start of enrolment of farmers and debit of premium."
PMFBY_2023_SEC_38_5_18,PMFBY_2023,child,32,151,151,38.5.18,,,Financial Institutions/Banks,,,INFO,,"38.5.18 To maintain the records of relevant documents, loan application and other statements for the purpose of scrutiny and veriﬁcation by the Insurance Company or its authorized representatives and "
PMFBY_2023_SEC_38_5_19,PMFBY_2023,child,44,151,151,38.5.19,,,Financial Institutions/Banks,,,INFO,,"38.5.19 To reconcile, validate and provide clariﬁcation, if necessary, on the coverage details to the Insurance Companies within next 15 days from the cut-off date for data uploading on the NCIP and w"
PMFBY_2023_SEC_38_5_20,PMFBY_2023,child,26,151,151,38.5.20,,,Financial Institutions/Banks,,,INFO,,38.5.20 To debit and collect the applicable premium from the farmer's account on or before cut-off-date and remit it entirely to the concerned Insurance Company electronically.
PMFBY_2023_SEC_38_5_21,PMFBY_2023,child,30,151,151,38.5.21,,,Financial Institutions/Banks,,,INFO,,38.5.21 Not to re-enroll the farmers under crop insurance for the same crop if the State/District has notiﬁed prevented/failed sowing/germination or to enroll the same land parcel number multiple time
PMFBY_2023_SEC_38_6,PMFBY_2023,parent,8,151,152,38.6,,,Common Service Centre- Special Purpose Vehicle (CSC-SPV),SHORT_CONTEXT_PARENT;STRUCTURE_UNCERTAIN,,INFO,B_SHORT;E_STRUCTURE,38.6 Common Service Centre- Special Purpose Vehicle (CSC-SPV)
PMFBY_2023_SEC_38_6_1,PMFBY_2023,child,20,151,151,38.6.1,,,Common Service Centre- Special Purpose Vehicle (CSC-SPV),,,INFO,,38.6.1 To ensure enrolment of non-loanee farmers through its network of VLEs strictly as per the provisions of Operational Guidelines.
PMFBY_2023_SEC_38_6_2,PMFBY_2023,child,22,151,151,38.6.2,,,Common Service Centre- Special Purpose Vehicle (CSC-SPV),,,INFO,,38.6.2 To educate and train the VLEs on marketing and sale of crop insurance through the NCIP at the Gram Panchayat level.
PMFBY_2023_SEC_38_6_3,PMFBY_2023,child,28,152,152,38.6.3,,,Common Service Centre- Special Purpose Vehicle (CSC-SPV),,,INFO,,38.6.3 To electronically remit the premium collected from the VLEs to the concerned Insurance Companies in T+1 days from the date of receipt of premium from the farmers.
PMFBY_2023_SEC_38_6_4,PMFBY_2023,child,26,152,152,38.6.4,,,Common Service Centre- Special Purpose Vehicle (CSC-SPV),,,INFO,,38.6.4 To reconcile the data uploaded on NCIP and premium remittance to the concerned Insurance Companies within 7 days post cut-off date for enrolment of farmers.
PMFBY_2023_SEC_38_6_5,PMFBY_2023,child,25,152,152,38.6.5,,,Common Service Centre- Special Purpose Vehicle (CSC-SPV),,,INFO,,38.6.5 To raise an invoice for pre-agreed service charges per farmer per crop-season application to the respective Insurance Companies on monthly basis through the NCIP.
PMFBY_2023_SEC_38_6_6,PMFBY_2023,child,14,152,152,38.6.6,,,Common Service Centre- Special Purpose Vehicle (CSC-SPV),SHORT_COMPLETE_PROVISION,,INFO,B_SHORT,38.6.6 To ensure post sales services and facilitate grievance redressal of the insured farmers.
PMFBY_2023_SEC_38_6_7,PMFBY_2023,child,38,152,152,38.6.7,,,Common Service Centre- Special Purpose Vehicle (CSC-SPV),,,INFO,,38.6.7 To ensure that the applications reverted by the Insurance Companies due to any error or omission is taken up for resolution immediately and is re-submitted to the Insurance Company within 7 day
PMFBY_2023_SEC_38_6_8,PMFBY_2023,child,58,152,152,38.6.8,,,Common Service Centre- Special Purpose Vehicle (CSC-SPV),,,INFO,,"38.6.8 To ensure that no VLE is involved in any moral hazard, forgery or unlawful activities involving insuring other farmers land, allowing any third persons to take insurance on other farmers land o"
PMFBY_2023_SEC_38_6_9,PMFBY_2023,child,21,152,152,38.6.9,,,Common Service Centre- Special Purpose Vehicle (CSC-SPV),,,INFO,,38.6.9 To take corrective and punitive actions against the erring and defaulting VLEs as per prevalent legal provisions under the law.
PMFBY_2023_SEC_38_6_10,PMFBY_2023,child,97,152,152,38.6.10,,,Common Service Centre- Special Purpose Vehicle (CSC-SPV),,,INFO,,38.6.10 To be responsible for accuracy of details and document of individual farmers uploaded on NCIP and liable for claim payment due to errors and omissions committed by VLEs. In case any applicatio
PMFBY_2023_SEC_38_7,PMFBY_2023,parent,9,152,153,38.7,,,Common Service Centers - Village Level Entrepreneurs (CSC-VLE),SHORT_CONTEXT_PARENT;STRUCTURE_UNCERTAIN,,INFO,B_SHORT;E_STRUCTURE,38.7 Common Service Centers - Village Level Entrepreneurs (CSC-VLE)
PMFBY_2023_SEC_38_7_1,PMFBY_2023,child,109,152,152,38.7.1,,,Common Service Centers - Village Level Entrepreneurs (CSC-VLE),,,INFO,,"38.7.1 To educate and assist in the awareness of the farmers, especially non-loanee farmers about the features of the Scheme. While accepting the application from the individual farmers, CSC-VLE shall"
PMFBY_2023_SEC_38_7_2,PMFBY_2023,child,26,152,152,38.7.2,,,Common Service Centers - Village Level Entrepreneurs (CSC-VLE),,,INFO,,"38.7.2 To display the advertisement, publicity material, banner, poster, leaﬂets in its premises for farmers as provided by the Insurance Companies and the State Governments/UT Administrations."
PMFBY_2023_SEC_38_7_3,PMFBY_2023,child,32,152,153,38.7.3,,,Common Service Centers - Village Level Entrepreneurs (CSC-VLE),,,INFO,,38.7.3 To compulsorily take Aadhaar number or Aadhaar enrolment number as per the notiﬁcation under Section 7 of Aadhaar Act. Hence the coverage of non-loanee farmers without Aadhaar number is not all
PMFBY_2023_SEC_38_7_4,PMFBY_2023,child,19,153,153,38.7.4,,,Common Service Centers - Village Level Entrepreneurs (CSC-VLE),SHORT_COMPLETE_PROVISION,,INFO,B_SHORT,38.7.4 To ﬁll up the online application on the NCIP and collect the required documents from non- loanee farmers.
PMFBY_2023_SEC_38_7_5,PMFBY_2023,child,71,153,153,38.7.5,,,Common Service Centers - Village Level Entrepreneurs (CSC-VLE),,,INFO,,38.7.5 Collect the premium on behalf of the implementing Insurance Companies strictly as per the provisions of the Scheme. VLEs shall not demand any service charges or any extra amount from farmers ot
PMFBY_2023_SEC_38_7_6,PMFBY_2023,child,55,153,153,38.7.6,,,Common Service Centers - Village Level Entrepreneurs (CSC-VLE),,,INFO,,38.7.6 To ﬁll up the correct details of non-loanee farmers and upload the requisite documents along with their mobile number on NCIP. Due care should be taken in ﬁlling-up the details in the applicati
PMFBY_2023_SEC_38_7_7,PMFBY_2023,child,57,153,153,38.7.7,,,Common Service Centers - Village Level Entrepreneurs (CSC-VLE),,,INFO,,"38.7.7 The VLE should ensure that the insured farmers are not deprived of any beneﬁt under the Scheme due to errors or omissions or commissions by them, and if such cases are reported, necessary admin"
PMFBY_2023_SEC_38_7_8,PMFBY_2023,child,17,153,153,38.7.8,,,Common Service Centers - Village Level Entrepreneurs (CSC-VLE),SHORT_COMPLETE_PROVISION,,INFO,B_SHORT,38.7.8 To issue acknowledgement receipt to the concerned farmer upon successful submission of application under the scheme.
PMFBY_2023_SEC_38_7_9,PMFBY_2023,child,129,153,153,38.7.9,,,Common Service Centers - Village Level Entrepreneurs (CSC-VLE),,,INFO,,38.7.9 The CSC-VLE shall not be engaged in any kind of unlawful activities including but not limited to insurance of land parcels of other farmers in their names or any other farmer’s name or any kind
PMFBY_2023_SEC_38_7_10,PMFBY_2023,child,69,153,153,38.7.10,,,Common Service Centers - Village Level Entrepreneurs (CSC-VLE),,,INFO,,38.7.10 In case any application gets rejected owing to errors or omission or commissions committed by the concerned CSC-VLEs in data entry and document sharing at the time of enrollment of farmers and
PMFBY_2023_SEC_38_8,PMFBY_2023,parent,5,153,155,38.8,,,Designated Insurance Agents/Insurance Intermediaries,SHORT_CONTEXT_PARENT;STRUCTURE_UNCERTAIN,,INFO,B_SHORT;E_STRUCTURE,38.8 Designated Insurance Agents/Insurance Intermediaries
PMFBY_2023_SEC_38_8_1,PMFBY_2023,child,110,153,154,38.8.1,,,Designated Insurance Agents/Insurance Intermediaries,,,INFO,,"38.8.1 To educate and assist in awareness of the farmers especially the non-loanee farmers about the features of the Scheme. While accepting the application from the individual farmers, the Insurance "
PMFBY_2023_SEC_38_8_2,PMFBY_2023,child,31,154,154,38.8.2,,,Designated Insurance Agents/Insurance Intermediaries,,,INFO,,"38.8.2 To display the advertisement, publicity material, banner, poster, leaﬂets in its premises and remote kiosks/outlets established for enrollment of farmers as

provided by the Insurance Companies"
PMFBY_2023_SEC_38_8_3,PMFBY_2023,child,32,154,154,38.8.3,,,Designated Insurance Agents/Insurance Intermediaries,,,INFO,,38.8.3 To compulsorily take Aadhaar number or Aadhaar enrolment number as per the notiﬁcation under Section 7 of Aadhaar Act. Hence the coverage of non-loanee farmers without Aadhaar number is not all
PMFBY_2023_SEC_38_8_4,PMFBY_2023,child,22,154,154,38.8.4,,,Designated Insurance Agents/Insurance Intermediaries,,,INFO,,38.8.4 To ﬁll up the online application on AIDE or NCIP and collect and upload the required documents from non- loanee farmers.
PMFBY_2023_SEC_38_8_5,PMFBY_2023,child,87,154,154,38.8.5,,,Designated Insurance Agents/Insurance Intermediaries,,,INFO,,"38.8.5 Collect the premium on behalf of the implementing Insurance Companies, strictly as per the provisions of the Scheme. Insurance Intermediaries shall not demand any service charges or any extra a"
PMFBY_2023_SEC_38_8_6,PMFBY_2023,child,58,154,154,38.8.6,,,Designated Insurance Agents/Insurance Intermediaries,,,INFO,,38.8.6 To ﬁll up the correct details of non-loanee farmers and upload the requisite documents along with their mobile number on AIDE or NCIP. Due care should be taken in ﬁlling up the details in the a
PMFBY_2023_SEC_38_8_7,PMFBY_2023,child,58,154,154,38.8.7,,,Designated Insurance Agents/Insurance Intermediaries,,,INFO,,"38.8.7 The Insurance Intermediaries should ensure that the insured farmers are not deprived of any beneﬁt under the Scheme due to errors or omissions or commissions by them, and if such cases are repo"
PMFBY_2023_SEC_38_8_8,PMFBY_2023,child,17,154,154,38.8.8,,,Designated Insurance Agents/Insurance Intermediaries,SHORT_COMPLETE_PROVISION,,INFO,B_SHORT,38.8.8 To issue acknowledgement receipt to the concerned farmer upon successful submission of application under the scheme
PMFBY_2023_SEC_38_8_9,PMFBY_2023,child,15,154,154,38.8.9,,,Designated Insurance Agents/Insurance Intermediaries,SHORT_COMPLETE_PROVISION,,INFO,B_SHORT,"38.8.9 To facilitate post sales services, claim intimation and grievance redressal of the insured farmers."
PMFBY_2023_SEC_38_8_10,PMFBY_2023,child,136,154,154,38.8.10,,,Designated Insurance Agents/Insurance Intermediaries,,,INFO,,38.8.10 The Insurance Intermediaries shall not be engaged in any kind of unlawful activities including but not limited to insurance of land parcels of other farmers in their names or any other farmer’
PMFBY_2023_SEC_38_8_11,PMFBY_2023,child,77,155,155,38.8.11,,,Designated Insurance Agents/Insurance Intermediaries,,,INFO,,38.8.11 In case any application gets rejected owing to errors or omission or commissions committed in data entry and document sharing at the time of enrollment of farmers by the Insurance Intermediary
PMFBY_2023_SEC_38_9,PMFBY_2023,child,75,155,155,38.9,,,,STRUCTURE_UNCERTAIN,,INFO,E_STRUCTURE,38.9 In case any application gets rejected owing to errors or omission or commissions committed in data entry and document sharing at the time of enrollment of farmers by the Insurance Intermediary/Br
PMFBY_2023_SEC_38_10,PMFBY_2023,parent,3,155,155,38.10,,,Loanee Farmers,SHORT_CONTEXT_PARENT;STRUCTURE_UNCERTAIN,,INFO,B_SHORT;E_STRUCTURE,38.10 Loanee Farmers
PMFBY_2023_SEC_38_10_1,PMFBY_2023,child,149,155,155,38.10.1,,,Loanee Farmers,,,INFO,,"38.10.1 As the Scheme is made optional for all loanee farmers availing KCC loans for notiﬁed crops, it is mandatory for all loanee farmers to submit a signed declaration in the concerned bank branch i"
PMFBY_2023_SEC_38_10_2,PMFBY_2023,child,38,155,155,38.10.2,,,Loanee Farmers,,,INFO,,38.10.2 All loanee farmers are compulsorily required to submit Aadhaar Number or copy of Aadhaar card or authenticate themselves through Aadhaar enabled e-KYC along with mobile number for enrolment un
PMFBY_2023_SEC_38_10_3,PMFBY_2023,child,66,155,155,38.10.3,,,Loanee Farmers,,,INFO,,"38.10.3 Insurance Proposals are accepted only up to a stipulated cut-off date for enrollment of farmers and debiting of premium, which will be decided by the SLCCCI of the concerned States/UT. Hence, "
PMFBY_2023_SEC_38_10_4,PMFBY_2023,child,54,155,155,38.10.4,,,Loanee Farmers,,,INFO,,38.10.4 Give information of any loss due to a localized risk or a post-harvest loss due to speciﬁed perils preferably to the Central Grievance Redressal helpline i.e. Krishi Rakshak Portal & Helpline 
PMFBY_2023_SEC_38_10_5,PMFBY_2023,child,75,155,155,38.10.5,,,Loanee Farmers,,,INFO,,38.10.5 Loanee farmers should not avail KCC/Agriculture Loan from multiple banks on the same land or insure the same land through more than one bank branch or insure the same land more than once as a 
PMFBY_2023_SEC_38_11,PMFBY_2023,parent,3,156,157,38.11,,,Non-Loanee Farmers,SHORT_CONTEXT_PARENT;STRUCTURE_UNCERTAIN,,INFO,B_SHORT;E_STRUCTURE,38.11 Non-Loanee Farmers
PMFBY_2023_SEC_38_11_1,PMFBY_2023,child,38,156,156,38.11.1,,,Non-Loanee Farmers,,,INFO,,38.11.1 All non-loanee farmers are compulsorily required to submit Aadhaar Number or copy of Aadhaar card or authenticate themselves through Aadhaar enabled e-KYC along with mobile number for enrolmen
PMFBY_2023_SEC_38_11_2,PMFBY_2023,child,107,156,156,38.11.2,,,Non-Loanee Farmers,,,INFO,,"38.11.2 Insurance Proposals are accepted only up to a stipulated cut-off date for enrollment of farmers and debiting of premium, which will be decided by the SLCCCI of the concerned States/UT. Therefo"
PMFBY_2023_SEC_38_11_3,PMFBY_2023,child,69,156,156,38.11.3,,,Non-Loanee Farmers,,,INFO,,38.11.3 Applicants must sign and authorize electronically (using biometric authentication or SMS validation) while enrolling under the scheme along with submitting a copy of the LPC/Land Records or co
PMFBY_2023_SEC_38_11_4,PMFBY_2023,child,60,156,156,38.11.4,,,Non-Loanee Farmers,,,INFO,,"38.11.4 The farmer desiring coverage under crop insurance should open an operative saving bank account in the branch of the designated bank, and the details should be

provided while submitting the ap"
PMFBY_2023_SEC_38_11_5,PMFBY_2023,child,28,156,156,38.11.5,,,Non-Loanee Farmers,,,INFO,,38.11.5 The farmer should correctly mention their land identiﬁcation number or survey number to enable clear identification of the land parcel during the currency of the insurance cover.
PMFBY_2023_SEC_38_11_6,PMFBY_2023,child,43,156,156,38.11.6,,,Non-Loanee Farmers,,,INFO,,38.11.6 To notify implementing Insurance Company in the event of change of crop or sown area being different from the details previously declared in the application form at-least 2 days before the cut
PMFBY_2023_SEC_38_11_7,PMFBY_2023,child,30,156,156,38.11.7,,,Non-Loanee Farmers,,,INFO,,38.11.7 The farmer must furnish area sown conﬁrmation certiﬁcate or the self-declaration of intent to sow the proposed notiﬁed crop(s) as per requirement of the notification published by the State/UT.
PMFBY_2023_SEC_38_11_8,PMFBY_2023,child,54,156,156,38.11.8,,,Non-Loanee Farmers,,,INFO,,38.11.8 Give information of any loss due to a localized risk or a post-harvest loss due to speciﬁed perils preferably to the Central Grievance Redressal helpline i.e. Krishi Rakshak Portal & Helpline 
PMFBY_2023_SEC_38_11_9,PMFBY_2023,child,98,156,157,38.11.9,,,Non-Loanee Farmers,,,INFO,,38.11.9 The non-loanee farmer should not insure the same land more than once or same land through multiple channels of enrollment. The non-loanee farmers should also not insure the land parcel belongi
PMFBY_2023_SEC_39,PMFBY_2023,parent,14,157,159,39,,,National Crop Insurance Portal (NCIP) for Administration of Crop,SHORT_CONTEXT_PARENT,,INFO,B_SHORT,39 National Crop Insurance Portal (NCIP) for Administration of Crop Insurance Program under PMFBY
PMFBY_2023_SEC_39_1_1,PMFBY_2023,child,187,157,157,39.1.1,,,National Crop Insurance Portal (NCIP) for Administration of Crop,,,INFO,,"39.1.1 In the implementation of the scheme, multiple stakeholders are involved at different stages from enrolment of farmers till the claim disbursement to farmers. A hallmark of the Scheme is leverag"
PMFBY_2023_SEC_39_2,PMFBY_2023,child,188,157,157,39.2,,,National Crop Insurance Portal (NCIP) for Administration of Crop,,,INFO,,"39.2 The NCIP shall provide a single Information Technology (IT) enabled platform for digitization of processes and information data bank and dissemination mechanism, automation of administrative proc"
PMFBY_2023_SEC_39_3,PMFBY_2023,child,65,157,157,39.3,,,National Crop Insurance Portal (NCIP) for Administration of Crop,,,INFO,,"39.3 The conceptualization and development of the NCIP has already been completed and launched and facilitates for the notiﬁcation digitization, farmers application enrolment, application management, "
PMFBY_2023_SEC_39_4,PMFBY_2023,parent,766,158,159,39.4,,,National Crop Insurance Portal (NCIP) for Administration of Crop,MULTIPLE_FORMS_REVIEW,,INFO,,"39.4 Different Modules of NCIP

Integration with Public Fund Management System 39.4.1

The NCIP has been integrated with PFMS and a module known as DigiClaim has been developed for managing ﬁnancial t"
PMFBY_2023_SEC_39_4_SUB_1,PMFBY_2023,child,447,158,158,39.4,,,National Crop Insurance Portal (NCIP) for Administration of Crop,,,INFO,,"39.4 Different Modules of NCIP

Integration with Public Fund Management System 39.4.1

The NCIP has been integrated with PFMS and a module known as DigiClaim has been developed for managing ﬁnancial t"
PMFBY_2023_SEC_39_4_SUB_2,PMFBY_2023,child,392,158,159,39.4,,,National Crop Insurance Portal (NCIP) for Administration of Crop,MULTIPLE_FORMS_REVIEW,,INFO,,"The land record details of the farmers is required to be entered during enrolment process and rest of the land details viz. extent of land, ownership share and names of owners/shareholders are fetched"
PMFBY_2023_SEC_880,PMFBY_2023,child,173,159,160,,,,a) CCE schedule digitization,,,INFO,,"a) CCE schedule digitization

State/UTs schedules the CCE for the insurance unit and crop. State selects the village (If IU is at higher level) and plot (Survey/Sub Survey no.) randomly for conducting"
PMFBY_2023_SEC_881,PMFBY_2023,child,71,160,160,,,,b) Smart Sampling Technique,,,INFO,,"b) Smart Sampling Technique

GoI through MNCFC or CPMU shall share the Geo-coordinates of the CCE ﬁeld through API and the same will be shared to the CCE-Agri App based on the declaration done by the "
PMFBY_2023_SEC_882,PMFBY_2023,child,187,160,160,,,,c) State Speciﬁc customization,,,INFO,,"c) State Speciﬁc customization

CCE speciﬁcations may differ from State to State i.e. measurement units of CCE ﬁeld, shape of CCE plot etc. State speciﬁc customization has already been made for the sm"
PMFBY_2023_SEC_883,PMFBY_2023,child,92,160,160,,,,a) Absolute amount-based farmer premium,,,INFO,,"a) Absolute amount-based farmer premium

In case of enabling option in notiﬁcation to declare the farmer premium in absolute amount the State needs to enter the premium amount instead of percentage. H"
PMFBY_2023_SEC_884,PMFBY_2023,parent,4,160,167,,,,b) Limited area-based notiﬁcation,CONTEXT_PARENT;SHORT_CONTEXT_PARENT,,INFO,B_SHORT,b) Limited area-based notiﬁcation
PMFBY_2023_SEC_884_SUB_1,PMFBY_2023,child,454,160,161,,,,b) Limited area-based notiﬁcation,,,INFO,,"b) Limited area-based notiﬁcation

State limits the farmer premium subsidy upto certain limit of the insured area for a farmer. If the insured area exceeds the deﬁned limit, then farmer has to pay the"
PMFBY_2023_SEC_884_SUB_2,PMFBY_2023,child,485,161,162,,,,b) Limited area-based notiﬁcation,,,INFO,,"Once the values are finally accepted, the corresponding claims are calculated automatically for further processing of claims settlement though PFMS platform directly into farmer’s account.

States/UTs"
PMFBY_2023_SEC_884_SUB_3,PMFBY_2023,child,665,162,164,,,,b) Limited area-based notiﬁcation,,,INFO,,"The Ministry of Earth Sciences/IMD will be responsible for the supervision, regulation and ensuring quality standards as per WINDS framework to ensure accuracy of the data. In order to foster & levera"
PMFBY_2023_SEC_884_SUB_4,PMFBY_2023,child,448,164,165,,,,b) Limited area-based notiﬁcation,,,INFO,,"Changes in NCIP node will automatically update the information on other partner’s node over block chain network. NCIP node will be the primary source of data.

SMS and Instant messaging platform 39.4."
PMFBY_2023_SEC_884_SUB_5,PMFBY_2023,child,586,165,166,,,,b) Limited area-based notiﬁcation,,,INFO,,These values of technology driven crop yield along with multiple modeling and data synthesis are required to be digitized and made available on a digital platform to enable utilization of same by diff
PMFBY_2023_SEC_884_SUB_6,PMFBY_2023,child,523,166,167,,,,b) Limited area-based notiﬁcation,,,INFO,,"Further, the pictures collected through CROPIC Mobile App shall remain within the NCIP server and may be consumed though APIs for validation, analytics & research by other DPIs of the Govt. and extern"
PMFBY_2023_SEC_884_SUB_7,PMFBY_2023,child,399,167,167,,,,b) Limited area-based notiﬁcation,,,INFO,,"The information and data being collected through various sources and modes then shall be converged together for an informed and fortified decision support system known as Krishi DSS platform.

For eff"
PMFBY_2023_ANNEXURE_I,PMFBY_2023,child,25,168,168,,,,ANNEXURE – I,,,INFO,,"ANNEXURE – I

Add-on Coverage for Crop Loss due to Attack by Wild Animals

1. Coverage for Crop Loss due to Attack by Wild Animals:"
PMFBY_2023_SEC_1_1,PMFBY_2023,child,97,168,168,1.1,,,,STRUCTURE_UNCERTAIN,,INFO,E_STRUCTURE,"1.1 The provision for cover against losses to crops due to attack of wild animals wherever the risk is perceived to be substantial (equivalent to or more than the indemnity level under PMFBY), is iden"
PMFBY_2023_SEC_1_2,PMFBY_2023,child,66,168,168,1.2,,,,STRUCTURE_UNCERTAIN,,INFO,E_STRUCTURE,1.2 The deﬁnition of wild animals will be as per the categorization of the MoEF&CC and/or Forest Department of respective State Govt./UT based on historic analysis of yield losses of crops occurred. H
PMFBY_2023_SEC_2_002,PMFBY_2023,parent,3,168,168,2,,,Risks Covered:,SHORT_CONTEXT_PARENT,,INFO,B_SHORT,2. Risks Covered:
PMFBY_2023_SEC_2_1_002,PMFBY_2023,child,80,168,168,2.1,,,Risks Covered:,,,INFO,,"2.1 Initially this add-on cover would be available on a pilot basis. In the initial stages of pilot, the add-on cover against losses due to wild animals would be available for those crops only which h"
PMFBY_2023_SEC_2_2_002,PMFBY_2023,child,23,168,168,2.2,,,Risks Covered:,,,INFO,,2.2 Notiﬁcation of the wild animals covered under add-on cover shall be done in area(s) and crop(s) to be notiﬁed under the scheme.
PMFBY_2023_SEC_3_002,PMFBY_2023,parent,3,168,171,3,,,Risk Acceptance:,SHORT_CONTEXT_PARENT,,INFO,B_SHORT,3. Risk Acceptance:
PMFBY_2023_SEC_3_1_002,PMFBY_2023,child,156,168,168,3.1,,,Risk Acceptance:,,,INFO,,"3.1 As substantial historic yield data is not available to establish the economic losses to crops by attack of wild animals, actuarial pricing is not possible at present for this add-on cover. However"
PMFBY_2023_SEC_3_2,PMFBY_2023,child,35,168,168,3.2,,,Risk Acceptance:,,,INFO,,3.2 States may ensure that the actuarial premium rate quoted by the Insurance Companies should be rational basis the past loss experience. Under this provision all risks will be borne by the concerned
PMFBY_2023_SEC_3_3,PMFBY_2023,child,165,168,169,3.3,,,Risk Acceptance:,,,INFO,,"3.3 Alternatively, those states not having requisite historical yield loss data to crops damaged by the attack of wild animals to determine the rational actuarial premium rate, can consider implementi"
PMFBY_2023_SEC_3_4,PMFBY_2023,child,102,169,169,3.4,,,Risk Acceptance:,,,INFO,,3.4 The total liability towards crop loss due to Add-on cover of wild animal attack shall be met first from PMFBY and only differential claims shall be met from the add-on cover. In case any farmer ha
PMFBY_2023_SEC_3_5,PMFBY_2023,child,127,169,169,3.5,,,Risk Acceptance:,,,INFO,,3.5 State Governments/UT Administrations opting for corpus model for the implementation of this add-on cover will create a corpus fund at the State level to provide claims to eligible farmers over and
PMFBY_2023_SEC_3_6,PMFBY_2023,child,70,169,169,3.6,,,Risk Acceptance:,,,INFO,,"3.6 Under corpus mode, the Insurance Companies under PMFBY for the respective season will also act as an implementing agency for this add-on cover at deﬁned rational administrative charges notiﬁed by "
PMFBY_2023_SEC_3_7,PMFBY_2023,child,99,169,169,3.7,,,Risk Acceptance:,,,INFO,,3.7 This add-on cover would run concurrently and follow the cut-off dates as speciﬁed in seasonality discipline of PMFBY and shall be available for only those farmers who are enrolled under PMFBY. Far
PMFBY_2023_SEC_899,PMFBY_2023,child,74,169,170,,,,Case - I:,,,INFO,,"Claim Payment Illustration:

Case - I:

Sum Insured = Rs.1,00,000

Yield Based Claims = Rs. 60,000 Crop loss due to Add-on Coverage (Wild Animals) = Rs.40,000

Indemnity Level = 80% Claims due to Add-"
PMFBY_2023_SEC_900,PMFBY_2023,child,140,170,170,,,,Case - II:,,,INFO,,"Case - II:

Sum Insured = Rs.1,00,000

Yield Based Claims = Rs. 40,000 Crop loss due to Add-on Coverage (Wild Animals) = Rs.70,000

Indemnity Level = 80% Claims due to Add-on Coverage (Wild Animals) ="
PMFBY_2023_SEC_3_8,PMFBY_2023,child,61,170,170,3.8,,,Risk Acceptance:,,,INFO,,"3.8 As mentioned in Para 5.2.5 of these OGs of PMFBY, the ﬁnancial liability towards claims under corpus mode of this add-on cover shall be borne by the concerned State Governments/UT Administrations "
PMFBY_2023_SEC_3_9,PMFBY_2023,child,39,170,170,3.9,,,Risk Acceptance:,,,INFO,,3.9 State Governments/UT Administrations may provide requisite information related to historic crop losses by wild animals etc. to the Insurance Companies and also get concurrence in the SLCCCI meetin
PMFBY_2023_SEC_3_10,PMFBY_2023,parent,3,170,171,3.10,,,Risk Acceptance:,SHORT_CONTEXT_PARENT,,INFO,B_SHORT,3.10 Eligibility Criteria:
PMFBY_2023_SEC_3_10_1,PMFBY_2023,child,18,170,170,3.10.1,,,Eligibility Criteria:,SHORT_COMPLETE_PROVISION,,INFO,B_SHORT,3.10.1 This add-on cover will only be available if this cover is notiﬁed by the State Governments/UT Administrations.
PMFBY_2023_SEC_3_10_2,PMFBY_2023,child,32,170,170,3.10.2,,,Eligibility Criteria:,,,INFO,,"3.10.2 Available to all those insured farmers, at land parcel level, affected by above mentioned perils in a Notiﬁed IU growing notiﬁed crops for which insurance under normal PMFBY has been availed."
PMFBY_2023_SEC_3_10_3,PMFBY_2023,child,38,170,170,3.10.3,,,Eligibility Criteria:,,,INFO,,3.10.3 Only those farmers would be eligible for ﬁnancial support under this cover who have paid the premium for the add-on cover. i.e. the premium has been debited from their account before the occurr
PMFBY_2023_SEC_3_10_4,PMFBY_2023,child,40,170,170,3.10.4,,,Eligibility Criteria:,,,INFO,,3.10.4 Available for all notiﬁed crops which has been declared eligible for the Add-on cover as per the notiﬁcation issued by the States/UTs and damaged by Wild Animal attack during when the crop is i
PMFBY_2023_SEC_3_10_5,PMFBY_2023,child,71,170,170,3.10.5,,,Eligibility Criteria:,,,INFO,,3.10.5 Maximum liability is limited to the Sum Insured value arrived by multiplying indemnity level with the total Sum Insured of the damaged crop's area and the pay-out under this provision would be 
PMFBY_2023_SEC_3_10_6,PMFBY_2023,child,53,170,171,3.10.6,,,Eligibility Criteria:,,,INFO,,"3.10.6 The add-on cover will be optional for both the loanee and non-loanee farmers. If a farmer opts for the cover, he will have to pay notional premium rate. However, the concerned State Governments"
PMFBY_2023_SEC_3_10_7,PMFBY_2023,child,85,171,171,3.10.7,,,Eligibility Criteria:,,,INFO,,3.10.7 Non-loanee farmers will opt for this add-on cover at the time of enrolment and loanee farmers will inform the concerned Bank branches to opt for this cover in writing at least 2 working days pr
PMFBY_2023_SEC_3_10_8,PMFBY_2023,child,12,171,171,3.10.8,,,Eligibility Criteria:,SHORT_COMPLETE_PROVISION,,INFO,B_SHORT,3.10.8 This add-on cover will be available initially for major crops only.
PMFBY_2023_SEC_3_10_9,PMFBY_2023,child,34,171,171,3.10.9,,,Eligibility Criteria:,,,INFO,,"3.10.9 The State Governments/UT Administrations would notify the list of wild animals, which inhabit the region & IU and crop-wise which will be covered under this add-on cover in consultation with st"
PMFBY_2023_SEC_3_10_10,PMFBY_2023,child,29,171,171,3.10.10,,,Eligibility Criteria:,,,INFO,,3.10.10 The add-on cover would be applicable from 30 days after sowing to harvesting period. The coverage duration should compulsorily be notiﬁed by the State/UT in the notiﬁcation also.
PMFBY_2023_SEC_3_10_11,PMFBY_2023,child,56,171,171,3.10.11,,,Eligibility Criteria:,,,INFO,,"3.10.11 Indemnity would be payable only when the area affected by notiﬁed wild animals is more than 25% of the individual insured land parcel, and the affected notiﬁed crop has less than 25% chances o"
PMFBY_2023_SEC_3_10_12,PMFBY_2023,child,31,171,171,3.10.12,,,Eligibility Criteria:,,,INFO,,"3.10.12 If the pay-out under area-approach (based on CCEs data) is more than losses under this add-on cover, the balance claims, if any, shall be settled at the end of season."
PMFBY_2023_SEC_4_002,PMFBY_2023,parent,2,171,171,4,,,Proxy-Indicators:,SHORT_CONTEXT_PARENT,,INFO,B_SHORT;D_TOP20_SHORT,4. Proxy-Indicators:
PMFBY_2023_SEC_4_1_1,PMFBY_2023,child,89,171,171,4.1.1,,,Proxy-Indicators:,,,INFO,,4.1.1 Incidence of raiding or grazing by wild animal must be substantiated by media reports or the reports of the agriculture and/or Forest and/or Revenue department. The State governments/UT Administ
PMFBY_2023_SEC_5_002,PMFBY_2023,parent,4,171,172,5,,,Loss Assessment Procedure:,SHORT_CONTEXT_PARENT,,INFO,B_SHORT,5. Loss Assessment Procedure:
PMFBY_2023_SEC_5_1_002,PMFBY_2023,child,8,171,171,5.1,,,Loss Assessment Procedure:,SHORT_COMPLETE_PROVISION,,INFO,B_SHORT,5.1 Time and method of reporting the loss/claims:
PMFBY_2023_SEC_920,PMFBY_2023,child,54,171,171,,,,A. The State Governments/UT Administrations would notify crop-wise and the agro-,,,INFO,,A. The State Governments/UT Administrations would notify crop-wise and the agro-climatic zone. This provision can be invoked during the period while the crop is in standing position (30 days after cro
PMFBY_2023_SEC_5_2_002,PMFBY_2023,child,18,171,171,5.2,,,Loss Assessment Procedure:,SHORT_COMPLETE_PROVISION,,INFO,B_SHORT,B. Immediate intimation (within 72 hours) by the insured farmer as detailed in Para 5.2 (Annexure I) below.
PMFBY_2023_SEC_922,PMFBY_2023,child,59,171,171,,,,"C. Intimation must contain details of insured farmer's name, affected survey number-",,,INFO,,"C. Intimation must contain details of insured farmer's name, affected survey number-wise insured crop and acreage affected, Farmer's Application No. as on NCIP, his/her Mobile Number etc. KCC A/c No. "
PMFBY_2023_SEC_923,PMFBY_2023,child,38,172,172,,,,"D. Premium payment veriﬁcation to be done from the NCIP and in case of need, may be",,,INFO,,"D. Premium payment veriﬁcation to be done from the NCIP and in case of need, may be veriﬁed from the bank. The bank shall provide the payment veriﬁcation within the next 48 hours of receipt of such re"
PMFBY_2023_SEC_924,PMFBY_2023,child,27,172,172,,,,E. Mobile application may be used for reporting incidence of localized calamities for,DUPLICATE_TEXT,DUPLICATE_TEXT,INFO,,E. Mobile application may be used for reporting incidence of localized calamities for intimation of events including longitude/latitude details and pictures using Mobile App developed by DA&FW.
PMFBY_2023_SEC_5_2_003,PMFBY_2023,child,38,172,172,5.2,,,Loss Assessment Procedure:,,,INFO,,"5.2 Localized Calamity claim amount at individual farm level shall be calculated as per the following formula:

𝒕𝒐𝒕𝒂𝒍 𝑰𝒏𝒔𝒖𝒓𝒆𝒅 𝑨𝒓𝒆𝒂(%) × 𝑬𝒔𝒕𝒊𝒎𝒂𝒕𝒆𝒅 𝑪𝒓𝒐𝒑 𝑫𝒂𝒎𝒂𝒈𝒆

𝑆𝒖𝒎 𝑰𝒏𝒔𝒖𝒓𝒆𝒅 × 𝑨𝒇𝒇𝒆𝒄𝒕𝒆𝒅 𝑨𝒓𝒆𝒂 𝒐𝒖𝒕 𝒐𝒇

(%) 𝒙"
PMFBY_2023_SEC_5_3_002,PMFBY_2023,child,39,172,172,5.3,,,Loss Assessment Procedure:,,,INFO,,"5.3 For estimation of crop loss in the individual farms/land parcels, the digital Crop Loss Assessment App developed by the GoI shall be compulsorily used by the Insurance Companies, States/UTs and lo"
PMFBY_2023_SEC_6_002,PMFBY_2023,parent,9,172,172,6,,,Channel of Reporting i.e. Whom to be Reported:,SHORT_CONTEXT_PARENT,,INFO,B_SHORT,6. Channel of Reporting i.e. Whom to be Reported:
PMFBY_2023_SEC_6_1,PMFBY_2023,child,128,172,172,6.1,,,Channel of Reporting i.e. Whom to be Reported:,,,INFO,,"6.1 Intimation may be given within 72 hours by the farmer either directly through the ""Crop Insurance App"" or centralized toll-free number of Krishi Rakshak Portal & Helpline (14447). The intimation m"
PMFBY_2023_SEC_6_2,PMFBY_2023,child,29,172,172,6.2,,,Channel of Reporting i.e. Whom to be Reported:,,,INFO,,"6.2 Reporting of losses will be done through the Crop Insurance App and the Centralized Toll-Free Number (KRPH), along with other channels. Other Channels will be phased out subsequently."
PMFBY_2023_SEC_6_3,PMFBY_2023,child,48,172,172,6.3,,,Channel of Reporting i.e. Whom to be Reported:,,,INFO,,"6.3 In case the intimation has been given through the concerned bank branch or State/UT Government ofﬁcials, the same shall be forwarded by the Bank Branches or Govt. officials of the concerned Insura"
PMFBY_2023_SEC_7_002,PMFBY_2023,parent,7,172,173,7,,,Documentary Evidence Required for Claim Assessment:,SHORT_CONTEXT_PARENT,,INFO,B_SHORT,7. Documentary Evidence Required for Claim Assessment:
PMFBY_2023_SEC_7_1,PMFBY_2023,child,71,172,172,7.1,,,Documentary Evidence Required for Claim Assessment:,,,INFO,,"7.1 Duly ﬁlled crop loss intimation through the Crop Insurance App or Krishi Rakshak Portal & Helpline, or other mentioned channels, along with all relevant documents is necessary for initiation of lo"
PMFBY_2023_SEC_7_2,PMFBY_2023,child,90,172,173,7.2,,,Documentary Evidence Required for Claim Assessment:,,,INFO,,"7.2 The Insurance Companies are responsible for ensuring that sufﬁcient number of loss intimation forms are available at the bank branch, local Government ofﬁcials level. Any other additional document"
PMFBY_2023_SEC_8_002,PMFBY_2023,parent,9,173,173,8,,,Appointment of Loss Assessors by the Insurance Company:,SHORT_CONTEXT_PARENT,,INFO,B_SHORT,8. Appointment of Loss Assessors by the Insurance Company:
PMFBY_2023_SEC_8_1_002,PMFBY_2023,child,98,173,173,8.1,,,Appointment of Loss Assessors by the Insurance Company:,,,INFO,,8.1 The loss assessors would be appointed by the Insurance Company for assessment of losses due to incidence of Localized Calamities. The loss assessors appointed by the Insurance Companies should be 
PMFBY_2023_SEC_8_2_002,PMFBY_2023,child,24,173,173,8.2,,,Appointment of Loss Assessors by the Insurance Company:,,,INFO,,8.2 For compliance under the above provisions the Insurance Companies would utilize the empaneled loss assessors for using their services as and when required.
PMFBY_2023_SEC_8_3_002,PMFBY_2023,child,87,173,173,8.3,,,Appointment of Loss Assessors by the Insurance Company:,,,INFO,,"8.3 The loss would be jointly assessed by a team comprising of loss assessors appointed by the insurer, block level agriculture ofﬁcer, primary worker of the agriculture or revenue department and the "
PMFBY_2023_SEC_9_002,PMFBY_2023,child,224,173,173,9,,,Time Frame for Loss Assessment and Claims Payment:,,,INFO,,"9. Time Frame for Loss Assessment and Claims Payment:

A. Appointment of loss assessor within 48 hours

B. Loss assessment to be done only after lapse of minimum 7 days (for assessing the chances of r"
PMFBY_2023_ANNEXURE_II,PMFBY_2023,child,376,174,175,,,,ANNEXURE - II,TABLE_REVIEW,,INFO,F_TABLE,"ANNEXURE - II

Format for reporting of excess area insured/ acreage discrepancy for consideration of

application of area correction factor by Insurance Company

(All areas in Hectare)

Details availa"
PMFBY_2023_ANNEXURE_III,PMFBY_2023,parent,682,176,181,,,,ANNEXURE- III,CONTEXT_PARENT;TABLE_REVIEW,,INFO,F_TABLE,"ANNEXURE- III

Illustration for classiﬁcation of risks, clubbing / clustering of risks and Districts and

determination of L1 bidder:

Method 1

Deﬁne Risk Level

i. Calculate Loss Cost for each distr"
PMFBY_2023_ANNEXURE_III_SUB_1,PMFBY_2023,child,227,178,178,,,,ANNEXURE- III,TABLE_REVIEW,,INFO,F_TABLE,"d) Allocation of codes to different districts:

• Arrange the districts in any order.

• Write risk level and coverage level corresponding to each district.

• On the basis on above code table allot c"
PMFBY_2023_ANNEXURE_III_SUB_2,PMFBY_2023,child,280,178,179,,,,ANNEXURE- III,TABLE_REVIEW,,INFO,F_TABLE,"Applicable conditions for Clustering/Clubbing of districts:

i. Within the cluster, Insurance Companies would be required to quote the premium rates for all district-crop combination for their bids to"
PMFBY_2023_ANNEXURE_III_SUB_3,PMFBY_2023,child,893,179,181,,,,ANNEXURE- III,TABLE_REVIEW,,INFO,F_TABLE,"Method 2

Agriculture output in the area/ district is inﬂuenced by the agro-climatic conditions of that area/district. On the basis of the variation in agriculture output (crops) in each district duri"
PMFBY_2023_ANNEXURE_IV,PMFBY_2023,child,1100,182,185,,,,ANNEXURE- IV,LONG_CHUNK_NO_SAFE_SPLIT;TABLE_REVIEW,,INFO,A_LONG;F_TABLE,"ANNEXURE- IV

Checklist for STAC while disposing-off Yield Disputes under PMFBY and for referring

case to Central TAC

SN | Particular | | (Yes/No) | If Yes- then give date and attach as Annexure, If"
PMFBY_2023_ANNEXURE_V,PMFBY_2023,parent,8736,186,210,,,,ANNEXURE- V,CONTEXT_PARENT;LONG_CHUNK_NO_SAFE_SPLIT;TABLE_REVIEW,,INFO,A_LONG;F_TABLE;C_TOP20_LONG,"ANNEXURE- V

Illustration of Modalities of Claim Settlement under Multiple Events of similar or

different Perils at same land-parcel & Crop under PMFBY

Scenarios | | | Clarifications/Remarks |
1. Cl"
PMFBY_2023_ANNEXURE_V_SUB_1,PMFBY_2023,child,718,206,207,,,,ANNEXURE- V,TABLE_REVIEW,,INFO,F_TABLE,"Localized Claims

and will not be reduced by localized

(Rs.)

claim amount paid

Residual Sum

Insured for Post-

Sum Insured value will be reduced by

Harvest (Rs.)

41,875

Amount of Localized clai"
PMFBY_2023_ANNEXURE_V_SUB_2,PMFBY_2023,child,1104,208,210,,,,ANNEXURE- V,LONG_CHUNK_NO_SAFE_SPLIT;TABLE_REVIEW,,INFO,A_LONG;F_TABLE,"Residual Sum

Sum Insured value remains identical

Insured for

after invocation of WSL/MSA loss

Localized Claims

%age and will not be reduced by

(Rs.)

41,875

localized claim amount paid

Residua"
PMFBY_2023_ANNEXURE_VL,PMFBY_2023,child,282,211,213,,,,Annexure-Vl,,,INFO,,"Annexure-Vl

Opt-out form for PMFBY/RWBCIS Scheme

Name of Bank

Date: _____/_____/20___

Bank Branch Name: ______________________________Branch code no.__________________

Applicant Details

1. Name "
CRCS_OMBUDSMAN_DOC,CRCS_OMBUDSMAN,parent,12,1,2,,,,,CONTEXT_PARENT;SHORT_CONTEXT_PARENT,,INFO,B_SHORT,GotoMainContent | Stemap | Contactus | As A A A English v
CRCS_OMBUDSMAN_CONTEXT_001,CRCS_OMBUDSMAN,child,157,1,1,,,,,,,INFO,,"GotoMainContent | Stemap | Contactus | As A A A English v

Government of India Ministry of Cooperation Central Registrar of Cooperative Societies

Download NCD-GeoTAG Mobile App to captur:

D)

Cooper"
CRCS_OMBUDSMAN_SEC_002,CRCS_OMBUDSMAN,child,47,1,1,,,,How to file a Complaint,,,INFO,,"How to file a Complaint Member shall file the complaint to Cooperative Ombudsman in Form VI prescribed under rule 30H(2) of MSCS Rules, 2002 after fulfilling all the necessary conditions stated therei"
CRCS_OMBUDSMAN_SEC_003,CRCS_OMBUDSMAN,child,47,1,1,,,,How to file an Appeal,,,INFO,,How to file an Appeal Member can file an appeal against the rejection of his application by the Cooperative Information Officer in Form Vil within a period of one month from the date of such rejection
CRCS_OMBUDSMAN_SEC_004,CRCS_OMBUDSMAN,child,30,1,1,,,,Complaint or Appeal to the Cooperative Ombudsman shall be filed on the following address,,,INFO,,"Complaint or Appeal to the Cooperative Ombudsman shall be filed on the following address:

Alok Agarwal Cooperative Ombudsman, World Trade Centre, Tower-E, 9*"" Floor, Nauroji Nagar, New Delhi - 110029"
CRCS_OMBUDSMAN_SEC_005,CRCS_OMBUDSMAN,child,86,1,2,,,,Complaint or Appeal to the Cooperative Ombudsman can also be filed online on the following e-mail address,,,INFO,,"Complaint or Appeal to the Cooperative Ombudsman can also be filed online on the following e-mail address: mscs-ombudsman@gov.in

Last updated: 12 Sep 2026

o The natonal pota o india m!' dTEGHAR 7)) "
