chunk_id,source_id,record_type,retrieval_status,document_type,jurisdiction,word_count,char_count,page_start,page_end,section,subsection,rule,subrule,clause,heading,topics,warning
MH_ACT_1960_DOC,MH_ACT_1960,parent,REFERENCE_ONLY,act,Maharashtra,1,3,1,203,,,,,,,state_law,CONTEXT_PARENT;SHORT_CONTEXT_PARENT
MH_ACT_1960_CONTEXT_001,MH_ACT_1960,child,ACTIVE,act,Maharashtra,291,1766,1,1,,,,,,,state_law,SECTION_IDENTIFIER_MISSING;STRUCTURE_UNCERTAIN;TABLE_REVIEW
MH_ACT_1960_CONTEXT_002,MH_ACT_1960,child,ACTIVE,act,Maharashtra,1367,8222,2,4,,,,,,,byelaws;governance;loans;management;meetings;membership;registrar;registration;state_law,LONG_CHUNK_NO_SAFE_SPLIT;SECTION_IDENTIFIER_MISSING;STRUCTURE_UNCERTAIN
MH_ACT_1960_SEC_3,MH_ACT_1960,child,ACTIVE,act,Maharashtra,139,822,5,5,3,,,,,Registrar and his subordinates,registrar;registration;state_law,
MH_ACT_1960_SEC_3A,MH_ACT_1960,child,ACTIVE,act,Maharashtra,165,947,5,5,3A,,,,,Temporary vacancies,registrar;state_law,
MH_ACT_1960_SEC_4,MH_ACT_1960,child,ACTIVE,act,Maharashtra,108,658,5,5,4,,,,,Societies which may be registered:,registration;state_law,
MH_ACT_1960_SEC_5,MH_ACT_1960,child,ACTIVE,act,Maharashtra,17,119,5,5,5,,,,,Registration with limited or unlimited liability:,registration;state_law,SHORT_COMPLETE_PROVISION
MH_ACT_1960_SEC_6,MH_ACT_1960,parent,REFERENCE_ONLY,act,Maharashtra,593,3392,5,6,6,,,,,Conditions of registration:,registrar;registration;state_law,
MH_ACT_1960_SEC_6_SUB_1,MH_ACT_1960,child,ACTIVE,act,Maharashtra,114,646,5,5,6,1,,,,Conditions of registration:,registrar;registration;state_law,
MH_ACT_1960_SEC_6_SUB_2,MH_ACT_1960,child,ACTIVE,act,Maharashtra,372,2112,5,6,6,2,,,,Conditions of registration:,registrar;registration;state_law,
MH_ACT_1960_SEC_6_SUB_3,MH_ACT_1960,child,ACTIVE,act,Maharashtra,17,96,6,6,6,3,,,,Conditions of registration:,registration;state_law,SHORT_COMPLETE_PROVISION
MH_ACT_1960_SEC_6_SUB_4,MH_ACT_1960,child,ACTIVE,act,Maharashtra,22,123,6,6,6,4,,,,Conditions of registration:,registration;state_law,
MH_ACT_1960_SEC_6_SUB_5,MH_ACT_1960,child,ACTIVE,act,Maharashtra,64,374,6,6,6,5,,,,Conditions of registration:,registration;state_law,
MH_ACT_1960_SEC_7,MH_ACT_1960,child,ACTIVE,act,Maharashtra,56,343,6,6,7,,,,,Power to exempt societies or class of societies from conditions as to registration:,registration;state_law,
MH_ACT_1960_SEC_8,MH_ACT_1960,child,ACTIVE,act,Maharashtra,212,1239,6,6,8,,,,,Application for registration,byelaws;registrar;registration;state_law,
MH_ACT_1960_SEC_9,MH_ACT_1960,child,ACTIVE,act,Maharashtra,277,1612,7,7,9,,,,,Registration,byelaws;registrar;registration;state_law;timeline,
MH_ACT_1960_SEC_10,MH_ACT_1960,child,ACTIVE,act,Maharashtra,37,248,7,7,10,,,,,Evidence of registration,registrar;registration;state_law,
MH_ACT_1960_SEC_11,MH_ACT_1960,child,ACTIVE,act,Maharashtra,120,681,7,7,11,,,,,Power of Registrar to decide certain questions,registrar;state_law,
MH_ACT_1960_SEC_12,MH_ACT_1960,child,ACTIVE,act,Maharashtra,133,771,7,7,12,,,,,Classification of societies,registrar;state_law,
MH_ACT_1960_SEC_13,MH_ACT_1960,child,ACTIVE,act,Maharashtra,339,1953,7,8,13,,,,,Amendment of bye-laws of society,byelaws;meetings;registrar;registration;state_law;timeline,
MH_ACT_1960_SEC_14,MH_ACT_1960,child,ACTIVE,act,Maharashtra,155,894,8,8,14,,,,,Power to direct amendment of bye-laws,appeal;byelaws;registrar;registration;state_law,
MH_ACT_1960_SEC_15,MH_ACT_1960,child,ACTIVE,act,Maharashtra,104,598,8,8,15,,,,,Change of name,meetings;registrar;registration;state_law,
MH_ACT_1960_SEC_16,MH_ACT_1960,child,ACTIVE,act,Maharashtra,202,1165,8,9,16,,,,,Change of liability,byelaws;deposits;loans;state_law,
MH_ACT_1960_SEC_17,MH_ACT_1960,parent,REFERENCE_ONLY,act,Maharashtra,520,3190,9,9,17,,,,,"Amalgamation, transfer, division or conversion of societies",meetings;membership;registrar;registration;state_law,
MH_ACT_1960_SEC_17_SUB_1,MH_ACT_1960,child,ACTIVE,act,Maharashtra,284,1706,9,9,17,1,,,,"Amalgamation, transfer, division or conversion of societies",meetings;membership;registrar;state_law,
MH_ACT_1960_SEC_17_SUB_2,MH_ACT_1960,child,ACTIVE,act,Maharashtra,91,565,9,9,17,2,,,,"Amalgamation, transfer, division or conversion of societies",registration;state_law,
MH_ACT_1960_SEC_17_SUB_3,MH_ACT_1960,child,ACTIVE,act,Maharashtra,85,531,9,9,17,3,,,,"Amalgamation, transfer, division or conversion of societies",state_law,
MH_ACT_1960_SEC_17_SUB_4,MH_ACT_1960,child,ACTIVE,act,Maharashtra,52,315,9,9,17,4,,,,"Amalgamation, transfer, division or conversion of societies",registration;state_law,
MH_ACT_1960_SEC_18,MH_ACT_1960,parent,REFERENCE_ONLY,act,Maharashtra,451,2739,9,10,18,,,,,"Power to direct amalgamation, division and reorganization in public interest, etc:",management;pacs;registrar;state_law,
MH_ACT_1960_SEC_18_SUB_1,MH_ACT_1960,child,ACTIVE,act,Maharashtra,135,855,9,10,18,1,,,,"Power to direct amalgamation, division and reorganization in public interest, etc:",management;registrar;state_law,
MH_ACT_1960_SEC_18_SUB_2,MH_ACT_1960,child,ACTIVE,act,Maharashtra,119,643,10,10,18,2,,,,"Power to direct amalgamation, division and reorganization in public interest, etc:",registrar;state_law,
MH_ACT_1960_SEC_18_SUB_3,MH_ACT_1960,child,ACTIVE,act,Maharashtra,36,237,10,10,18,3,,,,"Power to direct amalgamation, division and reorganization in public interest, etc:",registrar;state_law,
MH_ACT_1960_SEC_18_SUB_4,MH_ACT_1960,child,ACTIVE,act,Maharashtra,74,436,10,10,18,4,,,,"Power to direct amalgamation, division and reorganization in public interest, etc:",state_law,
MH_ACT_1960_SEC_18_SUB_5,MH_ACT_1960,child,ACTIVE,act,Maharashtra,50,310,10,10,18,5,,,,"Power to direct amalgamation, division and reorganization in public interest, etc:",state_law,
MH_ACT_1960_SEC_18_SUB_6,MH_ACT_1960,child,ACTIVE,act,Maharashtra,25,159,10,10,18,6,,,,"Power to direct amalgamation, division and reorganization in public interest, etc:",pacs;state_law,
MH_ACT_1960_SEC_18_A,MH_ACT_1960,parent,REFERENCE_ONLY,act,Maharashtra,563,3391,10,11,18-A,,,,,Amalgamation of Co-operative Banks,management;registrar;registration;state_law,
MH_ACT_1960_SEC_18_A_SUB_1,MH_ACT_1960,child,ACTIVE,act,Maharashtra,200,1224,10,10,18-A,1,,,,Amalgamation of Co-operative Banks,management;registrar;state_law,
MH_ACT_1960_SEC_18_A_SUB_2,MH_ACT_1960,child,ACTIVE,act,Maharashtra,108,603,10,10,18-A,2,,,,Amalgamation of Co-operative Banks,registrar;state_law,
MH_ACT_1960_SEC_18_A_SUB_3,MH_ACT_1960,child,ACTIVE,act,Maharashtra,74,432,11,11,18-A,3,,,,Amalgamation of Co-operative Banks,state_law,
MH_ACT_1960_SEC_18_A_SUB_4,MH_ACT_1960,child,ACTIVE,act,Maharashtra,44,284,11,11,18-A,4,,,,Amalgamation of Co-operative Banks,registration;state_law,
MH_ACT_1960_SEC_18_A_SUB_5,MH_ACT_1960,child,ACTIVE,act,Maharashtra,55,344,11,11,18-A,5,,,,Amalgamation of Co-operative Banks,state_law,
MH_ACT_1960_SEC_18_A_SUB_6,MH_ACT_1960,child,ACTIVE,act,Maharashtra,52,313,11,11,18-A,6,,,,Amalgamation of Co-operative Banks,registration;state_law,
MH_ACT_1960_SEC_18_A_SUB_7,MH_ACT_1960,child,ACTIVE,act,Maharashtra,25,135,11,11,18-A,7,,,,Amalgamation of Co-operative Banks,registrar;state_law,
MH_ACT_1960_SEC_18_B,MH_ACT_1960,child,ACTIVE,act,Maharashtra,439,2656,11,12,18-B,,,,,Amalgamation of primary agricultural credit societies,management;pacs;registrar;state_law,
MH_ACT_1960_SEC_18_C,MH_ACT_1960,parent,REFERENCE_ONLY,act,Maharashtra,833,4909,12,13,18-C,,,,,Reorganization of societies on account of alteration of limits of local areas in which they,byelaws;management;registration;state_law,
MH_ACT_1960_SEC_18_C_SUB_1,MH_ACT_1960,child,ACTIVE,act,Maharashtra,171,996,12,12,18-C,1,,,,Reorganization of societies on account of alteration of limits of local areas in which they,state_law,
MH_ACT_1960_SEC_18_C_SUB_2,MH_ACT_1960,child,ACTIVE,act,Maharashtra,529,3102,12,13,18-C,2,,,,Reorganization of societies on account of alteration of limits of local areas in which they,byelaws;management;state_law,
MH_ACT_1960_SEC_18_C_SUB_3,MH_ACT_1960,child,ACTIVE,act,Maharashtra,43,276,13,13,18-C,3,,,,Reorganization of societies on account of alteration of limits of local areas in which they,registration;state_law,
MH_ACT_1960_SEC_18_C_SUB_4,MH_ACT_1960,child,ACTIVE,act,Maharashtra,26,141,13,13,18-C,4,,,,Reorganization of societies on account of alteration of limits of local areas in which they,state_law,
MH_ACT_1960_SEC_18_C_SUB_5,MH_ACT_1960,child,ACTIVE,act,Maharashtra,47,277,13,13,18-C,5,,,,Reorganization of societies on account of alteration of limits of local areas in which they,state_law,
MH_ACT_1960_SEC_19,MH_ACT_1960,child,ACTIVE,act,Maharashtra,82,476,13,13,19,,,,,Reconstruction of societies,meetings;registrar;state_law,
MH_ACT_1960_SEC_20,MH_ACT_1960,child,ACTIVE,act,Maharashtra,82,505,13,13,20,,,,,Partnership of societies,meetings;registrar;state_law,
MH_ACT_1960_SEC_20_A,MH_ACT_1960,child,ACTIVE,act,Maharashtra,165,1044,13,13,20-A,,,,,Collaboration by societies,management;state_law,
MH_ACT_1960_SEC_21,MH_ACT_1960,child,ACTIVE,act,Maharashtra,103,609,14,14,21,,,,,Cancellation of registration,registrar;registration;state_law,
MH_ACT_1960_SEC_21_A,MH_ACT_1960,child,ACTIVE,act,Maharashtra,382,2275,14,14,21-A,,,,,De-registration of societies,documents;registrar;registration;state_law,
MH_ACT_1960_SEC_22,MH_ACT_1960,parent,REFERENCE_ONLY,act,Maharashtra,706,4125,15,16,22,,,,,Person who may become member,eligibility;membership;registrar;registration;state_law;timeline,
MH_ACT_1960_SEC_22_SUB_1,MH_ACT_1960,child,ACTIVE,act,Maharashtra,570,3318,15,15,22,1,,,,Person who may become member,eligibility;membership;registrar;registration;state_law,
MH_ACT_1960_SEC_22_SUB_2,MH_ACT_1960,child,ACTIVE,act,Maharashtra,122,714,15,16,22,2,,,,Person who may become member,registrar;state_law;timeline,
MH_ACT_1960_SEC_23,MH_ACT_1960,child,ACTIVE,act,Maharashtra,392,2261,16,16,23,,,,,Open membership,appeal;byelaws;eligibility;membership;registrar;state_law;timeline,
MH_ACT_1960_SEC_24,MH_ACT_1960,child,ACTIVE,act,Maharashtra,116,683,16,16,24,,,,,"Nominal, associate and sympathizer member",byelaws;state_law,
MH_ACT_1960_SEC_25,MH_ACT_1960,child,ACTIVE,act,Maharashtra,75,413,17,17,25,,,,,Cessation of membership,membership;state_law,
MH_ACT_1960_SEC_25_A,MH_ACT_1960,child,ACTIVE,act,Maharashtra,97,539,17,17,25-A,,,,,Removal of names of members from Membership registers,membership;registrar;state_law,
MH_ACT_1960_SEC_26,MH_ACT_1960,child,ACTIVE,act,Maharashtra,58,315,17,17,26,,,,,No rights of membership to be exercised till due payments are made,byelaws;membership;state_law,
MH_ACT_1960_SEC_27,MH_ACT_1960,parent,REFERENCE_ONLY,act,Maharashtra,5,30,17,18,27,,,,,Voting powers of members,state_law,CONTEXT_PARENT;SHORT_CONTEXT_PARENT
MH_ACT_1960_SEC_27_SUB_1,MH_ACT_1960,child,ACTIVE,act,Maharashtra,57,310,17,17,27,1,,,,Voting powers of members,state_law,
MH_ACT_1960_SEC_27_SUB_2,MH_ACT_1960,child,ACTIVE,act,Maharashtra,89,473,17,17,27,2,,,,Voting powers of members,state_law,
MH_ACT_1960_SEC_27_SUB_3,MH_ACT_1960,child,ACTIVE,act,Maharashtra,354,2055,17,17,27,3,,,,Voting powers of members,byelaws;elections;eligibility;pacs;registrar;state_law,
MH_ACT_1960_SEC_27_SUB_4,MH_ACT_1960,child,ACTIVE,act,Maharashtra,71,379,18,18,27,4,,,,Voting powers of members,state_law,
MH_ACT_1960_SEC_27_SUB_5,MH_ACT_1960,child,ACTIVE,act,Maharashtra,42,204,18,18,27,5,,,,Voting powers of members,state_law,
MH_ACT_1960_SEC_27_SUB_6,MH_ACT_1960,child,ACTIVE,act,Maharashtra,65,334,18,18,27,6,,,,Voting powers of members,state_law,
MH_ACT_1960_SEC_27_SUB_7,MH_ACT_1960,child,ACTIVE,act,Maharashtra,36,188,18,18,27,7,,,,Voting powers of members,byelaws;state_law,
MH_ACT_1960_SEC_27_SUB_8,MH_ACT_1960,child,ACTIVE,act,Maharashtra,39,208,18,18,27,8,,,,Voting powers of members,eligibility;state_law,
MH_ACT_1960_SEC_27_SUB_9,MH_ACT_1960,child,ACTIVE,act,Maharashtra,59,363,18,18,27,9,,,,Voting powers of members,elections;state_law,
MH_ACT_1960_SEC_27_SUB_10,MH_ACT_1960,child,ACTIVE,act,Maharashtra,119,639,18,18,27,10,,,,Voting powers of members,loans;state_law,
MH_ACT_1960_SEC_27_SUB_11,MH_ACT_1960,child,ACTIVE,act,Maharashtra,20,131,18,18,27,11,,,,Voting powers of members,state_law,
MH_ACT_1960_SEC_28,MH_ACT_1960,child,ACTIVE,act,Maharashtra,133,782,18,18,28,,,,,Restrictions on holding of shares,state_law,
MH_ACT_1960_SEC_29,MH_ACT_1960,child,ACTIVE,act,Maharashtra,440,2401,18,19,29,,,,,Restrictions on transfer or charge on share or interest,appeal;byelaws;membership;registrar;state_law,
MH_ACT_1960_SEC_30,MH_ACT_1960,child,ACTIVE,act,Maharashtra,236,1327,19,19,30,,,,,Transfer of interest on death of member,state_law,
MH_ACT_1960_SEC_31,MH_ACT_1960,child,ACTIVE,act,Maharashtra,127,700,19,19,31,,,,,Share or interest not liable to attachment,deposits;loans;state_law,
MH_ACT_1960_SEC_32,MH_ACT_1960,child,ACTIVE,act,Maharashtra,145,809,19,20,32,,,,,"Rights of members to see books, etc",byelaws;documents;meetings;state_law,
MH_ACT_1960_SEC_32_A,MH_ACT_1960,child,ACTIVE,act,Maharashtra,214,1216,20,20,32-A,,,,,,loans;state_law,
MH_ACT_1960_SEC_33,MH_ACT_1960,child,ACTIVE,act,Maharashtra,181,930,20,20,33,,,,,Liability of past member and estate of deceased member,state_law,
MH_ACT_1960_SEC_34,MH_ACT_1960,child,ACTIVE,act,Maharashtra,61,378,20,20,34,,,,,Insolvency of members,state_law,
MH_ACT_1960_SEC_35,MH_ACT_1960,child,ACTIVE,act,Maharashtra,183,1035,20,20,35,,,,,Expulsion of members,eligibility;meetings;registrar;state_law,
MH_ACT_1960_SEC_36,MH_ACT_1960,child,ACTIVE,act,Maharashtra,80,478,21,21,36,,,,,Societies to be bodies corporate,registration;state_law,
MH_ACT_1960_SEC_37,MH_ACT_1960,child,ACTIVE,act,Maharashtra,47,287,21,21,37,,,,,Address of societies,registrar;state_law;timeline,
MH_ACT_1960_SEC_38,MH_ACT_1960,child,ACTIVE,act,Maharashtra,171,926,21,21,38,,,,,Register of members,membership;state_law,
MH_ACT_1960_SEC_39,MH_ACT_1960,child,ACTIVE,act,Maharashtra,58,308,21,21,39,,,,,"Copy of Act, etc., to be open to inspection",byelaws;state_law,
MH_ACT_1960_SEC_40,MH_ACT_1960,child,ACTIVE,act,Maharashtra,176,988,21,21,40,,,,,Admissibility of copy of entry of evidence,state_law,
MH_ACT_1960_SEC_41,MH_ACT_1960,child,ACTIVE,act,Maharashtra,152,941,21,22,41,,,,,Exemption from compulsory registration of instruments relating to shares and debentures,registration;state_law,
MH_ACT_1960_SEC_42,MH_ACT_1960,child,ACTIVE,act,Maharashtra,226,1249,22,22,42,,,,,Power to exempt from taxation; Power to refund,documents;registrar;registration;state_law,
MH_ACT_1960_SEC_43,MH_ACT_1960,child,ACTIVE,act,Maharashtra,133,787,22,22,43,,,,,Restrictions on borrowings,byelaws;deposits;loans;registrar;state_law,
MH_ACT_1960_SEC_44,MH_ACT_1960,child,ACTIVE,act,Maharashtra,338,2028,22,23,44,,,,,Regulation of loan making policy,byelaws;deposits;loans;registrar;state_law,
MH_ACT_1960_SEC_45,MH_ACT_1960,child,ACTIVE,act,Maharashtra,36,223,23,23,45,,,,,Restrictions on other transactions with non-members,state_law,
MH_ACT_1960_SEC_46,MH_ACT_1960,child,ACTIVE,act,Maharashtra,137,743,23,23,46,,,,,Charge and set-off in respect of share or interest of members,deposits;state_law,
MH_ACT_1960_SEC_47,MH_ACT_1960,child,ACTIVE,act,Maharashtra,437,2507,23,24,47,,,,,Prior claim of society,byelaws;loans;state_law,
MH_ACT_1960_SEC_48,MH_ACT_1960,child,ACTIVE,act,Maharashtra,744,4114,24,25,48,,,,,"Charge on immovable property of members, borrowing from certain societies",loans;state_law,
MH_ACT_1960_SEC_48A,MH_ACT_1960,parent,REFERENCE_ONLY,act,Maharashtra,608,3522,25,25,48A,,,,,Deduction from sale price of certain agricultural produce to meet society's dues,loans;state_law;timeline,
MH_ACT_1960_SEC_48A_SUB_1,MH_ACT_1960,child,ACTIVE,act,Maharashtra,261,1490,25,25,48A,1,,,,Deduction from sale price of certain agricultural produce to meet society's dues,loans;state_law,
MH_ACT_1960_SEC_48A_SUB_2,MH_ACT_1960,child,ACTIVE,act,Maharashtra,99,570,25,25,48A,2,,,,Deduction from sale price of certain agricultural produce to meet society's dues,loans;state_law;timeline,
MH_ACT_1960_SEC_48A_SUB_3,MH_ACT_1960,child,ACTIVE,act,Maharashtra,235,1369,25,25,48A,3,,,,Deduction from sale price of certain agricultural produce to meet society's dues,loans;state_law,
MH_ACT_1960_SEC_49,MH_ACT_1960,child,ACTIVE,act,Maharashtra,415,2292,25,26,49,,,,,Deduction from salary to meet society's claims in certain cases,registrar;state_law,
MH_ACT_1960_SEC_50,MH_ACT_1960,child,ACTIVE,act,Maharashtra,41,251,27,27,50,,,,,Direct partnership of State Government in societies,state_law,
MH_ACT_1960_SEC_51,MH_ACT_1960,child,ACTIVE,act,Maharashtra,59,374,27,27,51,,,,,Indirect partnership of State Government in societies,state_law,
MH_ACT_1960_SEC_52,MH_ACT_1960,child,ACTIVE,act,Maharashtra,118,759,27,27,52,,,,,Principal State Partnership Fund,state_law,
MH_ACT_1960_SEC_53,MH_ACT_1960,child,ACTIVE,act,Maharashtra,80,504,27,27,53,,,,,Subsidiary State Partnership Fund,state_law,
MH_ACT_1960_SEC_54,MH_ACT_1960,child,ACTIVE,act,Maharashtra,41,258,27,27,54,,,,,Approval of State Government for purchase of shares,state_law,
MH_ACT_1960_SEC_55,MH_ACT_1960,child,ACTIVE,act,Maharashtra,83,467,27,27,55,,,,,Liability to be limited in respect of certain shares,state_law,
MH_ACT_1960_SEC_56,MH_ACT_1960,child,ACTIVE,act,Maharashtra,72,440,27,27,56,,,,,Restriction on amount of dividend,state_law,
MH_ACT_1960_SEC_57,MH_ACT_1960,child,ACTIVE,act,Maharashtra,166,987,28,28,57,,,,,Indemnity of Apex and Central societies,state_law,
MH_ACT_1960_SEC_58,MH_ACT_1960,child,ACTIVE,act,Maharashtra,185,1075,28,28,58,,,,,"Disposal of share capital and dividend, etc",state_law,
MH_ACT_1960_SEC_59,MH_ACT_1960,child,ACTIVE,act,Maharashtra,108,619,28,28,59,,,,,Disposal of Principal or Subsidiary State Partnership Fund on winding up of Apex or,state_law,
MH_ACT_1960_SEC_60,MH_ACT_1960,child,ACTIVE,act,Maharashtra,50,280,28,28,60,,,,,Principal or Subsidiary State Partnership Fund not to form part of assets,state_law,
MH_ACT_1960_SEC_61,MH_ACT_1960,child,ACTIVE,act,Maharashtra,106,638,28,28,61,,,,,Agreement by State Government and Apex societies,state_law,
MH_ACT_1960_SEC_62,MH_ACT_1960,child,ACTIVE,act,Maharashtra,170,992,29,29,62,,,,,Other forms of State aid to societies,loans;state_law,
MH_ACT_1960_SEC_63,MH_ACT_1960,child,ACTIVE,act,Maharashtra,39,247,29,29,63,,,,,Provisions of this Chapter to override other laws,state_law,
MH_ACT_1960_SEC_64,MH_ACT_1960,child,ACTIVE,act,Maharashtra,81,453,30,30,64,,,,,Funds not to be divided,byelaws;state_law,
MH_ACT_1960_SEC_65,MH_ACT_1960,child,ACTIVE,act,Maharashtra,123,720,30,30,65,,,,,Ascertainment and appropriation of profits,byelaws;meetings;state_law,
MH_ACT_1960_SEC_66,MH_ACT_1960,child,ACTIVE,act,Maharashtra,171,961,30,30,66,,,,,Reserve Fund,registrar;state_law,
MH_ACT_1960_SEC_67,MH_ACT_1960,child,ACTIVE,act,Maharashtra,27,156,31,31,67,,,,,Restriction on dividend,registrar;state_law,
MH_ACT_1960_SEC_68,MH_ACT_1960,child,ACTIVE,act,Maharashtra,182,1103,31,31,68,,,,,"Contribution to education fund of the State federal society,",registrar;state_law,
MH_ACT_1960_SEC_69,MH_ACT_1960,parent,REFERENCE_ONLY,act,Maharashtra,900,5363,31,32,69,,,,,Contribution to public purposes,byelaws;meetings;pacs;registrar;state_law,
MH_ACT_1960_SEC_69_SUB_1,MH_ACT_1960,child,ACTIVE,act,Maharashtra,106,685,31,31,69,1,,,,Contribution to public purposes,pacs;state_law,
MH_ACT_1960_SEC_69_SUB_2,MH_ACT_1960,child,ACTIVE,act,Maharashtra,180,1059,31,31,69,2,,,,Contribution to public purposes,byelaws;state_law,
MH_ACT_1960_SEC_69_SUB_3,MH_ACT_1960,child,ACTIVE,act,Maharashtra,79,472,31,31,69,3,,,,Contribution to public purposes,meetings;state_law,
MH_ACT_1960_SEC_69_SUB_4,MH_ACT_1960,child,ACTIVE,act,Maharashtra,235,1418,32,32,69,4,,,,Contribution to public purposes,state_law,
MH_ACT_1960_SEC_69_SUB_5,MH_ACT_1960,child,ACTIVE,act,Maharashtra,142,784,32,32,69,5,,,,Contribution to public purposes,registrar;state_law,
MH_ACT_1960_SEC_69_SUB_6,MH_ACT_1960,child,ACTIVE,act,Maharashtra,36,218,32,32,69,6,,,,Contribution to public purposes,state_law,
MH_ACT_1960_SEC_70,MH_ACT_1960,child,ACTIVE,act,Maharashtra,178,1036,32,32,70,,,,,Investment of funds,deposits;registrar;state_law,
MH_ACT_1960_SEC_71,MH_ACT_1960,child,ACTIVE,act,Maharashtra,105,640,32,33,71,,,,,Employees Provident Fund,state_law,
MH_ACT_1960_SEC_71_A,MH_ACT_1960,child,ACTIVE,act,Maharashtra,214,1237,33,33,71-A,,,,,Funds not to be utilised for certain proceedings filed or taken by or against officers in,elections;registrar;state_law,
MH_ACT_1960_SEC_72,MH_ACT_1960,child,ACTIVE,act,Maharashtra,95,546,34,34,72,,,,,Final authority of society,byelaws;management;meetings;state_law,
MH_ACT_1960_SEC_73,MH_ACT_1960,child,ACTIVE,act,Maharashtra,1971,11730,34,36,73,,,,,"Committee, its powers and functions",byelaws;elections;management;meetings;membership;registrar;registration;state_law;timeline,LONG_CHUNK_NO_SAFE_SPLIT;STRUCTURE_UNCERTAIN
MH_ACT_1960_SEC_73_A,MH_ACT_1960,parent,REFERENCE_ONLY,act,Maharashtra,26,179,36,38,73-A,,,,,Disqualification for being designated officer simultaneously of certain categories of,state_law,CONTEXT_PARENT
MH_ACT_1960_SEC_73_A_SUB_1,MH_ACT_1960,child,ACTIVE,act,Maharashtra,64,374,36,36,73-A,1,,,,Disqualification for being designated officer simultaneously of certain categories of,registrar;state_law,
MH_ACT_1960_SEC_73_A_SUB_2,MH_ACT_1960,child,ACTIVE,act,Maharashtra,251,1388,37,37,73-A,2,,,,Disqualification for being designated officer simultaneously of certain categories of,registrar;state_law,
MH_ACT_1960_SEC_73_A_SUB_3,MH_ACT_1960,child,ACTIVE,act,Maharashtra,4,26,37,37,73-A,3,,,,Disqualification for being designated officer simultaneously of certain categories of,state_law,SHORT_CHUNK
MH_ACT_1960_SEC_73_A_SUB_4,MH_ACT_1960,child,ACTIVE,act,Maharashtra,204,1166,37,37,73-A,4,,,,Disqualification for being designated officer simultaneously of certain categories of,elections;eligibility;state_law;timeline,
MH_ACT_1960_SEC_73_A_SUB_5,MH_ACT_1960,child,ACTIVE,act,Maharashtra,185,1085,37,37,73-A,5,,,,Disqualification for being designated officer simultaneously of certain categories of,eligibility;state_law,
MH_ACT_1960_SEC_73_A_SUB_6,MH_ACT_1960,child,ACTIVE,act,Maharashtra,304,1795,37,38,73-A,6,,,,Disqualification for being designated officer simultaneously of certain categories of,membership;state_law,
MH_ACT_1960_SEC_73_B,MH_ACT_1960,child,ACTIVE,act,Maharashtra,1912,11189,38,42,73-B,,,,,"Reservation of seats on committees of certain societies for Scheduled Castes,",byelaws;elections;eligibility;management;meetings;registrar;state_law;timeline,LONG_CHUNK_NO_SAFE_SPLIT;STRUCTURE_UNCERTAIN
MH_ACT_1960_SEC_73_C,MH_ACT_1960,child,ACTIVE,act,Maharashtra,356,2163,42,42,73-C,,,,,Restrictions on representation of certain class of members on committees of certain,eligibility;loans;state_law,
MH_ACT_1960_SEC_73_F,MH_ACT_1960,child,ACTIVE,act,Maharashtra,895,5173,42,43,73-F,,,,,Member who or whose near relation in dealing in goods for purchase of which loans are,elections;eligibility;loans;management;membership;pacs;registrar;state_law;timeline,STRUCTURE_UNCERTAIN
MH_ACT_1960_SEC_73_G,MH_ACT_1960,parent,REFERENCE_ONLY,act,Maharashtra,549,3271,44,44,73-G,,,,,Provision for conduct of elections to committees and of officers of certain societies and,byelaws;elections;management;meetings;state_law,
MH_ACT_1960_SEC_73_G_SUB_1,MH_ACT_1960,child,ACTIVE,act,Maharashtra,176,1109,44,44,73-G,1,,,,Provision for conduct of elections to committees and of officers of certain societies and,elections;state_law,
MH_ACT_1960_SEC_73_G_SUB_2,MH_ACT_1960,child,ACTIVE,act,Maharashtra,274,1553,44,44,73-G,2,,,,Provision for conduct of elections to committees and of officers of certain societies and,elections;meetings;state_law,
MH_ACT_1960_SEC_73_G_SUB_3,MH_ACT_1960,child,ACTIVE,act,Maharashtra,76,462,44,44,73-G,3,,,,Provision for conduct of elections to committees and of officers of certain societies and,byelaws;elections;management;state_law,
MH_ACT_1960_SEC_73_H,MH_ACT_1960,child,ACTIVE,act,Maharashtra,144,825,44,45,73-H,,,,,Responsibility of committee to hold election before expiry of term,elections;management;registrar;state_law,
MH_ACT_1960_SEC_74,MH_ACT_1960,child,ACTIVE,act,Maharashtra,155,930,45,45,74,,,,,"Qualification and appointment of Manager, Secretary and other officers of societies and",management;meetings;registrar;state_law,
MH_ACT_1960_SEC_75,MH_ACT_1960,parent,REFERENCE_ONLY,act,Maharashtra,827,4758,45,46,75,,,,,Annual General Meeting,byelaws;loans;meetings;registrar;state_law,
MH_ACT_1960_SEC_75_SUB_1,MH_ACT_1960,child,ACTIVE,act,Maharashtra,215,1243,45,45,75,1,,,,Annual General Meeting,meetings;registrar;state_law,
MH_ACT_1960_SEC_75_SUB_2,MH_ACT_1960,child,ACTIVE,act,Maharashtra,213,1217,45,45,75,2,,,,Annual General Meeting,loans;meetings;registrar;state_law,
MH_ACT_1960_SEC_75_SUB_3,MH_ACT_1960,child,ACTIVE,act,Maharashtra,126,724,45,45,75,3,,,,Annual General Meeting,meetings;state_law,
MH_ACT_1960_SEC_75_SUB_4,MH_ACT_1960,child,ACTIVE,act,Maharashtra,57,332,45,46,75,4,,,,Annual General Meeting,byelaws;meetings;state_law,
MH_ACT_1960_SEC_75_SUB_5,MH_ACT_1960,child,ACTIVE,act,Maharashtra,168,949,46,46,75,5,,,,Annual General Meeting,meetings;registrar;state_law,
MH_ACT_1960_SEC_75_SUB_6,MH_ACT_1960,child,ACTIVE,act,Maharashtra,44,253,46,46,75,6,,,,Annual General Meeting,meetings;state_law,
MH_ACT_1960_SEC_76,MH_ACT_1960,child,ACTIVE,act,Maharashtra,322,1792,46,46,76,,,,,Special general meeting,byelaws;meetings;registrar;state_law,
MH_ACT_1960_SEC_77,MH_ACT_1960,child,ACTIVE,act,Maharashtra,162,903,46,46,77,,,,,"Acts of societies etc., not to be invalidated by certain defects",byelaws;elections;registrar;state_law,
MH_ACT_1960_SEC_77A,MH_ACT_1960,parent,REFERENCE_ONLY,act,Maharashtra,680,3934,47,48,77A,,,,,"Appointment of member of committee, new committee or Administrator, where there is",elections;management;registrar;state_law,
MH_ACT_1960_SEC_77A_SUB_1,MH_ACT_1960,child,ACTIVE,act,Maharashtra,374,2129,47,47,77A,1,,,,"Appointment of member of committee, new committee or Administrator, where there is",elections;registrar;state_law,
MH_ACT_1960_SEC_77A_SUB_2,MH_ACT_1960,child,ACTIVE,act,Maharashtra,65,347,47,47,77A,2,,,,"Appointment of member of committee, new committee or Administrator, where there is",registrar;state_law,
MH_ACT_1960_SEC_77A_SUB_3,MH_ACT_1960,child,ACTIVE,act,Maharashtra,138,814,47,47,77A,3,,,,"Appointment of member of committee, new committee or Administrator, where there is",management;state_law,
MH_ACT_1960_SEC_77A_SUB_4,MH_ACT_1960,child,ACTIVE,act,Maharashtra,45,263,47,47,77A,4,,,,"Appointment of member of committee, new committee or Administrator, where there is",registrar;state_law,
MH_ACT_1960_SEC_77A_SUB_5,MH_ACT_1960,child,ACTIVE,act,Maharashtra,29,187,48,48,77A,5,,,,"Appointment of member of committee, new committee or Administrator, where there is",state_law,
MH_ACT_1960_SEC_78,MH_ACT_1960,parent,REFERENCE_ONLY,act,Maharashtra,9,53,48,49,78,,,,,Power of removal of committee or member thereof,state_law,CONTEXT_PARENT;SHORT_CONTEXT_PARENT
MH_ACT_1960_SEC_78_SUB_1,MH_ACT_1960,child,ACTIVE,act,Maharashtra,538,3038,48,48,78,1,,,,Power of removal of committee or member thereof,byelaws;eligibility;registrar;state_law;timeline,
MH_ACT_1960_SEC_78_SUB_2,MH_ACT_1960,child,ACTIVE,act,Maharashtra,240,1380,48,49,78,2,,,,Power of removal of committee or member thereof,byelaws;management;meetings;registrar;state_law,
MH_ACT_1960_SEC_78_SUB_3,MH_ACT_1960,child,ACTIVE,act,Maharashtra,72,406,49,49,78,3,,,,Power of removal of committee or member thereof,management;registrar;state_law,
MH_ACT_1960_SEC_78_SUB_4,MH_ACT_1960,child,ACTIVE,act,Maharashtra,100,573,49,49,78,4,,,,Power of removal of committee or member thereof,byelaws;state_law,
MH_ACT_1960_SEC_78_SUB_5,MH_ACT_1960,child,ACTIVE,act,Maharashtra,41,241,49,49,78,5,,,,Power of removal of committee or member thereof,state_law,
MH_ACT_1960_SEC_79,MH_ACT_1960,child,ACTIVE,act,Maharashtra,955,5547,49,50,79,,,,,Registrar's power to enforce performance of obligations,byelaws;management;registrar;state_law,LONG_CHUNK_NO_SAFE_SPLIT;STRUCTURE_UNCERTAIN
MH_ACT_1960_SEC_79_B,MH_ACT_1960,child,ACTIVE,act,Maharashtra,198,1142,50,50,79-B,,,,,Registrar's power to remove member for failure to supply his agricultural produce to,byelaws;complaint;membership;registrar;state_law,
MH_ACT_1960_SEC_80,MH_ACT_1960,child,ACTIVE,act,Maharashtra,435,2601,50,51,80,,,,,Registrar's power to seize records etc,registrar;state_law,
MH_ACT_1960_SEC_81,MH_ACT_1960,parent,REFERENCE_ONLY,act,Maharashtra,9,69,52,53,81,,,,,Audit,state_law,CONTEXT_PARENT;SHORT_CONTEXT_PARENT
MH_ACT_1960_SEC_81_SUB_1,MH_ACT_1960,child,ACTIVE,act,Maharashtra,205,1283,52,52,81,1,,,,Audit,registrar;state_law,
MH_ACT_1960_SEC_81_SUB_2,MH_ACT_1960,child,ACTIVE,act,Maharashtra,342,2079,52,52,81,2,,,,Audit,deposits;loans;management;registrar;state_law,
MH_ACT_1960_SEC_81_SUB_3,MH_ACT_1960,child,ACTIVE,act,Maharashtra,179,1036,53,53,81,3,,,,Audit,documents;registrar;state_law,
MH_ACT_1960_SEC_81_SUB_4,MH_ACT_1960,child,ACTIVE,act,Maharashtra,52,288,53,53,81,4,,,,Audit,registrar;state_law,
MH_ACT_1960_SEC_81_SUB_5,MH_ACT_1960,child,ACTIVE,act,Maharashtra,231,1313,53,53,81,5,,,,Audit,documents;meetings;registrar;state_law,
MH_ACT_1960_SEC_81_SUB_6,MH_ACT_1960,child,ACTIVE,act,Maharashtra,56,317,53,53,81,6,,,,Audit,registrar;state_law,
MH_ACT_1960_SEC_82,MH_ACT_1960,child,ACTIVE,act,Maharashtra,128,750,53,53,82,,,,,Rectification of defects in accounts,registrar;state_law,
MH_ACT_1960_SEC_83,MH_ACT_1960,parent,REFERENCE_ONLY,act,Maharashtra,491,2830,53,54,83,,,,,Inquiry by Registrar,deposits;registrar;state_law,
MH_ACT_1960_SEC_83_SUB_1,MH_ACT_1960,child,ACTIVE,act,Maharashtra,49,271,53,53,83,1,,,,Inquiry by Registrar,registrar;state_law,
MH_ACT_1960_SEC_83_SUB_2,MH_ACT_1960,child,ACTIVE,act,Maharashtra,152,897,54,54,83,2,,,,Inquiry by Registrar,deposits;registrar;state_law,
MH_ACT_1960_SEC_83_SUB_3,MH_ACT_1960,child,ACTIVE,act,Maharashtra,229,1314,54,54,83,3,,,,Inquiry by Registrar,registrar;state_law,
MH_ACT_1960_SEC_83_SUB_4,MH_ACT_1960,child,ACTIVE,act,Maharashtra,20,122,54,54,83,4,,,,Inquiry by Registrar,registrar;state_law,
MH_ACT_1960_SEC_83_SUB_5,MH_ACT_1960,child,ACTIVE,act,Maharashtra,37,192,54,54,83,5,,,,Inquiry by Registrar,registrar;state_law,
MH_ACT_1960_SEC_84,MH_ACT_1960,child,ACTIVE,act,Maharashtra,214,1225,54,54,84,,,,,Inspection of books of indebted society,deposits;registrar;state_law,
MH_ACT_1960_SEC_85,MH_ACT_1960,child,ACTIVE,act,Maharashtra,183,1048,54,55,85,,,,,Costs of inquiry and inspection,appeal;registrar;state_law,
MH_ACT_1960_SEC_86,MH_ACT_1960,child,ACTIVE,act,Maharashtra,69,388,55,55,86,,,,,Recovery of costs,registrar;state_law,
MH_ACT_1960_SEC_87,MH_ACT_1960,child,ACTIVE,act,Maharashtra,247,1408,55,55,87,,,,,Registrar to bring defects disclosed in inquiry or inspection to notice of society,appeal;registrar;state_law;timeline,
MH_ACT_1960_SEC_88,MH_ACT_1960,child,ACTIVE,act,Maharashtra,361,2053,55,56,88,,,,,"Power of Registrar to assess damages against delinquent promoters, etc",management;registrar;state_law,
MH_ACT_1960_SEC_88A,MH_ACT_1960,child,ACTIVE,act,Maharashtra,110,632,56,56,88A,,,,,Deposit towards fees of inquiry,deposits;registrar;registration;state_law;timeline,
MH_ACT_1960_SEC_89,MH_ACT_1960,child,ACTIVE,act,Maharashtra,83,449,56,56,89,,,,,"Power to enforce, attendance etc",documents;registrar;state_law,
MH_ACT_1960_SEC_89A,MH_ACT_1960,child,ACTIVE,act,Maharashtra,367,2098,56,57,89A,,,,,Power to inspect working of society,byelaws;registrar;state_law,
MH_ACT_1960_SEC_90,MH_ACT_1960,child,ACTIVE,act,Maharashtra,177,1035,57,57,90,,,,,Constitution or recognition of federal authority to supervise working of societies,registrar;state_law,
MH_ACT_1960_SEC_91,MH_ACT_1960,child,ACTIVE,act,Maharashtra,1059,6184,58,59,91,,,,,Disputes,elections;loans;management;meetings;membership;registrar;state_law,LONG_CHUNK_NO_SAFE_SPLIT;STRUCTURE_UNCERTAIN
MH_ACT_1960_SEC_92,MH_ACT_1960,child,ACTIVE,act,Maharashtra,420,2389,59,60,92,,,,,Limitation,elections;management;state_law,
MH_ACT_1960_SEC_93,MH_ACT_1960,child,ACTIVE,act,Maharashtra,181,1053,60,60,93,,,,,Transfer of disputes from one Co-operative Court to another and suspension of,state_law,
MH_ACT_1960_SEC_94,MH_ACT_1960,parent,REFERENCE_ONLY,act,Maharashtra,639,3527,60,61,94,,,,,Procedure for settlement of disputes and power of Co-operative Court,documents;elections;state_law;timeline,
MH_ACT_1960_SEC_94_SUB_1,MH_ACT_1960,child,ACTIVE,act,Maharashtra,140,801,60,60,94,1,,,,Procedure for settlement of disputes and power of Co-operative Court,documents;elections;state_law,
MH_ACT_1960_SEC_94_SUB_2,MH_ACT_1960,child,ACTIVE,act,Maharashtra,24,139,60,60,94,2,,,,Procedure for settlement of disputes and power of Co-operative Court,state_law,
MH_ACT_1960_SEC_94_SUB_3,MH_ACT_1960,child,ACTIVE,act,Maharashtra,430,2311,60,61,94,3,,,,Procedure for settlement of disputes and power of Co-operative Court,state_law;timeline,
MH_ACT_1960_SEC_94_SUB_4,MH_ACT_1960,child,ACTIVE,act,Maharashtra,34,194,61,61,94,4,,,,Procedure for settlement of disputes and power of Co-operative Court,state_law,
MH_ACT_1960_SEC_95,MH_ACT_1960,child,ACTIVE,act,Maharashtra,406,2370,61,61,95,,,,,Attachment before award or order and interlocutory order,registrar;state_law,
MH_ACT_1960_SEC_96,MH_ACT_1960,child,ACTIVE,act,Maharashtra,129,768,61,61,96,,,,,Decision of Co-operative Court,loans;state_law,
MH_ACT_1960_SEC_97,MH_ACT_1960,child,ACTIVE,act,Maharashtra,63,381,62,62,97,,,,,Appeal against decision under section 96 and order under Section 95,appeal;registrar;state_law,
MH_ACT_1960_SEC_98,MH_ACT_1960,child,ACTIVE,act,Maharashtra,232,1300,62,62,98,,,,,Money how recovered,appeal;registrar;state_law,
MH_ACT_1960_SEC_99,MH_ACT_1960,child,ACTIVE,act,Maharashtra,68,424,62,62,99,,,,,Private transfer of property made after issue of certificate void against society,registrar;state_law,
MH_ACT_1960_SEC_100,MH_ACT_1960,child,ACTIVE,act,Maharashtra,334,1901,62,62,100,,,,,Transfer of property which cannot be sold,registrar;state_law,
MH_ACT_1960_SEC_101,MH_ACT_1960,parent,REFERENCE_ONLY,act,Maharashtra,607,3570,63,63,101,,,,,Recovery of arrears due to certain societies as arrears of recovery of land revenue,loans;registrar;state_law,
MH_ACT_1960_SEC_101_SUB_1,MH_ACT_1960,child,ACTIVE,act,Maharashtra,385,2284,63,63,101,1,,,,Recovery of arrears due to certain societies as arrears of recovery of land revenue,loans;registrar;state_law,
MH_ACT_1960_SEC_101_SUB_2,MH_ACT_1960,child,ACTIVE,act,Maharashtra,78,443,63,63,101,2,,,,Recovery of arrears due to certain societies as arrears of recovery of land revenue,registrar;state_law,
MH_ACT_1960_SEC_101_SUB_3,MH_ACT_1960,child,ACTIVE,act,Maharashtra,49,268,63,63,101,3,,,,Recovery of arrears due to certain societies as arrears of recovery of land revenue,registrar;state_law,
MH_ACT_1960_SEC_101_SUB_4,MH_ACT_1960,child,ACTIVE,act,Maharashtra,80,478,63,63,101,4,,,,Recovery of arrears due to certain societies as arrears of recovery of land revenue,registrar;state_law,
MH_ACT_1960_SEC_102,MH_ACT_1960,child,ACTIVE,act,Maharashtra,220,1226,64,64,102,,,,,Winding up,byelaws;deposits;management;meetings;registrar;registration;state_law,
MH_ACT_1960_SEC_103,MH_ACT_1960,child,ACTIVE,act,Maharashtra,372,2163,64,64,103,,,,,Appointment of Liquidator,documents;registrar;state_law,
MH_ACT_1960_SEC_104,MH_ACT_1960,child,ACTIVE,act,Maharashtra,163,904,65,65,104,,,,,Appeal against order of winding up,appeal;registrar;state_law,
MH_ACT_1960_SEC_105,MH_ACT_1960,parent,REFERENCE_ONLY,act,Maharashtra,719,4155,65,66,105,,,,,Powers of Liquidator,documents;elections;registrar;state_law,
MH_ACT_1960_SEC_105_SUB_1,MH_ACT_1960,child,ACTIVE,act,Maharashtra,675,3894,65,66,105,1,,,,Powers of Liquidator,documents;registrar;state_law,
MH_ACT_1960_SEC_105_SUB_2,MH_ACT_1960,child,ACTIVE,act,Maharashtra,40,230,66,66,105,2,,,,Powers of Liquidator,elections;state_law,
MH_ACT_1960_SEC_106,MH_ACT_1960,child,ACTIVE,act,Maharashtra,151,851,66,66,106,,,,,Effect of order of winding up,appeal;registrar;state_law,
MH_ACT_1960_SEC_107,MH_ACT_1960,child,ACTIVE,act,Maharashtra,130,720,66,66,107,,,,,Bar of suit in winding up and dissolution matters,registrar;state_law,
MH_ACT_1960_SEC_108,MH_ACT_1960,child,ACTIVE,act,Maharashtra,237,1350,66,67,108,,,,,Audit of Liquidators accounts,registrar;state_law,
MH_ACT_1960_SEC_109,MH_ACT_1960,child,ACTIVE,act,Maharashtra,330,2029,67,67,109,,,,,Termination of liquidation proceedings,documents;meetings;registrar;state_law,
MH_ACT_1960_SEC_110,MH_ACT_1960,child,ACTIVE,act,Maharashtra,273,1571,67,67,110,,,,,Disposal of surplus assets,byelaws;eligibility;meetings;registrar;state_law,
MH_ACT_1960_CONTEXT_131,MH_ACT_1960,child,ACTIVE,act,Maharashtra,432,2575,68,68,,,,,,,deposits;management;meetings;registrar;state_law,SECTION_IDENTIFIER_MISSING;STRUCTURE_UNCERTAIN
MH_ACT_1960_SEC_111,MH_ACT_1960,child,ACTIVE,act,Maharashtra,575,4025,69,70,111,,,,,Application of Chapter XI of Agriculture and Rural Development Banks,loans;registrar;state_law,
MH_ACT_1960_SEC_112,MH_ACT_1960,child,ACTIVE,act,Maharashtra,231,1362,70,70,112,,,,,State and other Agriculture and Rural Development banks,documents;state_law,
MH_ACT_1960_SEC_112_A,MH_ACT_1960,child,ACTIVE,act,Maharashtra,106,656,71,71,112-A,,,,,"District Loan Committee, its constitution, term of office of delegates, casual vacancies,",byelaws;loans;state_law,
MH_ACT_1960_SCHEDULE_135,MH_ACT_1960,parent,REFERENCE_ONLY,act,Maharashtra,990,5884,71,84,,,,,,"Schedule Tribes and one from the persons belonging to the weaker section,",byelaws;elections;eligibility;loans;management;meetings;registrar;state_law;timeline,CONTEXT_PARENT;LONG_CHUNK_NO_SAFE_SPLIT
MH_ACT_1960_SCHEDULE_135_SUB_1,MH_ACT_1960,child,ACTIVE,act,Maharashtra,1328,7749,72,74,,,,,,"Schedule Tribes and one from the persons belonging to the weaker section,",byelaws;elections;loans;management;meetings;registrar;state_law;timeline,LONG_CHUNK_NO_SAFE_SPLIT
MH_ACT_1960_SCHEDULE_135_SUB_2,MH_ACT_1960,child,ACTIVE,act,Maharashtra,148,875,74,75,,,,,,"Schedule Tribes and one from the persons belonging to the weaker section,",registrar;state_law,
MH_ACT_1960_SCHEDULE_135_SUB_3,MH_ACT_1960,child,ACTIVE,act,Maharashtra,360,2219,75,75,,,,,,"Schedule Tribes and one from the persons belonging to the weaker section,",state_law,
MH_ACT_1960_SCHEDULE_135_SUB_4,MH_ACT_1960,child,ACTIVE,act,Maharashtra,57,350,75,75,,,,,,"Schedule Tribes and one from the persons belonging to the weaker section,",state_law,
MH_ACT_1960_SCHEDULE_135_SUB_5,MH_ACT_1960,child,ACTIVE,act,Maharashtra,181,1096,75,76,,,,,,"Schedule Tribes and one from the persons belonging to the weaker section,",loans;state_law,
MH_ACT_1960_SCHEDULE_135_SUB_6,MH_ACT_1960,child,ACTIVE,act,Maharashtra,244,1371,76,76,,,,,,"Schedule Tribes and one from the persons belonging to the weaker section,",byelaws;loans;state_law,
MH_ACT_1960_SCHEDULE_135_SUB_7,MH_ACT_1960,child,ACTIVE,act,Maharashtra,559,3443,76,77,,,,,,"Schedule Tribes and one from the persons belonging to the weaker section,",loans;registration;state_law,
MH_ACT_1960_SCHEDULE_135_SUB_8,MH_ACT_1960,child,ACTIVE,act,Maharashtra,310,1860,77,77,,,,,,"Schedule Tribes and one from the persons belonging to the weaker section,",appeal;loans;management;state_law,
MH_ACT_1960_SCHEDULE_135_SUB_9,MH_ACT_1960,child,ACTIVE,act,Maharashtra,185,1084,77,78,,,,,,"Schedule Tribes and one from the persons belonging to the weaker section,",state_law,
MH_ACT_1960_SCHEDULE_135_SUB_10,MH_ACT_1960,child,ACTIVE,act,Maharashtra,334,2051,78,78,,,,,,"Schedule Tribes and one from the persons belonging to the weaker section,",byelaws;loans;state_law,
MH_ACT_1960_SCHEDULE_135_SUB_11,MH_ACT_1960,child,ACTIVE,act,Maharashtra,205,1201,78,78,,,,,,"Schedule Tribes and one from the persons belonging to the weaker section,",eligibility;state_law,
MH_ACT_1960_SCHEDULE_135_SUB_12,MH_ACT_1960,child,ACTIVE,act,Maharashtra,47,304,78,78,,,,,,"Schedule Tribes and one from the persons belonging to the weaker section,",loans;state_law,
MH_ACT_1960_SCHEDULE_135_SUB_13,MH_ACT_1960,child,ACTIVE,act,Maharashtra,218,1311,79,79,,,,,,"Schedule Tribes and one from the persons belonging to the weaker section,",loans;registrar;state_law,
MH_ACT_1960_SCHEDULE_135_SUB_14,MH_ACT_1960,child,ACTIVE,act,Maharashtra,453,2627,79,80,,,,,,"Schedule Tribes and one from the persons belonging to the weaker section,",loans;state_law,
MH_ACT_1960_SCHEDULE_135_SUB_15,MH_ACT_1960,child,ACTIVE,act,Maharashtra,149,860,80,80,,,,,,"Schedule Tribes and one from the persons belonging to the weaker section,",registrar;state_law,
MH_ACT_1960_SCHEDULE_135_SUB_16,MH_ACT_1960,child,ACTIVE,act,Maharashtra,222,1332,80,80,,,,,,"Schedule Tribes and one from the persons belonging to the weaker section,",state_law,
MH_ACT_1960_SCHEDULE_135_SUB_17,MH_ACT_1960,child,ACTIVE,act,Maharashtra,443,2637,80,81,,,,,,"Schedule Tribes and one from the persons belonging to the weaker section,",registrar;registration;state_law,
MH_ACT_1960_SCHEDULE_135_SUB_18,MH_ACT_1960,child,ACTIVE,act,Maharashtra,300,1762,81,81,,,,,,"Schedule Tribes and one from the persons belonging to the weaker section,",loans;registrar;state_law,
MH_ACT_1960_SCHEDULE_135_SUB_19,MH_ACT_1960,child,ACTIVE,act,Maharashtra,168,937,81,81,,,,,,"Schedule Tribes and one from the persons belonging to the weaker section,",loans;state_law,
MH_ACT_1960_SCHEDULE_135_SUB_20,MH_ACT_1960,child,ACTIVE,act,Maharashtra,184,1090,82,82,,,,,,"Schedule Tribes and one from the persons belonging to the weaker section,",state_law,
MH_ACT_1960_SCHEDULE_135_SUB_21,MH_ACT_1960,child,ACTIVE,act,Maharashtra,207,1213,82,82,,,,,,"Schedule Tribes and one from the persons belonging to the weaker section,",loans;meetings;registrar;state_law,
MH_ACT_1960_SCHEDULE_135_SUB_22,MH_ACT_1960,child,ACTIVE,act,Maharashtra,1041,6265,82,84,,,,,,"Schedule Tribes and one from the persons belonging to the weaker section,",byelaws;documents;loans;registrar;state_law,LONG_CHUNK_NO_SAFE_SPLIT
MH_ACT_1960_SEC_144_A,MH_ACT_1960,parent,REFERENCE_ONLY,act,Maharashtra,144,917,85,85,144-A,,,,,Application of this Chapter and definitions,elections;state_law,
MH_ACT_1960_SEC_144_A_SUB_1,MH_ACT_1960,child,ACTIVE,act,Maharashtra,20,128,85,85,144-A,1,,,,Application of this Chapter and definitions,elections;state_law,
MH_ACT_1960_SEC_144_A_SUB_2,MH_ACT_1960,child,ACTIVE,act,Maharashtra,106,659,85,85,144-A,2,,,,Application of this Chapter and definitions,elections;state_law,
MH_ACT_1960_SEC_144_B,MH_ACT_1960,child,ACTIVE,act,Maharashtra,52,278,85,85,144-B,,,,,When elections to be held,elections;state_law,
MH_ACT_1960_SEC_144_C,MH_ACT_1960,child,ACTIVE,act,Maharashtra,150,851,85,85,144-C,,,,,Conduct of elections,byelaws;elections;state_law,
MH_ACT_1960_SEC_144_D,MH_ACT_1960,child,ACTIVE,act,Maharashtra,240,1429,85,85,144-D,,,,,Cost of conducting election,deposits;elections;state_law;timeline,
MH_ACT_1960_SEC_144_E,MH_ACT_1960,child,ACTIVE,act,Maharashtra,434,2488,85,86,144-E,,,,,Disqualifications for membership,appeal;management;meetings;membership;state_law,
MH_ACT_1960_SEC_144_F,MH_ACT_1960,child,ACTIVE,act,Maharashtra,149,890,86,86,144-F,,,,,"Account of election expenses, maximum thereof and lodging of account",elections;state_law;timeline,
MH_ACT_1960_SEC_144_G,MH_ACT_1960,child,ACTIVE,act,Maharashtra,102,599,86,87,144-G,,,,,Disqualification for failure of lodge account of election expenses,elections;state_law,
MH_ACT_1960_SEC_144_H,MH_ACT_1960,child,ACTIVE,act,Maharashtra,31,211,87,87,144-H,,,,,Removal or reduction of period of disqualification,state_law,
MH_ACT_1960_SEC_144_I,MH_ACT_1960,parent,REFERENCE_ONLY,act,Maharashtra,763,4373,87,88,144-I,,,,,Corrupt practices,elections;loans;state_law,
MH_ACT_1960_SEC_144_I_SUB_1,MH_ACT_1960,child,ACTIVE,act,Maharashtra,270,1534,87,87,144-I,1,,,,Corrupt practices,elections;state_law,
MH_ACT_1960_SEC_144_I_SUB_2,MH_ACT_1960,child,ACTIVE,act,Maharashtra,211,1207,87,88,144-I,2,,,,Corrupt practices,elections;state_law,
MH_ACT_1960_SEC_144_I_SUB_3,MH_ACT_1960,child,ACTIVE,act,Maharashtra,202,1132,88,88,144-I,3,,,,Corrupt practices,elections;state_law,
MH_ACT_1960_SEC_144_I_SUB_4,MH_ACT_1960,child,ACTIVE,act,Maharashtra,16,90,88,88,144-I,4,,,,Corrupt practices,elections;state_law,SHORT_COMPLETE_PROVISION
MH_ACT_1960_SEC_144_I_SUB_5,MH_ACT_1960,child,ACTIVE,act,Maharashtra,12,82,88,88,144-I,5,,,,Corrupt practices,state_law,SHORT_COMPLETE_PROVISION
MH_ACT_1960_SEC_144_I_SUB_6,MH_ACT_1960,child,ACTIVE,act,Maharashtra,34,201,88,88,144-I,6,,,,Corrupt practices,elections;loans;state_law,
MH_ACT_1960_SEC_144_J,MH_ACT_1960,child,ACTIVE,act,Maharashtra,97,586,88,88,144-J,,,,,Maintenance of secrecy of voting,elections;state_law,
MH_ACT_1960_SEC_144_K,MH_ACT_1960,child,ACTIVE,act,Maharashtra,188,1068,88,88,144-K,,,,,"Officers, etc., at elections not to act for candidates or to influence voting",elections;management;state_law,
MH_ACT_1960_SEC_144_L,MH_ACT_1960,child,ACTIVE,act,Maharashtra,145,850,89,89,144-L,,,,,Prohibition of canvassing in or near polling station,elections;state_law,
MH_ACT_1960_SEC_144_M,MH_ACT_1960,child,ACTIVE,act,Maharashtra,250,1461,89,89,144-M,,,,,Penalty for disorderly conduct in or near polling stations,state_law,
MH_ACT_1960_SEC_144_N,MH_ACT_1960,child,ACTIVE,act,Maharashtra,158,931,89,89,144-N,,,,,Penalty for misconduct at the polling station,state_law,
MH_ACT_1960_SEC_144_O,MH_ACT_1960,child,ACTIVE,act,Maharashtra,54,310,90,90,144-O,,,,,Penalty for illegal hiring or procuring of conveyances at elections,elections;state_law,
MH_ACT_1960_SEC_144_P,MH_ACT_1960,child,ACTIVE,act,Maharashtra,161,994,90,90,144-P,,,,,Breaches of official duty in connection with election,elections;state_law,
MH_ACT_1960_SEC_144_Q,MH_ACT_1960,child,ACTIVE,act,Maharashtra,595,3400,90,91,144-Q,,,,,Removal of ballot papers from polling station to be an offence,documents;elections;state_law,STRUCTURE_UNCERTAIN
MH_ACT_1960_SEC_144_S,MH_ACT_1960,child,ACTIVE,act,Maharashtra,52,340,91,91,144-S,,,,,Application of section 148 to offences under this Chapter subject to certain,state_law,
MH_ACT_1960_SEC_144_T,MH_ACT_1960,child,ACTIVE,act,Maharashtra,309,1846,91,91,144-T,,,,,Disputes relating to elections to be submitted to the Commissioner or other specified,documents;elections;state_law,
MH_ACT_1960_SEC_144_U,MH_ACT_1960,child,ACTIVE,act,Maharashtra,148,876,92,92,144-U,,,,,Deposit towards costs for hearing and power to award costs,deposits;elections;state_law,
MH_ACT_1960_SEC_144_V,MH_ACT_1960,child,ACTIVE,act,Maharashtra,258,1539,92,92,144-V,,,,,Contents of petition,elections;state_law,
MH_ACT_1960_SEC_144_Y,MH_ACT_1960,child,ACTIVE,act,Maharashtra,114,674,92,92,144-Y,,,,,Special provisions to election of officers of specified societies,elections;meetings;state_law,
MH_ACT_1960_SEC_145,MH_ACT_1960,child,ACTIVE,act,Maharashtra,117,698,93,93,145,,,,,"Prohibition of use of the word ""Co-operative""",state_law,
MH_ACT_1960_SEC_146,MH_ACT_1960,child,ACTIVE,act,Maharashtra,783,4425,93,94,146,,,,,Offences,deposits;documents;loans;management;registrar;registration;state_law,
MH_ACT_1960_SEC_147,MH_ACT_1960,child,ACTIVE,act,Maharashtra,587,3102,94,95,147,,,,,Punishments for Offences under section 146,state_law,
MH_ACT_1960_SEC_148,MH_ACT_1960,child,ACTIVE,act,Maharashtra,49,301,95,95,148,,,,,Cognizance of offences,registrar;state_law,
MH_ACT_1960_SEC_148A,MH_ACT_1960,parent,REFERENCE_ONLY,act,Maharashtra,552,3179,95,96,148A,,,,,Contempt of Co-operative Courts and of Co-operative Appellate Court,complaint;documents;reporting;state_law,
MH_ACT_1960_SEC_148A_SUB_1,MH_ACT_1960,child,ACTIVE,act,Maharashtra,142,792,95,95,148A,1,,,,Contempt of Co-operative Courts and of Co-operative Appellate Court,documents;state_law,
MH_ACT_1960_SEC_148A_SUB_2,MH_ACT_1960,child,ACTIVE,act,Maharashtra,56,310,95,95,148A,2,,,,Contempt of Co-operative Courts and of Co-operative Appellate Court,state_law,
MH_ACT_1960_SEC_148A_SUB_3,MH_ACT_1960,child,ACTIVE,act,Maharashtra,121,708,95,96,148A,3,,,,Contempt of Co-operative Courts and of Co-operative Appellate Court,complaint;state_law,
MH_ACT_1960_SEC_148A_SUB_4,MH_ACT_1960,child,ACTIVE,act,Maharashtra,70,406,96,96,148A,4,,,,Contempt of Co-operative Courts and of Co-operative Appellate Court,state_law,
MH_ACT_1960_SEC_148A_SUB_5,MH_ACT_1960,child,ACTIVE,act,Maharashtra,30,174,96,96,148A,5,,,,Contempt of Co-operative Courts and of Co-operative Appellate Court,state_law,
MH_ACT_1960_SEC_148A_SUB_6,MH_ACT_1960,child,ACTIVE,act,Maharashtra,52,304,96,96,148A,6,,,,Contempt of Co-operative Courts and of Co-operative Appellate Court,state_law,
MH_ACT_1960_SEC_148A_SUB_7,MH_ACT_1960,child,ACTIVE,act,Maharashtra,71,396,96,96,148A,7,,,,Contempt of Co-operative Courts and of Co-operative Appellate Court,reporting;state_law,
MH_ACT_1960_SEC_149,MH_ACT_1960,parent,REFERENCE_ONLY,act,Maharashtra,694,4181,97,98,149,,,,,Maharashtra State Co-operative Appellate Court,appeal;membership;state_law,
MH_ACT_1960_SEC_149_SUB_1,MH_ACT_1960,child,ACTIVE,act,Maharashtra,32,189,97,97,149,1,,,,Maharashtra State Co-operative Appellate Court,state_law,
MH_ACT_1960_SEC_149_SUB_2,MH_ACT_1960,child,ACTIVE,act,Maharashtra,54,335,97,97,149,2,,,,Maharashtra State Co-operative Appellate Court,state_law,
MH_ACT_1960_SEC_149_SUB_3,MH_ACT_1960,child,ACTIVE,act,Maharashtra,18,110,97,97,149,3,,,,Maharashtra State Co-operative Appellate Court,membership;state_law,SHORT_COMPLETE_PROVISION
MH_ACT_1960_SEC_149_SUB_4,MH_ACT_1960,child,ACTIVE,act,Maharashtra,36,201,97,97,149,4,,,,Maharashtra State Co-operative Appellate Court,state_law,
MH_ACT_1960_SEC_149_SUB_5,MH_ACT_1960,child,ACTIVE,act,Maharashtra,10,54,97,97,149,5,,,,Maharashtra State Co-operative Appellate Court,state_law,SHORT_COMPLETE_PROVISION
MH_ACT_1960_SEC_149_SUB_6,MH_ACT_1960,child,ACTIVE,act,Maharashtra,90,499,97,97,149,6,,,,Maharashtra State Co-operative Appellate Court,state_law,
MH_ACT_1960_SEC_149_SUB_7,MH_ACT_1960,child,ACTIVE,act,Maharashtra,39,252,97,97,149,7,,,,Maharashtra State Co-operative Appellate Court,state_law,
MH_ACT_1960_SEC_149_SUB_8,MH_ACT_1960,child,ACTIVE,act,Maharashtra,14,90,97,97,149,8,,,,Maharashtra State Co-operative Appellate Court,state_law,SHORT_COMPLETE_PROVISION
MH_ACT_1960_SEC_149_SUB_9,MH_ACT_1960,child,ACTIVE,act,Maharashtra,77,442,97,97,149,9,,,,Maharashtra State Co-operative Appellate Court,appeal;state_law,
MH_ACT_1960_SEC_149_SUB_10,MH_ACT_1960,child,ACTIVE,act,Maharashtra,79,439,97,97,149,10,,,,Maharashtra State Co-operative Appellate Court,appeal;state_law,
MH_ACT_1960_SEC_149_SUB_11,MH_ACT_1960,child,ACTIVE,act,Maharashtra,41,234,97,97,149,11,,,,Maharashtra State Co-operative Appellate Court,appeal;state_law,
MH_ACT_1960_SEC_149_SUB_12,MH_ACT_1960,child,ACTIVE,act,Maharashtra,192,1215,97,98,149,12,,,,Maharashtra State Co-operative Appellate Court,appeal;state_law,
MH_ACT_1960_SCHEDULE_164,MH_ACT_1960,parent,REFERENCE_ONLY,act,Maharashtra,9,51,98,99,,,,,,"First Schedule of the Code of civil Procedure, 1908",state_law,CONTEXT_PARENT;SHORT_CONTEXT_PARENT
MH_ACT_1960_SCHEDULE_164_SUB_1,MH_ACT_1960,child,ACTIVE,act,Maharashtra,192,1130,98,98,,,,,,"First Schedule of the Code of civil Procedure, 1908",registrar;state_law;timeline,
MH_ACT_1960_SCHEDULE_164_SUB_2,MH_ACT_1960,child,ACTIVE,act,Maharashtra,104,630,98,98,,,,,,"First Schedule of the Code of civil Procedure, 1908",documents;state_law,
MH_ACT_1960_SCHEDULE_164_SUB_3,MH_ACT_1960,child,ACTIVE,act,Maharashtra,231,1321,98,98,,,,,,"First Schedule of the Code of civil Procedure, 1908",appeal;registrar;state_law,
MH_ACT_1960_SCHEDULE_164_SUB_4,MH_ACT_1960,child,ACTIVE,act,Maharashtra,247,1428,98,99,,,,,,"First Schedule of the Code of civil Procedure, 1908",appeal;byelaws;elections;registrar;state_law;timeline,
MH_ACT_1960_SCHEDULE_164_SUB_5,MH_ACT_1960,child,ACTIVE,act,Maharashtra,71,425,99,99,,,,,,"First Schedule of the Code of civil Procedure, 1908",appeal;state_law,
MH_ACT_1960_SCHEDULE_164_SUB_6,MH_ACT_1960,child,ACTIVE,act,Maharashtra,331,1971,99,99,,,,,,"First Schedule of the Code of civil Procedure, 1908",appeal;deposits;registrar;state_law,
MH_ACT_1960_SEC_154A,MH_ACT_1960,child,ACTIVE,act,Maharashtra,293,1862,100,100,154A,,,,,"Constitution of State Co-operative Council, its functions, etc",meetings;state_law,
MH_ACT_1960_SEC_155,MH_ACT_1960,child,ACTIVE,act,Maharashtra,172,974,101,101,155,,,,,Recovery of sums due to Government,state_law,
MH_ACT_1960_SEC_156,MH_ACT_1960,child,ACTIVE,act,Maharashtra,288,1609,101,101,156,,,,,Registrars powers to recover certain sums by attachment and sale of property,registrar;state_law,
MH_ACT_1960_SEC_157,MH_ACT_1960,child,ACTIVE,act,Maharashtra,95,551,101,101,157,,,,,Power to exempt societies from provisions of Act,state_law,
MH_ACT_1960_SEC_158,MH_ACT_1960,child,ACTIVE,act,Maharashtra,106,645,101,101,158,,,,,Delegation of Power of Registrar to certain authorities and officers,registrar;state_law,
MH_ACT_1960_SEC_159,MH_ACT_1960,child,ACTIVE,act,Maharashtra,202,1171,102,102,159,,,,,"Branches, etc. of societies outside the State",byelaws;registrar;state_law,
MH_ACT_1960_SEC_160,MH_ACT_1960,child,ACTIVE,act,Maharashtra,204,1164,102,102,160,,,,,Handing over records and property to new Chairman on election,elections;registrar;state_law,
MH_ACT_1960_SEC_160A,MH_ACT_1960,child,ACTIVE,act,Maharashtra,173,1060,102,102,160A,,,,,Members of State Legislature and certain local authorities not to be remunerated while,meetings;registrar;state_law,
MH_ACT_1960_SEC_160B,MH_ACT_1960,child,ACTIVE,act,Maharashtra,105,650,102,102,160B,,,,,"Members of committees not entitled to traveling allowance, daily allowance, etc., at a",meetings;state_law,
MH_ACT_1960_SEC_161,MH_ACT_1960,child,ACTIVE,act,Maharashtra,155,867,102,103,161,,,,,Registrar and other officers to be public servants,registrar;state_law,
MH_ACT_1960_SEC_162,MH_ACT_1960,child,ACTIVE,act,Maharashtra,51,283,103,103,162,,,,,"Indemnity for acts done, in good faith",registrar;state_law,
MH_ACT_1960_SEC_163,MH_ACT_1960,child,ACTIVE,act,Maharashtra,205,1174,103,103,163,,,,,Bar of jurisdiction of Courts,appeal;management;registrar;registration;state_law,
MH_ACT_1960_SEC_164,MH_ACT_1960,child,ACTIVE,act,Maharashtra,88,499,103,103,164,,,,,Notice necessary in suits,registrar;state_law,
MH_ACT_1960_SEC_165,MH_ACT_1960,parent,REFERENCE_ONLY,act,Maharashtra,2,12,103,108,165,,,,,Rules,state_law,CONTEXT_PARENT;SHORT_CONTEXT_PARENT
MH_ACT_1960_SEC_165_SUB_1,MH_ACT_1960,child,ACTIVE,act,Maharashtra,48,255,103,103,165,1,,,,Rules,state_law,
MH_ACT_1960_SEC_165_SUB_2,MH_ACT_1960,child,ACTIVE,act,Maharashtra,2756,16743,103,108,165,2,,,,Rules,appeal;byelaws;deposits;documents;elections;loans;management;meetings;membership;registrar;registration;state_law,LONG_CHUNK_NO_SAFE_SPLIT
MH_ACT_1960_SEC_165_SUB_3,MH_ACT_1960,child,ACTIVE,act,Maharashtra,23,133,108,108,165,3,,,,Rules,state_law,
MH_ACT_1960_SEC_165_SUB_4,MH_ACT_1960,child,ACTIVE,act,Maharashtra,57,319,108,108,165,4,,,,Rules,state_law,
MH_ACT_1960_SEC_166,MH_ACT_1960,child,ACTIVE,act,Maharashtra,397,2491,108,109,166,,,,,"Repeal, saving and construction",byelaws;documents;registrar;registration;state_law,
MH_ACT_1960_SEC_167,MH_ACT_1960,child,ACTIVE,act,Maharashtra,103,645,109,110,167,,,,,Companies Act not to apply,state_law,
MH_ACT_1960_SEC_1,MH_ACT_1960,child,ACTIVE,act,Maharashtra,31,193,110,110,1,,,,,Short title and extent,state_law,MALFORMED_NUMBERING_HIERARCHY
MH_ACT_1960_SEC_2,MH_ACT_1960,parent,REFERENCE_ONLY,act,Maharashtra,285,1717,110,110,2,,,,,Definitions,registrar;state_law,
MH_ACT_1960_SEC_2_SUB_A,MH_ACT_1960,child,ACTIVE,act,Maharashtra,9,65,110,110,2,,,,a,Definitions,state_law,SHORT_COMPLETE_PROVISION
MH_ACT_1960_SEC_2_SUB_B,MH_ACT_1960,child,ACTIVE,act,Maharashtra,29,185,110,110,2,,,,b,Definitions,state_law,
MH_ACT_1960_SEC_2_SUB_C,MH_ACT_1960,child,ACTIVE,act,Maharashtra,47,249,110,110,2,,,,c,Definitions,registrar;state_law,
MH_ACT_1960_SEC_2_SUB_D,MH_ACT_1960,child,ACTIVE,act,Maharashtra,23,133,110,110,2,,,,d,Definitions,state_law,
MH_ACT_1960_SEC_2_SUB_E,MH_ACT_1960,child,ACTIVE,act,Maharashtra,9,54,110,110,2,,,,e,Definitions,state_law,SHORT_COMPLETE_PROVISION
MH_ACT_1960_SEC_2_SUB_F,MH_ACT_1960,child,ACTIVE,act,Maharashtra,9,48,110,110,2,,,,f,Definitions,state_law,SHORT_COMPLETE_PROVISION
MH_ACT_1960_SEC_2_SUB_G,MH_ACT_1960,child,ACTIVE,act,Maharashtra,72,431,110,110,2,,,,g,Definitions,state_law,
MH_ACT_1960_SEC_2_SUB_H,MH_ACT_1960,child,ACTIVE,act,Maharashtra,20,126,110,110,2,,,,h,Definitions,registrar;state_law,
MH_ACT_1960_SEC_2_SUB_I,MH_ACT_1960,child,ACTIVE,act,Maharashtra,15,92,110,110,2,,,,i,Definitions,state_law,SHORT_COMPLETE_PROVISION
MH_ACT_1960_SEC_2_SUB_J,MH_ACT_1960,child,ACTIVE,act,Maharashtra,34,198,110,110,2,,,,j,Definitions,registrar;state_law,
MH_ACT_1960_SEC_2_SUB_K,MH_ACT_1960,child,ACTIVE,act,Maharashtra,8,41,110,110,2,,,,k,Definitions,state_law,SHORT_COMPLETE_PROVISION
MH_ACT_1960_SEC_4_002,MH_ACT_1960,child,ACTIVE,act,Maharashtra,573,3710,111,112,4,,,,,,byelaws;documents;registrar;registration;state_law,STRUCTURE_UNCERTAIN
MH_ACT_1960_SEC_5_002,MH_ACT_1960,child,ACTIVE,act,Maharashtra,157,963,112,112,5,,,,,Registration,byelaws;registrar;registration;state_law,
MH_ACT_1960_SEC_6_002,MH_ACT_1960,child,ACTIVE,act,Maharashtra,30,157,112,112,6,,,,,Form of report under section 9(2),registrar;state_law,
MH_ACT_1960_SEC_7_002,MH_ACT_1960,child,ACTIVE,act,Maharashtra,44,255,112,112,7,,,,,Refusal of Registration,registrar;registration;state_law,
MH_ACT_1960_SEC_8_002,MH_ACT_1960,parent,REFERENCE_ONLY,act,Maharashtra,730,4319,112,114,8,,,,,Matters in respect of which Registrar may direct society to make bye-laws or society may,byelaws;documents;elections;loans;management;meetings;membership;registrar;state_law,
MH_ACT_1960_SEC_8_002_SUB_1,MH_ACT_1960,child,ACTIVE,act,Maharashtra,543,3205,112,113,8,1,,,,Matters in respect of which Registrar may direct society to make bye-laws or society may,byelaws;elections;loans;management;meetings;membership;registrar;state_law,
MH_ACT_1960_SEC_8_002_SUB_2,MH_ACT_1960,child,ACTIVE,act,Maharashtra,169,1003,114,114,8,2,,,,Matters in respect of which Registrar may direct society to make bye-laws or society may,byelaws;documents;elections;membership;registrar;state_law,
MH_ACT_1960_SEC_9_002,MH_ACT_1960,child,ACTIVE,act,Maharashtra,30,176,114,114,9,,,,,First bye-laws of society,byelaws;registrar;state_law,
MH_ACT_1960_SEC_10_002,MH_ACT_1960,child,ACTIVE,act,Maharashtra,424,2846,115,116,10,,,,,Classification and sub-classification of societies,byelaws;loans;registrar;registration;state_law,
MH_ACT_1960_SEC_11_002,MH_ACT_1960,child,ACTIVE,act,Maharashtra,22,128,116,116,11,,,,,Maintenance of register,registrar;state_law,
MH_ACT_1960_FORM_D,MH_ACT_1960,parent,REFERENCE_ONLY,act,Maharashtra,73,422,116,123,,,,,,Form D.,registrar;registration;state_law,CONTEXT_PARENT
MH_ACT_1960_FORM_D_SUB_1,MH_ACT_1960,child,ACTIVE,act,Maharashtra,320,1843,116,116,,,,,,Form D.,byelaws;meetings;registrar;state_law,
MH_ACT_1960_FORM_D_SUB_2,MH_ACT_1960,child,ACTIVE,act,Maharashtra,306,1738,117,117,,,,,,Form D.,byelaws;registrar;state_law,MULTIPLE_FORMS_REVIEW
MH_ACT_1960_FORM_D_SUB_3,MH_ACT_1960,child,ACTIVE,act,Maharashtra,117,656,117,117,,,,,,Form D.,byelaws;registrar;registration;state_law,
MH_ACT_1960_FORM_D_SUB_4,MH_ACT_1960,child,ACTIVE,act,Maharashtra,576,3290,118,118,,,,,,Form D.,byelaws;deposits;meetings;registrar;state_law;timeline,
MH_ACT_1960_FORM_D_SUB_5,MH_ACT_1960,child,ACTIVE,act,Maharashtra,567,3485,118,119,,,,,,Form D.,meetings;registrar;registration;state_law,
MH_ACT_1960_FORM_D_SUB_6,MH_ACT_1960,child,ACTIVE,act,Maharashtra,475,2800,119,120,,,,,,Form D.,byelaws;registrar;state_law,
MH_ACT_1960_FORM_D_SUB_7,MH_ACT_1960,child,ACTIVE,act,Maharashtra,1630,9839,120,122,,,,,,Form D.,byelaws;deposits;documents;loans;meetings;registrar;registration;state_law;timeline,LONG_CHUNK_NO_SAFE_SPLIT
MH_ACT_1960_FORM_D_SUB_8,MH_ACT_1960,child,ACTIVE,act,Maharashtra,117,727,123,123,,,,,,Form D.,registrar;state_law,
MH_ACT_1960_FORM_D_SUB_9,MH_ACT_1960,child,ACTIVE,act,Maharashtra,326,1898,123,123,,,,,,Form D.,registrar;registration;state_law,
MH_ACT_1960_SEC_19_002,MH_ACT_1960,child,ACTIVE,act,Maharashtra,202,1160,124,124,19,,,,,Condition to be complied with for admission for membership etc,byelaws;membership;registrar;registration;state_law,
MH_ACT_1960_SEC_19_003,MH_ACT_1960,child,ACTIVE,act,Maharashtra,231,1354,124,124,19,,,,,A Procedure for tendering application to the Registrar for membership under section,eligibility;membership;registrar;state_law;timeline,
MH_ACT_1960_SEC_20_002,MH_ACT_1960,child,ACTIVE,act,Maharashtra,152,915,124,124,20,,,,,Procedure for admission of joint members and minors and persons of unsound mind,byelaws;state_law,
MH_ACT_1960_SEC_21_002,MH_ACT_1960,child,ACTIVE,act,Maharashtra,252,1427,125,125,21,,,,,Withdrawal of Membership,byelaws;membership;state_law,
MH_ACT_1960_SEC_22_002,MH_ACT_1960,child,ACTIVE,act,Maharashtra,324,2006,125,125,22,,,,,Voting rights of individual members in a Federal Society,byelaws;elections;governance;meetings;membership;registrar;registration;state_law,
MH_ACT_1960_SEC_23_002,MH_ACT_1960,child,ACTIVE,act,Maharashtra,228,1280,125,126,23,,,,,Valuation of Shares,byelaws;membership;state_law,
MH_ACT_1960_SEC_24_002,MH_ACT_1960,child,ACTIVE,act,Maharashtra,110,652,126,126,24,,,,,Procedure for transfer of shares,byelaws;membership;state_law,
MH_ACT_1960_SEC_25_002,MH_ACT_1960,child,ACTIVE,act,Maharashtra,234,1339,126,126,25,,,,,Nomination of persons,documents;state_law,
MH_ACT_1960_SEC_26_002,MH_ACT_1960,child,ACTIVE,act,Maharashtra,39,235,126,126,26,,,,,Registration of nominations,registration;state_law,
MH_ACT_1960_SEC_27_002,MH_ACT_1960,child,ACTIVE,act,Maharashtra,216,1207,127,127,27,,,,,Supply of copies of documents by societies and fees therefore,byelaws;deposits;documents;state_law,
MH_ACT_1960_SEC_28_002,MH_ACT_1960,child,ACTIVE,act,Maharashtra,104,623,127,127,28,,,,,Expulsion of Members,byelaws;membership;state_law,
MH_ACT_1960_SEC_29_002,MH_ACT_1960,child,ACTIVE,act,Maharashtra,217,1265,127,127,29,,,,,Procedure for Expulsion of Member,meetings;registrar;state_law,
MH_ACT_1960_SEC_30_002,MH_ACT_1960,child,ACTIVE,act,Maharashtra,173,976,128,128,30,,,,,Inspection of documents in the Registrars office by members of societies and the scale of,appeal;byelaws;documents;registrar;registration;state_law,
MH_ACT_1960_SEC_31_002,MH_ACT_1960,child,ACTIVE,act,Maharashtra,233,1415,129,129,31,,,,,Procedure for change of address of societies,byelaws;registrar;registration;state_law,
MH_ACT_1960_SEC_32_002,MH_ACT_1960,child,ACTIVE,act,Maharashtra,24,131,129,129,32,,,,,Register of Members,state_law,
MH_ACT_1960_SEC_33_002,MH_ACT_1960,child,ACTIVE,act,Maharashtra,21,103,129,129,33,,,,,List of Members,state_law,
MH_ACT_1960_SEC_34_002,MH_ACT_1960,child,ACTIVE,act,Maharashtra,47,264,129,129,34,,,,,Certified copies of entries in books of societies,state_law,
MH_ACT_1960_SEC_35_002,MH_ACT_1960,child,ACTIVE,act,Maharashtra,287,1780,129,129,35,,,,,Conditions for harrowing by societies with limited liability,byelaws;deposits;loans;registrar;state_law,
MH_ACT_1960_SEC_36_002,MH_ACT_1960,child,ACTIVE,act,Maharashtra,180,1099,130,130,36,,,,,Conditions for borrowing of Maharashtra State Co-operative Bank,deposits;loans;registrar;state_law,
MH_ACT_1960_SEC_37_002,MH_ACT_1960,child,ACTIVE,act,Maharashtra,36,252,130,130,37,,,,,Conditions for borrowing of Land Development Banks,loans;state_law,
MH_ACT_1960_SEC_38_002,MH_ACT_1960,child,ACTIVE,act,Maharashtra,117,691,130,130,38,,,,,Loans and deposits from non-members in unlimited liability Societies,deposits;loans;meetings;registrar;state_law,
MH_ACT_1960_SEC_39_002,MH_ACT_1960,child,ACTIVE,act,Maharashtra,290,1659,130,130,39,,,,,Raising funds by societies,byelaws;deposits;loans;registrar;state_law,
MH_ACT_1960_SEC_41_002,MH_ACT_1960,child,ACTIVE,act,Maharashtra,75,449,130,130,41,,,,,Maintenance of liquid resource and distribution of assets,deposits;registrar;state_law,
MH_ACT_1960_SEC_42_002,MH_ACT_1960,parent,REFERENCE_ONLY,act,Maharashtra,577,3500,131,131,42,,,,,Regulation of loans to be granted by societies,loans;registrar;state_law,
MH_ACT_1960_SEC_42_002_SUB_1,MH_ACT_1960,child,ACTIVE,act,Maharashtra,52,317,131,131,42,1,,,,Regulation of loans to be granted by societies,loans;registrar;state_law,
MH_ACT_1960_SEC_42_002_SUB_2,MH_ACT_1960,child,ACTIVE,act,Maharashtra,41,221,131,131,42,2,,,,Regulation of loans to be granted by societies,loans;registrar;state_law,
MH_ACT_1960_SEC_42_002_SUB_3,MH_ACT_1960,child,ACTIVE,act,Maharashtra,94,573,131,131,42,3,,,,Regulation of loans to be granted by societies,loans;registrar;state_law,
MH_ACT_1960_SEC_42_002_SUB_4,MH_ACT_1960,child,ACTIVE,act,Maharashtra,100,674,131,131,42,4,,,,Regulation of loans to be granted by societies,loans;registrar;state_law,
MH_ACT_1960_SEC_42_002_SUB_5,MH_ACT_1960,child,ACTIVE,act,Maharashtra,77,426,131,131,42,5,,,,Regulation of loans to be granted by societies,loans;registrar;state_law,
MH_ACT_1960_SEC_42_002_SUB_6,MH_ACT_1960,child,ACTIVE,act,Maharashtra,36,211,131,131,42,6,,,,Regulation of loans to be granted by societies,loans;registrar;state_law,
MH_ACT_1960_SEC_42_002_SUB_7,MH_ACT_1960,child,ACTIVE,act,Maharashtra,114,709,131,131,42,7,,,,Regulation of loans to be granted by societies,loans;registrar;state_law,
MH_ACT_1960_SEC_42_002_SUB_8,MH_ACT_1960,child,ACTIVE,act,Maharashtra,54,301,131,131,42,8,,,,Regulation of loans to be granted by societies,loans;registrar;state_law,
MH_ACT_1960_SEC_43_002,MH_ACT_1960,child,ACTIVE,act,Maharashtra,163,905,131,131,43,,,,,Conditions to be complied with by members applying for Loans,byelaws;loans;registrar;state_law,
MH_ACT_1960_SEC_44_002,MH_ACT_1960,child,ACTIVE,act,Maharashtra,128,773,132,132,44,,,,,Credit limits by non-credit societies,deposits;loans;registrar;state_law,
MH_ACT_1960_SEC_45_002,MH_ACT_1960,child,ACTIVE,act,Maharashtra,229,1273,132,132,45,,,,,Restrictions on borrowing from more than one credit society,loans;membership;registrar;state_law,
MH_ACT_1960_SEC_45_A,MH_ACT_1960,child,ACTIVE,act,Maharashtra,117,627,132,132,45-A,,,,,Limits on loans against fixed deposits,deposits;loans;state_law,
MH_ACT_1960_SEC_46_002,MH_ACT_1960,child,ACTIVE,act,Maharashtra,182,1045,132,132,46,,,,,Manner of recalling of loan,loans;registrar;state_law,
MH_ACT_1960_SEC_46A,MH_ACT_1960,child,ACTIVE,act,Maharashtra,66,428,132,133,46A,,,,,Restrictions on borrowings from non-members,loans;registrar;state_law,
MH_ACT_1960_SEC_46_B,MH_ACT_1960,child,ACTIVE,act,Maharashtra,61,365,133,133,46-B,,,,,Restrictions on credit sales to non-members,byelaws;registrar;state_law,
MH_ACT_1960_SEC_47_002,MH_ACT_1960,child,ACTIVE,act,Maharashtra,77,481,133,133,47,,,,,Restrictions on transactions with non-members,registrar;state_law,
MH_ACT_1960_SEC_48_002,MH_ACT_1960,child,ACTIVE,act,Maharashtra,291,1582,133,133,48,,,,,Form of declaration be made by members borrowing loans from certain societies and,loans;state_law,
MH_ACT_1960_SEC_49_002,MH_ACT_1960,child,ACTIVE,act,Maharashtra,313,1766,134,134,49,,,,,Writing off of bad debts and losses,loans;registrar;state_law,
MH_ACT_1960_SEC_49A,MH_ACT_1960,child,ACTIVE,act,Maharashtra,306,1913,134,135,49A,,,,,Calculation of net profits,byelaws;deposits;loans;state_law,
MH_ACT_1960_SEC_50_002,MH_ACT_1960,child,ACTIVE,act,Maharashtra,100,640,135,135,50,,,,,Appropriations of profits,byelaws;state_law,
MH_ACT_1960_SEC_51_002,MH_ACT_1960,child,ACTIVE,act,Maharashtra,146,853,135,135,51,,,,,Amounts to be deducted by a society from its profits before arriving at its net profits,byelaws;loans;state_law,
MH_ACT_1960_SEC_52_002,MH_ACT_1960,child,ACTIVE,act,Maharashtra,167,924,135,135,52,,,,,Bonus and Dividend Equalization Fund,byelaws;registrar;state_law,
MH_ACT_1960_SEC_53_002,MH_ACT_1960,child,ACTIVE,act,Maharashtra,1402,9624,136,139,53,,,,,Rate of annual contribution to education fund of Slate Federal Society,pacs;state_law,LONG_CHUNK_NO_SAFE_SPLIT
MH_ACT_1960_SEC_53_B,MH_ACT_1960,parent,REFERENCE_ONLY,act,Maharashtra,13,62,139,141,53-B,,,,,Manner of contributions to be made under the rule 53,state_law,CONTEXT_PARENT;SHORT_CONTEXT_PARENT
MH_ACT_1960_SEC_53_B_SUB_1,MH_ACT_1960,child,ACTIVE,act,Maharashtra,57,365,139,139,53-B,1,,,,Manner of contributions to be made under the rule 53,state_law,
MH_ACT_1960_SEC_53_B_SUB_2,MH_ACT_1960,child,ACTIVE,act,Maharashtra,76,505,139,139,53-B,2,,,,Manner of contributions to be made under the rule 53,state_law,
MH_ACT_1960_SEC_53_B_SUB_3,MH_ACT_1960,child,ACTIVE,act,Maharashtra,128,890,139,139,53-B,3,,,,Manner of contributions to be made under the rule 53,state_law,
MH_ACT_1960_SEC_53_B_SUB_4,MH_ACT_1960,child,ACTIVE,act,Maharashtra,60,379,139,139,53-B,4,,,,Manner of contributions to be made under the rule 53,state_law,
MH_ACT_1960_SEC_53_B_SUB_5,MH_ACT_1960,child,ACTIVE,act,Maharashtra,78,460,140,140,53-B,5,,,,Manner of contributions to be made under the rule 53,state_law;timeline,
MH_ACT_1960_SEC_53_B_SUB_6,MH_ACT_1960,child,ACTIVE,act,Maharashtra,131,879,140,140,53-B,6,,,,Manner of contributions to be made under the rule 53,state_law,
MH_ACT_1960_SEC_53_B_SUB_7,MH_ACT_1960,child,ACTIVE,act,Maharashtra,255,1635,140,140,53-B,7,,,,Manner of contributions to be made under the rule 53,pacs;state_law,
MH_ACT_1960_SEC_53_B_SUB_8,MH_ACT_1960,child,ACTIVE,act,Maharashtra,260,1593,140,140,53-B,8,,,,Manner of contributions to be made under the rule 53,loans;pacs;state_law,
MH_ACT_1960_SEC_53_B_SUB_9,MH_ACT_1960,child,ACTIVE,act,Maharashtra,183,1103,140,141,53-B,9,,,,Manner of contributions to be made under the rule 53,pacs;state_law,
MH_ACT_1960_SEC_53_B_SUB_10,MH_ACT_1960,child,ACTIVE,act,Maharashtra,142,939,141,141,53-B,10,,,,Manner of contributions to be made under the rule 53,state_law,
MH_ACT_1960_SEC_53_B_SUB_11,MH_ACT_1960,child,ACTIVE,act,Maharashtra,69,446,141,141,53-B,11,,,,Manner of contributions to be made under the rule 53,state_law,
MH_ACT_1960_SEC_53_B_SUB_12,MH_ACT_1960,child,ACTIVE,act,Maharashtra,173,1137,141,141,53-B,12,,,,Manner of contributions to be made under the rule 53,registrar;state_law,
MH_ACT_1960_SEC_54_002,MH_ACT_1960,child,ACTIVE,act,Maharashtra,287,1710,141,142,54,,,,,Utilisation and investment of reserve fund,deposits;loans;registrar;state_law,
MH_ACT_1960_SEC_55_002,MH_ACT_1960,child,ACTIVE,act,Maharashtra,377,2219,142,142,55,,,,,Investment of other funds,registrar;state_law,
MH_ACT_1960_SEC_56_002,MH_ACT_1960,child,ACTIVE,act,Maharashtra,130,833,143,143,56,,,,,Maintenance and administration of provident fund,registrar;state_law,
MH_ACT_1960_CONTEXT_235,MH_ACT_1960,child,ACTIVE,act,Maharashtra,937,5702,144,145,,,,,,,deposits;elections;management;registrar;state_law;timeline,LONG_CHUNK_NO_SAFE_SPLIT;SECTION_IDENTIFIER_MISSING;STRUCTURE_UNCERTAIN
MH_ACT_1960_SEC_56B,MH_ACT_1960,child,ACTIVE,act,Maharashtra,303,1757,145,145,56B,,,,,Provisional list of voters,byelaws;elections;registrar;state_law;timeline,
MH_ACT_1960_SEC_56C,MH_ACT_1960,child,ACTIVE,act,Maharashtra,223,1321,145,146,56C,,,,,Particulars to be included in the provisional list of voters,byelaws;elections;registration;state_law,
MH_ACT_1960_SEC_56D,MH_ACT_1960,child,ACTIVE,act,Maharashtra,211,1217,146,146,56D,,,,,"Claims and objections to the provisional list of votes, and the final list of voters",elections;registrar;state_law;timeline,
MH_ACT_1960_SEC_56E,MH_ACT_1960,child,ACTIVE,act,Maharashtra,154,1010,146,146,56E,,,,,"Appointment of Returning Officers, Assistant Returning Officers and such other Officers",elections;registrar;state_law,
MH_ACT_1960_SEC_56F,MH_ACT_1960,child,ACTIVE,act,Maharashtra,50,292,146,146,56F,,,,,General duty of Returning Officer,byelaws;elections;state_law,
MH_ACT_1960_SEC_56G,MH_ACT_1960,child,ACTIVE,act,Maharashtra,64,383,146,146,56G,,,,,Polling stations,elections;state_law,
MH_ACT_1960_SEC_56H,MH_ACT_1960,child,ACTIVE,act,Maharashtra,216,1285,146,147,56H,,,,,Appointment of Presiding Officer and Polling Officer,byelaws;elections;state_law,
MH_ACT_1960_SEC_56I,MH_ACT_1960,child,ACTIVE,act,Maharashtra,108,652,147,147,56I,,,,,General duty of Presiding Officer and Polling Officer,elections;state_law,
MH_ACT_1960_SEC_56J,MH_ACT_1960,child,ACTIVE,act,Maharashtra,413,2385,147,147,56J,,,,,"Appointment of dates etc., for various stages of an election",appeal;elections;registrar;state_law;timeline,
MH_ACT_1960_SEC_56K,MH_ACT_1960,child,ACTIVE,act,Maharashtra,416,2402,147,148,56K,,,,,Manner of publication of election program under rule 56 K,elections;registrar;state_law;timeline,STRUCTURE_UNCERTAIN
MH_ACT_1960_SEC_56M,MH_ACT_1960,child,ACTIVE,act,Maharashtra,303,1714,148,148,56M,,,,,Nomination of candidates,byelaws;elections;eligibility;state_law,
MH_ACT_1960_SEC_56N,MH_ACT_1960,child,ACTIVE,act,Maharashtra,459,2705,149,149,56N,,,,,Presentation of nomination paper and requirements for valid nominations,byelaws;elections;state_law,STRUCTURE_UNCERTAIN
MH_ACT_1960_SEC_56P,MH_ACT_1960,child,ACTIVE,act,Maharashtra,137,777,149,149,56P,,,,,Deposit,deposits;elections;membership;state_law,
MH_ACT_1960_SEC_56Q,MH_ACT_1960,child,ACTIVE,act,Maharashtra,118,687,149,149,56Q,,,,,Notice of nomination and time and place for the scrutiny,state_law,
MH_ACT_1960_SEC_56R,MH_ACT_1960,parent,REFERENCE_ONLY,act,Maharashtra,477,2783,150,150,56R,,,,,Scrutiny of nomination papers,byelaws;elections;registrar;state_law,
MH_ACT_1960_SEC_56R_SUB_1,MH_ACT_1960,child,ACTIVE,act,Maharashtra,82,488,150,150,56R,1,,,,Scrutiny of nomination papers,state_law,
MH_ACT_1960_SEC_56R_SUB_2,MH_ACT_1960,child,ACTIVE,act,Maharashtra,129,727,150,150,56R,2,,,,Scrutiny of nomination papers,byelaws;state_law,
MH_ACT_1960_SEC_56R_SUB_3,MH_ACT_1960,child,ACTIVE,act,Maharashtra,58,338,150,150,56R,3,,,,Scrutiny of nomination papers,state_law,
MH_ACT_1960_SEC_56R_SUB_4,MH_ACT_1960,child,ACTIVE,act,Maharashtra,23,132,150,150,56R,4,,,,Scrutiny of nomination papers,state_law,
MH_ACT_1960_SEC_56R_SUB_5,MH_ACT_1960,child,ACTIVE,act,Maharashtra,99,576,150,150,56R,5,,,,Scrutiny of nomination papers,state_law,
MH_ACT_1960_SEC_56R_SUB_6,MH_ACT_1960,child,ACTIVE,act,Maharashtra,81,474,150,150,56R,6,,,,Scrutiny of nomination papers,elections;registrar;state_law,
MH_ACT_1960_SEC_56S,MH_ACT_1960,child,ACTIVE,act,Maharashtra,110,685,150,150,56S,,,,,Publication of list of valid nominations,appeal;state_law,
MH_ACT_1960_SEC_56T,MH_ACT_1960,child,ACTIVE,act,Maharashtra,53,343,150,150,56T,,,,,Withdrawal of candidature,elections;state_law,
MH_ACT_1960_SEC_56U,MH_ACT_1960,child,ACTIVE,act,Maharashtra,507,3033,151,151,56U,,,,,Preparation of list of contesting candidates,elections;state_law,STRUCTURE_UNCERTAIN
MH_ACT_1960_SEC_56W,MH_ACT_1960,child,ACTIVE,act,Maharashtra,159,945,151,151,56W,,,,,Death of candidate before poll,elections;eligibility;state_law,
MH_ACT_1960_SEC_56X,MH_ACT_1960,child,ACTIVE,act,Maharashtra,108,641,151,152,56X,,,,,Uncontested elections,elections;state_law,
MH_ACT_1960_SEC_56Y,MH_ACT_1960,child,ACTIVE,act,Maharashtra,34,191,152,152,56Y,,,,,Manner of voting at elections,elections;state_law,
MH_ACT_1960_SEC_56Z,MH_ACT_1960,child,ACTIVE,act,Maharashtra,5644,32299,152,161,56Z,,,,,Ballot Box,byelaws;deposits;documents;elections;meetings;registrar;state_law,LONG_CHUNK_NO_SAFE_SPLIT;STRUCTURE_UNCERTAIN
MH_ACT_1960_SEC_57_002,MH_ACT_1960,child,ACTIVE,act,Maharashtra,117,684,162,162,57,,,,,"Prohibition against being interested in contracts, etc.,",loans;management;state_law,
MH_ACT_1960_SEC_57A,MH_ACT_1960,parent,REFERENCE_ONLY,act,Maharashtra,10,66,162,164,57A,,,,,Motion of no-confidence against the officers of the society,state_law,CONTEXT_PARENT;SHORT_CONTEXT_PARENT
MH_ACT_1960_SEC_57A_SUB_1,MH_ACT_1960,child,ACTIVE,act,Maharashtra,157,973,162,162,57A,1,,,,Motion of no-confidence against the officers of the society,elections;meetings;state_law,
MH_ACT_1960_SEC_57A_SUB_2,MH_ACT_1960,child,ACTIVE,act,Maharashtra,409,2430,162,163,57A,2,,,,Motion of no-confidence against the officers of the society,management;meetings;registrar;state_law;timeline,
MH_ACT_1960_SEC_57A_SUB_3,MH_ACT_1960,child,ACTIVE,act,Maharashtra,54,354,163,163,57A,3,,,,Motion of no-confidence against the officers of the society,byelaws;meetings;registrar;state_law,
MH_ACT_1960_SEC_57A_SUB_4,MH_ACT_1960,child,ACTIVE,act,Maharashtra,140,832,163,163,57A,4,,,,Motion of no-confidence against the officers of the society,elections;management;registrar;state_law,
MH_ACT_1960_SEC_57A_SUB_5,MH_ACT_1960,child,ACTIVE,act,Maharashtra,51,278,163,163,57A,5,,,,Motion of no-confidence against the officers of the society,meetings;registrar;state_law;timeline,
MH_ACT_1960_SEC_57A_SUB_6,MH_ACT_1960,child,ACTIVE,act,Maharashtra,17,96,163,163,57A,6,,,,Motion of no-confidence against the officers of the society,state_law,SHORT_COMPLETE_PROVISION
MH_ACT_1960_SEC_57A_SUB_7,MH_ACT_1960,child,ACTIVE,act,Maharashtra,520,2903,163,164,57A,7,,,,Motion of no-confidence against the officers of the society,meetings;registrar;state_law,
MH_ACT_1960_SEC_58_002,MH_ACT_1960,child,ACTIVE,act,Maharashtra,306,1822,164,164,58,,,,,Disqualification for membership of Committee,byelaws;elections;eligibility;loans;membership;registrar;state_law,
MH_ACT_1960_SEC_59_002,MH_ACT_1960,child,ACTIVE,act,Maharashtra,169,1048,164,165,59,,,,,First general meeting,byelaws;elections;meetings;registrar;registration;reporting;state_law,
MH_ACT_1960_SEC_60_002,MH_ACT_1960,parent,REFERENCE_ONLY,act,Maharashtra,537,3060,165,165,60,,,,,General Meeting,byelaws;elections;meetings;registrar;reporting;state_law;timeline,
MH_ACT_1960_SEC_60_002_SUB_1,MH_ACT_1960,child,ACTIVE,act,Maharashtra,99,583,165,165,60,1,,,,General Meeting,byelaws;meetings;registrar;reporting;state_law,
MH_ACT_1960_SEC_60_002_SUB_2,MH_ACT_1960,child,ACTIVE,act,Maharashtra,27,151,165,165,60,2,,,,General Meeting,byelaws;meetings;state_law,
MH_ACT_1960_SEC_60_002_SUB_3,MH_ACT_1960,child,ACTIVE,act,Maharashtra,91,526,165,165,60,3,,,,General Meeting,byelaws;meetings;state_law,
MH_ACT_1960_SEC_60_002_SUB_4,MH_ACT_1960,child,ACTIVE,act,Maharashtra,28,155,165,165,60,4,,,,General Meeting,meetings;state_law,
MH_ACT_1960_SEC_60_002_SUB_5,MH_ACT_1960,child,ACTIVE,act,Maharashtra,61,359,165,165,60,5,,,,General Meeting,byelaws;elections;meetings;state_law,
MH_ACT_1960_SEC_60_002_SUB_6,MH_ACT_1960,child,ACTIVE,act,Maharashtra,25,132,165,165,60,6,,,,General Meeting,meetings;state_law,
MH_ACT_1960_SEC_60_002_SUB_7,MH_ACT_1960,child,ACTIVE,act,Maharashtra,11,61,165,165,60,7,,,,General Meeting,meetings;state_law,SHORT_COMPLETE_PROVISION
MH_ACT_1960_SEC_60_002_SUB_8,MH_ACT_1960,child,ACTIVE,act,Maharashtra,52,270,165,165,60,8,,,,General Meeting,meetings;state_law;timeline,
MH_ACT_1960_SEC_60_002_SUB_9,MH_ACT_1960,child,ACTIVE,act,Maharashtra,19,113,165,165,60,9,,,,General Meeting,meetings;state_law,SHORT_COMPLETE_PROVISION
MH_ACT_1960_SEC_60_002_SUB_10,MH_ACT_1960,child,ACTIVE,act,Maharashtra,69,364,165,165,60,10,,,,General Meeting,meetings;state_law,
MH_ACT_1960_SEC_60_002_SUB_11,MH_ACT_1960,child,ACTIVE,act,Maharashtra,52,303,165,165,60,11,,,,General Meeting,byelaws;meetings;state_law,
MH_ACT_1960_SEC_61_002,MH_ACT_1960,child,ACTIVE,act,Maharashtra,132,790,165,166,61,,,,,"Annual statement of accounts including balance sheet, etc",registrar;state_law;timeline,
MH_ACT_1960_SEC_62_002,MH_ACT_1960,child,ACTIVE,act,Maharashtra,133,716,166,166,62,,,,,Form for the balance sheet and the profit and loss account,meetings;registrar;state_law,
MH_ACT_1960_SEC_63_002,MH_ACT_1960,child,ACTIVE,act,Maharashtra,119,680,166,166,63,,,,,Power to call annual and special general meeting,byelaws;meetings;registrar;state_law,
MH_ACT_1960_SEC_64_002,MH_ACT_1960,child,ACTIVE,act,Maharashtra,309,1815,166,166,64,,,,,"Procedure for appointment, suspension and removal of members of the committee and",byelaws;documents;meetings;registrar;state_law;timeline,
MH_ACT_1960_SEC_65_002,MH_ACT_1960,child,ACTIVE,act,Maharashtra,201,1215,167,167,65,,,,,Accounts and books to be kept,meetings;state_law,
MH_ACT_1960_SEC_66_002,MH_ACT_1960,child,ACTIVE,act,Maharashtra,64,370,167,167,66,,,,,Copies of monthly returns to be furnished to Registrar,registrar;state_law,
MH_ACT_1960_SEC_67_002,MH_ACT_1960,child,ACTIVE,act,Maharashtra,270,1548,167,167,67,,,,,Registrars power to enforce performance of obligations,registrar;state_law,
MH_ACT_1960_SEC_67A,MH_ACT_1960,parent,REFERENCE_ONLY,act,Maharashtra,637,3730,168,168,67A,,,,,Directions of Registrar to the society to make regulations on certain matters,registrar;state_law,
MH_ACT_1960_SEC_67A_SUB_1,MH_ACT_1960,child,ACTIVE,act,Maharashtra,205,1216,168,168,67A,1,,,,Directions of Registrar to the society to make regulations on certain matters,registrar;state_law,
MH_ACT_1960_SEC_67A_SUB_2,MH_ACT_1960,child,ACTIVE,act,Maharashtra,53,308,168,168,67A,2,,,,Directions of Registrar to the society to make regulations on certain matters,registrar;state_law,
MH_ACT_1960_SEC_67A_SUB_3,MH_ACT_1960,child,ACTIVE,act,Maharashtra,76,442,168,168,67A,3,,,,Directions of Registrar to the society to make regulations on certain matters,registrar;state_law,
MH_ACT_1960_SEC_67A_SUB_4,MH_ACT_1960,child,ACTIVE,act,Maharashtra,98,537,168,168,67A,4,,,,Directions of Registrar to the society to make regulations on certain matters,registrar;state_law,
MH_ACT_1960_SEC_67A_SUB_5,MH_ACT_1960,child,ACTIVE,act,Maharashtra,192,1133,168,168,67A,5,,,,Directions of Registrar to the society to make regulations on certain matters,registrar;state_law,
MH_ACT_1960_SEC_68_002,MH_ACT_1960,child,ACTIVE,act,Maharashtra,251,1515,168,169,68,,,,,"Procedure to be adopted for taking possession of books, documents, securities, cash and",documents;registrar;state_law,
MH_ACT_1960_SEC_69_002,MH_ACT_1960,parent,REFERENCE_ONLY,act,Maharashtra,836,4825,170,171,69,,,,,Procedure for appointment of auditors and for conducting audit,byelaws;meetings;registrar;state_law,
MH_ACT_1960_SEC_69_002_SUB_1,MH_ACT_1960,child,ACTIVE,act,Maharashtra,187,1165,170,170,69,1,,,,Procedure for appointment of auditors and for conducting audit,registrar;state_law,
MH_ACT_1960_SEC_69_002_SUB_2,MH_ACT_1960,child,ACTIVE,act,Maharashtra,64,347,170,170,69,2,,,,Procedure for appointment of auditors and for conducting audit,registrar;state_law,
MH_ACT_1960_SEC_69_002_SUB_3,MH_ACT_1960,child,ACTIVE,act,Maharashtra,170,879,170,170,69,3,,,,Procedure for appointment of auditors and for conducting audit,registrar;state_law,
MH_ACT_1960_SEC_69_002_SUB_4,MH_ACT_1960,child,ACTIVE,act,Maharashtra,99,562,170,170,69,4,,,,Procedure for appointment of auditors and for conducting audit,byelaws;state_law,
MH_ACT_1960_SEC_69_002_SUB_5,MH_ACT_1960,child,ACTIVE,act,Maharashtra,30,173,170,170,69,5,,,,Procedure for appointment of auditors and for conducting audit,state_law,
MH_ACT_1960_SEC_69_002_SUB_6,MH_ACT_1960,child,ACTIVE,act,Maharashtra,104,595,170,171,69,6,,,,Procedure for appointment of auditors and for conducting audit,byelaws;registrar;state_law,
MH_ACT_1960_SEC_69_002_SUB_7,MH_ACT_1960,child,ACTIVE,act,Maharashtra,78,454,171,171,69,7,,,,Procedure for appointment of auditors and for conducting audit,meetings;registrar;state_law,
MH_ACT_1960_SEC_69_002_SUB_8,MH_ACT_1960,child,ACTIVE,act,Maharashtra,29,162,171,171,69,8,,,,Procedure for appointment of auditors and for conducting audit,registrar;state_law,
MH_ACT_1960_SEC_69_002_SUB_9,MH_ACT_1960,child,ACTIVE,act,Maharashtra,58,345,171,171,69,9,,,,Procedure for appointment of auditors and for conducting audit,registrar;state_law,
MH_ACT_1960_SEC_70_002,MH_ACT_1960,child,ACTIVE,act,Maharashtra,71,411,171,171,70,,,,,Requisition of the federal society for inquiry,registrar;state_law,
MH_ACT_1960_SEC_71_002,MH_ACT_1960,parent,REFERENCE_ONLY,act,Maharashtra,559,3256,171,172,71,,,,,Procedure and principles for the conduct of inquiry and inspection,documents;registrar;state_law,
MH_ACT_1960_SEC_71_002_SUB_1,MH_ACT_1960,child,ACTIVE,act,Maharashtra,101,585,171,171,71,1,,,,Procedure and principles for the conduct of inquiry and inspection,registrar;state_law,
MH_ACT_1960_SEC_71_002_SUB_2,MH_ACT_1960,child,ACTIVE,act,Maharashtra,39,223,171,171,71,2,,,,Procedure and principles for the conduct of inquiry and inspection,state_law,
MH_ACT_1960_SEC_71_002_SUB_3,MH_ACT_1960,child,ACTIVE,act,Maharashtra,103,591,171,171,71,3,,,,Procedure and principles for the conduct of inquiry and inspection,registrar;state_law,
MH_ACT_1960_SEC_71_002_SUB_4,MH_ACT_1960,child,ACTIVE,act,Maharashtra,85,507,171,171,71,4,,,,Procedure and principles for the conduct of inquiry and inspection,documents;state_law,
MH_ACT_1960_SEC_71_002_SUB_5,MH_ACT_1960,child,ACTIVE,act,Maharashtra,131,780,172,172,71,5,,,,Procedure and principles for the conduct of inquiry and inspection,documents;registrar;state_law,
MH_ACT_1960_SEC_71_002_SUB_6,MH_ACT_1960,child,ACTIVE,act,Maharashtra,89,486,172,172,71,6,,,,Procedure and principles for the conduct of inquiry and inspection,registrar;state_law,
MH_ACT_1960_SEC_72_002,MH_ACT_1960,parent,REFERENCE_ONLY,act,Maharashtra,541,3073,172,172,72,,,,,"Procedure for assessing damages against delinquent promoters, etc. under section 88",documents;management;registrar;state_law;timeline,
MH_ACT_1960_SEC_72_002_SUB_1,MH_ACT_1960,child,ACTIVE,act,Maharashtra,92,520,172,172,72,1,,,,"Procedure for assessing damages against delinquent promoters, etc. under section 88",management;registrar;state_law,
MH_ACT_1960_SEC_72_002_SUB_2,MH_ACT_1960,child,ACTIVE,act,Maharashtra,84,486,172,172,72,2,,,,"Procedure for assessing damages against delinquent promoters, etc. under section 88",registrar;state_law;timeline,
MH_ACT_1960_SEC_72_002_SUB_3,MH_ACT_1960,child,ACTIVE,act,Maharashtra,38,225,172,172,72,3,,,,"Procedure for assessing damages against delinquent promoters, etc. under section 88",registrar;state_law,
MH_ACT_1960_SEC_72_002_SUB_4,MH_ACT_1960,child,ACTIVE,act,Maharashtra,56,341,172,172,72,4,,,,"Procedure for assessing damages against delinquent promoters, etc. under section 88",documents;registrar;state_law,
MH_ACT_1960_SEC_72_002_SUB_5,MH_ACT_1960,child,ACTIVE,act,Maharashtra,46,264,172,172,72,5,,,,"Procedure for assessing damages against delinquent promoters, etc. under section 88",documents;registrar;state_law,
MH_ACT_1960_SEC_72_002_SUB_6,MH_ACT_1960,child,ACTIVE,act,Maharashtra,140,760,172,172,72,6,,,,"Procedure for assessing damages against delinquent promoters, etc. under section 88",registrar;state_law;timeline,
MH_ACT_1960_SEC_72_002_SUB_7,MH_ACT_1960,child,ACTIVE,act,Maharashtra,37,186,172,172,72,7,,,,"Procedure for assessing damages against delinquent promoters, etc. under section 88",registrar;state_law,
MH_ACT_1960_SEC_72_002_SUB_8,MH_ACT_1960,child,ACTIVE,act,Maharashtra,35,186,172,172,72,8,,,,"Procedure for assessing damages against delinquent promoters, etc. under section 88",registrar;state_law;timeline,
MH_ACT_1960_SEC_73_002,MH_ACT_1960,child,ACTIVE,act,Maharashtra,98,595,173,173,73,,,,,Form of Rectification Report,registrar;state_law,
MH_ACT_1960_SEC_74_002,MH_ACT_1960,child,ACTIVE,act,Maharashtra,103,623,173,173,74,,,,,Levy of audit charges and supervision charges,registrar;state_law,
MH_ACT_1960_SEC_75_002,MH_ACT_1960,child,ACTIVE,act,Maharashtra,182,1065,174,174,75,,,,,Reference of Dispute,registrar;state_law,
MH_ACT_1960_SEC_77_002,MH_ACT_1960,child,ACTIVE,act,Maharashtra,71,461,174,174,77,,,,,Disposal of a dispute or reference to Co-operative Court,registrar;state_law,
MH_ACT_1960_SEC_77A_002,MH_ACT_1960,child,ACTIVE,act,Maharashtra,213,1271,174,174,77A,,,,,Qualifications of Judges of Co-operative Courts and their appointments,eligibility;registrar;state_law,
MH_ACT_1960_SEC_77_B,MH_ACT_1960,child,ACTIVE,act,Maharashtra,93,555,174,174,77-B,,,,,Age limits for Judges,state_law,
MH_ACT_1960_SEC_77_C,MH_ACT_1960,child,ACTIVE,act,Maharashtra,82,488,175,175,77-C,,,,,Conditions of Service of Judges,state_law,
MH_ACT_1960_SEC_77_D,MH_ACT_1960,child,ACTIVE,act,Maharashtra,52,316,175,175,77-D,,,,,Holidays and vacations,state_law,
MH_ACT_1960_SEC_77E,MH_ACT_1960,child,ACTIVE,act,Maharashtra,399,2205,175,175,77E,,,,,Procedure for hearing and decision of disputes,documents;registrar;state_law,
MH_ACT_1960_SEC_77_F,MH_ACT_1960,parent,REFERENCE_ONLY,act,Maharashtra,764,4364,175,176,77-F,,,,,Summary procedure for deciding Disputes,byelaws;documents;loans;registrar;state_law;timeline,
MH_ACT_1960_SEC_77_F_SUB_1,MH_ACT_1960,child,ACTIVE,act,Maharashtra,193,1163,175,176,77-F,1,,,,Summary procedure for deciding Disputes,byelaws;loans;state_law,
MH_ACT_1960_SEC_77_F_SUB_2,MH_ACT_1960,child,ACTIVE,act,Maharashtra,68,378,176,176,77-F,2,,,,Summary procedure for deciding Disputes,state_law,
MH_ACT_1960_SEC_77_F_SUB_3,MH_ACT_1960,child,ACTIVE,act,Maharashtra,94,508,176,176,77-F,3,,,,Summary procedure for deciding Disputes,registrar;state_law,
MH_ACT_1960_SEC_77_F_SUB_4,MH_ACT_1960,child,ACTIVE,act,Maharashtra,403,2260,176,176,77-F,4,,,,Summary procedure for deciding Disputes,documents;registrar;state_law;timeline,
MH_ACT_1960_SEC_78_002,MH_ACT_1960,child,ACTIVE,act,Maharashtra,373,2088,176,177,78,,,,,"Summonses, notices, and fixing of dates, place, etc. in connection with the disputes",documents;registrar;state_law,
MH_ACT_1960_SEC_79_002,MH_ACT_1960,child,ACTIVE,act,Maharashtra,85,522,177,177,79,,,,,Investigation of claims and objection against any attachment,registrar;state_law,
MH_ACT_1960_SEC_80_002,MH_ACT_1960,child,ACTIVE,act,Maharashtra,313,1798,177,177,80,,,,,Procedure for the custody of property attached under section 95,state_law,
MH_ACT_1960_SEC_81_002,MH_ACT_1960,child,ACTIVE,act,Maharashtra,57,341,177,177,81,,,,,Procedure for attachment and sale of property for realization of any security given by,state_law,
MH_ACT_1960_SEC_82_002,MH_ACT_1960,child,ACTIVE,act,Maharashtra,87,531,178,178,82,,,,,Issue of proclamation prohibiting private transfer of property,registrar;state_law,
MH_ACT_1960_SEC_83_002,MH_ACT_1960,child,ACTIVE,act,Maharashtra,208,1223,178,178,83,,,,,Procedure of execution of awards,appeal;registrar;state_law,
MH_ACT_1960_SEC_84_002,MH_ACT_1960,child,ACTIVE,act,Maharashtra,83,470,178,178,84,,,,,Execution of awards or orders in special cases,registrar;state_law,
MH_ACT_1960_SEC_85_002,MH_ACT_1960,parent,REFERENCE_ONLY,act,Maharashtra,8,47,178,180,85,,,,,Transfer of property which cannot be sold,state_law,CONTEXT_PARENT;SHORT_CONTEXT_PARENT
MH_ACT_1960_SEC_85_002_SUB_1,MH_ACT_1960,child,ACTIVE,act,Maharashtra,112,608,178,178,85,1,,,,Transfer of property which cannot be sold,registrar;state_law,
MH_ACT_1960_SEC_85_002_SUB_2,MH_ACT_1960,child,ACTIVE,act,Maharashtra,78,426,178,178,85,2,,,,Transfer of property which cannot be sold,registrar;state_law,
MH_ACT_1960_SEC_85_002_SUB_3,MH_ACT_1960,child,ACTIVE,act,Maharashtra,49,289,178,178,85,3,,,,Transfer of property which cannot be sold,state_law,
MH_ACT_1960_SEC_85_002_SUB_4,MH_ACT_1960,child,ACTIVE,act,Maharashtra,117,635,178,178,85,4,,,,Transfer of property which cannot be sold,deposits;registrar;state_law,
MH_ACT_1960_SEC_85_002_SUB_5,MH_ACT_1960,child,ACTIVE,act,Maharashtra,59,333,178,179,85,5,,,,Transfer of property which cannot be sold,deposits;registrar;state_law,
MH_ACT_1960_SEC_85_002_SUB_6,MH_ACT_1960,child,ACTIVE,act,Maharashtra,31,185,179,179,85,6,,,,Transfer of property which cannot be sold,state_law,
MH_ACT_1960_SEC_85_002_SUB_7,MH_ACT_1960,child,ACTIVE,act,Maharashtra,63,342,179,179,85,7,,,,Transfer of property which cannot be sold,registrar;state_law,
MH_ACT_1960_SEC_85_002_SUB_8,MH_ACT_1960,child,ACTIVE,act,Maharashtra,390,2157,179,179,85,8,,,,Transfer of property which cannot be sold,registrar;state_law,
MH_ACT_1960_SEC_85_002_SUB_9,MH_ACT_1960,child,ACTIVE,act,Maharashtra,37,201,179,179,85,9,,,,Transfer of property which cannot be sold,registrar;state_law,
MH_ACT_1960_SEC_85_002_SUB_10,MH_ACT_1960,child,ACTIVE,act,Maharashtra,42,232,179,179,85,10,,,,Transfer of property which cannot be sold,state_law,
MH_ACT_1960_SEC_85_002_SUB_11,MH_ACT_1960,child,ACTIVE,act,Maharashtra,34,201,179,179,85,11,,,,Transfer of property which cannot be sold,state_law,
MH_ACT_1960_SEC_85_002_SUB_12,MH_ACT_1960,child,ACTIVE,act,Maharashtra,45,283,180,180,85,12,,,,Transfer of property which cannot be sold,state_law,
MH_ACT_1960_SEC_85_002_SUB_13,MH_ACT_1960,child,ACTIVE,act,Maharashtra,120,670,180,180,85,13,,,,Transfer of property which cannot be sold,registrar;state_law,
MH_ACT_1960_SEC_85_002_SUB_14,MH_ACT_1960,child,ACTIVE,act,Maharashtra,47,248,180,180,85,14,,,,Transfer of property which cannot be sold,state_law,
MH_ACT_1960_SEC_85_002_SUB_15,MH_ACT_1960,child,ACTIVE,act,Maharashtra,46,277,180,180,85,15,,,,Transfer of property which cannot be sold,management;state_law,
MH_ACT_1960_SEC_86_002,MH_ACT_1960,parent,REFERENCE_ONLY,act,Maharashtra,471,2687,180,181,86,,,,,Payment of fees for decisions of disputes,deposits;documents;loans;registrar;state_law,
MH_ACT_1960_SEC_86_002_SUB_1,MH_ACT_1960,child,ACTIVE,act,Maharashtra,272,1588,180,180,86,1,,,,Payment of fees for decisions of disputes,loans;registrar;state_law,
MH_ACT_1960_SEC_86_002_SUB_2,MH_ACT_1960,child,ACTIVE,act,Maharashtra,51,301,180,181,86,2,,,,Payment of fees for decisions of disputes,documents;registrar;state_law,
MH_ACT_1960_SEC_86_002_SUB_3,MH_ACT_1960,child,ACTIVE,act,Maharashtra,140,745,181,181,86,3,,,,Payment of fees for decisions of disputes,deposits;registrar;state_law,
MH_ACT_1960_SEC_87_002,MH_ACT_1960,child,ACTIVE,act,Maharashtra,78,453,182,182,87,,,,,Mode of communication of an interim order under section 102,registrar;state_law,
MH_ACT_1960_SEC_88_002,MH_ACT_1960,child,ACTIVE,act,Maharashtra,48,266,182,182,88,,,,,Cost of hearing appeal,appeal;state_law,
MH_ACT_1960_SEC_89_002,MH_ACT_1960,parent,REFERENCE_ONLY,act,Maharashtra,801,4634,182,183,89,,,,,Appointment of Liquidator and the procedure to be followed and powers to be exercised by,appeal;documents;meetings;registrar;state_law,
MH_ACT_1960_SEC_89_002_SUB_1,MH_ACT_1960,child,ACTIVE,act,Maharashtra,16,97,182,182,89,1,,,,Appointment of Liquidator and the procedure to be followed and powers to be exercised by,registrar;state_law,SHORT_COMPLETE_PROVISION
MH_ACT_1960_SEC_89_002_SUB_2,MH_ACT_1960,child,ACTIVE,act,Maharashtra,59,346,182,182,89,2,,,,Appointment of Liquidator and the procedure to be followed and powers to be exercised by,documents;state_law,
MH_ACT_1960_SEC_89_002_SUB_3,MH_ACT_1960,child,ACTIVE,act,Maharashtra,23,141,182,182,89,3,,,,Appointment of Liquidator and the procedure to be followed and powers to be exercised by,state_law,
MH_ACT_1960_SEC_89_002_SUB_4,MH_ACT_1960,child,ACTIVE,act,Maharashtra,91,529,182,182,89,4,,,,Appointment of Liquidator and the procedure to be followed and powers to be exercised by,registrar;state_law,
MH_ACT_1960_SEC_89_002_SUB_5,MH_ACT_1960,child,ACTIVE,act,Maharashtra,127,690,182,182,89,5,,,,Appointment of Liquidator and the procedure to be followed and powers to be exercised by,registrar;state_law,
MH_ACT_1960_SEC_89_002_SUB_6,MH_ACT_1960,child,ACTIVE,act,Maharashtra,60,346,182,182,89,6,,,,Appointment of Liquidator and the procedure to be followed and powers to be exercised by,state_law,
MH_ACT_1960_SEC_89_002_SUB_7,MH_ACT_1960,child,ACTIVE,act,Maharashtra,36,219,182,182,89,7,,,,Appointment of Liquidator and the procedure to be followed and powers to be exercised by,registrar;state_law,
MH_ACT_1960_SEC_89_002_SUB_8,MH_ACT_1960,child,ACTIVE,act,Maharashtra,25,144,182,182,89,8,,,,Appointment of Liquidator and the procedure to be followed and powers to be exercised by,state_law,
MH_ACT_1960_SEC_89_002_SUB_9,MH_ACT_1960,child,ACTIVE,act,Maharashtra,44,249,182,182,89,9,,,,Appointment of Liquidator and the procedure to be followed and powers to be exercised by,registrar;state_law,
MH_ACT_1960_SEC_89_002_SUB_10,MH_ACT_1960,child,ACTIVE,act,Maharashtra,43,241,182,182,89,10,,,,Appointment of Liquidator and the procedure to be followed and powers to be exercised by,registrar;state_law,
MH_ACT_1960_SEC_89_002_SUB_11,MH_ACT_1960,child,ACTIVE,act,Maharashtra,16,95,183,183,89,11,,,,Appointment of Liquidator and the procedure to be followed and powers to be exercised by,meetings;state_law,SHORT_COMPLETE_PROVISION
MH_ACT_1960_SEC_89_002_SUB_12,MH_ACT_1960,child,ACTIVE,act,Maharashtra,33,199,183,183,89,12,,,,Appointment of Liquidator and the procedure to be followed and powers to be exercised by,registrar;state_law,
MH_ACT_1960_SEC_89_002_SUB_13,MH_ACT_1960,child,ACTIVE,act,Maharashtra,44,241,183,183,89,13,,,,Appointment of Liquidator and the procedure to be followed and powers to be exercised by,documents;registrar;state_law,
MH_ACT_1960_SEC_89_002_SUB_14,MH_ACT_1960,child,ACTIVE,act,Maharashtra,56,310,183,183,89,14,,,,Appointment of Liquidator and the procedure to be followed and powers to be exercised by,appeal;registrar;state_law,
MH_ACT_1960_SEC_89_002_SUB_15,MH_ACT_1960,child,ACTIVE,act,Maharashtra,20,109,183,183,89,15,,,,Appointment of Liquidator and the procedure to be followed and powers to be exercised by,registrar;state_law,
MH_ACT_1960_SEC_89_002_SUB_16,MH_ACT_1960,child,ACTIVE,act,Maharashtra,71,423,183,183,89,16,,,,Appointment of Liquidator and the procedure to be followed and powers to be exercised by,meetings;state_law,
MH_ACT_1960_SEC_90_002,MH_ACT_1960,child,ACTIVE,act,Maharashtra,54,312,183,183,90,,,,,Disposal of surplus assets,registrar;state_law,
MH_ACT_1960_SEC_91_002,MH_ACT_1960,child,ACTIVE,act,Maharashtra,161,903,183,183,91,,,,,Interest on amounts due from a society under liquidation,registrar;state_law,
MH_ACT_1960_SEC_92_002,MH_ACT_1960,child,ACTIVE,act,Maharashtra,232,1346,183,183,92,,,,,Disposal of records of society whose registration is cancelled,registrar;registration;state_law;timeline,
MH_ACT_1960_SEC_93_002,MH_ACT_1960,parent,REFERENCE_ONLY,act,Maharashtra,19,137,184,185,93,,,,,Procedure for submission and consideration of applications for loans from Land,loans;state_law,CONTEXT_PARENT;SHORT_CONTEXT_PARENT
MH_ACT_1960_SEC_93_002_SUB_1,MH_ACT_1960,child,ACTIVE,act,Maharashtra,54,313,184,184,93,1,,,,Procedure for submission and consideration of applications for loans from Land,documents;loans;registrar;state_law,
MH_ACT_1960_SEC_93_002_SUB_2,MH_ACT_1960,child,ACTIVE,act,Maharashtra,37,204,184,184,93,2,,,,Procedure for submission and consideration of applications for loans from Land,loans;state_law,
MH_ACT_1960_SEC_93_002_SUB_3,MH_ACT_1960,child,ACTIVE,act,Maharashtra,39,252,184,184,93,3,,,,Procedure for submission and consideration of applications for loans from Land,loans;state_law,
MH_ACT_1960_SEC_93_002_SUB_4,MH_ACT_1960,child,ACTIVE,act,Maharashtra,72,386,184,184,93,4,,,,Procedure for submission and consideration of applications for loans from Land,deposits;documents;loans;state_law,
MH_ACT_1960_SEC_93_002_SUB_5,MH_ACT_1960,child,ACTIVE,act,Maharashtra,30,179,184,184,93,5,,,,Procedure for submission and consideration of applications for loans from Land,loans;state_law,
MH_ACT_1960_SEC_93_002_SUB_6,MH_ACT_1960,child,ACTIVE,act,Maharashtra,42,269,184,184,93,6,,,,Procedure for submission and consideration of applications for loans from Land,documents;loans;state_law,
MH_ACT_1960_SEC_93_002_SUB_7,MH_ACT_1960,child,ACTIVE,act,Maharashtra,38,221,184,184,93,7,,,,Procedure for submission and consideration of applications for loans from Land,loans;state_law,
MH_ACT_1960_SEC_93_002_SUB_8,MH_ACT_1960,child,ACTIVE,act,Maharashtra,214,1267,184,184,93,8,,,,Procedure for submission and consideration of applications for loans from Land,loans;registrar;state_law,
MH_ACT_1960_SEC_93_002_SUB_9,MH_ACT_1960,child,ACTIVE,act,Maharashtra,24,148,184,184,93,9,,,,Procedure for submission and consideration of applications for loans from Land,loans;state_law,
MH_ACT_1960_SEC_93_002_SUB_10,MH_ACT_1960,child,ACTIVE,act,Maharashtra,148,899,184,185,93,10,,,,Procedure for submission and consideration of applications for loans from Land,loans;registrar;state_law;timeline,
MH_ACT_1960_SEC_93_002_SUB_11,MH_ACT_1960,child,ACTIVE,act,Maharashtra,160,928,185,185,93,11,,,,Procedure for submission and consideration of applications for loans from Land,loans;registrar;state_law;timeline,
MH_ACT_1960_SEC_93_002_SUB_12,MH_ACT_1960,child,ACTIVE,act,Maharashtra,40,284,185,185,93,12,,,,Procedure for submission and consideration of applications for loans from Land,loans;state_law,
MH_ACT_1960_SEC_93_002_SUB_13,MH_ACT_1960,child,ACTIVE,act,Maharashtra,39,244,185,185,93,13,,,,Procedure for submission and consideration of applications for loans from Land,loans;state_law,
MH_ACT_1960_SEC_93_002_SUB_14,MH_ACT_1960,child,ACTIVE,act,Maharashtra,76,443,185,185,93,14,,,,Procedure for submission and consideration of applications for loans from Land,loans;registrar;state_law;timeline,
MH_ACT_1960_SEC_93_002_SUB_15,MH_ACT_1960,child,ACTIVE,act,Maharashtra,75,418,185,185,93,15,,,,Procedure for submission and consideration of applications for loans from Land,loans;registrar;state_law,
MH_ACT_1960_SEC_93_002_SUB_16,MH_ACT_1960,child,ACTIVE,act,Maharashtra,125,728,185,185,93,16,,,,Procedure for submission and consideration of applications for loans from Land,loans;state_law;timeline,
MH_ACT_1960_SEC_93_002_SUB_17,MH_ACT_1960,child,ACTIVE,act,Maharashtra,60,330,185,185,93,17,,,,Procedure for submission and consideration of applications for loans from Land,loans;state_law,
MH_ACT_1960_SEC_93_002_SUB_18,MH_ACT_1960,child,ACTIVE,act,Maharashtra,37,205,185,185,93,18,,,,Procedure for submission and consideration of applications for loans from Land,loans;state_law,
MH_ACT_1960_SEC_94_002,MH_ACT_1960,child,ACTIVE,act,Maharashtra,61,371,185,186,94,,,,,Registration of copies of instruments under section 122,management;registration;state_law,
MH_ACT_1960_SEC_95_002,MH_ACT_1960,child,ACTIVE,act,Maharashtra,53,323,186,186,95,,,,,Authority to Land Development Bank to exercise power under section 133,registrar;state_law,
MH_ACT_1960_SEC_96_002,MH_ACT_1960,child,ACTIVE,act,Maharashtra,211,1225,186,186,96,,,,,Appointment of Receiver and his powers under section 133,management;state_law,
MH_ACT_1960_SEC_97_002,MH_ACT_1960,child,ACTIVE,act,Maharashtra,84,494,186,186,97,,,,,"Appointment, qualifications and powers and functions of a Sale Office under section 133",registrar;state_law,
MH_ACT_1960_SEC_98_002,MH_ACT_1960,child,ACTIVE,act,Maharashtra,225,1235,186,186,98,,,,,Procedure for distrait and sale of the produce of the mortgaged land and sale of mortgaged,state_law,
MH_ACT_1960_SEC_99_002,MH_ACT_1960,child,ACTIVE,act,Maharashtra,144,865,186,187,99,,,,,Circumstances under which the State Land Development Bank or the Trustee may take,state_law;timeline,
MH_ACT_1960_SEC_100_002,MH_ACT_1960,child,ACTIVE,act,Maharashtra,343,2026,187,187,100,,,,,Submission of report for confirmation of sale under section 134,registrar;state_law,
MH_ACT_1960_SEC_101_002,MH_ACT_1960,child,ACTIVE,act,Maharashtra,25,145,187,187,101,,,,,Certificate of purchase,state_law,
MH_ACT_1960_SEC_102_002,MH_ACT_1960,child,ACTIVE,act,Maharashtra,192,1123,187,188,102,,,,,Sale of immovable property purchased by a Land Development Bank,registrar;state_law,
MH_ACT_1960_SEC_103_002,MH_ACT_1960,child,ACTIVE,act,Maharashtra,56,308,188,188,103,,,,,Certain provisions of rule 107 to apply to sale of immovable property under Chapter XI of,state_law,STRUCTURE_UNCERTAIN
MH_ACT_1960_SEC_104_002,MH_ACT_1960,child,ACTIVE,act,Maharashtra,577,3299,188,189,104,,,,,Qualifications of president and other members of the Maharashtra State Co-operative,appeal;registrar;state_law,STRUCTURE_UNCERTAIN
MH_ACT_1960_SEC_105_002,MH_ACT_1960,child,ACTIVE,act,Maharashtra,48,309,189,189,105,,,,,Constitution of authority by State Government to hear appeals which lie to that,appeal;state_law,
MH_ACT_1960_SEC_106_002,MH_ACT_1960,parent,REFERENCE_ONLY,act,Maharashtra,594,3323,190,190,106,,,,,Procedure for presentation to and disposal of appeals by State Government and Registrar,appeal;registrar;state_law;timeline,
MH_ACT_1960_SEC_106_002_SUB_1,MH_ACT_1960,child,ACTIVE,act,Maharashtra,39,219,190,190,106,1,,,,Procedure for presentation to and disposal of appeals by State Government and Registrar,appeal;registrar;state_law,
MH_ACT_1960_SEC_106_002_SUB_2,MH_ACT_1960,child,ACTIVE,act,Maharashtra,26,139,190,190,106,2,,,,Procedure for presentation to and disposal of appeals by State Government and Registrar,appeal;registrar;state_law,
MH_ACT_1960_SEC_106_002_SUB_3,MH_ACT_1960,child,ACTIVE,act,Maharashtra,19,109,190,190,106,3,,,,Procedure for presentation to and disposal of appeals by State Government and Registrar,appeal;registrar;state_law,SHORT_COMPLETE_PROVISION
MH_ACT_1960_SEC_106_002_SUB_4,MH_ACT_1960,child,ACTIVE,act,Maharashtra,83,461,190,190,106,4,,,,Procedure for presentation to and disposal of appeals by State Government and Registrar,appeal;registrar;state_law,
MH_ACT_1960_SEC_106_002_SUB_5,MH_ACT_1960,child,ACTIVE,act,Maharashtra,70,383,190,190,106,5,,,,Procedure for presentation to and disposal of appeals by State Government and Registrar,appeal;registrar;state_law;timeline,
MH_ACT_1960_SEC_106_002_SUB_6,MH_ACT_1960,child,ACTIVE,act,Maharashtra,94,497,190,190,106,6,,,,Procedure for presentation to and disposal of appeals by State Government and Registrar,appeal;registrar;state_law;timeline,
MH_ACT_1960_SEC_106_002_SUB_7,MH_ACT_1960,child,ACTIVE,act,Maharashtra,29,173,190,190,106,7,,,,Procedure for presentation to and disposal of appeals by State Government and Registrar,appeal;registrar;state_law,
MH_ACT_1960_SEC_106_002_SUB_8,MH_ACT_1960,child,ACTIVE,act,Maharashtra,79,442,190,190,106,8,,,,Procedure for presentation to and disposal of appeals by State Government and Registrar,appeal;registrar;state_law;timeline,
MH_ACT_1960_SEC_106_002_SUB_9,MH_ACT_1960,child,ACTIVE,act,Maharashtra,30,170,190,190,106,9,,,,Procedure for presentation to and disposal of appeals by State Government and Registrar,appeal;registrar;state_law,
MH_ACT_1960_SEC_106_002_SUB_10,MH_ACT_1960,child,ACTIVE,act,Maharashtra,21,117,190,190,106,10,,,,Procedure for presentation to and disposal of appeals by State Government and Registrar,appeal;registrar;state_law,
MH_ACT_1960_SEC_106_002_SUB_11,MH_ACT_1960,child,ACTIVE,act,Maharashtra,39,220,190,190,106,11,,,,Procedure for presentation to and disposal of appeals by State Government and Registrar,appeal;registrar;state_law,
MH_ACT_1960_SEC_106_002_SUB_12,MH_ACT_1960,child,ACTIVE,act,Maharashtra,48,257,190,190,106,12,,,,Procedure for presentation to and disposal of appeals by State Government and Registrar,appeal;registrar;state_law,
MH_ACT_1960_SEC_107_002,MH_ACT_1960,parent,REFERENCE_ONLY,act,Maharashtra,14,98,191,198,107,,,,,Procedure for attachment and sale of property under section 156,state_law,CONTEXT_PARENT;SHORT_CONTEXT_PARENT
MH_ACT_1960_SEC_107_002_SUB_1,MH_ACT_1960,child,ACTIVE,act,Maharashtra,244,1362,191,191,107,1,,,,Procedure for attachment and sale of property under section 156,registrar;state_law,
MH_ACT_1960_SEC_107_002_SUB_2,MH_ACT_1960,child,ACTIVE,act,Maharashtra,151,841,191,191,107,2,,,,Procedure for attachment and sale of property under section 156,deposits;registrar;state_law,
MH_ACT_1960_SEC_107_002_SUB_3,MH_ACT_1960,child,ACTIVE,act,Maharashtra,77,444,191,191,107,3,,,,Procedure for attachment and sale of property under section 156,registrar;state_law,
MH_ACT_1960_SEC_107_002_SUB_4,MH_ACT_1960,child,ACTIVE,act,Maharashtra,110,695,191,191,107,4,,,,Procedure for attachment and sale of property under section 156,state_law,
MH_ACT_1960_SEC_107_002_SUB_5,MH_ACT_1960,child,ACTIVE,act,Maharashtra,1336,7465,191,193,107,5,,,,Procedure for attachment and sale of property under section 156,registrar;reporting;state_law;timeline,LONG_CHUNK_NO_SAFE_SPLIT
MH_ACT_1960_SEC_107_002_SUB_6,MH_ACT_1960,child,ACTIVE,act,Maharashtra,135,740,193,193,107,6,,,,Procedure for attachment and sale of property under section 156,state_law,
MH_ACT_1960_SEC_107_002_SUB_7,MH_ACT_1960,child,ACTIVE,act,Maharashtra,224,1308,193,194,107,7,,,,Procedure for attachment and sale of property under section 156,state_law,
MH_ACT_1960_SEC_107_002_SUB_8,MH_ACT_1960,child,ACTIVE,act,Maharashtra,341,1925,194,194,107,8,,,,Procedure for attachment and sale of property under section 156,registrar;state_law,
MH_ACT_1960_SEC_107_002_SUB_9,MH_ACT_1960,child,ACTIVE,act,Maharashtra,290,1594,194,194,107,9,,,,Procedure for attachment and sale of property under section 156,deposits;state_law,
MH_ACT_1960_SEC_107_002_SUB_10,MH_ACT_1960,child,ACTIVE,act,Maharashtra,45,252,194,195,107,10,,,,Procedure for attachment and sale of property under section 156,state_law,
MH_ACT_1960_SEC_107_002_SUB_11,MH_ACT_1960,child,ACTIVE,act,Maharashtra,1395,8006,195,197,107,11,,,,Procedure for attachment and sale of property under section 156,deposits;registration;state_law;timeline,LONG_CHUNK_NO_SAFE_SPLIT
MH_ACT_1960_SEC_107_002_SUB_12,MH_ACT_1960,child,ACTIVE,act,Maharashtra,80,476,197,197,107,12,,,,Procedure for attachment and sale of property under section 156,state_law,
MH_ACT_1960_SEC_107_002_SUB_13,MH_ACT_1960,child,ACTIVE,act,Maharashtra,242,1384,197,197,107,13,,,,Procedure for attachment and sale of property under section 156,deposits;state_law,
MH_ACT_1960_SEC_107_002_SUB_14,MH_ACT_1960,child,ACTIVE,act,Maharashtra,290,1637,197,197,107,14,,,,Procedure for attachment and sale of property under section 156,deposits;state_law;timeline,
MH_ACT_1960_SEC_107_002_SUB_15,MH_ACT_1960,child,ACTIVE,act,Maharashtra,66,369,197,198,107,15,,,,Procedure for attachment and sale of property under section 156,state_law,
MH_ACT_1960_SEC_107_002_SUB_16,MH_ACT_1960,child,ACTIVE,act,Maharashtra,4,23,198,198,107,16,,,,Procedure for attachment and sale of property under section 156,state_law,SHORT_COMPLETE_PROVISION
MH_ACT_1960_SEC_107_002_SUB_17,MH_ACT_1960,child,ACTIVE,act,Maharashtra,76,442,198,198,107,17,,,,Procedure for attachment and sale of property under section 156,state_law,
MH_ACT_1960_SEC_107_002_SUB_18,MH_ACT_1960,child,ACTIVE,act,Maharashtra,71,395,198,198,107,18,,,,Procedure for attachment and sale of property under section 156,state_law,
MH_ACT_1960_SEC_107_002_SUB_19,MH_ACT_1960,child,ACTIVE,act,Maharashtra,150,847,198,198,107,19,,,,Procedure for attachment and sale of property under section 156,state_law,
MH_ACT_1960_SEC_107_002_SUB_20,MH_ACT_1960,child,ACTIVE,act,Maharashtra,117,678,198,198,107,20,,,,Procedure for attachment and sale of property under section 156,state_law,
MH_ACT_1960_SEC_107_002_SUB_21,MH_ACT_1960,child,ACTIVE,act,Maharashtra,59,370,198,198,107,21,,,,Procedure for attachment and sale of property under section 156,state_law,
MH_ACT_1960_SEC_107_002_SUB_22,MH_ACT_1960,child,ACTIVE,act,Maharashtra,79,483,198,198,107,22,,,,Procedure for attachment and sale of property under section 156,state_law,
MH_ACT_1960_SEC_107_002_SUB_23,MH_ACT_1960,child,ACTIVE,act,Maharashtra,126,754,198,198,107,23,,,,Procedure for attachment and sale of property under section 156,state_law,
MH_ACT_1960_SEC_107_A,MH_ACT_1960,parent,REFERENCE_ONLY,act,Maharashtra,95,568,199,201,107-A,,,,,Maximum rates of traveling allowance and daily allowance and sitting fees etc. for,meetings;state_law,CONTEXT_PARENT;TABLE_REVIEW
MH_ACT_1960_SEC_107_A_SUB_1,MH_ACT_1960,child,ACTIVE,act,Maharashtra,354,2058,199,199,107-A,1,,,,Maximum rates of traveling allowance and daily allowance and sitting fees etc. for,byelaws;meetings;state_law,TABLE_REVIEW
MH_ACT_1960_SEC_107_A_SUB_2,MH_ACT_1960,child,ACTIVE,act,Maharashtra,583,2964,200,201,107-A,2,,,,Maximum rates of traveling allowance and daily allowance and sitting fees etc. for,state_law;timeline,TABLE_REVIEW
MH_ACT_1960_SEC_107_A_SUB_3,MH_ACT_1960,child,ACTIVE,act,Maharashtra,202,1047,201,201,107-A,3,,,,Maximum rates of traveling allowance and daily allowance and sitting fees etc. for,meetings;state_law,TABLE_REVIEW
MH_ACT_1960_SEC_107_B,MH_ACT_1960,child,ACTIVE,act,Maharashtra,167,874,201,201,107-B,,,,,"Security to be furnished by officers and employees of societies handling cash, etc",state_law,TABLE_REVIEW
MH_ACT_1960_SEC_107_C,MH_ACT_1960,child,ACTIVE,act,Maharashtra,311,1923,202,202,107-C,,,,,Maximum amount of cash which may be handled at a time and who may be,state_law;timeline,STRUCTURE_UNCERTAIN
MH_ACT_1960_SEC_107_D,MH_ACT_1960,child,ACTIVE,act,Maharashtra,120,667,202,202,107-D,,,,,,state_law,
MH_ACT_1960_SEC_108_002,MH_ACT_1960,child,ACTIVE,act,Maharashtra,42,257,203,203,108,,,,,"Contributions, fees and charges to be credited to Government",state_law,
MH_ACT_1960_SEC_109_002,MH_ACT_1960,child,ACTIVE,act,Maharashtra,67,396,203,203,109,,,,,"Communication of decision, award, etc",reporting;state_law,
MH_ACT_1960_SEC_110_002,MH_ACT_1960,child,ACTIVE,act,Maharashtra,30,200,203,203,110,,,,,Repeal of Bombay Co-operative Societies Rules,state_law,
