chunk_id,source_id,record_type,document_type,jurisdiction,word_count,char_count,page_start,page_end,section,subsection,rule,subrule,clause,heading,topics,warning
MSCS_ACT_2002_DOC,MSCS_ACT_2002,parent,act,Central,6,47,6,77,,,,,,,multistate,CONTEXT_PARENT;SHORT_CHUNK
MSCS_ACT_2002_CONTEXT_001,MSCS_ACT_2002,child,act,Central,104,654,6,6,,,,,,,membership;multistate,SECTION_IDENTIFIER_MISSING;STRUCTURE_UNCERTAIN
MSCS_ACT_2002_SEC_1,MSCS_ACT_2002,child,act,Central,89,528,6,6,1,,,,,"Short title, extent and commencement",multistate,
MSCS_ACT_2002_SEC_2,MSCS_ACT_2002,child,act,Central,88,565,6,7,2,,,,,Application,multistate;registration,
MSCS_ACT_2002_SEC_3,MSCS_ACT_2002,child,act,Central,661,4319,7,8,3,,,,,Definitions,byelaws;deposits;governance;management;meetings;membership;multistate;registrar;registration,
MSCS_ACT_2002_SEC_4,MSCS_ACT_2002,child,act,Central,147,922,8,9,4,,,,,Central Registrar,multistate;registrar;registration,
MSCS_ACT_2002_SEC_5,MSCS_ACT_2002,child,act,Central,89,578,9,9,5,,,,,Multi-state cooperative societies which may be registered,byelaws;membership;multistate,
MSCS_ACT_2002_SEC_6,MSCS_ACT_2002,child,act,Central,264,1645,9,10,6,,,,,Application for registration,byelaws;membership;multistate;registrar;registration,
MSCS_ACT_2002_SEC_7,MSCS_ACT_2002,child,act,Central,267,1668,10,10,7,,,,,Registration,byelaws;membership;multistate;registrar;registration,
MSCS_ACT_2002_SEC_8,MSCS_ACT_2002,child,act,Central,54,359,10,10,8,,,,,Registration certificate,multistate;registrar;registration,
MSCS_ACT_2002_SEC_9,MSCS_ACT_2002,child,act,Central,120,741,11,11,9,,,,,Multi-state cooperative society to be body corporate,multistate;registration,
MSCS_ACT_2002_SEC_10,MSCS_ACT_2002,parent,act,Central,520,3266,11,12,10,,,,,Bye-laws of multi-state cooperative societies,byelaws;documents;eligibility;meetings;membership;multistate,
MSCS_ACT_2002_SEC_10_SUB_1,MSCS_ACT_2002,child,act,Central,21,138,11,11,10,1,,,,Bye-laws of multi-state cooperative societies,byelaws;multistate,
MSCS_ACT_2002_SEC_10_SUB_2,MSCS_ACT_2002,child,act,Central,493,3075,11,12,10,2,,,,Bye-laws of multi-state cooperative societies,byelaws;documents;eligibility;meetings;membership;multistate,
MSCS_ACT_2002_SEC_11,MSCS_ACT_2002,parent,act,Central,627,3853,12,14,11,,,,,Amendment of bye-laws of a multi-state cooperative society,byelaws;meetings;membership;multistate;registrar;registration;timeline,
MSCS_ACT_2002_SEC_11_SUB_1,MSCS_ACT_2002,child,act,Central,23,143,12,12,11,1,,,,Amendment of bye-laws of a multi-state cooperative society,byelaws;multistate,
MSCS_ACT_2002_SEC_11_SUB_2,MSCS_ACT_2002,child,act,Central,34,201,12,12,11,2,,,,Amendment of bye-laws of a multi-state cooperative society,byelaws;meetings;membership;multistate,
MSCS_ACT_2002_SEC_11_SUB_3,MSCS_ACT_2002,child,act,Central,22,129,12,12,11,3,,,,Amendment of bye-laws of a multi-state cooperative society,byelaws;membership;multistate,
MSCS_ACT_2002_SEC_11_SUB_4,MSCS_ACT_2002,child,act,Central,237,1439,13,13,11,4,,,,Amendment of bye-laws of a multi-state cooperative society,byelaws;meetings;membership;multistate;registrar,
MSCS_ACT_2002_SEC_11_SUB_5,MSCS_ACT_2002,child,act,Central,26,148,13,13,11,5,,,,Amendment of bye-laws of a multi-state cooperative society,byelaws;meetings;multistate;timeline,
MSCS_ACT_2002_SEC_11_SUB_6,MSCS_ACT_2002,child,act,Central,40,240,13,13,11,6,,,,Amendment of bye-laws of a multi-state cooperative society,byelaws;multistate,
MSCS_ACT_2002_SEC_11_SUB_7,MSCS_ACT_2002,child,act,Central,74,446,13,14,11,7,,,,Amendment of bye-laws of a multi-state cooperative society,byelaws;membership;multistate;registrar,
MSCS_ACT_2002_SEC_11_SUB_8,MSCS_ACT_2002,child,act,Central,50,318,14,14,11,8,,,,Amendment of bye-laws of a multi-state cooperative society,byelaws;multistate;registrar;registration,
MSCS_ACT_2002_SEC_11_SUB_9,MSCS_ACT_2002,child,act,Central,112,709,14,14,11,9,,,,Amendment of bye-laws of a multi-state cooperative society,byelaws;multistate;registrar;registration;timeline,
MSCS_ACT_2002_SEC_12,MSCS_ACT_2002,child,act,Central,42,242,14,14,12,,,,,When amendment of bye-laws comes into force,byelaws;multistate,
MSCS_ACT_2002_SEC_13,MSCS_ACT_2002,child,act,Central,114,696,14,14,13,,,,,Change of name,membership;multistate;registrar;registration,
MSCS_ACT_2002_SEC_14,MSCS_ACT_2002,child,act,Central,31,202,15,15,14,,,,,Change of address,multistate,
MSCS_ACT_2002_SEC_15,MSCS_ACT_2002,child,act,Central,197,1169,15,15,15,,,,,Publication of name by multi state cooperative society,multistate,
MSCS_ACT_2002_SEC_16,MSCS_ACT_2002,child,act,Central,285,1755,15,16,16,,,,,Liability,byelaws;claim;deposits;loans;membership;multistate,
MSCS_ACT_2002_SEC_17,MSCS_ACT_2002,parent,act,Central,512,3205,16,17,17,,,,,"Amalgamation or transfer of assets and liabilities, or division of",byelaws;claim;deposits;loans;meetings;membership;multistate;registrar;registration,
MSCS_ACT_2002_SEC_17_SUB_1,MSCS_ACT_2002,child,act,Central,74,463,16,16,17,1,,,,"Amalgamation or transfer of assets and liabilities, or division of",meetings;membership;multistate,
MSCS_ACT_2002_SEC_17_SUB_2,MSCS_ACT_2002,child,act,Central,44,271,16,16,17,2,,,,"Amalgamation or transfer of assets and liabilities, or division of",meetings;membership;multistate,
MSCS_ACT_2002_SEC_17_SUB_3,MSCS_ACT_2002,child,act,Central,31,193,16,16,17,3,,,,"Amalgamation or transfer of assets and liabilities, or division of",multistate,
MSCS_ACT_2002_SEC_17_SUB_4,MSCS_ACT_2002,child,act,Central,77,457,16,16,17,4,,,,"Amalgamation or transfer of assets and liabilities, or division of",byelaws;deposits;loans;membership;multistate,
MSCS_ACT_2002_SEC_17_SUB_5,MSCS_ACT_2002,child,act,Central,31,186,17,17,17,5,,,,"Amalgamation or transfer of assets and liabilities, or division of",membership,
MSCS_ACT_2002_SEC_17_SUB_6,MSCS_ACT_2002,child,act,Central,63,405,17,17,17,6,,,,"Amalgamation or transfer of assets and liabilities, or division of",claim;meetings;membership;multistate,
MSCS_ACT_2002_SEC_17_SUB_7,MSCS_ACT_2002,child,act,Central,88,536,17,17,17,7,,,,"Amalgamation or transfer of assets and liabilities, or division of",byelaws;registrar;registration,
MSCS_ACT_2002_SEC_17_SUB_8,MSCS_ACT_2002,child,act,Central,36,219,17,17,17,8,,,,"Amalgamation or transfer of assets and liabilities, or division of",multistate,
MSCS_ACT_2002_SEC_17_SUB_9,MSCS_ACT_2002,child,act,Central,54,353,17,17,17,9,,,,"Amalgamation or transfer of assets and liabilities, or division of",multistate,
MSCS_ACT_2002_SEC_18,MSCS_ACT_2002,child,act,Central,94,577,17,17,18,,,,,Central Registrar to prepare scheme of amalgamation or,registrar,
MSCS_ACT_2002_SEC_19,MSCS_ACT_2002,child,act,Central,235,1544,18,18,19,,,,,Promotion of subsidiary institution,governance;management;meetings;membership;multistate,
MSCS_ACT_2002_SEC_20,MSCS_ACT_2002,child,act,Central,144,888,18,19,20,,,,,Liability of a cooperative bank to deposit insurance and credit,deposits,
MSCS_ACT_2002_SEC_21,MSCS_ACT_2002,child,act,Central,292,1922,19,19,21,,,,,Cancellation of registration certificate of multi-state cooperative,multistate;registration,
MSCS_ACT_2002_SEC_22,MSCS_ACT_2002,child,act,Central,392,2483,19,20,22,,,,,Conversion of a cooperative society into a multi-state cooperative,byelaws;membership;multistate;registrar;registration;timeline,
MSCS_ACT_2002_SEC_23,MSCS_ACT_2002,child,act,Central,88,596,21,21,23,,,,,Registration of federal cooperative,meetings;membership;multistate;registration,
MSCS_ACT_2002_SEC_24,MSCS_ACT_2002,child,act,Central,219,1542,21,21,24,,,,,Functions of federal cooperative,byelaws;management;membership;multistate,
MSCS_ACT_2002_SEC_25,MSCS_ACT_2002,child,act,Central,335,2093,22,22,25,,,,,Persons who may become members,eligibility;membership;multistate;registrar;timeline,
MSCS_ACT_2002_SEC_26,MSCS_ACT_2002,child,act,Central,69,418,23,23,26,,,,,Nominal or associate members of society,byelaws;management;meetings;membership;multistate,
MSCS_ACT_2002_SEC_27,MSCS_ACT_2002,child,act,Central,34,273,23,23,27,,,,,Educational course for members,membership;multistate,
MSCS_ACT_2002_SEC_28,MSCS_ACT_2002,child,act,Central,52,298,23,23,28,,,,,Members not to exercise rights till due payment made,byelaws;membership;multistate,
MSCS_ACT_2002_SEC_29,MSCS_ACT_2002,child,act,Central,113,695,23,23,29,,,,,Disqualification for member of a multi-state cooperative society,byelaws;eligibility;meetings;membership;multistate,
MSCS_ACT_2002_SEC_30,MSCS_ACT_2002,child,act,Central,113,675,23,24,30,,,,,Expulsion of members,eligibility;meetings;membership;multistate,
MSCS_ACT_2002_SEC_31,MSCS_ACT_2002,child,act,Central,204,1233,24,24,31,,,,,Vote of members,byelaws;elections;meetings;membership;multistate,
MSCS_ACT_2002_SEC_32,MSCS_ACT_2002,child,act,Central,82,511,24,24,32,,,,,Manner of Exercising Vote,membership;multistate,
MSCS_ACT_2002_SEC_33,MSCS_ACT_2002,child,act,Central,68,409,25,25,33,,,,,Restriction on holding of shares,byelaws;membership;multistate,
MSCS_ACT_2002_SEC_34,MSCS_ACT_2002,child,act,Central,40,234,25,25,34,,,,,Restriction on transfer of shares or interest,membership;multistate,
MSCS_ACT_2002_SEC_35,MSCS_ACT_2002,child,act,Central,93,547,25,25,35,,,,,Redemption of shares,byelaws;multistate,
MSCS_ACT_2002_SEC_36,MSCS_ACT_2002,child,act,Central,210,1207,25,26,36,,,,,Transfer of interest on death of members,byelaws;membership;multistate,
MSCS_ACT_2002_SEC_37,MSCS_ACT_2002,child,act,Central,184,1015,26,26,37,,,,,Liabilities of past member and estate of deceased member,membership;multistate,
MSCS_ACT_2002_SEC_38,MSCS_ACT_2002,child,act,Central,322,2044,26,27,38,,,,,"Constitution, powers and functions of general body",byelaws;management;meetings;membership;multistate,
MSCS_ACT_2002_SEC_39,MSCS_ACT_2002,child,act,Central,334,1985,27,28,39,,,,,Annual general meeting of general body,byelaws;elections;loans;meetings;membership;multistate;registrar;timeline,
MSCS_ACT_2002_SEC_40,MSCS_ACT_2002,child,act,Central,191,1096,28,28,40,,,,,Special general meeting of general body,byelaws;meetings;membership;multistate;registrar,
MSCS_ACT_2002_SEC_41,MSCS_ACT_2002,child,act,Central,150,924,28,29,41,,,,,Board of directors,byelaws;governance;meetings;membership;multistate,
MSCS_ACT_2002_SEC_42,MSCS_ACT_2002,child,act,Central,70,468,29,29,42,,,,,Association of employees in management decision making process,byelaws;management;multistate,
MSCS_ACT_2002_SEC_43,MSCS_ACT_2002,parent,act,Central,667,3743,29,31,43,,,,,Disqualifications for being a member of board,elections;eligibility;loans;meetings;membership;multistate,
MSCS_ACT_2002_SEC_43_SUB_1,MSCS_ACT_2002,child,act,Central,588,3280,29,30,43,1,,,,Disqualifications for being a member of board,elections;eligibility;loans;meetings;membership;multistate,
MSCS_ACT_2002_SEC_43_SUB_2,MSCS_ACT_2002,child,act,Central,71,410,30,31,43,2,,,,Disqualifications for being a member of board,elections;eligibility;meetings;membership;multistate,
MSCS_ACT_2002_SEC_44,MSCS_ACT_2002,child,act,Central,174,1037,31,31,44,,,,,Prohibition to hold office of chairperson or president or vice,elections;eligibility;membership;multistate,
MSCS_ACT_2002_SEC_45,MSCS_ACT_2002,child,act,Central,267,1553,31,32,45,,,,,Elections of members of board,byelaws;elections;eligibility;meetings;membership;multistate;registrar;timeline,
MSCS_ACT_2002_SEC_46,MSCS_ACT_2002,child,act,Central,44,287,32,32,46,,,,,Holding of office in cooperative society,eligibility;multistate,
MSCS_ACT_2002_SEC_47,MSCS_ACT_2002,child,act,Central,95,547,32,32,47,,,,,Removal of elected members by general body,meetings;membership;multistate;registrar,
MSCS_ACT_2002_SEC_48,MSCS_ACT_2002,child,act,Central,346,2045,32,33,48,,,,,Nominee of Central Government or State Government on the board,loans;membership;multistate,
MSCS_ACT_2002_SEC_49,MSCS_ACT_2002,child,act,Central,236,1435,33,34,49,,,,,Powers and functions of board,byelaws;loans;membership;multistate,
MSCS_ACT_2002_SEC_50,MSCS_ACT_2002,child,act,Central,124,692,34,34,50,,,,,Meeting of board,byelaws;meetings;membership;multistate,
MSCS_ACT_2002_SEC_51,MSCS_ACT_2002,child,act,Central,130,805,34,34,51,,,,,Chief Executive,membership;multistate,
MSCS_ACT_2002_SEC_52,MSCS_ACT_2002,child,act,Central,264,1787,35,35,52,,,,,Powers and functions of Chief Executive,byelaws;documents;management;meetings;multistate;timeline,
MSCS_ACT_2002_SEC_53,MSCS_ACT_2002,child,act,Central,78,528,35,35,53,,,,,Committees of board,byelaws;multistate,
MSCS_ACT_2002_SEC_54,MSCS_ACT_2002,child,act,Central,230,1350,36,36,54,,,,,"Securing possession of records, etc",meetings;membership;multistate,
MSCS_ACT_2002_SEC_55,MSCS_ACT_2002,child,act,Central,122,675,36,36,55,,,,,Charge and set-off in respect of share or contribution or interest of,deposits;membership;multistate,
MSCS_ACT_2002_SEC_56,MSCS_ACT_2002,child,act,Central,157,890,37,37,56,,,,,Share of contribution or interest not liable to attachment,byelaws;claim;membership;multistate,
MSCS_ACT_2002_SEC_57,MSCS_ACT_2002,child,act,Central,62,351,37,37,57,,,,,Register of members,membership;multistate,
MSCS_ACT_2002_SEC_58,MSCS_ACT_2002,child,act,Central,180,1042,37,37,58,,,,,Admissibility of copy of entry as evidence,documents;multistate,
MSCS_ACT_2002_SEC_59,MSCS_ACT_2002,child,act,Central,150,926,37,38,59,,,,,Exemption from compulsory registration of instruments,multistate;registration,
MSCS_ACT_2002_SEC_60,MSCS_ACT_2002,child,act,Central,333,1890,38,38,60,,,,,Deduction from salary to meet multi-state cooperative society’s,claim;membership;multistate;reporting,
MSCS_ACT_2002_SEC_61,MSCS_ACT_2002,child,act,Central,167,1112,39,39,61,,,,,Government aid to multi-state cooperative societies,loans;multistate,
MSCS_ACT_2002_SEC_62,MSCS_ACT_2002,child,act,Central,268,1701,39,40,62,,,,,Funds not to be divided by way of profit,byelaws;deposits;loans;membership;multistate,
MSCS_ACT_2002_SEC_63,MSCS_ACT_2002,child,act,Central,208,1246,40,40,63,,,,,Disposal of net profits,byelaws;meetings;membership;multistate,
MSCS_ACT_2002_SEC_64,MSCS_ACT_2002,child,act,Central,222,1315,40,41,64,,,,,Investment of funds,byelaws;deposits;multistate,
MSCS_ACT_2002_SEC_65,MSCS_ACT_2002,child,act,Central,38,245,41,41,65,,,,,Restriction on contribution,multistate,
MSCS_ACT_2002_SEC_66,MSCS_ACT_2002,child,act,Central,59,353,41,41,66,,,,,Restriction on loans,deposits;loans;membership;multistate,
MSCS_ACT_2002_SEC_67,MSCS_ACT_2002,child,act,Central,163,1052,41,42,67,,,,,Restrictions on borrowing,byelaws;deposits;loans;multistate,
MSCS_ACT_2002_SEC_68,MSCS_ACT_2002,child,act,Central,46,287,42,42,68,,,,,Restrictions on other transactions with non-members,byelaws;membership;multistate,
MSCS_ACT_2002_SEC_69,MSCS_ACT_2002,child,act,Central,129,796,42,42,69,,,,,Contributory provident fund,byelaws;multistate,
MSCS_ACT_2002_SEC_70,MSCS_ACT_2002,parent,act,Central,656,4064,42,44,70,,,,,Appointment and remuneration of auditors,meetings;membership;multistate;registrar;registration;reporting;timeline,
MSCS_ACT_2002_SEC_70_SUB_1,MSCS_ACT_2002,child,act,Central,26,155,42,42,70,1,,,,Appointment and remuneration of auditors,multistate,
MSCS_ACT_2002_SEC_70_SUB_2,MSCS_ACT_2002,child,act,Central,83,525,43,43,70,2,,,,Appointment and remuneration of auditors,meetings;multistate;registrar;reporting;timeline,
MSCS_ACT_2002_SEC_70_SUB_3,MSCS_ACT_2002,child,act,Central,41,271,43,43,70,3,,,,Appointment and remuneration of auditors,multistate;registrar;reporting,
MSCS_ACT_2002_SEC_70_SUB_4,MSCS_ACT_2002,child,act,Central,111,665,43,43,70,4,,,,Appointment and remuneration of auditors,meetings;membership;multistate,
MSCS_ACT_2002_SEC_70_SUB_5,MSCS_ACT_2002,child,act,Central,24,146,43,43,70,5,,,,Appointment and remuneration of auditors,meetings;registrar,
MSCS_ACT_2002_SEC_70_SUB_6,MSCS_ACT_2002,child,act,Central,150,911,43,44,70,6,,,,Appointment and remuneration of auditors,meetings;membership;multistate;registration,
MSCS_ACT_2002_SEC_70_SUB_7,MSCS_ACT_2002,child,act,Central,79,483,44,44,70,7,,,,Appointment and remuneration of auditors,meetings;multistate,
MSCS_ACT_2002_SEC_70_SUB_8,MSCS_ACT_2002,child,act,Central,26,161,44,44,70,8,,,,Appointment and remuneration of auditors,meetings;multistate,
MSCS_ACT_2002_SEC_70_SUB_9,MSCS_ACT_2002,child,act,Central,103,630,44,44,70,9,,,,Appointment and remuneration of auditors,meetings;multistate;registrar,
MSCS_ACT_2002_SEC_71,MSCS_ACT_2002,child,act,Central,241,1514,44,45,71,,,,,Provision as to resolutions for appointing or removing auditors,meetings;membership;multistate,
MSCS_ACT_2002_SEC_72,MSCS_ACT_2002,child,act,Central,213,1333,45,45,72,,,,,Qualifications and disqualifications of auditors,membership;multistate,
MSCS_ACT_2002_SEC_73,MSCS_ACT_2002,parent,act,Central,593,3577,45,47,73,,,,,Powers and duties of auditors,documents;loans;meetings;membership;multistate,
MSCS_ACT_2002_SEC_73_SUB_1,MSCS_ACT_2002,child,act,Central,77,485,45,46,73,1,,,,Powers and duties of auditors,multistate,
MSCS_ACT_2002_SEC_73_SUB_2,MSCS_ACT_2002,child,act,Central,154,980,46,46,73,2,,,,Powers and duties of auditors,loans;membership;multistate,
MSCS_ACT_2002_SEC_73_SUB_3,MSCS_ACT_2002,child,act,Central,155,881,46,46,73,3,,,,Powers and duties of auditors,documents;meetings;membership;multistate,
MSCS_ACT_2002_SEC_73_SUB_4,MSCS_ACT_2002,child,act,Central,154,936,46,47,73,4,,,,Powers and duties of auditors,multistate,
MSCS_ACT_2002_SEC_73_SUB_5,MSCS_ACT_2002,child,act,Central,47,252,47,47,73,5,,,,Powers and duties of auditors,,
MSCS_ACT_2002_SEC_74,MSCS_ACT_2002,child,act,Central,46,290,47,47,74,,,,,Signature of audit report etc,documents;multistate,
MSCS_ACT_2002_SEC_75,MSCS_ACT_2002,child,act,Central,36,234,47,47,75,,,,,Reading and inspection of auditor’s report,meetings;membership;multistate,
MSCS_ACT_2002_SEC_76,MSCS_ACT_2002,child,act,Central,84,506,47,47,76,,,,,Right of auditor to attend general meeting,meetings;membership;multistate,
MSCS_ACT_2002_SEC_77,MSCS_ACT_2002,parent,act,Central,604,3693,47,49,77,,,,,Power of Central Government to direct special audit in certain,meetings;membership;multistate,
MSCS_ACT_2002_SEC_77_SUB_1,MSCS_ACT_2002,child,act,Central,223,1371,47,48,77,1,,,,Power of Central Government to direct special audit in certain,multistate,
MSCS_ACT_2002_SEC_77_SUB_2,MSCS_ACT_2002,child,act,Central,32,215,48,48,77,2,,,,Power of Central Government to direct special audit in certain,multistate,
MSCS_ACT_2002_SEC_77_SUB_3,MSCS_ACT_2002,child,act,Central,55,335,48,48,77,3,,,,Power of Central Government to direct special audit in certain,membership;multistate,
MSCS_ACT_2002_SEC_77_SUB_4,MSCS_ACT_2002,child,act,Central,53,295,48,48,77,4,,,,Power of Central Government to direct special audit in certain,,
MSCS_ACT_2002_SEC_77_SUB_5,MSCS_ACT_2002,child,act,Central,47,283,48,48,77,5,,,,Power of Central Government to direct special audit in certain,,
MSCS_ACT_2002_SEC_77_SUB_6,MSCS_ACT_2002,child,act,Central,123,726,48,49,77,6,,,,Power of Central Government to direct special audit in certain,meetings;membership;multistate,
MSCS_ACT_2002_SEC_77_SUB_7,MSCS_ACT_2002,child,act,Central,59,382,49,49,77,7,,,,Power of Central Government to direct special audit in certain,multistate,
MSCS_ACT_2002_SEC_78,MSCS_ACT_2002,child,act,Central,427,2520,49,50,78,,,,,Inquiry by Central Registrar,byelaws;documents;meetings;membership;multistate;registrar,
MSCS_ACT_2002_SEC_79,MSCS_ACT_2002,child,act,Central,296,1810,50,51,79,,,,,Inspection of multi-state cooperative societies,meetings;membership;multistate;registrar,
MSCS_ACT_2002_SEC_80,MSCS_ACT_2002,child,act,Central,125,778,51,51,80,,,,,Inspection of books of indebted multi-state cooperative societies,deposits;multistate;registrar,
MSCS_ACT_2002_SEC_81,MSCS_ACT_2002,child,act,Central,125,736,51,51,81,,,,,Costs of inquiry and inspection,membership;multistate;registrar,
MSCS_ACT_2002_SEC_82,MSCS_ACT_2002,child,act,Central,60,346,51,51,82,,,,,Recovery of costs,,
MSCS_ACT_2002_SEC_83,MSCS_ACT_2002,child,act,Central,316,1761,52,52,83,,,,,"Repayment, etc",byelaws;management;multistate;registrar,
MSCS_ACT_2002_SEC_84,MSCS_ACT_2002,parent,act,Central,496,3159,52,53,84,,,,,Reference of disputes,claim;elections;management;membership;multistate;registrar,
MSCS_ACT_2002_SEC_84_SUB_1,MSCS_ACT_2002,child,act,Central,219,1479,52,53,84,1,,,,Reference of disputes,management;membership;multistate,
MSCS_ACT_2002_SEC_84_SUB_2,MSCS_ACT_2002,child,act,Central,139,819,53,53,84,2,,,,Reference of disputes,claim;elections;management;membership;multistate,
MSCS_ACT_2002_SEC_84_SUB_3,MSCS_ACT_2002,child,act,Central,50,303,53,53,84,3,,,,Reference of disputes,management;multistate,
MSCS_ACT_2002_SEC_84_SUB_4,MSCS_ACT_2002,child,act,Central,29,173,53,53,84,4,,,,Reference of disputes,registrar,
MSCS_ACT_2002_SEC_84_SUB_5,MSCS_ACT_2002,child,act,Central,50,314,53,53,84,5,,,,Reference of disputes,,
MSCS_ACT_2002_SEC_85,MSCS_ACT_2002,child,act,Central,268,1540,54,54,85,,,,,Limitation,elections;membership;multistate,
MSCS_ACT_2002_SEC_86,MSCS_ACT_2002,child,act,Central,340,2065,54,55,86,,,,,Winding up of multi-state cooperative societies,meetings;membership;multistate;registrar;registration,
MSCS_ACT_2002_SEC_87,MSCS_ACT_2002,child,act,Central,64,389,55,55,87,,,,,Winding up of cooperative bank at the direction of Reserve Bank,deposits;registrar,
MSCS_ACT_2002_SEC_88,MSCS_ACT_2002,child,act,Central,88,543,55,55,88,,,,,Reimbursement to the Deposit Insurance Corporation by liquidator,deposits,
MSCS_ACT_2002_SEC_89,MSCS_ACT_2002,child,act,Central,228,1385,55,56,89,,,,,Liquidator,appeal;claim;multistate;registrar,
MSCS_ACT_2002_SEC_90,MSCS_ACT_2002,parent,act,Central,602,3575,56,57,90,,,,,Powers of liquidator,claim;deposits;membership;multistate;registrar,
MSCS_ACT_2002_SEC_90_SUB_1,MSCS_ACT_2002,child,act,Central,63,349,56,56,90,1,,,,Powers of liquidator,multistate,
MSCS_ACT_2002_SEC_90_SUB_2,MSCS_ACT_2002,child,act,Central,496,2968,56,57,90,2,,,,Powers of liquidator,claim;membership;multistate;registrar,
MSCS_ACT_2002_SEC_90_SUB_3,MSCS_ACT_2002,child,act,Central,39,228,57,57,90,3,,,,Powers of liquidator,deposits;multistate;registrar,
MSCS_ACT_2002_SEC_91,MSCS_ACT_2002,child,act,Central,95,579,58,58,91,,,,,Disposal of surplus assets,byelaws;membership;multistate;registrar,
MSCS_ACT_2002_SEC_92,MSCS_ACT_2002,child,act,Central,50,331,58,58,92,,,,,Priority of contributions assessed by liquidator,,
MSCS_ACT_2002_SEC_93,MSCS_ACT_2002,child,act,Central,98,617,58,58,93,,,,,Power of Central Registrar to cancel registration of a multi-state,membership;multistate;registrar;registration,
MSCS_ACT_2002_SEC_94,MSCS_ACT_2002,child,act,Central,293,1600,58,59,94,,,,,"Execution of decisions, etc",multistate;registrar,
MSCS_ACT_2002_SEC_95,MSCS_ACT_2002,child,act,Central,36,203,59,59,95,,,,,Execution of orders of liquidators,,
MSCS_ACT_2002_SEC_96,MSCS_ACT_2002,child,act,Central,125,720,59,59,96,,,,,Attachment before award,,
MSCS_ACT_2002_SEC_97,MSCS_ACT_2002,child,act,Central,96,540,60,60,97,,,,,Central Registrar or arbitrator or person authorised to be civil court,registrar,
MSCS_ACT_2002_SCHEDULE_099,MSCS_ACT_2002,child,act,Central,187,1089,60,60,,,,,,"Schedule to the Limitation Act, 1963 (36 of 1963).",membership;multistate;registrar,
MSCS_ACT_2002_SEC_99,MSCS_ACT_2002,child,act,Central,307,1874,60,61,99,,,,,Appeals,appeal;byelaws;membership;multistate;registrar;timeline,
MSCS_ACT_2002_SEC_100,MSCS_ACT_2002,child,act,Central,78,454,61,61,100,,,,,No appeal in certain cases,appeal,
MSCS_ACT_2002_SEC_101,MSCS_ACT_2002,child,act,Central,179,1034,61,62,101,,,,,Review,timeline,
MSCS_ACT_2002_SEC_102,MSCS_ACT_2002,child,act,Central,46,278,62,62,102,,,,,Interlocutory orders,appeal,
MSCS_ACT_2002_SEC_103,MSCS_ACT_2002,parent,act,Central,578,3648,62,63,103,,,,,Cooperative societies functioning immediately before,byelaws;meetings;membership;multistate;registrar,
MSCS_ACT_2002_SEC_103_SUB_1,MSCS_ACT_2002,child,act,Central,106,641,62,62,103,1,,,,Cooperative societies functioning immediately before,byelaws;multistate,
MSCS_ACT_2002_SEC_103_SUB_2,MSCS_ACT_2002,child,act,Central,169,1052,62,63,103,2,,,,Cooperative societies functioning immediately before,meetings;multistate;registrar,
MSCS_ACT_2002_SEC_103_SUB_3,MSCS_ACT_2002,child,act,Central,88,540,63,63,103,3,,,,Cooperative societies functioning immediately before,byelaws;meetings;membership;registrar,
MSCS_ACT_2002_SEC_103_SUB_4,MSCS_ACT_2002,child,act,Central,110,665,63,63,103,4,,,,Cooperative societies functioning immediately before,multistate;registrar,
MSCS_ACT_2002_SEC_103_SUB_5,MSCS_ACT_2002,child,act,Central,83,547,63,63,103,5,,,,Cooperative societies functioning immediately before,meetings;membership;multistate,
MSCS_ACT_2002_SEC_104,MSCS_ACT_2002,parent,act,Central,574,3348,64,65,104,,,,,Offences and penalties,documents;elections;membership;multistate;timeline,
MSCS_ACT_2002_SEC_104_SUB_1,MSCS_ACT_2002,child,act,Central,88,548,64,64,104,1,,,,Offences and penalties,membership;multistate,
MSCS_ACT_2002_SEC_104_SUB_2,MSCS_ACT_2002,child,act,Central,72,406,64,64,104,2,,,,Offences and penalties,timeline,
MSCS_ACT_2002_SEC_104_SUB_3,MSCS_ACT_2002,child,act,Central,102,594,64,64,104,3,,,,Offences and penalties,documents;multistate,
MSCS_ACT_2002_SEC_104_SUB_4,MSCS_ACT_2002,child,act,Central,303,1729,64,65,104,4,,,,Offences and penalties,documents;elections;membership,
MSCS_ACT_2002_SEC_105,MSCS_ACT_2002,child,act,Central,64,382,65,65,105,,,,,Cognizance of offences,complaint;membership;multistate;registrar,
MSCS_ACT_2002_SEC_106,MSCS_ACT_2002,child,act,Central,51,299,65,65,106,,,,,"Copies of bye-laws, etc, to be open to inspection",byelaws;membership;multistate,
MSCS_ACT_2002_SEC_107,MSCS_ACT_2002,child,act,Central,141,892,65,66,107,,,,,"Place of keeping and inspection of, registers and returns",documents;membership;multistate;registration,
MSCS_ACT_2002_SEC_108,MSCS_ACT_2002,parent,act,Central,493,2984,66,67,108,,,,,"Inspection of books of account, etc., of multi-state cooperative",documents;meetings;membership;multistate;registrar,
MSCS_ACT_2002_SEC_108_SUB_1,MSCS_ACT_2002,child,act,Central,76,463,66,66,108,1,,,,"Inspection of books of account, etc., of multi-state cooperative",membership;multistate;registrar,
MSCS_ACT_2002_SEC_108_SUB_2,MSCS_ACT_2002,child,act,Central,84,491,66,66,108,2,,,,"Inspection of books of account, etc., of multi-state cooperative",multistate,
MSCS_ACT_2002_SEC_108_SUB_3,MSCS_ACT_2002,child,act,Central,47,300,66,66,108,3,,,,"Inspection of books of account, etc., of multi-state cooperative",multistate,
MSCS_ACT_2002_SEC_108_SUB_4,MSCS_ACT_2002,child,act,Central,53,299,66,67,108,4,,,,"Inspection of books of account, etc., of multi-state cooperative",multistate,
MSCS_ACT_2002_SEC_108_SUB_5,MSCS_ACT_2002,child,act,Central,127,756,67,67,108,5,,,,"Inspection of books of account, etc., of multi-state cooperative",documents;multistate;registrar,
MSCS_ACT_2002_SEC_108_SUB_6,MSCS_ACT_2002,child,act,Central,95,586,67,67,108,6,,,,"Inspection of books of account, etc., of multi-state cooperative",meetings;multistate;registrar,
MSCS_ACT_2002_SEC_110,MSCS_ACT_2002,child,act,Central,414,2384,67,68,110,,,,,Minutes of proceedings of general meetings and of board and other,meetings;membership;multistate;timeline,
MSCS_ACT_2002_SEC_111,MSCS_ACT_2002,child,act,Central,25,156,68,68,111,,,,,Minutes to be evidence,meetings,
MSCS_ACT_2002_SEC_112,MSCS_ACT_2002,child,act,Central,93,541,68,69,112,,,,,Presumptions to be drawn where minutes duly and signed,meetings;multistate,
MSCS_ACT_2002_SEC_113,MSCS_ACT_2002,child,act,Central,52,317,69,69,113,,,,,Inspection of minutes book of general meetings,meetings;membership;multistate,
MSCS_ACT_2002_SEC_114,MSCS_ACT_2002,child,act,Central,39,216,69,69,114,,,,,Liquidator to be public servant,,
MSCS_ACT_2002_SEC_115,MSCS_ACT_2002,child,act,Central,95,559,69,69,115,,,,,Notice necessary in suits,claim;management;multistate;registrar,
MSCS_ACT_2002_SEC_116,MSCS_ACT_2002,child,act,Central,106,674,69,69,116,,,,,Power to amend Second Schedule,multistate,
MSCS_ACT_2002_SEC_117,MSCS_ACT_2002,child,act,Central,136,811,69,70,117,,,,,Bar of jurisdiction of courts,byelaws;membership;multistate;registrar;registration,
MSCS_ACT_2002_SEC_118,MSCS_ACT_2002,child,act,Central,48,282,70,70,118,,,,,Indemnity,registrar,
MSCS_ACT_2002_SEC_119,MSCS_ACT_2002,child,act,Central,43,270,70,70,119,,,,,Opening of branches,multistate,
MSCS_ACT_2002_SEC_120,MSCS_ACT_2002,child,act,Central,99,633,70,70,120,,,,,Filing of returns,byelaws;elections;meetings;multistate;registrar,
MSCS_ACT_2002_SEC_121,MSCS_ACT_2002,child,act,Central,77,487,70,71,121,,,,,Certain Acts not to apply,multistate,
MSCS_ACT_2002_SEC_122,MSCS_ACT_2002,child,act,Central,153,1029,71,71,122,,,,,Central Government’s power to give directions to specified multi,management;membership;multistate,
MSCS_ACT_2002_SEC_123,MSCS_ACT_2002,parent,act,Central,515,3141,71,72,123,,,,,Supersession of board of specified multi-state cooperative society,byelaws;management;membership;multistate,
MSCS_ACT_2002_SEC_123_SUB_1,MSCS_ACT_2002,child,act,Central,214,1229,71,71,123,1,,,,Supersession of board of specified multi-state cooperative society,byelaws;membership;multistate,
MSCS_ACT_2002_SEC_123_SUB_2,MSCS_ACT_2002,child,act,Central,32,199,71,71,123,2,,,,Supersession of board of specified multi-state cooperative society,multistate,
MSCS_ACT_2002_SEC_123_SUB_3,MSCS_ACT_2002,child,act,Central,62,346,72,72,123,3,,,,Supersession of board of specified multi-state cooperative society,multistate,
MSCS_ACT_2002_SEC_123_SUB_4,MSCS_ACT_2002,child,act,Central,38,243,72,72,123,4,,,,Supersession of board of specified multi-state cooperative society,byelaws;multistate,
MSCS_ACT_2002_SEC_123_SUB_5,MSCS_ACT_2002,child,act,Central,86,534,72,72,123,5,,,,Supersession of board of specified multi-state cooperative society,byelaws;management;multistate,
MSCS_ACT_2002_SEC_123_SUB_6,MSCS_ACT_2002,child,act,Central,74,507,72,72,123,6,,,,Supersession of board of specified multi-state cooperative society,multistate,
MSCS_ACT_2002_SEC_124,MSCS_ACT_2002,child,act,Central,725,4337,72,74,124,,,,,Power to make rules,byelaws;elections;meetings;membership;multistate;registrar;registration,
MSCS_ACT_2002_SEC_125,MSCS_ACT_2002,child,act,Central,97,561,74,74,125,,,,,Power to remove difficulties,,
MSCS_ACT_2002_SEC_126,MSCS_ACT_2002,child,act,Central,414,2571,74,75,126,,,,,Repeal and saving,byelaws;multistate;registrar;registration,
MSCS_ACT_2002_SCHEDULE_127,MSCS_ACT_2002,child,act,Central,280,2077,76,76,,,,,,The First Schedule,membership,
MSCS_ACT_2002_SCHEDULE_128,MSCS_ACT_2002,child,act,Central,203,1545,77,77,,,,,,The Second Schedule,,
MSCS_AMD_2023_DOC,MSCS_AMD_2023,parent,amendment,Central,4,30,1,23,,,,,,,,CONTEXT_PARENT;DUPLICATE_TEXT;SHORT_CHUNK
MSCS_AMD_2023_CONTEXT_001,MSCS_AMD_2023,child,amendment,Central,239,1686,1,2,,,,,,,multistate,STRUCTURE_UNCERTAIN
MSCS_AMD_2023_CONTEXT_002,MSCS_AMD_2023,child,amendment,Central,229,1379,2,2,,,,,,,multistate,STRUCTURE_UNCERTAIN
MSCS_AMD_2023_ITEM_2,MSCS_AMD_2023,child,amendment,Central,226,1444,2,3,,,,,,"In section 3 of the Multi-State Co-operative Societies Act, 2002 (hereinafter referred",elections;multistate;ombudsman;registrar,MULTIPLE_AMENDMENT_ACTIONS
MSCS_AMD_2023_ITEM_3,MSCS_AMD_2023,child,amendment,Central,414,2632,3,4,,,,,,"In section 7 of the principal Act, for sub-sections (2) and (3), the following",byelaws;multistate;registrar;registration,
MSCS_AMD_2023_ITEM_4,MSCS_AMD_2023,child,amendment,Central,33,205,4,4,,,,,,"In section 10 of the principal Act, in sub-section (2), in clause (a), for the word Amendment",,
MSCS_AMD_2023_ITEM_5,MSCS_AMD_2023,child,amendment,Central,41,268,4,4,,,,,,"In section 14 of the principal Act,",,
MSCS_AMD_2023_ITEM_6,MSCS_AMD_2023,child,amendment,Central,90,582,4,4,,,,,,"In section 17 of the principal Act, after sub-section (9), the following sub-section Amendment of",meetings;membership;multistate,
MSCS_AMD_2023_ITEM_7,MSCS_AMD_2023,child,amendment,Central,38,219,4,4,,,,,,"In section 19 of the principal Act, in the Explanation, in clause (a),",,
MSCS_AMD_2023_ITEM_8,MSCS_AMD_2023,child,amendment,Central,82,506,4,4,,,,,,"In section 22 of the principal Act, in sub-section (5), for clause (c), the following Amendment of",registrar,
MSCS_AMD_2023_ITEM_9,MSCS_AMD_2023,child,amendment,Central,116,708,4,4,,,,,,"In section 26 of the principal Act,",management;meetings;membership;multistate,MULTIPLE_AMENDMENT_ACTIONS
MSCS_AMD_2023_ITEM_10,MSCS_AMD_2023,child,amendment,Central,57,344,4,4,,,,,,"In section 28 of the principal Act, for the words “to the society in respect of Amendment of",byelaws;membership;multistate,
MSCS_AMD_2023_ITEM_11,MSCS_AMD_2023,child,amendment,Central,45,263,4,4,,,,,,"In section 29 of the principal Act, for clause (b), the following clause shall be Amendment of",byelaws,
MSCS_AMD_2023_ITEM_12,MSCS_AMD_2023,child,amendment,Central,30,170,4,5,,,,,,"In section 30 of the principal Act, in sub-section (2), for the words “one year”, the Amendment of",,
MSCS_AMD_2023_ITEM_13,MSCS_AMD_2023,child,amendment,Central,170,1045,5,5,,,,,,"For section 35 of the principal Act, the following section shall be substituted,",byelaws;multistate,
MSCS_AMD_2023_ITEM_14,MSCS_AMD_2023,child,amendment,Central,29,185,5,5,,,,,,"In section 39 of the principal Act, in sub-section (1), after clause (o), the following",,
MSCS_AMD_2023_ITEM_15,MSCS_AMD_2023,child,amendment,Central,458,2907,5,6,,,,,,"In section 41 of the principal Act, for sub-section (3), the following sub-sections",byelaws;elections;eligibility;management;meetings;membership;multistate,
MSCS_AMD_2023_ITEM_16,MSCS_AMD_2023,child,amendment,Central,386,2417,6,7,,,,,,"In section 43 of the principal Act,",documents;elections;eligibility;meetings;membership;multistate;registrar,MULTIPLE_AMENDMENT_ACTIONS
MSCS_AMD_2023_ITEM_17,MSCS_AMD_2023,child,amendment,Central,1894,11643,7,10,,,,,,"For section 45 of the principal Act, the following sections shall be substituted,",byelaws;documents;elections;eligibility;meetings;membership;multistate,LONG_CHUNK_NO_SAFE_SPLIT
MSCS_AMD_2023_ITEM_18,MSCS_AMD_2023,child,amendment,Central,114,745,10,11,,,,,,"In section 49 of the principal Act, in sub-section (2),",elections;membership;multistate,
MSCS_AMD_2023_ITEM_19,MSCS_AMD_2023,child,amendment,Central,194,1205,11,11,,,,,,"In section 50 of the principal Act,",governance;meetings;membership;multistate,MULTIPLE_AMENDMENT_ACTIONS
MSCS_AMD_2023_ITEM_20,MSCS_AMD_2023,child,amendment,Central,187,1143,11,11,,,,,,"In section 51 of the principal Act, after sub-section (1), the following sub-section",membership;multistate;registrar,
MSCS_AMD_2023_ITEM_21,MSCS_AMD_2023,child,amendment,Central,27,160,11,11,,,,,,"In section 52 of the principal Act, in clause (j), for the words “thirty days”, the",,
MSCS_AMD_2023_ITEM_22,MSCS_AMD_2023,child,amendment,Central,73,477,11,12,,,,,,"In section 53 of the principal Act, for sub-section (1), the following sub-section",byelaws;multistate,
MSCS_AMD_2023_ITEM_23,MSCS_AMD_2023,child,amendment,Central,88,536,12,12,,,,,,"In section 63 of the principal Act, in sub-section (1), for clause (b), the following Amendment",,
MSCS_AMD_2023_ITEM_24,MSCS_AMD_2023,child,amendment,Central,583,3801,12,13,,,,,,"After section 63 of the principal Act, the following sections shall be inserted, Insertion of",management;membership;multistate;registrar,
MSCS_AMD_2023_ITEM_25,MSCS_AMD_2023,child,amendment,Central,194,1248,13,13,,,,,,"In section 64 of the principal Act,",multistate,MULTIPLE_AMENDMENT_ACTIONS
MSCS_AMD_2023_ITEM_26,MSCS_AMD_2023,child,amendment,Central,39,231,13,13,,,,,,"In section 67 of the principal Act, in sub-section (1), in the first proviso, for the",,
MSCS_AMD_2023_ITEM_27,MSCS_AMD_2023,child,amendment,Central,231,1501,13,14,,,,,,"In section 70 of the principal Act,",deposits;multistate;registrar,MULTIPLE_AMENDMENT_ACTIONS
MSCS_AMD_2023_ITEM_28,MSCS_AMD_2023,child,amendment,Central,80,511,14,14,,,,,,"After section 70 of the principal Act, the following section shall be inserted, Insertion of",deposits;multistate;registrar,
MSCS_AMD_2023_ITEM_29,MSCS_AMD_2023,child,amendment,Central,129,847,14,14,,,,,,"In section 73 of the principal Act, after sub-section (5), the following sub-section Amendment",multistate,
MSCS_AMD_2023_ITEM_30,MSCS_AMD_2023,child,amendment,Central,532,3374,14,15,,,,,,"In section 78 of the principal Act, after sub-section (1), the following sub-sections Amendment",appeal;complaint;deposits;documents;membership;multistate;ombudsman;registrar,
MSCS_AMD_2023_ITEM_32,MSCS_AMD_2023,child,amendment,Central,288,1897,15,16,,,,,,"In section 86 of the principal Act,",loans;membership;multistate;registrar;registration,MULTIPLE_AMENDMENT_ACTIONS
MSCS_AMD_2023_ITEM_33,MSCS_AMD_2023,child,amendment,Central,34,194,16,16,,,,,,"In section 94 of the principal Act, in the opening paragraph, after the words and Amendment of",,
MSCS_AMD_2023_ITEM_34,MSCS_AMD_2023,child,amendment,Central,87,604,16,16,,,,,,"In section 98 of the principal Act, after sub-section (2), the following sub-section Amendment of",elections;multistate;registrar,
MSCS_AMD_2023_ITEM_35,MSCS_AMD_2023,child,amendment,Central,158,982,16,16,,,,,,"After section 98 of the principal Act, the following section shall be inserted, Insertion of",deposits;registrar,
MSCS_AMD_2023_ITEM_36,MSCS_AMD_2023,child,amendment,Central,112,769,16,17,,,,,,"In section 103 of the principal Act, in sub-section (1), the following provisos Amendment of",membership;multistate;registrar;registration,
MSCS_AMD_2023_ITEM_37,MSCS_AMD_2023,child,amendment,Central,502,3061,17,18,,,,,,"In section 104 of the principal Act,",byelaws;documents;elections;governance;multistate,MULTIPLE_AMENDMENT_ACTIONS
MSCS_AMD_2023_ITEM_38,MSCS_AMD_2023,child,amendment,Central,56,320,18,18,,,,,,"After section 105 of the principal Act, the following section shall be inserted, Insertion of",,
MSCS_AMD_2023_ITEM_39,MSCS_AMD_2023,child,amendment,Central,226,1488,18,18,,,,,,"For section 106 of the principal Act, the following sections shall be substituted, Substitution of",appeal;byelaws;management;membership;multistate;ombudsman;timeline,
MSCS_AMD_2023_ITEM_40,MSCS_AMD_2023,child,amendment,Central,46,278,18,18,,,,,,"In section 108 of the principal Act, in sub-section (1), in clause (i), after the words Amendment",registrar,
MSCS_AMD_2023_ITEM_41,MSCS_AMD_2023,child,amendment,Central,27,167,18,18,,,,,,"In section 109 of the principal Act, in clause (a), for the words “co-operative Amendment",,
MSCS_AMD_2023_ITEM_42,MSCS_AMD_2023,child,amendment,Central,131,840,18,19,,,,,,"In section 116 of the principal Act,",,MULTIPLE_AMENDMENT_ACTIONS
MSCS_AMD_2023_ITEM_43,MSCS_AMD_2023,child,amendment,Central,97,620,19,19,,,,,,"In section 120 of the principal Act,",governance;membership;registrar,
MSCS_AMD_2023_ITEM_44,MSCS_AMD_2023,child,amendment,Central,440,2766,19,20,,,,,,"After section 120 of the principal Act, the following sections shall be inserted,",byelaws;documents;multistate;registrar;registration;reporting,
MSCS_AMD_2023_ITEM_45,MSCS_AMD_2023,child,amendment,Central,62,369,20,20,,,,,,"In section 121 of the principal Act, in sub-section (1), for the words and figures Amendment of",,
MSCS_AMD_2023_ITEM_46,MSCS_AMD_2023,child,amendment,Central,299,1886,20,21,,,,,,"In section 123 of the principal Act,",elections;loans;membership;multistate;timeline,MULTIPLE_AMENDMENT_ACTIONS
MSCS_AMD_2023_ITEM_47,MSCS_AMD_2023,child,amendment,Central,726,4583,21,22,,,,,,"In section 124 of the principal Act,",appeal;complaint;deposits;documents;elections;meetings;membership;multistate;ombudsman;registrar,MULTIPLE_AMENDMENT_ACTIONS
MSCS_AMD_2023_ITEM_48,MSCS_AMD_2023,child,amendment,Central,119,764,22,22,,,,,,"In section 125 of the principal Act, after sub-section (1), the following Amendment",multistate,
MSCS_AMD_2023_ITEM_49,MSCS_AMD_2023,child,amendment,Central,272,1632,22,23,,,,,,"After the Second Schedule to the principal Act, the following Schedule shall be Insertion of",management,
MSCS_RULES_2002_DOC,MSCS_RULES_2002,parent,rules,Central,12,66,4,54,,,,,,,,CONTEXT_PARENT;SHORT_CHUNK
MSCS_RULES_2002_CONTEXT_001,MSCS_RULES_2002,child,rules,Central,112,667,4,4,,,,,,,registrar,RULE_IDENTIFIER_MISSING;STRUCTURE_UNCERTAIN
MSCS_RULES_2002_RULE_3,MSCS_RULES_2002,child,rules,Central,471,2989,4,5,,,3,,,Application for registration,byelaws;documents;governance;membership;multistate;registrar;registration,STRUCTURE_UNCERTAIN
MSCS_RULES_2002_RULE_4,MSCS_RULES_2002,child,rules,Central,157,982,5,5,,,4,,,Registration,byelaws;multistate;registrar;registration,
MSCS_RULES_2002_RULE_5,MSCS_RULES_2002,child,rules,Central,73,451,6,6,,,5,,,Refusal of registration,multistate;registration,
MSCS_RULES_2002_RULE_6,MSCS_RULES_2002,child,rules,Central,227,1421,6,6,,,6,,,Bye-laws,byelaws;elections;multistate;registrar;registration,
MSCS_RULES_2002_RULE_7,MSCS_RULES_2002,child,rules,Central,182,1128,6,7,,,7,,,Refusal of amendment of bye-laws,byelaws;multistate;registrar,STRUCTURE_UNCERTAIN
MSCS_RULES_2002_RULE_9,MSCS_RULES_2002,child,rules,Central,203,1304,7,8,,,9,,,Maintenance of Registration file by the society,byelaws;membership;multistate;registrar;registration,STRUCTURE_UNCERTAIN
MSCS_RULES_2002_RULE_11,MSCS_RULES_2002,child,rules,Central,428,2566,8,9,,,11,,,Conditions to be complied with for membership,byelaws;eligibility;meetings;membership;multistate;registrar;timeline,
MSCS_RULES_2002_RULE_12,MSCS_RULES_2002,child,rules,Central,72,489,9,9,,,12,,,Classification of federal cooperatives,byelaws;membership,
MSCS_RULES_2002_RULE_13,MSCS_RULES_2002,child,rules,Central,110,681,9,9,,,13,,,Annual General Meeting,byelaws;management;meetings;membership;multistate,
MSCS_RULES_2002_RULE_14,MSCS_RULES_2002,child,rules,Central,523,3028,9,11,,,14,,,Interim board and general meeting for the first election,byelaws;elections;governance;meetings;membership;multistate;registrar;registration;timeline,STRUCTURE_UNCERTAIN
MSCS_RULES_2002_RULE_17,MSCS_RULES_2002,child,rules,Central,84,499,11,11,,,17,,,Voting in general meeting,byelaws;meetings;membership;multistate,
MSCS_RULES_2002_RULE_18,MSCS_RULES_2002,child,rules,Central,53,304,11,11,,,18,,,Minutes of the general meeting,meetings,
MSCS_RULES_2002_RULE_19,MSCS_RULES_2002,child,rules,Central,132,827,11,12,,,19,,,Procedure for conduct of elections,elections;governance;meetings;membership;multistate;registrar,STRUCTURE_UNCERTAIN
MSCS_RULES_2002_SCHEDULE_015,MSCS_RULES_2002,child,rules,Central,126,804,12,12,,,,,,schedule attached with these rules.,elections;eligibility;multistate,
MSCS_RULES_2002_RULE_22,MSCS_RULES_2002,child,rules,Central,179,1097,12,13,,,22,,,Certification of copies of entries in books,byelaws;multistate,
MSCS_RULES_2002_RULE_23,MSCS_RULES_2002,child,rules,Central,40,258,13,13,,,23,,,Government aid to multi-state cooperative societies,multistate,
MSCS_RULES_2002_RULE_24,MSCS_RULES_2002,child,rules,Central,107,653,13,13,,,24,,,Distribution of profit to members,byelaws;membership;multistate,
MSCS_RULES_2002_RULE_25,MSCS_RULES_2002,child,rules,Central,313,2136,13,14,,,25,,,Contribution towards Cooperative Education Fund,management;membership;multistate;registrar,
MSCS_RULES_2002_RULE_26,MSCS_RULES_2002,child,rules,Central,677,4184,14,16,,,26,,,Contributory Provident Fund,byelaws;loans;membership;multistate;registrar,STRUCTURE_UNCERTAIN
MSCS_RULES_2002_RULE_28,MSCS_RULES_2002,parent,rules,Central,862,5217,16,19,,,28,,,Procedure to be adopted by liquidator,claim;deposits;documents;loans;meetings;membership;multistate;registrar;registration,CONTEXT_PARENT
MSCS_RULES_2002_RULE_28_SUB_1,MSCS_RULES_2002,child,rules,Central,35,203,19,19,,,28,1,,Procedure to be adopted by liquidator,registrar,
MSCS_RULES_2002_RULE_28_SUB_2,MSCS_RULES_2002,child,rules,Central,47,300,19,19,,,28,2,,Procedure to be adopted by liquidator,,
MSCS_RULES_2002_CONTEXT_022,MSCS_RULES_2002,child,rules,Central,924,5440,19,21,,,,,,,appeal;registrar;timeline,LONG_CHUNK_NO_SAFE_SPLIT;RULE_IDENTIFIER_MISSING;STRUCTURE_UNCERTAIN
MSCS_RULES_2002_RULE_34,MSCS_RULES_2002,child,rules,Central,343,2099,22,22,,,34,,,Preparation of a scheme for the reconstitution or reorganisation of,byelaws;meetings;membership;multistate;registrar,
MSCS_RULES_2002_RULE_35,MSCS_RULES_2002,child,rules,Central,39,218,23,23,,,35,,,Payment of fee for inspection of records,membership,
MSCS_RULES_2002_RULE_36,MSCS_RULES_2002,child,rules,Central,1171,6830,23,25,,,36,,,Mode of service of summon,deposits;documents;membership;registrar;reporting,LONG_CHUNK_NO_SAFE_SPLIT;STRUCTURE_UNCERTAIN
MSCS_RULES_2002_FORM_026,MSCS_RULES_2002,child,rules,Central,5025,28809,25,37,,,,,,the form specified by the Central Registrar with one or more sufficient,appeal;claim;deposits;management;membership;multistate;registrar;registration;timeline,LONG_CHUNK_NO_SAFE_SPLIT
MSCS_RULES_2002_SCHEDULE_027,MSCS_RULES_2002,child,rules,Central,4087,23956,37,46,,,,,,SCHEDULE,byelaws;elections;eligibility;governance;meetings;membership;multistate;registrar;registration;reporting,LONG_CHUNK_NO_SAFE_SPLIT
MSCS_RULES_2002_FORM_I,MSCS_RULES_2002,child,rules,Central,375,2538,46,49,,,,,,FORM – I,byelaws;documents;multistate;registrar;registration,TABLE_REVIEW
MSCS_RULES_2002_FORM_II,MSCS_RULES_2002,child,rules,Central,76,467,49,50,,,,,,FORM – II,elections;governance;multistate;registration,TABLE_REVIEW
MSCS_RULES_2002_FORM_III,MSCS_RULES_2002,child,rules,Central,312,1918,50,52,,,,,,FORM III,byelaws;elections;governance;membership;multistate,
MSCS_RULES_2002_FORM_IV,MSCS_RULES_2002,child,rules,Central,18,110,52,53,,,,,,FORM IV,elections,SHORT_CHUNK
MSCS_RULES_2002_FORM_V,MSCS_RULES_2002,child,rules,Central,274,1669,53,54,,,,,,FORM V,byelaws;elections;membership;multistate,
MSCS_RULES_AMD_2023_DOC,MSCS_RULES_AMD_2023,parent,amendment_rules,Central,4,30,1,49,,,,,,,,CONTEXT_PARENT;DUPLICATE_TEXT;SHORT_CHUNK
MSCS_RULES_AMD_2023_CONTEXT_001,MSCS_RULES_AMD_2023,child,amendment_rules,Central,14562,76042,1,27,,,,,,,multistate,LONG_CHUNK_NO_SAFE_SPLIT;STRUCTURE_UNCERTAIN
MSCS_RULES_AMD_2023_ITEM_1,MSCS_RULES_AMD_2023,child,amendment_rules,Central,34,217,27,27,,,,,,Short title and commencement,multistate,
MSCS_RULES_AMD_2023_ITEM_2,MSCS_RULES_AMD_2023,child,amendment_rules,Central,151,1005,27,27,,,,,,"In the Multi-State Co-operative Societies Rules, 2002, (hereinafter referred to as the principal rules), in rule 2,",elections;multistate,MULTIPLE_AMENDMENT_ACTIONS
MSCS_RULES_AMD_2023_ITEM_3,MSCS_RULES_AMD_2023,child,amendment_rules,Central,297,1962,27,28,,,,,,"In the principal rules, after Chapter 2, the following Chapter shall be inserted, namely:",deposits;loans;management;membership;multistate;registration,
MSCS_RULES_AMD_2023_ITEM_4,MSCS_RULES_AMD_2023,child,amendment_rules,Central,6914,41400,28,36,,,,,,"In the principal rules, for rule 19, the following rules shall be substituted, namely:",byelaws;documents;elections;eligibility;governance;meetings;membership;multistate;registrar;reporting;timeline,LONG_CHUNK_NO_SAFE_SPLIT
MSCS_RULES_AMD_2023_ITEM_5,MSCS_RULES_AMD_2023,child,amendment_rules,Central,274,1648,36,36,,,,,,"In the principal rules, for rule 20, the following rules shall be substituted, namely:",elections;eligibility;management;membership;multistate,
MSCS_RULES_AMD_2023_ITEM_6,MSCS_RULES_AMD_2023,child,amendment_rules,Central,467,3263,36,37,,,,,,"In the principal rules, for rule 25, the following rule shall be substituted, namely:",management;membership;multistate;registrar,
MSCS_RULES_AMD_2023_ITEM_7,MSCS_RULES_AMD_2023,child,amendment_rules,Central,1331,8202,37,40,,,,,,"In the principal rules, after Chapter 5, the following Chapter shall be inserted, namely:",appeal;complaint;deposits;eligibility;form_vi;form_vii;management;membership;multistate;ombudsman;registrar,LONG_CHUNK_NO_SAFE_SPLIT
MSCS_RULES_AMD_2023_ITEM_8,MSCS_RULES_AMD_2023,child,amendment_rules,Central,145,918,40,40,,,,,,"In the principal rules, for Chapter 8, the following Chapter shall be substituted, namely:",membership,
MSCS_RULES_AMD_2023_ITEM_9,MSCS_RULES_AMD_2023,child,amendment_rules,Central,232,1502,40,40,,,,,,"In the principal rules, after chapter 8, the following chapter shall be inserted, namely:",membership;multistate;registrar,
MSCS_RULES_AMD_2023_ITEM_35B,MSCS_RULES_AMD_2023,child,amendment_rules,Central,57,346,40,40,,,,,,Omission of National Co-operative Societies from Second Schedule,,
MSCS_RULES_AMD_2023_ITEM_10,MSCS_RULES_AMD_2023,child,amendment_rules,Central,937,6312,40,42,,,,,,"In the principal rules, after rule 37, the following rules shall be inserted namely:",byelaws;documents;governance;management;membership;multistate;registrar;registration;reporting;timeline,LONG_CHUNK_NO_SAFE_SPLIT;MALFORMED_NUMBERING_HIERARCHY
MSCS_RULES_AMD_2023_ITEM_11,MSCS_RULES_AMD_2023,child,amendment_rules,Central,9,54,42,42,,,,,,"In the principal rules, Schedule shall be omitted",,SHORT_CHUNK
MSCS_RULES_AMD_2023_ITEM_12,MSCS_RULES_AMD_2023,child,amendment_rules,Central,281,1739,42,43,,,,,,"In the principal rules, for Form III, the following Form shall be substituted, namely:",byelaws;elections;governance;membership;multistate,
MSCS_RULES_AMD_2023_ITEM_13,MSCS_RULES_AMD_2023,child,amendment_rules,Central,89,630,43,43,,,,,,"In the principal rules, for Form IV, the following Form shall be substituted, namely:",elections;governance;membership,
MSCS_RULES_AMD_2023_ITEM_14,MSCS_RULES_AMD_2023,child,amendment_rules,Central,287,1763,43,44,,,,,,"In the principal rules, for Form V, the following Forms shall be substituted, namely:",byelaws;elections;form_vi;membership;multistate,
MSCS_RULES_AMD_2023_FORM_017,MSCS_RULES_AMD_2023,child,amendment_rules,Central,493,3302,44,46,,,,,,FORM OF COMPLAINT,claim;complaint;documents;membership;multistate;ombudsman;registrar,
MSCS_RULES_AMD_2023_FORM_VII,MSCS_RULES_AMD_2023,child,amendment_rules,Central,6,27,46,46,,,,,,FORM VII,form_vii,SHORT_CHUNK
MSCS_RULES_AMD_2023_FORM_019,MSCS_RULES_AMD_2023,child,amendment_rules,Central,366,2463,46,47,,,,,,FORM OF APPEAL AGAINST DECISION OF THE CO-OPERATIVE INFORMATION OFFICER,appeal;complaint;documents;membership;multistate;ombudsman;timeline,
MSCS_RULES_AMD_2023_FORM_VIII,MSCS_RULES_AMD_2023,child,amendment_rules,Central,6,28,47,47,,,,,,FORM VIII,,SHORT_CHUNK
MSCS_RULES_AMD_2023_FORM_021,MSCS_RULES_AMD_2023,child,amendment_rules,Central,661,4500,47,49,,,,,,FORM OF APPEAL BEFORE THE CENTRAL REGISTRAR,appeal;byelaws;complaint;documents;management;membership;multistate;ombudsman;registrar,
KA_ACT_1959_DOC,KA_ACT_1959,parent,act,Karnataka,2,10,6,189,,,,,,,,CONTEXT_PARENT;SHORT_CHUNK
KA_ACT_1959_CONTEXT_001,KA_ACT_1959,child,act,Karnataka,216,1452,6,6,,,,,,,claim;loans;registration,SECTION_IDENTIFIER_MISSING;STRUCTURE_UNCERTAIN
KA_ACT_1959_SEC_88,KA_ACT_1959,child,act,Karnataka,219,1384,6,7,88,,,,,Distraint,loans;registrar,
KA_ACT_1959_CONTEXT_003,KA_ACT_1959,child,act,Karnataka,89,582,7,7,,,,,,,registrar,SECTION_IDENTIFIER_MISSING;STRUCTURE_UNCERTAIN
KA_ACT_1959_CONTEXT_004,KA_ACT_1959,child,act,Karnataka,44,293,8,8,,,,,,,appeal;membership,SECTION_IDENTIFIER_MISSING;STRUCTURE_UNCERTAIN
KA_ACT_1959_CONTEXT_005,KA_ACT_1959,child,act,Karnataka,9333,59152,8,33,,,,,,,appeal;byelaws;claim;complaint;deposits;elections;governance;loans;management;meetings;membership;pacs;registrar;registration;state_law,LONG_CHUNK_NO_SAFE_SPLIT;SECTION_IDENTIFIER_MISSING;STRUCTURE_UNCERTAIN
KA_ACT_1959_SEC_1,KA_ACT_1959,child,act,Karnataka,104,606,33,33,1,,,,,"Short title, extent and commencement",state_law,MALFORMED_NUMBERING_HIERARCHY
KA_ACT_1959_SEC_2,KA_ACT_1959,child,act,Karnataka,2223,13819,33,40,2,,,,,Definitions,byelaws;deposits;elections;governance;loans;management;meetings;membership;registrar;registration;state_law,LONG_CHUNK_NO_SAFE_SPLIT;STRUCTURE_UNCERTAIN
KA_ACT_1959_SEC_2A,KA_ACT_1959,child,act,Karnataka,907,5604,40,42,2A,,,,,"Registrar, Additional Registrars, Joint Registrars, Deputy Registrars [,State",appeal;documents;registrar,LONG_CHUNK_NO_SAFE_SPLIT;STRUCTURE_UNCERTAIN
KA_ACT_1959_SEC_4,KA_ACT_1959,child,act,Karnataka,129,786,42,42,4,,,,,Societies which may be registered,membership;registration,
KA_ACT_1959_SEC_5,KA_ACT_1959,child,act,Karnataka,68,433,42,43,5,,,,,Registration with limited or unlimited liability,membership;registration,
KA_ACT_1959_SEC_6,KA_ACT_1959,child,act,Karnataka,388,2300,43,44,6,,,,,Application for registration of co-operative societies,byelaws;meetings;membership;registrar;registration,
KA_ACT_1959_SEC_7,KA_ACT_1959,child,act,Karnataka,313,1857,44,44,7,,,,,Registration,byelaws;registrar;registration,
KA_ACT_1959_SEC_8,KA_ACT_1959,child,act,Karnataka,67,426,44,44,8,,,,,Registration certificate,registrar;registration,
KA_ACT_1959_SEC_9,KA_ACT_1959,child,act,Karnataka,65,406,45,45,9,,,,,Co-operative societies to be bodies corporate,registration,
KA_ACT_1959_SEC_10,KA_ACT_1959,child,act,Karnataka,116,704,45,45,10,,,,,Change of name of co-operative society,byelaws;registrar;registration,
KA_ACT_1959_SEC_11,KA_ACT_1959,child,act,Karnataka,288,1669,45,46,11,,,,,Change of liability,byelaws;claim;deposits;loans;membership,STRUCTURE_UNCERTAIN
KA_ACT_1959_SEC_12,KA_ACT_1959,parent,act,Karnataka,523,3117,46,47,12,,,,,Amendment of bye-laws of a co-operative society,byelaws;membership;registrar;timeline,
KA_ACT_1959_SEC_12_SUB_2,KA_ACT_1959,child,act,Karnataka,220,1297,46,46,12,2,,,,Amendment of bye-laws of a co-operative society,byelaws;membership;registrar,
KA_ACT_1959_SEC_12_SUB_4,KA_ACT_1959,child,act,Karnataka,105,604,47,47,12,4,,,,Amendment of bye-laws of a co-operative society,byelaws;registrar,
KA_ACT_1959_SEC_12_SUB_6,KA_ACT_1959,child,act,Karnataka,77,494,47,47,12,6,,,,Amendment of bye-laws of a co-operative society,byelaws;registrar,
KA_ACT_1959_SEC_13,KA_ACT_1959,child,act,Karnataka,49,284,47,47,13,,,,,When amendments of bye-laws come into force,byelaws,
KA_ACT_1959_SEC_14,KA_ACT_1959,parent,act,Karnataka,529,3108,47,48,14,,,,,"Amalgamation, transfer of assets and liabilities and division of co-operative",byelaws;claim;deposits;loans;meetings;membership;registrar,
KA_ACT_1959_SEC_14_SUB_1,KA_ACT_1959,child,act,Karnataka,61,363,47,47,14,1,,,,"Amalgamation, transfer of assets and liabilities and division of co-operative",meetings;membership,
KA_ACT_1959_SEC_14_SUB_2,KA_ACT_1959,child,act,Karnataka,38,232,47,47,14,2,,,,"Amalgamation, transfer of assets and liabilities and division of co-operative",meetings;membership,
KA_ACT_1959_SEC_14_SUB_3,KA_ACT_1959,child,act,Karnataka,78,478,47,47,14,3,,,,"Amalgamation, transfer of assets and liabilities and division of co-operative",registrar,
KA_ACT_1959_SEC_14_SUB_4,KA_ACT_1959,child,act,Karnataka,98,558,48,48,14,4,,,,"Amalgamation, transfer of assets and liabilities and division of co-operative",byelaws;deposits;loans;membership;registrar,
KA_ACT_1959_SEC_14_SUB_5,KA_ACT_1959,child,act,Karnataka,42,246,48,48,14,5,,,,"Amalgamation, transfer of assets and liabilities and division of co-operative",membership,
KA_ACT_1959_SEC_14_SUB_6,KA_ACT_1959,child,act,Karnataka,66,388,48,48,14,6,,,,"Amalgamation, transfer of assets and liabilities and division of co-operative",claim;membership,
KA_ACT_1959_SEC_14_SUB_7,KA_ACT_1959,child,act,Karnataka,134,735,48,48,14,7,,,,"Amalgamation, transfer of assets and liabilities and division of co-operative",,
KA_ACT_1959_SEC_14B,KA_ACT_1959,child,act,Karnataka,100,612,48,48,14B,,,,,Registrar to prepare scheme for amalgamation of co-operative banks in,registrar,
KA_ACT_1959_SEC_14C,KA_ACT_1959,child,act,Karnataka,140,862,49,49,14C,,,,,Liability of co-operative bank to the Deposit Insurance Corporation,deposits,
KA_ACT_1959_SEC_15,KA_ACT_1959,child,act,Karnataka,235,1435,49,49,15,,,,,Cancellation of registration certificates of co-operative societies in certain,registration,
KA_ACT_1959_SEC_16,KA_ACT_1959,child,act,Karnataka,532,3237,49,51,16,,,,,Persons who may become members,byelaws;membership;registration;state_law,
KA_ACT_1959_SEC_17,KA_ACT_1959,child,act,Karnataka,368,2008,51,52,17,,,,,Disqualification for membership,eligibility;membership;registrar,
KA_ACT_1959_SEC_18,KA_ACT_1959,child,act,Karnataka,353,2101,52,53,18,,,,,Nominal or associate members,byelaws;deposits;eligibility;membership;state_law,
KA_ACT_1959_SEC_18A,KA_ACT_1959,child,act,Karnataka,111,635,53,53,18A,,,,,Cessation of membership,membership,
KA_ACT_1959_SEC_18_B,KA_ACT_1959,child,act,Karnataka,121,760,53,54,18-B,,,,,Cessation of directorship,membership,
KA_ACT_1959_SEC_19,KA_ACT_1959,child,act,Karnataka,119,688,54,54,19,,,,,Member not to exercise rights till due payment made,membership,
KA_ACT_1959_SEC_20,KA_ACT_1959,child,act,Karnataka,808,4508,54,56,20,,,,,Votes of members,byelaws;elections;loans;meetings;membership;registrar;registration,STRUCTURE_UNCERTAIN
KA_ACT_1959_SEC_21,KA_ACT_1959,parent,act,Karnataka,469,2727,56,57,21,,,,,Manner of exercising vote,elections;meetings;membership,
KA_ACT_1959_SEC_21_SUB_2,KA_ACT_1959,child,act,Karnataka,251,1463,56,57,21,2,,,,Manner of exercising vote,elections;meetings;membership,
KA_ACT_1959_SEC_21_SUB_3,KA_ACT_1959,child,act,Karnataka,114,632,57,57,21,3,,,,Manner of exercising vote,meetings;membership,
KA_ACT_1959_SEC_23,KA_ACT_1959,child,act,Karnataka,79,417,57,57,23,,,,,Restrictions on transfers of shares or interest,membership,
KA_ACT_1959_SEC_23A,KA_ACT_1959,child,act,Karnataka,150,829,57,58,23A,,,,,Refund of value of share,loans;membership,
KA_ACT_1959_SEC_24,KA_ACT_1959,child,act,Karnataka,339,1959,58,59,24,,,,,Transfer of interest on death of member,membership,
KA_ACT_1959_SEC_25,KA_ACT_1959,child,act,Karnataka,180,950,59,59,25,,,,,Liability of past member and estate of deceased member,membership,STRUCTURE_UNCERTAIN
KA_ACT_1959_SEC_26,KA_ACT_1959,child,act,Karnataka,309,1804,59,60,26,,,,,Final authority in a co-operative society,byelaws;management;meetings;membership;registrar,
KA_ACT_1959_SEC_26A,KA_ACT_1959,child,act,Karnataka,176,1022,60,60,26A,,,,,Partnership of Co-operative Societies,meetings;membership;registrar,
KA_ACT_1959_SEC_26B,KA_ACT_1959,child,act,Karnataka,252,1547,60,61,26B,,,,,Collaboration by Co-operative Societies,byelaws;management;membership;registrar,
KA_ACT_1959_SEC_27,KA_ACT_1959,child,act,Karnataka,811,4878,61,63,27,,,,,Annual General Meeting,byelaws;eligibility;loans;management;meetings;membership;registrar,STRUCTURE_UNCERTAIN
KA_ACT_1959_SEC_27B,KA_ACT_1959,child,act,Karnataka,147,901,63,64,27B,,,,,Returns to be filed with the Registrar,byelaws;elections;meetings;registrar,
KA_ACT_1959_SEC_28,KA_ACT_1959,child,act,Karnataka,179,1014,64,64,28,,,,,Special general meeting,byelaws;meetings;membership;registrar,
KA_ACT_1959_SEC_28A,KA_ACT_1959,child,act,Karnataka,2235,13396,64,70,28A,,,,,Management of co-operative societies vest in the *board*,byelaws;elections;eligibility;loans;management;meetings;membership;registrar;registration;state_law;timeline,LONG_CHUNK_NO_SAFE_SPLIT;STRUCTURE_UNCERTAIN
KA_ACT_1959_SEC_28D,KA_ACT_1959,child,act,Karnataka,54,364,70,70,28D,,,,,"Foreign tours by members, directors, office-bearers and employees of a",membership,
KA_ACT_1959_SEC_29,KA_ACT_1959,child,act,Karnataka,21,103,70,70,29,,,,,[XXX],membership,
KA_ACT_1959_SEC_29A,KA_ACT_1959,child,act,Karnataka,396,2261,70,71,29A,,,,,Commencement of term of office,byelaws;elections;meetings;membership;timeline,
KA_ACT_1959_SEC_29C,KA_ACT_1959,parent,act,Karnataka,7,53,71,75,29C,,,,,Disqualification for membership of the *board*,membership,CONTEXT_PARENT;SHORT_CHUNK
KA_ACT_1959_SEC_29C_SUB_1,KA_ACT_1959,child,act,Karnataka,735,4150,71,73,29C,1,,,,Disqualification for membership of the *board*,byelaws;elections;eligibility;loans;meetings;membership;timeline,
KA_ACT_1959_SEC_29C_SUB_2,KA_ACT_1959,child,act,Karnataka,239,1408,73,74,29C,2,,,,Disqualification for membership of the *board*,elections;meetings;membership;registrar,
KA_ACT_1959_SEC_29C_SUB_5,KA_ACT_1959,child,act,Karnataka,84,538,74,74,29C,5,,,,Disqualification for membership of the *board*,eligibility;membership,
KA_ACT_1959_SEC_29C_SUB_6,KA_ACT_1959,child,act,Karnataka,35,213,74,74,29C,6,,,,Disqualification for membership of the *board*,membership,
KA_ACT_1959_SEC_29C_SUB_7,KA_ACT_1959,child,act,Karnataka,259,1530,74,75,29C,7,,,,Disqualification for membership of the *board*,byelaws;membership;registrar,
KA_ACT_1959_SEC_29C_SUB_9,KA_ACT_1959,child,act,Karnataka,150,917,75,75,29C,9,,,,Disqualification for membership of the *board*,eligibility;membership,
KA_ACT_1959_SEC_29E,KA_ACT_1959,child,act,Karnataka,204,1135,75,76,29E,,,,,Filling up of casual vacancy in the office of members of the *board*,byelaws;elections;membership;registrar,
KA_ACT_1959_SEC_29F,KA_ACT_1959,child,act,Karnataka,277,1718,76,76,29F,,,,,"Election of President, Chairperson, Vice-President, or Vice-Chairperson, etc.,",byelaws;elections;meetings;membership;timeline,
KA_ACT_1959_SEC_29G,KA_ACT_1959,parent,act,Karnataka,5,38,76,81,29G,,,,,Appointment of Chief Executive,,CONTEXT_PARENT;SHORT_CHUNK
KA_ACT_1959_SEC_29G_SUB_1,KA_ACT_1959,child,act,Karnataka,241,1423,76,77,29G,1,,,,Appointment of Chief Executive,registrar,
KA_ACT_1959_SEC_29G_SUB_2,KA_ACT_1959,child,act,Karnataka,39,233,77,77,29G,2,,,,Appointment of Chief Executive,registrar,
KA_ACT_1959_SEC_29G_SUB_3,KA_ACT_1959,child,act,Karnataka,52,288,77,77,29G,3,,,,Appointment of Chief Executive,registrar,
KA_ACT_1959_SEC_29G_SUB_4,KA_ACT_1959,child,act,Karnataka,436,2665,77,78,29G,4,,,,Appointment of Chief Executive,byelaws;documents;elections;loans;management;meetings;membership;registrar,
KA_ACT_1959_SEC_29G_SUB_5,KA_ACT_1959,child,act,Karnataka,138,835,79,79,29G,5,,,,Appointment of Chief Executive,byelaws;claim,
KA_ACT_1959_SEC_29G_SUB_6,KA_ACT_1959,child,act,Karnataka,994,5847,79,81,29G,6,,,,Appointment of Chief Executive,byelaws;elections;eligibility;loans;management;meetings;membership;registrar;timeline,LONG_CHUNK_NO_SAFE_SPLIT
KA_ACT_1959_SEC_30B,KA_ACT_1959,child,act,Karnataka,12,62,81,81,30B,,,,,XXX],,SHORT_CHUNK
KA_ACT_1959_SEC_30B_002,KA_ACT_1959,child,act,Karnataka,53,350,81,81,30B,,,,,Powers to give direction in public interest,membership,
KA_ACT_1959_SCHEDULE_D,KA_ACT_1959,parent,act,Karnataka,158,998,81,83,,,,,,"Scheduled Castes, Scheduled Tribes and other Backward Classes and ensuring reservation",registrar,CONTEXT_PARENT
KA_ACT_1959_SCHEDULE_D_SUB_1,KA_ACT_1959,child,act,Karnataka,412,2406,82,83,,,,,,"Scheduled Castes, Scheduled Tribes and other Backward Classes and ensuring reservation",byelaws;membership;registrar,
KA_ACT_1959_SCHEDULE_D_SUB_2,KA_ACT_1959,child,act,Karnataka,353,2194,83,83,,,,,,"Scheduled Castes, Scheduled Tribes and other Backward Classes and ensuring reservation",documents;registrar,
KA_ACT_1959_SEC_32,KA_ACT_1959,child,act,Karnataka,244,1527,83,84,32,,,,,First charge of co-operative society on certain assets,claim;loans;membership;state_law,STRUCTURE_UNCERTAIN
KA_ACT_1959_SEC_33,KA_ACT_1959,child,act,Karnataka,772,4369,84,86,33,,,,,"Charge on land, owned by members or held as tenants by members borrowing",claim;loans;membership;state_law,STRUCTURE_UNCERTAIN
KA_ACT_1959_SEC_34,KA_ACT_1959,child,act,Karnataka,325,1873,86,86,34,,,,,Deduction from salary to meet society's claim in certain cases,claim;loans;membership;timeline,
KA_ACT_1959_SEC_35,KA_ACT_1959,child,act,Karnataka,158,857,86,87,35,,,,,Charge and set off in respect of shares or interest of members in the capital of a,deposits;membership,
KA_ACT_1959_SEC_36,KA_ACT_1959,child,act,Karnataka,86,472,87,87,36,,,,,Shares or interest not liable to attachment,claim;membership,
KA_ACT_1959_SEC_37,KA_ACT_1959,child,act,Karnataka,280,1617,87,87,37,,,,,"Exemption from certain taxes, duties and fees",documents;membership;registration;state_law,
KA_ACT_1959_SEC_38,KA_ACT_1959,child,act,Karnataka,208,1304,88,88,38,,,,,Exemption from compulsory registration of instruments,registration,
KA_ACT_1959_SEC_39,KA_ACT_1959,parent,act,Karnataka,10,76,88,91,39,,,,,Registration of documents executed on behalf of co-operative societies,documents;registration,CONTEXT_PARENT;SHORT_CHUNK
KA_ACT_1959_SEC_39_SUB_1,KA_ACT_1959,child,act,Karnataka,103,601,88,88,39,1,,,,Registration of documents executed on behalf of co-operative societies,documents;membership;registration,
KA_ACT_1959_SEC_39_SUB_2,KA_ACT_1959,child,act,Karnataka,1078,6892,88,91,39,2,,,,Registration of documents executed on behalf of co-operative societies,documents;elections;membership;registrar;registration;reporting,LONG_CHUNK_NO_SAFE_SPLIT
KA_ACT_1959_SEC_39B,KA_ACT_1959,child,act,Karnataka,49,327,91,91,39B,,,,,Cost of conducting elections,elections,
KA_ACT_1959_SEC_39C,KA_ACT_1959,child,act,Karnataka,521,3006,91,92,39C,,,,,Corrupt practices,appeal;elections;meetings;membership,
KA_ACT_1959_SEC_39D,KA_ACT_1959,child,act,Karnataka,97,586,93,93,39D,,,,,Maintenance of secrecy of voting,elections,
KA_ACT_1959_SEC_39E,KA_ACT_1959,child,act,Karnataka,187,1066,93,93,39E,,,,,Officers etc. at election not to act for candidates or to influence voting,elections;management;membership,
KA_ACT_1959_SEC_39F,KA_ACT_1959,child,act,Karnataka,144,850,93,93,39F,,,,,Prohibition of canvassing in or near polling station,elections,
KA_ACT_1959_SEC_39G,KA_ACT_1959,child,act,Karnataka,254,1474,94,94,39G,,,,,Penalty for disorderly conduct in or near poling station,,
KA_ACT_1959_SEC_39H,KA_ACT_1959,child,act,Karnataka,158,936,94,94,39H,,,,,Penalty for misconduct at the polling station,,
KA_ACT_1959_SEC_39I,KA_ACT_1959,child,act,Karnataka,139,856,94,95,39I,,,,,Breaches of official duty in connection with election,elections,
KA_ACT_1959_SEC_39J,KA_ACT_1959,child,act,Karnataka,215,1217,95,95,39J,,,,,Removal of ballot papers from polling station to be an offence,elections,
KA_ACT_1959_SEC_39K,KA_ACT_1959,child,act,Karnataka,388,2234,95,96,39K,,,,,Other offences and penalties,documents;elections,
KA_ACT_1959_SEC_40,KA_ACT_1959,child,act,Karnataka,49,312,96,96,40,,,,,Promotion of co-operative movement,,
KA_ACT_1959_SEC_41,KA_ACT_1959,child,act,Karnataka,71,452,96,96,41,,,,,Direct partnership of State Government in co-operative societies,,
KA_ACT_1959_SEC_42,KA_ACT_1959,child,act,Karnataka,45,316,96,96,42,,,,,Indirect partnership of State Government in co-operative societies,,
KA_ACT_1959_SEC_43,KA_ACT_1959,child,act,Karnataka,121,808,97,97,43,,,,,Principal State Partnership Fund,,
KA_ACT_1959_SEC_44,KA_ACT_1959,child,act,Karnataka,80,516,97,97,44,,,,,Subsidiary State Partnership Fund,,
KA_ACT_1959_SEC_45,KA_ACT_1959,child,act,Karnataka,44,287,97,97,45,,,,,Approval of State Government for purchase of shares,,
KA_ACT_1959_SEC_46,KA_ACT_1959,child,act,Karnataka,79,464,97,97,46,,,,,Liability to be limited in respect of certain shares,,
KA_ACT_1959_SEC_47,KA_ACT_1959,child,act,Karnataka,74,462,97,98,47,,,,,Restriction on amount of dividend,,
KA_ACT_1959_SEC_48,KA_ACT_1959,child,act,Karnataka,168,1030,98,98,48,,,,,Indemnity of apex and central societies,claim,
KA_ACT_1959_SEC_49,KA_ACT_1959,child,act,Karnataka,192,1133,98,98,49,,,,,"Disposal of share capital and dividend, etc",,
KA_ACT_1959_SEC_50,KA_ACT_1959,child,act,Karnataka,114,667,98,99,50,,,,,Disposal of 'Principal State Partnership Fund' and 'Subsidiary State Partnership,,
KA_ACT_1959_SEC_51,KA_ACT_1959,child,act,Karnataka,53,310,99,99,51,,,,,Principal State Partnership Fund and Subsidiary State Partnership Fund not to,,
KA_ACT_1959_SEC_52,KA_ACT_1959,child,act,Karnataka,107,650,99,99,52,,,,,Agreement by State Government and apex societies,,
KA_ACT_1959_SEC_53,KA_ACT_1959,child,act,Karnataka,144,875,99,99,53,,,,,Other forms of State aid to co-operative societies,loans,
KA_ACT_1959_SEC_54,KA_ACT_1959,child,act,Karnataka,10,58,99,99,54,,,,,XXX]1,,SHORT_CHUNK
KA_ACT_1959_SEC_55,KA_ACT_1959,child,act,Karnataka,40,243,99,99,55,,,,,Provisions of this Chapter to override other laws,,
KA_ACT_1959_SEC_56,KA_ACT_1959,child,act,Karnataka,214,1318,100,100,56,,,,,Mobilisation of Funds,byelaws;deposits;loans;meetings;membership,STRUCTURE_UNCERTAIN
KA_ACT_1959_SEC_57,KA_ACT_1959,child,act,Karnataka,672,4128,100,102,57,,,,,Net profits and their disposal,byelaws;meetings;membership;registration;state_law;timeline,STRUCTURE_UNCERTAIN
KA_ACT_1959_SEC_58,KA_ACT_1959,child,act,Karnataka,198,1126,102,103,58,,,,,Investment of funds,deposits;meetings;registrar,
KA_ACT_1959_SEC_59,KA_ACT_1959,child,act,Karnataka,138,806,103,103,59,,,,,Restrictions on borrowings,byelaws;deposits;loans;meetings,
KA_ACT_1959_SEC_60,KA_ACT_1959,child,act,Karnataka,65,407,103,103,60,,,,,Restrictions on loans,deposits;loans;membership,
KA_ACT_1959_SEC_61,KA_ACT_1959,child,act,Karnataka,39,246,103,103,61,,,,,Restrictions on other transactions with non-members,membership,
KA_ACT_1959_SEC_62,KA_ACT_1959,child,act,Karnataka,96,574,103,103,62,,,,,Provident Fund,byelaws,STRUCTURE_UNCERTAIN
KA_ACT_1959_CONTEXT_093,KA_ACT_1959,child,act,Karnataka,2483,15110,104,109,,,,,,,documents;loans;management;meetings;membership;registrar;reporting;timeline,LONG_CHUNK_NO_SAFE_SPLIT;SECTION_IDENTIFIER_MISSING;STRUCTURE_UNCERTAIN
KA_ACT_1959_SEC_64,KA_ACT_1959,parent,act,Karnataka,888,5111,109,111,64,,,,,Inquiry by Registrar,byelaws;documents;meetings;membership;registrar,
KA_ACT_1959_SEC_64_SUB_1,KA_ACT_1959,child,act,Karnataka,53,309,109,109,64,1,,,,Inquiry by Registrar,registrar,
KA_ACT_1959_SEC_64_SUB_2,KA_ACT_1959,child,act,Karnataka,178,999,109,110,64,2,,,,Inquiry by Registrar,membership;registrar,
KA_ACT_1959_SEC_64_SUB_3,KA_ACT_1959,child,act,Karnataka,355,2042,110,111,64,3,,,,Inquiry by Registrar,byelaws;documents;meetings;registrar,
KA_ACT_1959_SEC_64_SUB_4,KA_ACT_1959,child,act,Karnataka,298,1727,111,111,64,4,,,,Inquiry by Registrar,meetings;registrar,
KA_ACT_1959_SEC_65,KA_ACT_1959,child,act,Karnataka,431,2503,111,112,65,,,,,Inspection of books of a co-operative society,deposits;meetings;registrar,
KA_ACT_1959_SEC_65A,KA_ACT_1959,child,act,Karnataka,120,694,112,113,65A,,,,,"Report of [inquiry] , inspection and final report to be made available to a",registrar,
KA_ACT_1959_SEC_65B,KA_ACT_1959,child,act,Karnataka,148,881,113,113,65B,,,,,Inspection of books of co-operative society by a credit agency,documents;membership,
KA_ACT_1959_SEC_66,KA_ACT_1959,child,act,Karnataka,132,759,113,113,66,,,,,Power to seize books and property,,
KA_ACT_1959_SEC_67,KA_ACT_1959,child,act,Karnataka,146,841,113,114,67,,,,,Costs of Inquiry,membership;registrar,
KA_ACT_1959_SEC_68,KA_ACT_1959,child,act,Karnataka,281,1624,114,114,68,,,,,Order by the Registrar,registrar,
KA_ACT_1959_SEC_69,KA_ACT_1959,child,act,Karnataka,439,2577,114,115,69,,,,,Surcharge,byelaws;management;membership;registrar,
KA_ACT_1959_SEC_70,KA_ACT_1959,parent,act,Karnataka,589,3491,115,117,70,,,,,Disputes which may be referred to Registrar for decision,claim;management;membership;registrar,
KA_ACT_1959_SEC_70_SUB_1,KA_ACT_1959,child,act,Karnataka,225,1354,115,116,70,1,,,,Disputes which may be referred to Registrar for decision,management;membership;registrar,
KA_ACT_1959_SEC_70_SUB_2,KA_ACT_1959,child,act,Karnataka,277,1615,116,117,70,2,,,,Disputes which may be referred to Registrar for decision,claim;management;membership;registrar,
KA_ACT_1959_SEC_70_SUB_3,KA_ACT_1959,child,act,Karnataka,51,305,117,117,70,3,,,,Disputes which may be referred to Registrar for decision,management;registrar,
KA_ACT_1959_SEC_70_SUB_5,KA_ACT_1959,child,act,Karnataka,21,111,117,117,70,5,,,,Disputes which may be referred to Registrar for decision,registrar,
KA_ACT_1959_SEC_70A,KA_ACT_1959,child,act,Karnataka,171,1058,117,117,70A,,,,,Period of limitation,elections;membership;registrar;timeline,
KA_ACT_1959_SEC_71,KA_ACT_1959,child,act,Karnataka,418,2453,117,118,71,,,,,Disposal of disputes,appeal;registrar,STRUCTURE_UNCERTAIN
KA_ACT_1959_SEC_71A,KA_ACT_1959,child,act,Karnataka,236,1358,118,119,71A,,,,,Powers of financing bank to proceed against members of a co-operative,byelaws;membership;timeline,
KA_ACT_1959_SEC_71B,KA_ACT_1959,child,act,Karnataka,237,1353,119,119,71B,,,,,Powers of credit agency to proceed against members of a co-operative,byelaws;membership;timeline,
KA_ACT_1959_SEC_72,KA_ACT_1959,child,act,Karnataka,405,2309,119,120,72,,,,,Winding up of co-operative societies,management;meetings;membership;registrar;registration,
KA_ACT_1959_SEC_72A,KA_ACT_1959,child,act,Karnataka,62,372,120,120,72A,,,,,"Winding up of a co-operative bank if so, required by the Reserve Bank",deposits;registrar,
KA_ACT_1959_SEC_72B,KA_ACT_1959,child,act,Karnataka,108,671,121,121,72B,,,,,Reimbursement to the Deposit Insurance Corporation by the Liquidators,deposits,
KA_ACT_1959_SEC_73,KA_ACT_1959,child,act,Karnataka,187,1118,121,121,73,,,,,Liquidator,appeal;claim;registrar,
KA_ACT_1959_SEC_74,KA_ACT_1959,parent,act,Karnataka,533,3049,121,122,74,,,,,Powers of Liquidator,claim;deposits;membership;registrar,
KA_ACT_1959_SEC_74_SUB_1,KA_ACT_1959,child,act,Karnataka,62,340,121,121,74,1,,,,Powers of Liquidator,,
KA_ACT_1959_SEC_74_SUB_2,KA_ACT_1959,child,act,Karnataka,431,2475,121,122,74,2,,,,Powers of Liquidator,claim;membership;registrar,
KA_ACT_1959_SEC_74_SUB_3,KA_ACT_1959,child,act,Karnataka,36,202,122,122,74,3,,,,Powers of Liquidator,deposits;registrar,
KA_ACT_1959_SEC_75,KA_ACT_1959,child,act,Karnataka,123,699,122,123,75,,,,,Cancellation of registration of a co-operative society,appeal;registrar;registration,
KA_ACT_1959_SEC_76,KA_ACT_1959,child,act,Karnataka,164,954,123,123,76,,,,,Definitions,governance;loans,
KA_ACT_1959_SEC_76B,KA_ACT_1959,child,act,Karnataka,391,2338,123,124,76B,,,,,State and other [Agriculture and Rural Development Banks],documents;state_law,
KA_ACT_1959_SEC_77,KA_ACT_1959,child,act,Karnataka,113,664,124,124,77,,,,,Appointment of Trustee and his powers and functions,registrar,
KA_ACT_1959_SEC_78,KA_ACT_1959,child,act,Karnataka,49,267,124,124,78,,,,,Trustee to be a corporation sole,,
KA_ACT_1959_SEC_79,KA_ACT_1959,parent,act,Karnataka,781,4444,124,126,79,,,,,Issue of debentures,loans;membership,
KA_ACT_1959_SEC_79_SUB_1,KA_ACT_1959,child,act,Karnataka,478,2676,124,126,79,1,,,,Issue of debentures,loans;membership,
KA_ACT_1959_SEC_79_SUB_2,KA_ACT_1959,child,act,Karnataka,56,303,126,126,79,2,,,,Issue of debentures,,
KA_ACT_1959_SEC_79_SUB_3,KA_ACT_1959,child,act,Karnataka,243,1433,126,126,79,3,,,,Issue of debentures,loans,
KA_ACT_1959_SEC_80,KA_ACT_1959,child,act,Karnataka,82,469,126,127,80,,,,,Charge of debenture holders on certain properties,,
KA_ACT_1959_SEC_81,KA_ACT_1959,child,act,Karnataka,277,1667,127,127,81,,,,,"Guarantee by State Government of principal of, and interest on, debentures",,
KA_ACT_1959_SEC_82,KA_ACT_1959,child,act,Karnataka,139,814,127,128,82,,,,,Other guarantees by State Government,loans;membership,
KA_ACT_1959_SEC_82A,KA_ACT_1959,child,act,Karnataka,90,519,128,128,82A,,,,,Powers of Land Development Banks to advance loans and to hold lands,loans,
KA_ACT_1959_SEC_82B,KA_ACT_1959,child,act,Karnataka,253,1479,128,128,82B,,,,,Mode of dealing with applications for loans,loans,
KA_ACT_1959_SEC_82C,KA_ACT_1959,child,act,Karnataka,226,1314,128,129,82C,,,,,Order granting loan conclusive of certain matters,byelaws;loans;state_law,
KA_ACT_1959_SEC_83,KA_ACT_1959,child,act,Karnataka,228,1306,129,129,83,,,,,Priority of mortgage over certain claims,claim;loans;state_law,
KA_ACT_1959_SEC_84,KA_ACT_1959,child,act,Karnataka,152,905,129,130,84,,,,,Right of [Agriculture and Rural Development Bank] or of the [State,,
KA_ACT_1959_SEC_85,KA_ACT_1959,child,act,Karnataka,100,603,130,130,85,,,,,Mortgages executed in favour of [Agriculture and Rural Development Bank] to,membership,
KA_ACT_1959_SEC_85A,KA_ACT_1959,child,act,Karnataka,159,944,130,130,85A,,,,,Registration of mortgage or lease in favour of Land Development Banks,registration,
KA_ACT_1959_SEC_86,KA_ACT_1959,child,act,Karnataka,202,1189,130,131,86,,,,,Power of [Agriculture and Rural Development Bank] to receive moneys,,
KA_ACT_1959_SEC_86A,KA_ACT_1959,child,act,Karnataka,73,435,131,131,86A,,,,,Recovery of Loans by development banks,loans,
KA_ACT_1959_SEC_87,KA_ACT_1959,child,act,Karnataka,336,1940,131,132,87,,,,,Right of [Agriculture and Rural Development Bank] to pay prior debts of,documents,STRUCTURE_UNCERTAIN
KA_ACT_1959_SEC_87A,KA_ACT_1959,child,act,Karnataka,258,1568,132,132,87A,,,,,Mortgages executed by managers of joint Hindu families,loans;management;membership;state_law,
KA_ACT_1959_SEC_87B,KA_ACT_1959,child,act,Karnataka,213,1233,132,133,87B,,,,,Restrictions on lease,,
KA_ACT_1959_SEC_88_002,KA_ACT_1959,child,act,Karnataka,203,1167,133,133,88,,,,,Distraint - When to be made,registrar,
KA_ACT_1959_SEC_89,KA_ACT_1959,child,act,Karnataka,333,1916,133,134,89,,,,,Power of sale when to be exercised,,
KA_ACT_1959_SEC_89A,KA_ACT_1959,child,act,Karnataka,190,1083,134,135,89A,,,,,Confirmation of sale,registrar,STRUCTURE_UNCERTAIN
KA_ACT_1959_SEC_89B,KA_ACT_1959,child,act,Karnataka,230,1366,135,135,89B,,,,,Disposal of sale-proceeds,membership,
KA_ACT_1959_SEC_89C,KA_ACT_1959,parent,act,Karnataka,491,2919,135,136,89C,,,,,"Certificate to purchase, delivery of property and title of purchaser",registrar;registration,
KA_ACT_1959_SEC_89C_SUB_1,KA_ACT_1959,child,act,Karnataka,362,2155,135,136,89C,1,,,,"Certificate to purchase, delivery of property and title of purchaser",registrar;registration,
KA_ACT_1959_SEC_89C_SUB_3,KA_ACT_1959,child,act,Karnataka,118,685,136,136,89C,3,,,,"Certificate to purchase, delivery of property and title of purchaser",,
KA_ACT_1959_SEC_89D,KA_ACT_1959,child,act,Karnataka,344,2049,136,137,89D,,,,,Recovery of loans on certificate by Registrar,loans;membership;registrar;state_law,
KA_ACT_1959_SEC_89E,KA_ACT_1959,child,act,Karnataka,225,1304,137,137,89E,,,,,Deputy Commissioner to make recoveries during a certain period,loans,
KA_ACT_1959_SEC_89F,KA_ACT_1959,child,act,Karnataka,103,577,137,138,89F,,,,,Officers of banks not to bid at sales,,
KA_ACT_1959_SEC_89G,KA_ACT_1959,child,act,Karnataka,75,420,138,138,89G,,,,,Section 40 of Bombay Act 28 of 1947 not to apply to alienation in favour of,,
KA_ACT_1959_SEC_89H,KA_ACT_1959,child,act,Karnataka,177,1026,138,138,89H,,,,,Provision for Guarantee Funds to meet certain losses,loans;meetings,
KA_ACT_1959_SEC_90,KA_ACT_1959,child,act,Karnataka,204,1233,138,139,90,,,,,Powers of [Agriculture and Rural Development Bank] where mortgaged,byelaws;loans,
KA_ACT_1959_SEC_91,KA_ACT_1959,child,act,Karnataka,212,1201,139,139,91,,,,,"Power of Board or of Trustee to distrain and sell property, etc",,
KA_ACT_1959_SEC_92,KA_ACT_1959,child,act,Karnataka,113,665,139,139,92,,,,,"Title of purchaser not to be questioned on the ground of irregularity, etc",,
KA_ACT_1959_SEC_93,KA_ACT_1959,child,act,Karnataka,91,545,139,140,93,,,,,Mortgage not to be questioned on insolvency of mortgagor,,
KA_ACT_1959_SEC_94,KA_ACT_1959,child,act,Karnataka,210,1206,140,140,94,,,,,Appointment of receiver and his powers,management,
KA_ACT_1959_SEC_95,KA_ACT_1959,child,act,Karnataka,63,376,140,140,95,,,,,Mortgagor's powers to lease,,
KA_ACT_1959_SEC_96,KA_ACT_1959,child,act,Karnataka,43,229,140,140,96,,,,,Delegation of certain powers by Board,membership,
KA_ACT_1959_SEC_97,KA_ACT_1959,child,act,Karnataka,81,427,140,140,97,,,,,"Sections 102, 103 and 104 of the Transfer of Property Act, 1882, to apply to",,
KA_ACT_1959_SEC_97A,KA_ACT_1959,child,act,Karnataka,342,2223,140,141,97A,,,,,Constitution of a common cadre for the employees of primary,byelaws;registrar,
KA_ACT_1959_SEC_98,KA_ACT_1959,child,act,Karnataka,331,2029,141,142,98,,,,,Power to [Board] of [State Agriculture and Rural Development Bank] to,loans,
KA_ACT_1959_SEC_98A,KA_ACT_1959,child,act,Karnataka,17,125,142,142,98A,,,,,Application of this Chapter,,SHORT_CHUNK
KA_ACT_1959_SEC_98B,KA_ACT_1959,child,act,Karnataka,120,703,142,143,98B,,,,,Overriding effect of Chapter XIA,,
KA_ACT_1959_SEC_98C,KA_ACT_1959,child,act,Karnataka,85,517,143,143,98C,,,,,Approval of bye-laws,byelaws;registrar;timeline,
KA_ACT_1959_SEC_98D,KA_ACT_1959,child,act,Karnataka,168,1022,143,143,98D,,,,,Ensuring membership to Depositors,byelaws;deposits;loans;membership,
KA_ACT_1959_SEC_98E,KA_ACT_1959,child,act,Karnataka,141,955,143,144,98E,,,,,Freedom in all financial and internal administrative matters,deposits;loans;membership,
KA_ACT_1959_SEC_98F,KA_ACT_1959,child,act,Karnataka,87,560,144,144,98F,,,,,Limit on State Government's subscription,,
KA_ACT_1959_SEC_98G,KA_ACT_1959,child,act,Karnataka,91,572,144,144,98G,,,,,Restriction on number of Government Nominees,,
KA_ACT_1959_SEC_98H,KA_ACT_1959,child,act,Karnataka,181,1215,144,145,98H,,,,,Freedom for affiliation or disaffiliation with a federal society,eligibility;meetings;membership;state_law,
KA_ACT_1959_SEC_98I,KA_ACT_1959,child,act,Karnataka,42,278,145,145,98I,,,,,Restriction regarding area of operation,,
KA_ACT_1959_SEC_98J,KA_ACT_1959,child,act,Karnataka,54,332,145,145,98J,,,,,Freedom of investment and deposit,deposits,
KA_ACT_1959_SEC_98K,KA_ACT_1959,child,act,Karnataka,56,387,145,145,98K,,,,,Freedom of borrowings,loans,
KA_ACT_1959_SEC_98L,KA_ACT_1959,child,act,Karnataka,30,208,145,145,98L,,,,,Guidelines for payment of dividend,registrar,
KA_ACT_1959_SEC_98M,KA_ACT_1959,child,act,Karnataka,37,231,145,145,98M,,,,,Contribution to any fund,registrar,
KA_ACT_1959_SEC_98N,KA_ACT_1959,child,act,Karnataka,351,2107,145,146,98N,,,,,Disqualification of members of the *board* of Co-operative Credit,loans;membership;reporting,
KA_ACT_1959_SEC_98O,KA_ACT_1959,child,act,Karnataka,41,232,146,146,98O,,,,,Applicability of Section 20 and Section 29C to the election of a new,elections,
KA_ACT_1959_SEC_98P,KA_ACT_1959,child,act,Karnataka,11,59,146,146,98P,,,,,[XXX],,SHORT_CHUNK
KA_ACT_1959_SEC_98Q,KA_ACT_1959,child,act,Karnataka,165,1021,146,147,98Q,,,,,Elections,elections;eligibility;membership,
KA_ACT_1959_SEC_98R,KA_ACT_1959,child,act,Karnataka,34,237,147,147,98R,,,,,The Prudential norms,registrar,
KA_ACT_1959_SEC_98S,KA_ACT_1959,child,act,Karnataka,181,1061,147,147,98S,,,,,Removal of Directors and Chief Executive Officers,membership;registrar;state_law,
KA_ACT_1959_SEC_98U,KA_ACT_1959,child,act,Karnataka,36,225,147,147,98U,,,,,Audit of accounts,,
KA_ACT_1959_SEC_98V,KA_ACT_1959,child,act,Karnataka,89,528,147,148,98V,,,,,Special audit of Co-operative Credit Structure,,
KA_ACT_1959_SEC_98W,KA_ACT_1959,child,act,Karnataka,223,1309,148,148,98W,,,,,Restriction for using the word 'Bank',pacs;registrar;state_law,
KA_ACT_1959_SEC_98X,KA_ACT_1959,child,act,Karnataka,320,1859,148,149,98X,,,,,Implementation of regulatory prescriptions of Reserve Bank,eligibility;membership;registrar,
KA_ACT_1959_SEC_99,KA_ACT_1959,child,act,Karnataka,161,944,149,149,99,,,,,Enforcement of charge,membership;registrar;timeline,
KA_ACT_1959_SEC_100,KA_ACT_1959,child,act,Karnataka,12,85,149,149,100,,,,,Recovery of moneys due to Societies,,SHORT_CHUNK
KA_ACT_1959_CONTEXT_178,KA_ACT_1959,child,act,Karnataka,434,2558,149,150,,,,,,,loans;membership;registrar;state_law,SECTION_IDENTIFIER_MISSING;STRUCTURE_UNCERTAIN
KA_ACT_1959_SEC_101,KA_ACT_1959,child,act,Karnataka,834,4761,150,152,101,,,,,"Execution of orders, etc",claim;registrar,
KA_ACT_1959_SEC_101A,KA_ACT_1959,child,act,Karnataka,82,493,152,152,101A,,,,,Transfer of property made after issue of certificate void against co,registrar,
KA_ACT_1959_SEC_101B,KA_ACT_1959,child,act,Karnataka,338,1960,152,153,101B,,,,,Transfer of property which cannot be sold,registrar,
KA_ACT_1959_SEC_102,KA_ACT_1959,child,act,Karnataka,113,632,153,153,102,,,,,Registrar or person empowered by him to be a civil court for certain purposes,registrar,
KA_ACT_1959_SEC_103,KA_ACT_1959,child,act,Karnataka,298,1755,153,154,103,,,,,Attachment of property before award or order,claim;registrar,
KA_ACT_1959_SEC_104,KA_ACT_1959,child,act,Karnataka,247,1434,154,154,104,,,,,Recovery of sums due to Government,membership;registrar,
KA_ACT_1959_SEC_104A,KA_ACT_1959,child,act,Karnataka,136,807,154,155,104A,,,,,Application of this Chapter to Co-operative Societies in other States,state_law,
KA_ACT_1959_SEC_105,KA_ACT_1959,child,act,Karnataka,293,1682,155,155,105,,,,,Appeals to the Tribunal,appeal;registrar;timeline,
KA_ACT_1959_SEC_105A,KA_ACT_1959,child,act,Karnataka,267,1498,155,156,105A,,,,,Appeals relating to admission of members to societies,appeal;membership;registrar;timeline,
KA_ACT_1959_SEC_106,KA_ACT_1959,child,act,Karnataka,866,5013,156,159,106,,,,,Appeals to other authorities,appeal;registrar;timeline,STRUCTURE_UNCERTAIN
KA_ACT_1959_SEC_107,KA_ACT_1959,child,act,Karnataka,103,572,159,159,107,,,,,Revision by Tribunal,appeal,
KA_ACT_1959_SEC_108,KA_ACT_1959,child,act,Karnataka,180,1017,159,159,108,,,,,Powers of revision of State Government,appeal,
KA_ACT_1959_SEC_108A,KA_ACT_1959,child,act,Karnataka,140,798,159,159,108A,,,,,No appeal or revision in certain cases,appeal,
KA_ACT_1959_SEC_109,KA_ACT_1959,parent,act,Karnataka,7,53,160,165,109,,,,,Offences,,CONTEXT_PARENT;SHORT_CHUNK
KA_ACT_1959_SEC_109_SUB_1,KA_ACT_1959,child,act,Karnataka,155,895,160,160,109,1,,,,Offences,registrar,
KA_ACT_1959_SEC_109_SUB_2,KA_ACT_1959,child,act,Karnataka,87,481,160,160,109,2,,,,Offences,claim;membership,
KA_ACT_1959_SEC_109_SUB_3,KA_ACT_1959,child,act,Karnataka,136,816,160,160,109,3,,,,Offences,documents;membership,
KA_ACT_1959_SEC_109_SUB_4,KA_ACT_1959,child,act,Karnataka,110,613,160,161,109,4,,,,Offences,timeline,
KA_ACT_1959_SEC_109_SUB_5,KA_ACT_1959,child,act,Karnataka,104,599,161,161,109,5,,,,Offences,membership,
KA_ACT_1959_SEC_109_SUB_6,KA_ACT_1959,child,act,Karnataka,307,1733,161,162,109,6,,,,Offences,deposits;documents;eligibility;membership;registrar;timeline,
KA_ACT_1959_SEC_109_SUB_9,KA_ACT_1959,child,act,Karnataka,94,550,162,162,109,9,,,,Offences,membership;registrar,
KA_ACT_1959_SEC_109_SUB_10,KA_ACT_1959,child,act,Karnataka,93,533,162,162,109,10,,,,Offences,,
KA_ACT_1959_SEC_109_SUB_11,KA_ACT_1959,child,act,Karnataka,350,2009,162,163,109,11,,,,Offences,loans;meetings;membership;registrar,
KA_ACT_1959_SEC_109_SUB_13,KA_ACT_1959,child,act,Karnataka,128,737,163,163,109,13,,,,Offences,,
KA_ACT_1959_SEC_109_SUB_14,KA_ACT_1959,child,act,Karnataka,56,317,163,163,109,14,,,,Offences,byelaws;membership,
KA_ACT_1959_SEC_109_SUB_15,KA_ACT_1959,child,act,Karnataka,256,1491,163,164,109,15,,,,Offences,byelaws;loans;meetings;membership,
KA_ACT_1959_SEC_109_SUB_16,KA_ACT_1959,child,act,Karnataka,121,681,164,164,109,16,,,,Offences,membership,
KA_ACT_1959_SEC_109_SUB_18,KA_ACT_1959,child,act,Karnataka,68,377,164,164,109,18,,,,Offences,meetings;membership,
KA_ACT_1959_SEC_109_SUB_19,KA_ACT_1959,child,act,Karnataka,51,279,164,164,109,19,,,,Offences,membership;registrar,
KA_ACT_1959_SEC_109_SUB_20,KA_ACT_1959,child,act,Karnataka,61,378,164,164,109,20,,,,Offences,elections;membership,
KA_ACT_1959_SEC_109_SUB_21,KA_ACT_1959,child,act,Karnataka,69,403,164,165,109,21,,,,Offences,elections;membership,
KA_ACT_1959_SEC_110,KA_ACT_1959,child,act,Karnataka,260,1537,165,165,110,,,,,Offences by Companies,management,
KA_ACT_1959_SEC_110A,KA_ACT_1959,child,act,Karnataka,228,1341,165,166,110A,,,,,Power to compound offences,registrar,
KA_ACT_1959_SEC_111,KA_ACT_1959,child,act,Karnataka,207,1287,166,166,111,,,,,Cognizance of offences,complaint;registrar,
KA_ACT_1959_SEC_111_B,KA_ACT_1959,child,act,Karnataka,93,515,166,167,111-B,,,,,Preservation of records,registrar,
KA_ACT_1959_SEC_112,KA_ACT_1959,child,act,Karnataka,91,520,167,167,112,,,,,"Prohibition against the use of the word ""Co-operative""",,
KA_ACT_1959_SEC_113,KA_ACT_1959,child,act,Karnataka,150,882,167,167,113,,,,,Address of a co-operative society,meetings;registrar;timeline,
KA_ACT_1959_SEC_114,KA_ACT_1959,child,act,Karnataka,69,377,167,167,114,,,,,"Copy of Act, rules and bye-laws to be open to inspection",byelaws,
KA_ACT_1959_SEC_116,KA_ACT_1959,child,act,Karnataka,57,301,167,168,116,,,,,Orders to be pronounced,registrar,
KA_ACT_1959_SEC_117,KA_ACT_1959,child,act,Karnataka,562,3041,168,169,117,,,,,Procedure for settlement of disputes and power of the Registrar or any other,claim;documents;membership;registrar,
KA_ACT_1959_SEC_118,KA_ACT_1959,child,act,Karnataka,228,1321,169,169,118,,,,,Bar of jurisdiction of courts,byelaws;membership;registrar;registration,
KA_ACT_1959_SEC_119,KA_ACT_1959,child,act,Karnataka,36,209,169,169,119,,,,,Application of Limitation Act,appeal,
KA_ACT_1959_SEC_120,KA_ACT_1959,child,act,Karnataka,57,359,169,169,120,,,,,Power to exempt societies from conditions of registration,registration,
KA_ACT_1959_SEC_121,KA_ACT_1959,child,act,Karnataka,81,474,169,169,121,,,,,Power to exempt societies,,
KA_ACT_1959_SEC_122,KA_ACT_1959,child,act,Karnataka,64,347,170,170,122,,,,,Register of Members,membership,
KA_ACT_1959_SEC_123,KA_ACT_1959,child,act,Karnataka,258,1482,170,170,123,,,,,"Proof of entries in co-operative societies, books",documents,
KA_ACT_1959_SEC_124,KA_ACT_1959,child,act,Karnataka,239,1388,170,171,124,,,,,Service of notice under the Act,elections;meetings,
KA_ACT_1959_SEC_125,KA_ACT_1959,child,act,Karnataka,93,546,171,171,125,,,,,Notice necessary in suits,claim;management;registrar,
KA_ACT_1959_SEC_126,KA_ACT_1959,child,act,Karnataka,94,514,171,171,126,,,,,Acts of co-operative societies not to be invalidated by certain defects,elections,
KA_ACT_1959_SEC_127,KA_ACT_1959,child,act,Karnataka,119,676,171,171,127,,,,,Indemnity,registrar,
KA_ACT_1959_SEC_127A,KA_ACT_1959,child,act,Karnataka,76,465,171,172,127A,,,,,"[Office bearers, members and employees] of co-operative societies to be",membership,
KA_ACT_1959_SEC_128,KA_ACT_1959,child,act,Karnataka,25,151,172,172,128,,,,,"Companies Act, 1956, not to apply",,
KA_ACT_1959_SEC_128A,KA_ACT_1959,child,act,Karnataka,14,77,172,172,128A,,,,,XXX]1,,SHORT_CHUNK
KA_ACT_1959_SEC_128B,KA_ACT_1959,child,act,Karnataka,63,363,172,172,128B,,,,,Duties of police officer,byelaws;registrar,
KA_ACT_1959_SEC_129,KA_ACT_1959,parent,act,Karnataka,5,27,172,175,129,,,,,Powers to make rules,,CONTEXT_PARENT;SHORT_CHUNK
KA_ACT_1959_SEC_129_SUB_1,KA_ACT_1959,child,act,Karnataka,40,233,172,172,129,1,,,,Powers to make rules,,
KA_ACT_1959_SEC_129_SUB_2,KA_ACT_1959,child,act,Karnataka,1185,7172,172,175,129,2,,,,Powers to make rules,appeal;byelaws;deposits;elections;loans;management;meetings;membership;registrar;registration,LONG_CHUNK_NO_SAFE_SPLIT
KA_ACT_1959_CONTEXT_217,KA_ACT_1959,child,act,Karnataka,281,1611,175,176,,,,,,,documents;registrar,SECTION_IDENTIFIER_MISSING;STRUCTURE_UNCERTAIN
KA_ACT_1959_SEC_129A,KA_ACT_1959,child,act,Karnataka,162,954,176,176,129A,,,,,Model bye-laws,byelaws;registrar,
KA_ACT_1959_SEC_130,KA_ACT_1959,child,act,Karnataka,153,841,176,177,130,,,,,Rules and orders to be laid before State Legislature,,
KA_ACT_1959_SEC_131,KA_ACT_1959,child,act,Karnataka,312,1816,177,177,131,,,,,Repeal and savings,byelaws;state_law,
KA_ACT_1959_SEC_132,KA_ACT_1959,child,act,Karnataka,261,1611,177,179,132,,,,,Power to remove difficulties,state_law,
KA_ACT_1959_SEC_1_002,KA_ACT_1959,child,act,Karnataka,128,677,179,179,1,,,,,Short title and commencement,state_law,MALFORMED_NUMBERING_HIERARCHY
KA_ACT_1959_SEC_36_002,KA_ACT_1959,child,act,Karnataka,108,666,179,179,36,,,,,Power to remove difficulty,state_law,
KA_ACT_1959_SEC_37_002,KA_ACT_1959,child,act,Karnataka,1355,8320,179,185,37,,,,,Repeal and Savings,state_law,LONG_CHUNK_NO_SAFE_SPLIT;STRUCTURE_UNCERTAIN
KA_ACT_1959_SEC_1_003,KA_ACT_1959,child,act,Karnataka,386,2754,185,187,1,,,,,Short title and commencement,state_law,MALFORMED_NUMBERING_HIERARCHY
KA_ACT_1959_SEC_1_004,KA_ACT_1959,child,act,Karnataka,93,505,187,187,1,,,,,Short title and commencement,state_law,
KA_ACT_1959_SEC_54_002,KA_ACT_1959,child,act,Karnataka,228,1428,188,188,54,,,,,Power to remove difficulties,state_law,
KA_ACT_1959_SEC_1_005,KA_ACT_1959,child,act,Karnataka,180,1106,188,189,1,,,,,Short title and commencement,state_law,MALFORMED_NUMBERING_HIERARCHY
KA_ACT_1959_SEC_1_006,KA_ACT_1959,child,act,Karnataka,36,219,189,189,1,,,,,Short title and commencement,state_law,
MH_ACT_1960_DOC,MH_ACT_1960,parent,act,Maharashtra,2,20,1,125,,,,,,,,CONTEXT_PARENT;SHORT_CHUNK
MH_ACT_1960_CONTEXT_001,MH_ACT_1960,child,act,Maharashtra,3546,29945,1,14,,,,,,,state_law,LEGACY_FONT_ENCODING_REVIEW;LONG_CHUNK_NO_SAFE_SPLIT;SECTION_IDENTIFIER_MISSING;STRUCTURE_UNCERTAIN;TABLE_REVIEW
MH_ACT_1960_SEC_1,MH_ACT_1960,child,act,Maharashtra,35,300,14,14,1,,,,,,,LEGACY_FONT_ENCODING_REVIEW;STRUCTURE_UNCERTAIN
MH_ACT_1960_SEC_2,MH_ACT_1960,child,act,Maharashtra,2609,20970,14,18,2,,,,,"ºÉÆnù¦ÉÉÇxÉÖºÉÉ®ú nÖùºÉ®úÉ +lÉÇ +Ê¦É|ÉäiÉ xÉºÉä±É iÉ®ú, ªÉÉ +ÊvÉÊxÉªÉ¨ÉÉiÉ,",,LEGACY_FONT_ENCODING_REVIEW;LONG_CHUNK_NO_SAFE_SPLIT
MH_ACT_1960_SEC_4,MH_ACT_1960,child,act,Maharashtra,93,864,18,18,4,,,,,VªÉÉ ºÉÆºlÉäSÉÒ =Êqù¹]äõ ºÉ½þEòÉ®úÒ iÉk´ÉÉxÉÖºÉÉ®ú +É{É±ªÉÉ ºÉnùºªÉÉÆSªÉÉ ËEò´ÉÉ VÉxÉiÉäSªÉÉ +ÉÌlÉEò Ê½þiÉÉSÉä ËEò´ÉÉ ºÉ´ÉÇºÉÉvÉÉ®úhÉ,,LEGACY_FONT_ENCODING_REVIEW
MH_ACT_1960_SEC_5,MH_ACT_1960,child,act,Maharashtra,14,146,18,18,5,,,,,ºÉÆºlÉäSÉÒ ¨ÉªÉÉÇÊnùiÉ ËEò´ÉÉ +¨ÉªÉÉÇÊnùiÉ nùÉÊªÉi´ÉÉºÉ½þ xÉÉånùhÉÒ Eò®úiÉÉ ªÉä<Ç±É,,LEGACY_FONT_ENCODING_REVIEW;SHORT_CHUNK
MH_ACT_1960_SEC_6,MH_ACT_1960,child,act,Maharashtra,803,7123,18,20,6,,,,,,,LEGACY_FONT_ENCODING_REVIEW;STRUCTURE_UNCERTAIN
MH_ACT_1960_SEC_8,MH_ACT_1960,child,act,Maharashtra,387,3482,20,20,8,,,,,,,LEGACY_FONT_ENCODING_REVIEW
MH_ACT_1960_SEC_10,MH_ACT_1960,child,act,Maharashtra,266,2121,20,21,10,,,,,"ºÉÆºlÉÉÆSÉÒ xÉÉånùhÉÒ ®úqù Eäò±ªÉÉSÉä ÊºÉvnù Eò®úhªÉÉiÉ +É±Éä +ºÉä±É iªÉÉ´ªÉÊiÉÊ®úCiÉ, ÊxÉ¤ÉÆvÉEòÉxÉä ºÉ½þÒ Eäò±Éä±Éä xÉÉånùhÉÒSÉä |É¨ÉÉhÉ{ÉjÉ",,LEGACY_FONT_ENCODING_REVIEW
MH_ACT_1960_SEC_12,MH_ACT_1960,child,act,Maharashtra,103,936,21,21,12,,,,,,,LEGACY_FONT_ENCODING_REVIEW
MH_ACT_1960_SEC_13,MH_ACT_1960,child,act,Maharashtra,861,7794,21,22,13,,,,,,,LEGACY_FONT_ENCODING_REVIEW;STRUCTURE_UNCERTAIN
MH_ACT_1960_SEC_17,MH_ACT_1960,child,act,Maharashtra,4941,45267,22,30,17,,,,,,,LEGACY_FONT_ENCODING_REVIEW;LONG_CHUNK_NO_SAFE_SPLIT;STRUCTURE_UNCERTAIN
MH_ACT_1960_SEC_25,MH_ACT_1960,parent,act,Maharashtra,869,7809,30,34,25,,,,,"BJÉÉtÉ ´ªÉCiÉÒxÉä, ºÉÆºlÉäSªÉÉ ºÉnùºªÉi´ÉÉSÉÉ Ênù±Éä±ÉÉ ®úÉVÉÒxÉÉ¨ÉÉ º´ÉÒEòÉ®úhªÉÉiÉ +É±ªÉÉ´É®ú ËEò´ÉÉ ºÉÆºlÉäiÉÒ±É ÊiÉSÉÉ ºÉÆ{ÉÚhÉÇ",,CONTEXT_PARENT;LEGACY_FONT_ENCODING_REVIEW
MH_ACT_1960_SEC_25_SUB_3,MH_ACT_1960,child,act,Maharashtra,140,1354,32,32,25,3,,,,"BJÉÉtÉ ´ªÉCiÉÒxÉä, ºÉÆºlÉäSªÉÉ ºÉnùºªÉi´ÉÉSÉÉ Ênù±Éä±ÉÉ ®úÉVÉÒxÉÉ¨ÉÉ º´ÉÒEòÉ®úhªÉÉiÉ +É±ªÉÉ´É®ú ËEò´ÉÉ ºÉÆºlÉäiÉÒ±É ÊiÉSÉÉ ºÉÆ{ÉÚhÉÇ",,LEGACY_FONT_ENCODING_REVIEW
MH_ACT_1960_SEC_25_SUB_4,MH_ACT_1960,child,act,Maharashtra,60,599,32,32,25,4,,,,"BJÉÉtÉ ´ªÉCiÉÒxÉä, ºÉÆºlÉäSªÉÉ ºÉnùºªÉi´ÉÉSÉÉ Ênù±Éä±ÉÉ ®úÉVÉÒxÉÉ¨ÉÉ º´ÉÒEòÉ®úhªÉÉiÉ +É±ªÉÉ´É®ú ËEò´ÉÉ ºÉÆºlÉäiÉÒ±É ÊiÉSÉÉ ºÉÆ{ÉÚhÉÇ",,LEGACY_FONT_ENCODING_REVIEW
MH_ACT_1960_SEC_25_SUB_5,MH_ACT_1960,child,act,Maharashtra,33,338,32,32,25,5,,,,"BJÉÉtÉ ´ªÉCiÉÒxÉä, ºÉÆºlÉäSªÉÉ ºÉnùºªÉi´ÉÉSÉÉ Ênù±Éä±ÉÉ ®úÉVÉÒxÉÉ¨ÉÉ º´ÉÒEòÉ®úhªÉÉiÉ +É±ªÉÉ´É®ú ËEò´ÉÉ ºÉÆºlÉäiÉÒ±É ÊiÉSÉÉ ºÉÆ{ÉÚhÉÇ",,LEGACY_FONT_ENCODING_REVIEW
MH_ACT_1960_SEC_25_SUB_6,MH_ACT_1960,child,act,Maharashtra,54,583,32,32,25,6,,,,"BJÉÉtÉ ´ªÉCiÉÒxÉä, ºÉÆºlÉäSªÉÉ ºÉnùºªÉi´ÉÉSÉÉ Ênù±Éä±ÉÉ ®úÉVÉÒxÉÉ¨ÉÉ º´ÉÒEòÉ®úhªÉÉiÉ +É±ªÉÉ´É®ú ËEò´ÉÉ ºÉÆºlÉäiÉÒ±É ÊiÉSÉÉ ºÉÆ{ÉÚhÉÇ",,LEGACY_FONT_ENCODING_REVIEW
MH_ACT_1960_SEC_25_SUB_7,MH_ACT_1960,child,act,Maharashtra,654,5410,32,34,25,7,,,,"BJÉÉtÉ ´ªÉCiÉÒxÉä, ºÉÆºlÉäSªÉÉ ºÉnùºªÉi´ÉÉSÉÉ Ênù±Éä±ÉÉ ®úÉVÉÒxÉÉ¨ÉÉ º´ÉÒEòÉ®úhªÉÉiÉ +É±ªÉÉ´É®ú ËEò´ÉÉ ºÉÆºlÉäiÉÒ±É ÊiÉSÉÉ ºÉÆ{ÉÚhÉÇ",,LEGACY_FONT_ENCODING_REVIEW
MH_ACT_1960_SEC_29,MH_ACT_1960,child,act,Maharashtra,334,3256,34,34,29,,,,,,,LEGACY_FONT_ENCODING_REVIEW
MH_ACT_1960_SEC_30,MH_ACT_1960,child,act,Maharashtra,349,3300,34,35,30,,,,,,,LEGACY_FONT_ENCODING_REVIEW
MH_ACT_1960_SEC_32,MH_ACT_1960,child,act,Maharashtra,240,2377,35,35,32,,,,,,,LEGACY_FONT_ENCODING_REVIEW;STRUCTURE_UNCERTAIN
MH_ACT_1960_SEC_33,MH_ACT_1960,child,act,Maharashtra,130,1201,35,35,33,,,,,,,LEGACY_FONT_ENCODING_REVIEW
MH_ACT_1960_SEC_34,MH_ACT_1960,child,act,Maharashtra,52,514,35,35,34,,,,,"<±ÉÉJÉÉ ¶É½þ®ú xÉÉnùÉ®úÒ +ÊvÉÊxÉªÉ¨É, 1909, |ÉÉÆÊiÉEò xÉÉnùÉ®úÒ +ÊvÉÊxÉªÉ¨É, 1920 ËEò´ÉÉ iªÉÉ iªÉÉ´Éä³ýÒ +Æ¨É±ÉÉiÉ +ºÉ±Éä±ÉÉ",,LEGACY_FONT_ENCODING_REVIEW
MH_ACT_1960_SEC_35,MH_ACT_1960,child,act,Maharashtra,225,2016,35,36,35,,,,,,,LEGACY_FONT_ENCODING_REVIEW;STRUCTURE_UNCERTAIN
MH_ACT_1960_SEC_36,MH_ACT_1960,child,act,Maharashtra,75,645,36,36,36,,,,,"ºÉÆºlÉäSÉÒ xÉÉånùhÉÒ ZÉÉ±ªÉÉxÉÆiÉ®ú, VªÉÉ xÉÉ´ÉÉxÉä ÊiÉSÉÒ xÉÉånùhÉÒ ZÉÉ±ÉÒ +ºÉä±É, iªÉÉ xÉÉ´ÉÉSÉÉ iÉÉä BEò ÊxÉMÉ¨É ÊxÉEòÉªÉ",,LEGACY_FONT_ENCODING_REVIEW
MH_ACT_1960_SEC_37,MH_ACT_1960,child,act,Maharashtra,42,388,36,36,37,,,,,"VªÉÉ {ÉkªÉÉ´É®ú ºÉ´ÉÇ xÉÉä]õÒºÉÉ {ÉÉ`öÊ´ÉiÉÉ ªÉäiÉÒ±É ´É ºÉ´ÉÇ {ÉjÉ´ªÉ´É½þÉ®ú Eò®úiÉÉ ªÉä<Ç±É, +¶ÉÉ +É{É±ªÉÉ {ÉkªÉÉSÉÒ |ÉiªÉäEò ºÉÆºlÉÉ",,LEGACY_FONT_ENCODING_REVIEW
MH_ACT_1960_SEC_38,MH_ACT_1960,child,act,Maharashtra,138,1271,36,36,38,,,,,,,LEGACY_FONT_ENCODING_REVIEW
MH_ACT_1960_SEC_39,MH_ACT_1960,child,act,Maharashtra,187,1792,36,37,39,,,,,"|ÉiªÉäEò ºÉÆºlÉÉ ÊiÉSªÉÉ xÉÉånù±Éä±ªÉÉ {ÉkªÉÉ´É®ú ªÉÉ +ÊvÉÊxÉªÉ¨ÉÉSÉÒ, ÊxÉªÉ¨ÉÉSÉÒ ´É ÊiÉSªÉÉ ={ÉÊ´ÉÊvÉSÉÒ +ÉÊhÉ ºÉnùºªÉÉÆSªÉÉ ªÉÉnùÒSÉÒ",,LEGACY_FONT_ENCODING_REVIEW
MH_ACT_1960_SEC_41,MH_ACT_1960,child,act,Maharashtra,1550,13805,37,39,41,,,,,"¦ÉÉ®úiÉÒªÉ xÉÉånùhÉÒ +ÊvÉÊxÉªÉ¨É, 1908 ªÉÉiÉÒ±É Eò±É¨É 17, {ÉÉä]õ-Eò±É¨É (1), JÉÆb÷ (¤É) ´É (Eò) ¨ÉvÉÒ±É EòÉähÉiÉÒ½þÒ MÉÉä¹]õ",,LEGACY_FONT_ENCODING_REVIEW;LONG_CHUNK_NO_SAFE_SPLIT
MH_ACT_1960_SEC_47,MH_ACT_1960,child,act,Maharashtra,2529,22948,39,43,47,,,,,,,LEGACY_FONT_ENCODING_REVIEW;LONG_CHUNK_NO_SAFE_SPLIT;STRUCTURE_UNCERTAIN
MH_ACT_1960_SEC_53,MH_ACT_1960,child,act,Maharashtra,161,1482,43,43,53,,,,,,,LEGACY_FONT_ENCODING_REVIEW
MH_ACT_1960_SEC_56,MH_ACT_1960,child,act,Maharashtra,100,831,43,43,56,,,,,"VªÉÉ Ê¶ÉJÉ®ú ºÉÆºlÉäSÉä |É¨ÉÖJÉ ®úÉVªÉ ¦ÉÉMÉÒnùÉ®úÒ ÊxÉvÉÒiÉÒ±É {Éè¶ÉÉiÉÚxÉ <iÉ®ú ºÉÆºlÉÉSÉä ¦ÉÉMÉ JÉ®äúnùÒ Eäò±Éä +ºÉiÉÒ±É, iªÉÉ Ê¶ÉJÉ®ú",,LEGACY_FONT_ENCODING_REVIEW
MH_ACT_1960_SEC_57,MH_ACT_1960,child,act,Maharashtra,168,1570,44,44,57,,,,,,,LEGACY_FONT_ENCODING_REVIEW
MH_ACT_1960_SEC_58,MH_ACT_1960,child,act,Maharashtra,157,1379,44,44,58,,,,,,,LEGACY_FONT_ENCODING_REVIEW
MH_ACT_1960_SEC_59,MH_ACT_1960,child,act,Maharashtra,108,876,44,44,59,,,,,,,LEGACY_FONT_ENCODING_REVIEW
MH_ACT_1960_SEC_60,MH_ACT_1960,child,act,Maharashtra,37,323,44,44,60,,,,,"|É¨ÉÖJÉ ®úÉVªÉ ¦ÉÉMÉÒnùÉ®úÒ ÊxÉvÉÒiÉ ËEò´ÉÉ nÖùªªÉ¨É ®úÉVªÉ ¦ÉÉMÉÒnùÉ®úÒ ÊxÉvÉÒiÉ VÉ¨ÉÉ +ºÉ±Éä±ÉÒ EòÉähÉiÉÒ½þÒ ®úCEò¨É ªÉlÉÉÎºlÉÊiÉ,",,LEGACY_FONT_ENCODING_REVIEW
MH_ACT_1960_SEC_61,MH_ACT_1960,child,act,Maharashtra,244,2178,44,44,61,,,,,"ªÉÉ |ÉEò®úhÉÉSªÉÉ {ÉÚ´ÉÇMÉÉ¨ÉÒ iÉ®úiÉÖnùÓxÉÉ +vÉÒxÉ ®úÉ½ÚþxÉ,",,LEGACY_FONT_ENCODING_REVIEW
MH_ACT_1960_SEC_63,MH_ACT_1960,child,act,Maharashtra,448,3992,45,46,63,,,,,ªÉÉ |ÉEò®úhÉÉiÉÒ±É Eò±É¨Éä 51 iÉä 61 (nùÉäx½þÒ vÉ°üxÉ) ªÉÉiÉÒ±É iªÉÉ iÉ®úiÉÖnùÒ iªÉÉ´Éä³ýÒ +Æ¨É±ÉÉiÉ +ºÉ±Éä±ªÉÉ <iÉ®ú EòÉähÉiªÉÉ½þÒ,,LEGACY_FONT_ENCODING_REVIEW;STRUCTURE_UNCERTAIN
MH_ACT_1960_SEC_67,MH_ACT_1960,child,act,Maharashtra,42,449,46,46,67,,,,,"EòÉähÉiÉÒ½þÒ ºÉÆºlÉÉ 5[ÊxÉ¤ÉÆvÉEòÉSªÉÉ {ÉÚ´ÉÇ¨ÉÆVÉÖ®úÒxÉä +ºÉä±É iÉä JÉä®úÒVÉ Eò°üxÉ] B®ú´½þÒ, +É{É±ªÉÉ ºÉnùºªÉÉÆxÉÉ 5[{ÉÆvÉ®úÉ",,LEGACY_FONT_ENCODING_REVIEW
MH_ACT_1960_SEC_68,MH_ACT_1960,parent,act,Maharashtra,602,5201,46,47,68,,,,,,,LEGACY_FONT_ENCODING_REVIEW
MH_ACT_1960_SEC_68_SUB_1,MH_ACT_1960,child,act,Maharashtra,56,477,46,46,68,1,,,,,,LEGACY_FONT_ENCODING_REVIEW
MH_ACT_1960_SEC_68_SUB_2,MH_ACT_1960,child,act,Maharashtra,38,392,46,46,68,2,,,,,,LEGACY_FONT_ENCODING_REVIEW
MH_ACT_1960_SEC_68_SUB_3,MH_ACT_1960,child,act,Maharashtra,507,4321,46,47,68,3,,,,,,LEGACY_FONT_ENCODING_REVIEW
MH_ACT_1960_SEC_70,MH_ACT_1960,child,act,Maharashtra,234,1974,47,48,70,,,,,ºÉÆºlÉÉ +É{É±Éä ÊxÉvÉÒ {ÉÖføÒ±É{ÉèEòÒ BEòÉ ËEò´ÉÉ +xÉäEò Ê`öEòÉhÉÒ ¨½þhÉVÉäSÉ:,,LEGACY_FONT_ENCODING_REVIEW
MH_ACT_1960_SEC_71,MH_ACT_1960,child,act,Maharashtra,272,2618,48,48,71,,,,,,,LEGACY_FONT_ENCODING_REVIEW
MH_ACT_1960_SEC_72,MH_ACT_1960,child,act,Maharashtra,2123,18885,48,51,72,,,,,ªÉÉ +ÊvÉÊxÉªÉ¨ÉÉiÉÒ±É +ÉÊhÉ ÊxÉªÉ¨ÉÉÆiÉÒ±É iÉ®úiÉÖnùÒºÉ +vÉÒxÉ ®úÉ½ÚþxÉ |ÉiªÉäEò ºÉÆºlÉäºÉÆ¤ÉÆvÉÒSÉÉ +ÆÊiÉ¨É |ÉÉÊvÉEòÉ®ú ={ÉÊ´ÉÊvÉiÉ,,LEGACY_FONT_ENCODING_REVIEW;LONG_CHUNK_NO_SAFE_SPLIT;STRUCTURE_UNCERTAIN;TABLE_REVIEW
MH_ACT_1960_SEC_73,MH_ACT_1960,child,act,Maharashtra,3959,36382,52,59,73,,,,,+++,,LEGACY_FONT_ENCODING_REVIEW;LONG_CHUNK_NO_SAFE_SPLIT;STRUCTURE_UNCERTAIN;TABLE_REVIEW
MH_ACT_1960_SEC_74,MH_ACT_1960,parent,act,Maharashtra,685,6595,59,61,74,,,,,,,CONTEXT_PARENT;LEGACY_FONT_ENCODING_REVIEW
MH_ACT_1960_SEC_74_SUB_3,MH_ACT_1960,child,act,Maharashtra,101,999,60,60,74,3,,,,,,LEGACY_FONT_ENCODING_REVIEW
MH_ACT_1960_SEC_74_SUB_4,MH_ACT_1960,child,act,Maharashtra,51,530,60,60,74,4,,,,,,LEGACY_FONT_ENCODING_REVIEW
MH_ACT_1960_SEC_74_SUB_5,MH_ACT_1960,child,act,Maharashtra,545,4993,60,61,74,5,,,,,,LEGACY_FONT_ENCODING_REVIEW
MH_ACT_1960_SEC_77,MH_ACT_1960,child,act,Maharashtra,934,8554,61,63,77,,,,,,,LEGACY_FONT_ENCODING_REVIEW;LONG_CHUNK_NO_SAFE_SPLIT;STRUCTURE_UNCERTAIN
MH_ACT_1960_SEC_78,MH_ACT_1960,parent,act,Maharashtra,454,4095,63,65,78,,,,,,,CONTEXT_PARENT;LEGACY_FONT_ENCODING_REVIEW
MH_ACT_1960_SEC_78_SUB_2,MH_ACT_1960,child,act,Maharashtra,80,838,64,64,78,2,,,,,,LEGACY_FONT_ENCODING_REVIEW
MH_ACT_1960_SEC_78_SUB_3,MH_ACT_1960,child,act,Maharashtra,50,507,64,64,78,3,,,,,,LEGACY_FONT_ENCODING_REVIEW
MH_ACT_1960_SEC_78_SUB_4,MH_ACT_1960,child,act,Maharashtra,111,1176,64,64,78,4,,,,,,LEGACY_FONT_ENCODING_REVIEW
MH_ACT_1960_SEC_78_SUB_5,MH_ACT_1960,child,act,Maharashtra,111,1059,64,64,78,5,,,,,,LEGACY_FONT_ENCODING_REVIEW
MH_ACT_1960_SEC_78_SUB_6,MH_ACT_1960,child,act,Maharashtra,558,5162,64,65,78,6,,,,,,LEGACY_FONT_ENCODING_REVIEW
MH_ACT_1960_SEC_79,MH_ACT_1960,child,act,Maharashtra,1184,11170,65,67,79,,,,,,,LEGACY_FONT_ENCODING_REVIEW;LONG_CHUNK_NO_SAFE_SPLIT;STRUCTURE_UNCERTAIN
MH_ACT_1960_SEC_80,MH_ACT_1960,child,act,Maharashtra,3141,29494,67,72,80,,,,,,,LEGACY_FONT_ENCODING_REVIEW;LONG_CHUNK_NO_SAFE_SPLIT;STRUCTURE_UNCERTAIN
MH_ACT_1960_SEC_84,MH_ACT_1960,child,act,Maharashtra,273,2470,72,73,84,,,,,,,LEGACY_FONT_ENCODING_REVIEW
MH_ACT_1960_SEC_85,MH_ACT_1960,child,act,Maharashtra,155,1503,73,73,85,,,,,,,LEGACY_FONT_ENCODING_REVIEW
MH_ACT_1960_SEC_86,MH_ACT_1960,child,act,Maharashtra,61,552,73,73,86,,,,,"ÊxÉEò]õ{ÉÚ´ÉÇ´ÉiÉÔ Eò±É¨ÉÉx´ÉªÉä JÉSÉÉÇnùÉJÉ±É ¨½þhÉÚxÉ ÊxÉ´ÉÉb÷¬ÉuùÉ®äú Ênù±Éä±ÉÒ ®úCEò¨É, VªÉÉ ´ªÉCiÉÒEòbÚ÷xÉ iÉÒ ¨ÉÉMÉhªÉÉiÉ +É±ÉÒ +ºÉä±É",,LEGACY_FONT_ENCODING_REVIEW
MH_ACT_1960_SEC_87,MH_ACT_1960,child,act,Maharashtra,210,1975,73,73,87,,,,,,,LEGACY_FONT_ENCODING_REVIEW
MH_ACT_1960_SEC_88,MH_ACT_1960,parent,act,Maharashtra,491,4665,73,74,88,,,,,,,LEGACY_FONT_ENCODING_REVIEW
MH_ACT_1960_SEC_88_SUB_2,MH_ACT_1960,child,act,Maharashtra,49,437,74,74,88,2,,,,,,LEGACY_FONT_ENCODING_REVIEW
MH_ACT_1960_SEC_88_SUB_3,MH_ACT_1960,child,act,Maharashtra,108,1018,74,74,88,3,,,,,,LEGACY_FONT_ENCODING_REVIEW
MH_ACT_1960_SEC_89,MH_ACT_1960,child,act,Maharashtra,455,4077,74,75,89,,,,,"Eò±É¨É 83, 84 ËEò´ÉÉ 88 +x´ÉªÉä EòÉªÉÇ Eò®úiÉÉxÉÉ, ÊxÉ¤ÉÆvÉEòÉºÉ ËEò´ÉÉ iªÉÉxÉä |ÉÉÊvÉEÞòiÉ Eäò±Éä±ªÉÉ ´ªÉCiÉÒºÉ Ênù´ÉÉhÉÒ |ÉÊGòªÉÉ",,LEGACY_FONT_ENCODING_REVIEW;STRUCTURE_UNCERTAIN
MH_ACT_1960_SEC_90,MH_ACT_1960,child,act,Maharashtra,1431,13114,75,77,90,,,,,,,LEGACY_FONT_ENCODING_REVIEW;LONG_CHUNK_NO_SAFE_SPLIT;STRUCTURE_UNCERTAIN
MH_ACT_1960_SEC_92,MH_ACT_1960,child,act,Maharashtra,443,3960,77,78,92,,,,,,,LEGACY_FONT_ENCODING_REVIEW
MH_ACT_1960_SEC_93,MH_ACT_1960,parent,act,Maharashtra,1,5,78,80,93,,,,,,,CONTEXT_PARENT;LEGACY_FONT_ENCODING_REVIEW;SHORT_CHUNK
MH_ACT_1960_SEC_93_SUB_1,MH_ACT_1960,child,act,Maharashtra,47,473,78,78,93,1,,,,,,LEGACY_FONT_ENCODING_REVIEW
MH_ACT_1960_SEC_93_SUB_2,MH_ACT_1960,child,act,Maharashtra,100,1027,78,78,93,2,,,,,,LEGACY_FONT_ENCODING_REVIEW
MH_ACT_1960_SEC_93_SUB_3,MH_ACT_1960,child,act,Maharashtra,1136,10471,78,80,93,3,,,,,,LEGACY_FONT_ENCODING_REVIEW;LONG_CHUNK_NO_SAFE_SPLIT
MH_ACT_1960_SEC_93_SUB_4,MH_ACT_1960,child,act,Maharashtra,31,281,80,80,93,4,,,,,,LEGACY_FONT_ENCODING_REVIEW
MH_ACT_1960_SEC_95,MH_ACT_1960,child,act,Maharashtra,515,4719,80,81,95,,,,,,,LEGACY_FONT_ENCODING_REVIEW;STRUCTURE_UNCERTAIN
MH_ACT_1960_SEC_96,MH_ACT_1960,parent,act,Maharashtra,767,7055,81,84,96,,,,,"BJÉÉnùÉ Ê´É´ÉÉnù 3[ºÉ½þEòÉ®úÒ xªÉÉªÉÉ±ÉªÉÉEòbä÷ ÊxÉhÉÇªÉÉlÉÇ ÊxÉnæùÊ¶ÉiÉ Eò®úhªÉÉiÉ +É±ÉÉ +ºÉä±É iÉä´½þÉ iªÉÉºÉ, Ê´É´ÉÉnùÉiÉÒ±É",,CONTEXT_PARENT;LEGACY_FONT_ENCODING_REVIEW
MH_ACT_1960_SEC_96_SUB_2,MH_ACT_1960,child,act,Maharashtra,47,465,82,82,96,2,,,,"BJÉÉnùÉ Ê´É´ÉÉnù 3[ºÉ½þEòÉ®úÒ xªÉÉªÉÉ±ÉªÉÉEòbä÷ ÊxÉhÉÇªÉÉlÉÇ ÊxÉnæùÊ¶ÉiÉ Eò®úhªÉÉiÉ +É±ÉÉ +ºÉä±É iÉä´½þÉ iªÉÉºÉ, Ê´É´ÉÉnùÉiÉÒ±É",,LEGACY_FONT_ENCODING_REVIEW
MH_ACT_1960_SEC_96_SUB_3,MH_ACT_1960,child,act,Maharashtra,1190,10788,82,84,96,3,,,,"BJÉÉnùÉ Ê´É´ÉÉnù 3[ºÉ½þEòÉ®úÒ xªÉÉªÉÉ±ÉªÉÉEòbä÷ ÊxÉhÉÇªÉÉlÉÇ ÊxÉnæùÊ¶ÉiÉ Eò®úhªÉÉiÉ +É±ÉÉ +ºÉä±É iÉä´½þÉ iªÉÉºÉ, Ê´É´ÉÉnùÉiÉÒ±É",,LEGACY_FONT_ENCODING_REVIEW;LONG_CHUNK_NO_SAFE_SPLIT
MH_ACT_1960_SEC_102,MH_ACT_1960,child,act,Maharashtra,189,1735,84,84,102,,,,,,,LEGACY_FONT_ENCODING_REVIEW
MH_ACT_1960_SEC_103,MH_ACT_1960,parent,act,Maharashtra,1,4,84,86,103,,,,,,,CONTEXT_PARENT;LEGACY_FONT_ENCODING_REVIEW;SHORT_CHUNK
MH_ACT_1960_SEC_103_SUB_1,MH_ACT_1960,child,act,Maharashtra,39,392,84,84,103,1,,,,,,LEGACY_FONT_ENCODING_REVIEW
MH_ACT_1960_SEC_103_SUB_2,MH_ACT_1960,child,act,Maharashtra,56,547,84,84,103,2,,,,,,LEGACY_FONT_ENCODING_REVIEW
MH_ACT_1960_SEC_103_SUB_3,MH_ACT_1960,child,act,Maharashtra,27,264,84,84,103,3,,,,,,LEGACY_FONT_ENCODING_REVIEW
MH_ACT_1960_SEC_103_SUB_4,MH_ACT_1960,child,act,Maharashtra,42,400,84,84,103,4,,,,,,LEGACY_FONT_ENCODING_REVIEW
MH_ACT_1960_SEC_103_SUB_5,MH_ACT_1960,child,act,Maharashtra,73,705,84,84,103,5,,,,,,LEGACY_FONT_ENCODING_REVIEW
MH_ACT_1960_SEC_103_SUB_6,MH_ACT_1960,child,act,Maharashtra,909,8376,84,86,103,6,,,,,,LEGACY_FONT_ENCODING_REVIEW;LONG_CHUNK_NO_SAFE_SPLIT
MH_ACT_1960_SEC_106,MH_ACT_1960,child,act,Maharashtra,131,1205,86,86,106,,,,,"Eò±É¨É 102, {ÉÉä]õ-Eò±É¨É (1) +x´ÉªÉä Ênù±Éä±ªÉÉ +Énäù¶ÉÉÊ´É°ür +{ÉÒ±É Eò®úhªÉÉSÉÒ ¨ÉÖnùiÉ ºÉÆ{É±ªÉÉ´É®ú ËEò´ÉÉ +{ÉÒ±É",,LEGACY_FONT_ENCODING_REVIEW
MH_ACT_1960_SEC_107,MH_ACT_1960,child,act,Maharashtra,110,1074,86,86,107,,,,,"ªÉÉ +ÊvÉÊxÉªÉ¨ÉÉiÉ º{É¹]õ{ÉhÉä iÉ®úiÉÚnù Eäò±ÉÒ +ºÉä±É iÉä JÉä®úÒVÉ Eò°üxÉ, ªÉÉ +ÊvÉÊxÉªÉ¨ÉÉJÉÉ±ÉÒ±É ºÉÆºlÉäSªÉÉ ºÉ¨ÉÉ{ÉxÉÉ¶ÉÒ ËEò´ÉÉ",,LEGACY_FONT_ENCODING_REVIEW
MH_ACT_1960_SEC_108,MH_ACT_1960,child,act,Maharashtra,567,5559,86,87,108,,,,,,,LEGACY_FONT_ENCODING_REVIEW
MH_ACT_1960_SEC_110,MH_ACT_1960,child,act,Maharashtra,3670,32248,87,94,110,,,,,"ºÉ¨ÉÉÊ{ÉiÉ Eò®úhªÉÉiÉ +É±Éä±ªÉÉ ºÉÆºlÉäSªÉÉ {ÉÊ®úºÉ¨ÉÉ{ÉEòÉSªÉÉ +ÆÊiÉ¨É +½þ´ÉÉ±ÉÉiÉ nù¶ÉÇÊ´É±Éä±ÉÒ +ÊvÉ¶Éä¹É ¨ÉkÉÉ, ÊxÉ¤ÉÆvÉEòÉºÉ ®úÉVªÉ",,LEGACY_FONT_ENCODING_REVIEW;LONG_CHUNK_NO_SAFE_SPLIT;STRUCTURE_UNCERTAIN
MH_ACT_1960_SEC_112,MH_ACT_1960,child,act,Maharashtra,565,4999,94,95,112,,,,,Eò,,LEGACY_FONT_ENCODING_REVIEW;STRUCTURE_UNCERTAIN
MH_ACT_1960_SEC_115,MH_ACT_1960,child,act,Maharashtra,120,1131,95,95,115,,,,,"{ÉÚ´ÉÇ´ÉiÉÔ Eò±É¨ÉÉx´ÉªÉä EòÉfø±Éä±ªÉÉ @ñhÉ{ÉjÉÉÆSÉä ¨ÉÖqù±É ´É iªÉÉ´É®úÒ±É ´ªÉÉVÉ ËEò´ÉÉ iªÉÉÆSÉÉ EòÉähÉiÉÉ½þÒ Ê´ÉÊxÉÌnù¹]õ ¦ÉÉMÉ ªÉÉ¤ÉÉ¤ÉiÉ,",,LEGACY_FONT_ENCODING_REVIEW
MH_ACT_1960_SEC_117,MH_ACT_1960,child,act,Maharashtra,69,653,95,95,117,,,,,ªÉÉ +ÊvÉÊxÉªÉ¨ÉÉSªÉÉ +ÉÊhÉ iÉnÂùx´ÉªÉä Eäò±Éä±ªÉÉ ÊxÉªÉ¨ÉÉÆSªÉÉ iÉ®úiÉÖnùÓSªÉÉ +vÉÒxÉiÉäxÉä Eò±É¨É 111 ¨ÉvªÉä =±±ÉäÊJÉ±Éä±ªÉÉ,,LEGACY_FONT_ENCODING_REVIEW
MH_ACT_1960_SEC_118,MH_ACT_1960,child,act,Maharashtra,1,4,95,95,118,,,,,119. VÉÊ¨ÉxÉÒSªÉÉ ¡òÉªÉtÉºÉÉ`öÒ ¨½þhÉÚxÉ ªÉÉ¨ÉvªÉä Ê´ÉÊxÉÌnù¹]õ Eò®úhªÉÉiÉ +É±Éä±ÉÒ EòÉ¨Éä {ÉÉ®ú {ÉÉb÷hªÉÉSªÉÉ |ÉªÉÉäVÉxÉÉlÉÇ ËEò´ÉÉ,,SHORT_CHUNK
MH_ACT_1960_SEC_119,MH_ACT_1960,child,act,Maharashtra,642,5700,95,96,119,,,,,VÉÊ¨ÉxÉÒSªÉÉ ¡òÉªÉtÉºÉÉ`öÒ ¨½þhÉÚxÉ ªÉÉ¨ÉvªÉä Ê´ÉÊxÉÌnù¹]õ Eò®úhªÉÉiÉ +É±Éä±ÉÒ EòÉ¨Éä {ÉÉ®ú {ÉÉb÷hªÉÉSªÉÉ |ÉªÉÉäVÉxÉÉlÉÇ ËEò´ÉÉ,,LEGACY_FONT_ENCODING_REVIEW;STRUCTURE_UNCERTAIN
MH_ACT_1960_SEC_122,MH_ACT_1960,child,act,Maharashtra,246,2082,96,97,122,,,,,"¦ÉÉ®úiÉÒªÉ xÉÉånùhÉÒ +ÊvÉÊxÉªÉ¨É, 1908 ªÉÉiÉ EòÉ½þÒ½þÒ +ÆiÉ¦ÉÚÇiÉ +ºÉ±Éä iÉ®úÒ, 3[ºÉ½þEòÉ®úÒ EÞòÊ¹É +ÉÊhÉ OÉÉ¨ÉÒhÉ ¤É½Öþ=qäù¶ÉÒªÉ",,LEGACY_FONT_ENCODING_REVIEW
MH_ACT_1960_SEC_123,MH_ACT_1960,child,act,Maharashtra,93,853,97,97,123,,,,,"<±ÉÉJÉÉ ¶É½þ®ú xÉÉnùÉ®úÒ +ÊvÉÊxÉªÉ¨É, 1909 ËEò´ÉÉ |ÉÉÆÊiÉEò xÉÉnùÉ®úÒ +ÊvÉÊxÉªÉ¨É, 1920 ªÉÉiÉ ËEò´ÉÉ iªÉÉ´Éä³ýÒ +Æ¨É±ÉÉiÉ",,LEGACY_FONT_ENCODING_REVIEW
MH_ACT_1960_SEC_124,MH_ACT_1960,child,act,Maharashtra,1,4,97,97,124,,,,,125,,SHORT_CHUNK
MH_ACT_1960_SEC_125,MH_ACT_1960,parent,act,Maharashtra,474,4120,97,98,125,,,,,,,LEGACY_FONT_ENCODING_REVIEW
MH_ACT_1960_SEC_125_SUB_1,MH_ACT_1960,child,act,Maharashtra,106,1069,97,97,125,1,,,,,,LEGACY_FONT_ENCODING_REVIEW
MH_ACT_1960_SEC_125_SUB_2,MH_ACT_1960,child,act,Maharashtra,367,3043,97,98,125,2,,,,,,LEGACY_FONT_ENCODING_REVIEW
MH_ACT_1960_SEC_127,MH_ACT_1960,child,act,Maharashtra,281,2591,98,98,127,,,,,,,LEGACY_FONT_ENCODING_REVIEW
MH_ACT_1960_SEC_129,MH_ACT_1960,child,act,Maharashtra,257,2277,98,99,129,,,,,1[ºÉ½þEòÉ®úÒ EÞòÊ¹É +ÉÊhÉ OÉÉ¨ÉÒhÉ ¤É½Öþ=qäù¶ÉÒªÉ Ê´ÉEòÉºÉ ¤ÉÄEäòEòbä÷] MÉ½þÉhÉ `äö´É±Éä±ÉÒ ËEò´ÉÉ EòÉähÉiªÉÉ½þÒ <iÉ®ú |ÉEòÉ®äú,,LEGACY_FONT_ENCODING_REVIEW
MH_ACT_1960_SEC_130,MH_ACT_1960,parent,act,Maharashtra,385,3521,99,100,130,,,,,,,CONTEXT_PARENT;LEGACY_FONT_ENCODING_REVIEW
MH_ACT_1960_SEC_130_SUB_1,MH_ACT_1960,child,act,Maharashtra,403,3637,99,100,130,1,,,,,,LEGACY_FONT_ENCODING_REVIEW
MH_ACT_1960_SEC_130_SUB_2,MH_ACT_1960,child,act,Maharashtra,74,653,100,100,130,2,,,,,,LEGACY_FONT_ENCODING_REVIEW
MH_ACT_1960_SEC_130_SUB_3,MH_ACT_1960,child,act,Maharashtra,115,1077,100,100,130,3,,,,,,LEGACY_FONT_ENCODING_REVIEW
MH_ACT_1960_SEC_134,MH_ACT_1960,child,act,Maharashtra,115,961,100,100,134,,,,,,,LEGACY_FONT_ENCODING_REVIEW
MH_ACT_1960_SEC_135,MH_ACT_1960,child,act,Maharashtra,273,2332,100,101,135,,,,,"Eò±É¨É 133 +x´ÉªÉä Eäò±Éä±ªÉÉ +ÉÊhÉ {ÉÖ´ÉÇ´ÉiÉÒÇ Eò±É¨ÉÉx´ÉªÉä EòÉªÉ¨É Eäò±Éä±ªÉÉ |ÉiªÉäEò Ê´ÉGòÒSªÉÉ =i{ÉzÉÉSÉÉ Ê´ÉÊxÉªÉÉäMÉ |ÉlÉ¨É,",,LEGACY_FONT_ENCODING_REVIEW
MH_ACT_1960_SEC_136,MH_ACT_1960,child,act,Maharashtra,1105,10066,101,103,136,,,,,,,LEGACY_FONT_ENCODING_REVIEW;LONG_CHUNK_NO_SAFE_SPLIT;STRUCTURE_UNCERTAIN
MH_ACT_1960_SEC_141,MH_ACT_1960,child,act,Maharashtra,191,1695,103,103,141,,,,,,,LEGACY_FONT_ENCODING_REVIEW
MH_ACT_1960_SEC_143,MH_ACT_1960,child,act,Maharashtra,1097,9454,103,104,143,,,,,"ªÉÉ |ÉEò®úhÉÉx´ÉªÉä ¤ÉVÉÉ´ÉÉ´ÉªÉÉSªÉÉ ºÉ´ÉÇ xÉÉäÊ]õ¶ÉÓSªÉÉ ¤ÉÉ¤ÉiÉÒiÉ ºÉÆ{ÉkÉÒ ½þºiÉÉÆiÉ®úhÉ +ÊvÉÊxÉªÉ¨É, 1882 ªÉÉSÉÒ Eò±É¨Éä 102",,LEGACY_FONT_ENCODING_REVIEW;LONG_CHUNK_NO_SAFE_SPLIT;STRUCTURE_UNCERTAIN
MH_ACT_1960_SEC_144,MH_ACT_1960,child,act,Maharashtra,89,555,104,105,144,,,,,BEò ¤É 3 [ *,,LEGACY_FONT_ENCODING_REVIEW
MH_ACT_1960_SEC_145,MH_ACT_1960,child,act,Maharashtra,107,987,105,105,145,,,,,,,LEGACY_FONT_ENCODING_REVIEW
MH_ACT_1960_SEC_146,MH_ACT_1960,child,act,Maharashtra,3350,29761,105,110,146,,,,,{ÉÖføÒ±É MÉÉä¹]õÒ ªÉÉ +ÊvÉÊxÉªÉ¨ÉÉx´ÉªÉä +{É®úÉvÉ `ö®úiÉÒ±É :,,LEGACY_FONT_ENCODING_REVIEW;LONG_CHUNK_NO_SAFE_SPLIT;STRUCTURE_UNCERTAIN
MH_ACT_1960_SEC_150,MH_ACT_1960,child,act,Maharashtra,363,3153,110,111,150,,,,,,,LEGACY_FONT_ENCODING_REVIEW;STRUCTURE_UNCERTAIN
MH_ACT_1960_SEC_152,MH_ACT_1960,child,act,Maharashtra,644,5664,111,112,152,,,,,,,LEGACY_FONT_ENCODING_REVIEW;STRUCTURE_UNCERTAIN
MH_ACT_1960_SEC_153,MH_ACT_1960,parent,act,Maharashtra,798,7384,112,113,153,,,,,"EòÉähÉiªÉÉ½þÒ ÊxÉhÉÇªÉÉÆÊ´É¯ûrù ËEò´ÉÉ +Énäù¶ÉÉÊ´É¯ûrù Ê´ÉÊxÉÌnù¹]õ ¨ÉÖnùiÉÒiÉ +{ÉÒ±É Eò®úiÉÉ ªÉä<Ç±É, +¶ÉÒ VªÉÉ |ÉEò®úhÉÉiÉ ªÉÉ",,LEGACY_FONT_ENCODING_REVIEW
MH_ACT_1960_SEC_153_SUB_2,MH_ACT_1960,child,act,Maharashtra,104,1013,112,112,153,2,,,,"EòÉähÉiªÉÉ½þÒ ÊxÉhÉÇªÉÉÆÊ´É¯ûrù ËEò´ÉÉ +Énäù¶ÉÉÊ´É¯ûrù Ê´ÉÊxÉÌnù¹]õ ¨ÉÖnùiÉÒiÉ +{ÉÒ±É Eò®úiÉÉ ªÉä<Ç±É, +¶ÉÒ VªÉÉ |ÉEò®úhÉÉiÉ ªÉÉ",,LEGACY_FONT_ENCODING_REVIEW
MH_ACT_1960_SEC_153_SUB_3,MH_ACT_1960,child,act,Maharashtra,509,4551,112,113,153,3,,,,"EòÉähÉiªÉÉ½þÒ ÊxÉhÉÇªÉÉÆÊ´É¯ûrù ËEò´ÉÉ +Énäù¶ÉÉÊ´É¯ûrù Ê´ÉÊxÉÌnù¹]õ ¨ÉÖnùiÉÒiÉ +{ÉÒ±É Eò®úiÉÉ ªÉä<Ç±É, +¶ÉÒ VªÉÉ |ÉEò®úhÉÉiÉ ªÉÉ",,LEGACY_FONT_ENCODING_REVIEW
MH_ACT_1960_SEC_155,MH_ACT_1960,child,act,Maharashtra,144,1362,113,114,155,,,,,,,LEGACY_FONT_ENCODING_REVIEW
MH_ACT_1960_SEC_156,MH_ACT_1960,parent,act,Maharashtra,601,5233,114,115,156,,,,,,,LEGACY_FONT_ENCODING_REVIEW
MH_ACT_1960_SEC_156_SUB_1,MH_ACT_1960,child,act,Maharashtra,212,1913,114,114,156,1,,,,,,LEGACY_FONT_ENCODING_REVIEW
MH_ACT_1960_SEC_156_SUB_2,MH_ACT_1960,child,act,Maharashtra,388,3312,114,115,156,2,,,,,,LEGACY_FONT_ENCODING_REVIEW
MH_ACT_1960_SEC_159,MH_ACT_1960,child,act,Maharashtra,163,1600,115,115,159,,,,,,,LEGACY_FONT_ENCODING_REVIEW
MH_ACT_1960_SEC_160,MH_ACT_1960,parent,act,Maharashtra,896,8187,115,116,160,,,,,,,LEGACY_FONT_ENCODING_REVIEW
MH_ACT_1960_SEC_160_SUB_2,MH_ACT_1960,child,act,Maharashtra,43,414,116,116,160,2,,,,,,LEGACY_FONT_ENCODING_REVIEW
MH_ACT_1960_SEC_160_SUB_3,MH_ACT_1960,child,act,Maharashtra,64,592,116,116,160,3,,,,,,LEGACY_FONT_ENCODING_REVIEW
MH_ACT_1960_SEC_164,MH_ACT_1960,child,act,Maharashtra,195,1606,116,117,164,,,,,"ºÉÆºlÉäÊ´É°ürù ËEò´ÉÉ ÊiÉSªÉÉ EòÉähÉiªÉÉ½þÒ +ÊvÉEòÉÆ-ªÉÉÊ´É°ürù, +¶ÉÉ ºÉÆºlÉäSªÉÉ EòÉ¨ÉEòÉVÉÉ¶ÉÒ ºÉÆ¤ÉÆvÉ +ºÉ±Éä±ªÉÉ EòÉähÉiªÉÉ½þÒ",,LEGACY_FONT_ENCODING_REVIEW
MH_ACT_1960_SEC_165,MH_ACT_1960,child,act,Maharashtra,3590,31860,117,124,165,,,,,,,LEGACY_FONT_ENCODING_REVIEW;LONG_CHUNK_NO_SAFE_SPLIT
MH_ACT_1960_SEC_166,MH_ACT_1960,parent,act,Maharashtra,586,5724,124,125,166,,,,,,,LEGACY_FONT_ENCODING_REVIEW
MH_ACT_1960_SEC_166_SUB_1,MH_ACT_1960,child,act,Maharashtra,158,1552,124,124,166,1,,,,,,LEGACY_FONT_ENCODING_REVIEW
MH_ACT_1960_SEC_166_SUB_2,MH_ACT_1960,child,act,Maharashtra,427,4164,124,125,166,2,,,,,,LEGACY_FONT_ENCODING_REVIEW
MH_ACT_1960_SEC_167,MH_ACT_1960,child,act,Maharashtra,160,1564,125,125,167,,,,,"¶ÉÆEòÉÊxÉ®úºÉxÉÉlÉÇ ªÉÉuùÉ®äú +ºÉä VÉÉ½þÒ®ú Eò®úhªÉÉiÉ ªÉäiÉä EòÒ, ÁÉ +ÊvÉÊxÉªÉ¨ÉÉx´ÉªÉä xÉÉånùhÉÒ ZÉÉ±Éä±ªÉÉ ËEò´ÉÉ xÉÉånùhÉÒ ZÉÉ±ªÉÉSÉä",,LEGACY_FONT_ENCODING_REVIEW;STRUCTURE_UNCERTAIN
MH_RULES_1961_DOC,MH_RULES_1961,parent,rules,Maharashtra,2,9,1,145,,,,,,,,CONTEXT_PARENT;SHORT_CHUNK
MH_RULES_1961_RULE_1,MH_RULES_1961,child,rules,Maharashtra,30,188,1,1,,,1,,,Short title and extent:- These rules may be called the Maharashtra Co,state_law,
MH_RULES_1961_RULE_2,MH_RULES_1961,child,rules,Maharashtra,288,1729,1,1,,,2,,,"Definitions:- In these rules, unless the context otherwise, requires",registrar;state_law,
MH_RULES_1961_RULE_4,MH_RULES_1961,child,rules,Maharashtra,856,5369,1,5,,,4,,,Application for registration and registration fees:- (I) Every application for,byelaws;documents;membership;registrar;registration,STRUCTURE_UNCERTAIN
MH_RULES_1961_RULE_8,MH_RULES_1961,child,rules,Maharashtra,760,4499,5,6,,,8,,,Matters in respect of which Registrar may direct society to make bye-laws,byelaws;documents;elections;loans;management;meetings;membership;registrar,
MH_RULES_1961_RULE_10,MH_RULES_1961,child,rules,Maharashtra,615,3972,6,9,,,10,,,Classification and sub-classification of societies:- (1) After registration of a,byelaws;loans;membership;registrar;registration,STRUCTURE_UNCERTAIN
MH_RULES_1961_RULE_12,MH_RULES_1961,child,rules,Maharashtra,324,1856,9,10,,,12,,,"Amendment of bye-laws:-(1) Subject to the provisions of this rule, bye",byelaws;meetings;membership;registrar,STRUCTURE_UNCERTAIN
MH_RULES_1961_RULE_13,MH_RULES_1961,child,rules,Maharashtra,1001,5698,10,11,,,13,,,Manner of calling upon society to make amendment to bye-laws:- (1),byelaws;claim;deposits;meetings;membership;registrar;registration;timeline,LONG_CHUNK_NO_SAFE_SPLIT;STRUCTURE_UNCERTAIN
MH_RULES_1961_RULE_16,MH_RULES_1961,child,rules,Maharashtra,564,3493,11,12,,,16,,,"Amalgamation, transfer of assets and liabilities, division or conversion",claim;meetings;membership;registrar;registration,STRUCTURE_UNCERTAIN
MH_RULES_1961_RULE_17,MH_RULES_1961,child,rules,Maharashtra,721,4306,12,13,,,17,,,"Direction by Registrar for amalgamation, division and reorganisation of",claim;membership;registrar,STRUCTURE_UNCERTAIN
MH_RULES_1961_RULE_18A,MH_RULES_1961,parent,rules,Maharashtra,18,130,14,16,,,18A,,,Conditions for realising the assets and liquidating the liabilities of the,,CONTEXT_PARENT;SHORT_CHUNK
MH_RULES_1961_RULE_18A_SUB_1,MH_RULES_1961,child,rules,Maharashtra,1303,7838,14,16,,,18A,1,,Conditions for realising the assets and liquidating the liabilities of the,claim;deposits;documents;loans;meetings;membership;registrar;registration,LONG_CHUNK_NO_SAFE_SPLIT
MH_RULES_1961_RULE_18A_SUB_15,MH_RULES_1961,child,rules,Maharashtra,92,549,16,16,,,18A,15,,Conditions for realising the assets and liquidating the liabilities of the,registrar;timeline,
MH_RULES_1961_RULE_18B,MH_RULES_1961,child,rules,Maharashtra,116,723,16,17,,,18B,,,Purposes for investment of surplus by the Registrar:- (1),registrar,
MH_RULES_1961_RULE_118C,MH_RULES_1961,child,rules,Maharashtra,311,1817,17,17,,,118C,,,Manner of issue of public notice of the proceedings of de-registration,membership;registrar;registration,
MH_RULES_1961_RULE_19,MH_RULES_1961,child,rules,Maharashtra,48,265,17,17,,,19,,,"Conditions to be complied with for admission for membership, etc:- No",membership,MALFORMED_NUMBERING_HIERARCHY
MH_RULES_1961_FORM_014,MH_RULES_1961,parent,rules,Maharashtra,163,947,17,22,,,,,,"form specified by the Registrar, if any, for membership;",membership;registrar;registration,CONTEXT_PARENT
MH_RULES_1961_FORM_014_SUB_1,MH_RULES_1961,child,rules,Maharashtra,384,2273,18,18,,,,,,"form specified by the Registrar, if any, for membership;",eligibility;membership;registrar;timeline,
MH_RULES_1961_FORM_014_SUB_2,MH_RULES_1961,child,rules,Maharashtra,262,1469,18,19,,,,,,"form specified by the Registrar, if any, for membership;",membership;registrar,
MH_RULES_1961_FORM_014_SUB_3,MH_RULES_1961,child,rules,Maharashtra,323,2004,19,19,,,,,,"form specified by the Registrar, if any, for membership;",elections;governance;meetings;membership;registrar;registration,
MH_RULES_1961_FORM_014_SUB_4,MH_RULES_1961,child,rules,Maharashtra,611,3507,19,20,,,,,,"form specified by the Registrar, if any, for membership;",claim;documents;membership;registrar;registration,
MH_RULES_1961_FORM_014_SUB_5,MH_RULES_1961,child,rules,Maharashtra,327,1877,20,21,,,,,,"form specified by the Registrar, if any, for membership;",deposits;documents;membership;registrar,
MH_RULES_1961_FORM_014_SUB_6,MH_RULES_1961,child,rules,Maharashtra,387,2254,21,22,,,,,,"form specified by the Registrar, if any, for membership;",appeal;documents;meetings;membership;registrar;registration,
MH_RULES_1961_RULE_31,MH_RULES_1961,child,rules,Maharashtra,289,1704,22,22,,,31,,,Procedure for change of address of societies:- (1) Every society shall,membership;registrar;registration,STRUCTURE_UNCERTAIN
MH_RULES_1961_RULE_34,MH_RULES_1961,child,rules,Maharashtra,47,263,23,23,,,34,,,Certified copies of entries in books of societies:- For the purposes of,,
MH_RULES_1961_RULE_35,MH_RULES_1961,child,rules,Maharashtra,290,1780,23,23,,,35,,,Conditions for borrowing by societies with limited liability: - (1) No,deposits;loans;membership;registrar,STRUCTURE_UNCERTAIN
MH_RULES_1961_RULE_36,MH_RULES_1961,child,rules,Maharashtra,182,1100,23,23,,,36,,,Conditions for borrowing of Maharashtra State Co-operative Bank:,deposits;loans;membership;registrar,
MH_RULES_1961_RULE_37,MH_RULES_1961,child,rules,Maharashtra,37,251,23,23,,,37,,,Conditions for borrowing of Land Development Banks:- Land Development,loans,
MH_RULES_1961_RULE_38,MH_RULES_1961,child,rules,Maharashtra,350,2009,23,24,,,38,,,Loans and deposits from non-members in unlimited liability societies:,deposits;loans;meetings;membership;registrar,
MH_RULES_1961_RULE_40,MH_RULES_1961,child,rules,Maharashtra,55,335,24,24,,,40,,,"Additional conditions for raising funds by societies:- The Registrar may, by",deposits;loans;registrar,
MH_RULES_1961_RULE_41,MH_RULES_1961,child,rules,Maharashtra,75,450,24,24,,,41,,,Maintenance of liquid resources and distribution of assets:- Every society,deposits;registrar,
MH_RULES_1961_RULE_42,MH_RULES_1961,parent,rules,Maharashtra,574,3486,24,25,,,42,,,Regulation of loans to be granted by societies:- In case of grant of loans,loans;membership;registrar,
MH_RULES_1961_RULE_42_SUB_1,MH_RULES_1961,child,rules,Maharashtra,41,221,24,24,,,42,1,,Regulation of loans to be granted by societies:- In case of grant of loans,loans;registrar,
MH_RULES_1961_RULE_42_SUB_2,MH_RULES_1961,child,rules,Maharashtra,93,573,24,24,,,42,2,,Regulation of loans to be granted by societies:- In case of grant of loans,loans;registrar,
MH_RULES_1961_RULE_42_SUB_3,MH_RULES_1961,child,rules,Maharashtra,99,660,24,25,,,42,3,,Regulation of loans to be granted by societies:- In case of grant of loans,loans;registrar,
MH_RULES_1961_RULE_42_SUB_4,MH_RULES_1961,child,rules,Maharashtra,77,426,25,25,,,42,4,,Regulation of loans to be granted by societies:- In case of grant of loans,loans;membership;registrar,
MH_RULES_1961_RULE_42_SUB_5,MH_RULES_1961,child,rules,Maharashtra,36,211,25,25,,,42,5,,Regulation of loans to be granted by societies:- In case of grant of loans,loans;membership;registrar,
MH_RULES_1961_RULE_42_SUB_6,MH_RULES_1961,child,rules,Maharashtra,114,712,25,25,,,42,6,,Regulation of loans to be granted by societies:- In case of grant of loans,loans;membership;registrar,
MH_RULES_1961_RULE_42_SUB_7,MH_RULES_1961,child,rules,Maharashtra,54,303,25,25,,,42,7,,Regulation of loans to be granted by societies:- In case of grant of loans,loans;registrar,
MH_RULES_1961_RULE_43,MH_RULES_1961,child,rules,Maharashtra,294,1680,26,26,,,43,,,Conditions to be complied with by members applying for loans: - (1),deposits;loans;membership;registrar,STRUCTURE_UNCERTAIN
MH_RULES_1961_RULE_45,MH_RULES_1961,child,rules,Maharashtra,228,1270,26,26,,,45,,,Restrictions on borrowing from more than one credit society:- (1) Every,loans;membership;registrar,STRUCTURE_UNCERTAIN
MH_RULES_1961_RULE_45A,MH_RULES_1961,child,rules,Maharashtra,306,1715,26,27,,,45A,,,Limits on loans against fixed deposits: - (1) When a society makes a,deposits;loans;membership;registrar,STRUCTURE_UNCERTAIN
MH_RULES_1961_RULE_146A,MH_RULES_1961,child,rules,Maharashtra,66,427,27,27,,,146A,,,Restrictions on borrowings from non-members:- No society shall receive,loans;membership;registrar,
MH_RULES_1961_RULE_46B,MH_RULES_1961,child,rules,Maharashtra,62,366,27,27,,,46B,,,Restrictions on credit sales to non-members:,membership;registrar,MALFORMED_NUMBERING_HIERARCHY
MH_RULES_1961_RULE_47,MH_RULES_1961,child,rules,Maharashtra,78,481,27,27,,,47,,,Restrictions on transactions with non-members:,membership;registrar,
MH_RULES_1961_RULE_48,MH_RULES_1961,child,rules,Maharashtra,305,1666,27,28,,,48,,,Form of declarations be made by members borrowing loans from certain,loans;membership,STRUCTURE_UNCERTAIN
MH_RULES_1961_CONTEXT_031,MH_RULES_1961,child,rules,Maharashtra,731,4366,28,29,,,,,,,claim;deposits;loans;membership;registrar,RULE_IDENTIFIER_MISSING;STRUCTURE_UNCERTAIN
MH_RULES_1961_RULE_51,MH_RULES_1961,child,rules,Maharashtra,147,852,29,29,,,51,,,Amounts to be deducted by a Society from its profits before arriving at,byelaws;loans,
MH_RULES_1961_RULE_52,MH_RULES_1961,child,rules,Maharashtra,191,1079,29,30,,,52,,,Bonus and Dividend Equalization Fund:,byelaws;membership;registrar,
MH_RULES_1961_RULE_53,MH_RULES_1961,child,rules,Maharashtra,951,6514,30,33,,,53,,,Rates of annual contribution to education fund of State Federal,membership,LONG_CHUNK_NO_SAFE_SPLIT
MH_RULES_1961_RULE_53A,MH_RULES_1961,child,rules,Maharashtra,284,1809,33,34,,,53A,,,"Rates of annual contribution to Co-operative, State Cadre",membership,
MH_RULES_1961_RULE_153B,MH_RULES_1961,child,rules,Maharashtra,1630,10485,34,36,,,153B,,,Manner of contributions to be made under the Rule 53A:- (1) The Apex society,loans;pacs;registrar;timeline,LONG_CHUNK_NO_SAFE_SPLIT;STRUCTURE_UNCERTAIN
MH_RULES_1961_RULE_54,MH_RULES_1961,child,rules,Maharashtra,288,1713,36,37,,,54,,,"Utilisation and investment of reserve fund:- (1) A society shall, in addition",deposits;loans;registrar,MALFORMED_NUMBERING_HIERARCHY;STRUCTURE_UNCERTAIN
MH_RULES_1961_RULE_55,MH_RULES_1961,child,rules,Maharashtra,383,2239,37,37,,,55,,,Investment of other funds:- (1),registrar,STRUCTURE_UNCERTAIN
MH_RULES_1961_RULE_56,MH_RULES_1961,child,rules,Maharashtra,144,932,37,38,,,56,,,Maintenance and administration of provident fund:- A society which has,elections;registrar,
MH_RULES_1961_RULE_56A,MH_RULES_1961,child,rules,Maharashtra,1229,7413,38,40,,,56A,,,Manner of election to notified Societies:- (i) The elections of the societies,byelaws;claim;deposits;elections;management;membership;registrar;timeline,LONG_CHUNK_NO_SAFE_SPLIT;STRUCTURE_UNCERTAIN
MH_RULES_1961_RULE_56C,MH_RULES_1961,child,rules,Maharashtra,230,1362,40,40,,,56C,,,Particulars to be included in the provisional list of voters:- (1) The,byelaws;elections;membership;registration,
MH_RULES_1961_RULE_56D,MH_RULES_1961,child,rules,Maharashtra,210,1222,40,40,,,56D,,,"Claims and objections to the provisional list of voters, and the final list",claim;elections;membership;registrar;timeline,STRUCTURE_UNCERTAIN
MH_RULES_1961_RULE_56E,MH_RULES_1961,child,rules,Maharashtra,278,1741,41,41,,,56E,,,"Appointment of Returning Officers, Assistant Returning Officers and",byelaws;elections;registrar,
MH_RULES_1961_RULE_56_002,MH_RULES_1961,child,rules,Maharashtra,214,1286,41,41,,,56,,,H. Appointment of Presiding Officers and Polling Officers:- (1) The,byelaws;elections,STRUCTURE_UNCERTAIN
MH_RULES_1961_RULE_56I,MH_RULES_1961,child,rules,Maharashtra,107,647,41,41,,,56I,,,General duty of Presiding Officer and Polling Officer:- It shall be the,elections,
MH_RULES_1961_RULE_56J,MH_RULES_1961,child,rules,Maharashtra,406,2372,41,42,,,56J,,,Appointment of dates etc. for various stages of an election:- (1) The,appeal;elections;registrar;timeline,
MH_RULES_1961_RULE_56K,MH_RULES_1961,child,rules,Maharashtra,292,1677,42,43,,,56K,,,Manner of publication of election programme under Rule 56J:- (1) The,elections;timeline,STRUCTURE_UNCERTAIN
MH_RULES_1961_RULE_56L,MH_RULES_1961,child,rules,Maharashtra,273,1593,43,43,,,56L,,,Manner of publication of election programme under Rule 56K:- (J) The,byelaws;elections;eligibility;membership;registrar,STRUCTURE_UNCERTAIN
MH_RULES_1961_FORM_M,MH_RULES_1961,parent,rules,Maharashtra,153,874,43,56,,,,,,Form M-4 :,elections,CONTEXT_PARENT
MH_RULES_1961_FORM_M_SUB_1,MH_RULES_1961,child,rules,Maharashtra,597,3482,43,44,,,,,,Form M-4 :,byelaws;deposits;elections;membership,
MH_RULES_1961_FORM_M_SUB_2,MH_RULES_1961,child,rules,Maharashtra,594,3459,44,45,,,,,,Form M-4 :,byelaws;elections;registrar,
MH_RULES_1961_FORM_M_SUB_3,MH_RULES_1961,child,rules,Maharashtra,165,1035,45,45,,,,,,Form M-4 :,appeal;elections,
MH_RULES_1961_FORM_M_SUB_4,MH_RULES_1961,child,rules,Maharashtra,208,1286,45,46,,,,,,Form M-4 :,,
MH_RULES_1961_FORM_M_SUB_5,MH_RULES_1961,child,rules,Maharashtra,983,5833,46,47,,,,,,Form M-4 :,elections;eligibility,LONG_CHUNK_NO_SAFE_SPLIT
MH_RULES_1961_FORM_M_SUB_6,MH_RULES_1961,child,rules,Maharashtra,1446,8022,47,50,,,,,,Form M-4 :,byelaws;deposits;elections,LONG_CHUNK_NO_SAFE_SPLIT
MH_RULES_1961_FORM_M_SUB_7,MH_RULES_1961,child,rules,Maharashtra,217,1170,50,50,,,,,,Form M-4 :,,
MH_RULES_1961_FORM_M_SUB_8,MH_RULES_1961,child,rules,Maharashtra,418,2398,50,51,,,,,,Form M-4 :,,
MH_RULES_1961_FORM_M_SUB_9,MH_RULES_1961,child,rules,Maharashtra,196,1091,51,51,,,,,,Form M-4 :,,
MH_RULES_1961_FORM_M_SUB_10,MH_RULES_1961,child,rules,Maharashtra,96,558,51,52,,,,,,Form M-4 :,,
MH_RULES_1961_FORM_M_SUB_11,MH_RULES_1961,child,rules,Maharashtra,428,2469,52,52,,,,,,Form M-4 :,byelaws;elections,
MH_RULES_1961_FORM_M_SUB_12,MH_RULES_1961,child,rules,Maharashtra,237,1407,52,53,,,,,,Form M-4 :,elections,
MH_RULES_1961_FORM_M_SUB_13,MH_RULES_1961,child,rules,Maharashtra,1059,6105,53,55,,,,,,Form M-4 :,byelaws;documents;elections,LONG_CHUNK_NO_SAFE_SPLIT
MH_RULES_1961_FORM_M_SUB_14,MH_RULES_1961,child,rules,Maharashtra,437,2502,55,55,,,,,,Form M-4 :,,
MH_RULES_1961_FORM_M_SUB_15,MH_RULES_1961,child,rules,Maharashtra,158,957,55,56,,,,,,Form M-4 :,elections;membership,
MH_RULES_1961_FORM_M_SUB_16,MH_RULES_1961,child,rules,Maharashtra,203,1145,56,56,,,,,,Form M-4 :,deposits;elections;membership,
MH_RULES_1961_FORM_M_SUB_17,MH_RULES_1961,child,rules,Maharashtra,53,304,56,56,,,,,,Form M-4 :,elections,
MH_RULES_1961_FORM_M_SUB_18,MH_RULES_1961,child,rules,Maharashtra,127,768,56,56,,,,,,Form M-4 :,elections,
MH_RULES_1961_FORM_M_SUB_19,MH_RULES_1961,child,rules,Maharashtra,129,722,56,56,,,,,,Form M-4 :,byelaws;elections;meetings;membership;registrar,
MH_RULES_1961_RULE_57,MH_RULES_1961,parent,rules,Maharashtra,13,95,56,59,,,57,,,Prohibition against being interested in contracts etc:- (1),management,CONTEXT_PARENT;SHORT_CHUNK
MH_RULES_1961_RULE_57_SUB_1,MH_RULES_1961,child,rules,Maharashtra,1437,8373,57,59,,,57,1,,Prohibition against being interested in contracts etc:- (1),byelaws;elections;loans;management;meetings;membership;registrar;timeline,LONG_CHUNK_NO_SAFE_SPLIT
MH_RULES_1961_RULE_57_SUB_6,MH_RULES_1961,child,rules,Maharashtra,34,197,59,59,,,57,6,,Prohibition against being interested in contracts etc:- (1),,
MH_RULES_1961_RULE_58,MH_RULES_1961,child,rules,Maharashtra,312,1863,59,59,,,58,,,Disqualification for membership of committee:- (1) No person shall be,byelaws;elections;eligibility;loans;membership;registrar,STRUCTURE_UNCERTAIN
MH_RULES_1961_RULE_158_A,MH_RULES_1961,child,rules,Maharashtra,279,1650,60,60,,,158-A,,,Bond to be executed by elected Members of Managing Committee:,elections;management;meetings;membership;registrar;registration;reporting;timeline,
MH_RULES_1961_RULE_60,MH_RULES_1961,child,rules,Maharashtra,548,3132,60,61,,,60,,,General meetings:,elections;meetings;membership;registrar;reporting;timeline,MALFORMED_NUMBERING_HIERARCHY
MH_RULES_1961_RULE_61,MH_RULES_1961,child,rules,Maharashtra,132,792,61,61,,,61,,,"Annual statements of accounts including balance sheet, etc:- Within",membership;registrar;timeline,
MH_RULES_1961_RULE_62,MH_RULES_1961,child,rules,Maharashtra,134,717,61,61,,,62,,,Form for the balance sheet and the profit and loss account:- (1) The,meetings;registrar,STRUCTURE_UNCERTAIN
MH_RULES_1961_RULE_63,MH_RULES_1961,child,rules,Maharashtra,120,682,62,62,,,63,,,Power to call annual and special general meeting:- If the annual general,meetings;registrar,
MH_RULES_1961_RULE_64,MH_RULES_1961,child,rules,Maharashtra,516,3081,62,63,,,64,,,"Procedure for appointment, suspension, and removal of members of the",documents;meetings;membership;registrar;timeline,STRUCTURE_UNCERTAIN
MH_RULES_1961_RULE_66,MH_RULES_1961,child,rules,Maharashtra,65,371,63,63,,,66,,,Copies of monthly returns to be furnished to Registrar: - All Registered,registrar,
MH_RULES_1961_RULE_67,MH_RULES_1961,child,rules,Maharashtra,284,1624,63,63,,,67,,,Registrars power to enforce performance of obligations: - (i) In addition,membership;registrar,STRUCTURE_UNCERTAIN
MH_RULES_1961_RULE_67A,MH_RULES_1961,child,rules,Maharashtra,658,3893,63,64,,,67A,,,Directions of Registrar to the society to make regulations on certain,registrar,STRUCTURE_UNCERTAIN
MH_RULES_1961_RULE_68,MH_RULES_1961,child,rules,Maharashtra,250,1512,64,65,,,68,,,"Procedure to be adopted for taking possession of books, documents,",documents;registrar,STRUCTURE_UNCERTAIN
MH_RULES_1961_RULE_69,MH_RULES_1961,child,rules,Maharashtra,842,4837,65,66,,,69,,,Procedure for appointment of auditors and for conducting audit:- (1) The,meetings;membership;registrar,STRUCTURE_UNCERTAIN
MH_RULES_1961_RULE_70,MH_RULES_1961,child,rules,Maharashtra,71,410,66,66,,,70,,,Requisition of the federal society for inquiry:- Any federal society duly,registrar,
MH_RULES_1961_RULE_71,MH_RULES_1961,child,rules,Maharashtra,558,3251,66,67,,,71,,,Procedure and principles for the conduct of inquiry and inspection:-(1),documents;membership;registrar,STRUCTURE_UNCERTAIN
MH_RULES_1961_RULE_72,MH_RULES_1961,child,rules,Maharashtra,639,3669,67,68,,,72,,,"Procedure for assessing damages against delinquent promoters, etc",claim;documents;management;registrar;timeline,STRUCTURE_UNCERTAIN
MH_RULES_1961_RULE_74,MH_RULES_1961,child,rules,Maharashtra,110,672,68,68,,,74,,,Levy of audit charges and supervision charges:- (1) The Registrar may levy,registrar,
MH_RULES_1961_CONTEXT_067,MH_RULES_1961,child,rules,Maharashtra,78,464,68,68,,,,,,,registrar,RULE_IDENTIFIER_MISSING;STRUCTURE_UNCERTAIN
MH_RULES_1961_RULE_76,MH_RULES_1961,child,rules,Maharashtra,106,603,68,68,,,76,,,Registrars satisfaction regarding existence of a dispute:- Where any,registrar,
MH_RULES_1961_RULE_77,MH_RULES_1961,child,rules,Maharashtra,71,461,69,69,,,77,,,Disposal of a dispute or reference to Co-operative Court:- (1) Where the,registrar,STRUCTURE_UNCERTAIN
MH_RULES_1961_RULE_77_A,MH_RULES_1961,child,rules,Maharashtra,459,2736,69,69,,,77-A,,,"Qualifications of Judges of Co-operative Courts, and their",eligibility;membership;registrar,STRUCTURE_UNCERTAIN
MH_RULES_1961_RULE_77_E,MH_RULES_1961,child,rules,Maharashtra,422,2331,69,70,,,77-E,,,Procedure for hearing and decision of disputes:,claim;documents;registrar,
MH_RULES_1961_RULE_77_F,MH_RULES_1961,child,rules,Maharashtra,215,1300,70,71,,,77-F,,,Summary procedure for deciding disputes:,loans;membership,
MH_RULES_1961_FORM_P,MH_RULES_1961,parent,rules,Maharashtra,504,2791,71,77,,,,,,"Form P, make the following averments, namely ;—",claim;documents;registrar;timeline,CONTEXT_PARENT
MH_RULES_1961_FORM_P_SUB_1,MH_RULES_1961,child,rules,Maharashtra,381,2133,71,72,,,,,,"Form P, make the following averments, namely ;—",documents;registrar,
MH_RULES_1961_FORM_P_SUB_2,MH_RULES_1961,child,rules,Maharashtra,85,530,72,72,,,,,,"Form P, make the following averments, namely ;—",claim;registrar,
MH_RULES_1961_FORM_P_SUB_3,MH_RULES_1961,child,rules,Maharashtra,679,3983,72,73,,,,,,"Form P, make the following averments, namely ;—",appeal;registrar,
MH_RULES_1961_FORM_P_SUB_4,MH_RULES_1961,child,rules,Maharashtra,90,509,73,73,,,,,,"Form P, make the following averments, namely ;—",,
MH_RULES_1961_FORM_P_SUB_5,MH_RULES_1961,child,rules,Maharashtra,1272,7170,73,75,,,,,,"Form P, make the following averments, namely ;—",deposits;management;registrar,LONG_CHUNK_NO_SAFE_SPLIT
MH_RULES_1961_FORM_P_SUB_6,MH_RULES_1961,child,rules,Maharashtra,637,3706,75,77,,,,,,"Form P, make the following averments, namely ;—",appeal;claim;deposits;documents;loans;membership;registrar,
MH_RULES_1961_RULE_87,MH_RULES_1961,child,rules,Maharashtra,127,725,77,78,,,87,,,Mode of communication of an interim order under Section 102:- An,appeal;membership;registrar,
MH_RULES_1961_RULE_89,MH_RULES_1961,child,rules,Maharashtra,858,4955,78,79,,,89,,,Appointment of Liquidator and the procedure to be followed and powers,appeal;claim;documents;meetings;membership;registrar,STRUCTURE_UNCERTAIN
MH_RULES_1961_RULE_91,MH_RULES_1961,child,rules,Maharashtra,162,902,79,79,,,91,,,Interest on amounts due from a society under liquidation: - The creditor,registrar,
MH_RULES_1961_RULE_92,MH_RULES_1961,child,rules,Maharashtra,233,1355,79,80,,,92,,,Disposal of records of society whose registration is cancelled:- (1) When,registrar;registration;timeline,STRUCTURE_UNCERTAIN
MH_RULES_1961_RULE_93,MH_RULES_1961,child,rules,Maharashtra,1449,8564,80,82,,,93,,,Procedure for Submission and consideration of applications for loans,claim;deposits;documents;loans;registrar;timeline,LONG_CHUNK_NO_SAFE_SPLIT;STRUCTURE_UNCERTAIN;TOC_REVIEW
MH_RULES_1961_RULE_94,MH_RULES_1961,child,rules,Maharashtra,61,370,82,82,,,94,,,Registration of copies of instruments under Section 122:- Copies of,management;registration,
MH_RULES_1961_RULE_95,MH_RULES_1961,child,rules,Maharashtra,52,320,82,82,,,95,,,Authority to Land Development Bank to exercise power under Section,registrar,
MH_RULES_1961_RULE_96,MH_RULES_1961,child,rules,Maharashtra,214,1232,82,83,,,96,,,Appointment of Receiver and his powers under Section 133:- (1) The,management,STRUCTURE_UNCERTAIN
MH_RULES_1961_RULE_97,MH_RULES_1961,child,rules,Maharashtra,84,496,83,83,,,97,,,"Appointment, qualifications and powers and functions of a Sale Officer",registrar,
MH_RULES_1961_RULE_98,MH_RULES_1961,child,rules,Maharashtra,226,1237,83,83,,,98,,,Procedure for distraint and sale of the produce of the mortgaged land,,
MH_RULES_1961_RULE_99,MH_RULES_1961,child,rules,Maharashtra,144,868,83,83,,,99,,,Circumstances under which the State Land Development Bank or the,timeline,
MH_RULES_1961_RULE_100,MH_RULES_1961,child,rules,Maharashtra,366,2170,83,84,,,100,,,Submission of report for confirmation of sale under Section 134,registrar,
MH_RULES_1961_RULE_102,MH_RULES_1961,child,rules,Maharashtra,193,1124,84,85,,,102,,,Sale of immovable property purchase by a Land Development Bank:,registrar,
MH_RULES_1961_RULE_103,MH_RULES_1961,child,rules,Maharashtra,91,502,85,85,,,103,,,Certain provisions of Rule 107 to apply to sale of immovable property,registrar,STRUCTURE_UNCERTAIN
MH_RULES_1961_CONTEXT_088,MH_RULES_1961,child,rules,Maharashtra,554,3195,85,86,,,,,,,appeal;membership;registrar,RULE_IDENTIFIER_MISSING;STRUCTURE_UNCERTAIN
MH_RULES_1961_RULE_105,MH_RULES_1961,child,rules,Maharashtra,49,315,86,86,,,105,,,Constitution of authority by the State Government to hear appeals,appeal,
MH_RULES_1961_RULE_106,MH_RULES_1961,child,rules,Maharashtra,597,3367,86,87,,,106,,,Procedure for presentation to and disposal of appeals by State,appeal;claim;registrar;timeline,
MH_RULES_1961_RULE_107,MH_RULES_1961,child,rules,Maharashtra,5770,32792,87,95,,,107,,,1 [Procedure for attachment and sale of property under Section 156.]:,claim;deposits;membership;registrar;registration;reporting;timeline,LONG_CHUNK_NO_SAFE_SPLIT;STRUCTURE_UNCERTAIN
MH_RULES_1961_RULE_107A,MH_RULES_1961,child,rules,Maharashtra,1405,8007,95,99,,,107A,,,Maximum rates of travelling allowance and daily allowance and,byelaws;claim;meetings;membership;timeline,LONG_CHUNK_NO_SAFE_SPLIT;STRUCTURE_UNCERTAIN;TABLE_REVIEW
MH_RULES_1961_FORM_093,MH_RULES_1961,child,rules,Maharashtra,23,121,99,99,,,,,,the form of personal security of,,
MH_RULES_1961_FORM_094,MH_RULES_1961,child,rules,Maharashtra,574,3298,99,101,,,,,,the form of Government,membership;registrar;reporting;timeline,TOC_REVIEW
MH_RULES_1961_FORM_A,MH_RULES_1961,child,rules,Maharashtra,712,4995,101,104,,,,,,Form ‘A’,documents;membership;registrar;registration,
MH_RULES_1961_FORM_B,MH_RULES_1961,child,rules,Maharashtra,121,733,104,105,,,,,,Form ‘B’,registrar;registration,
MH_RULES_1961_FORM_C,MH_RULES_1961,child,rules,Maharashtra,259,1863,106,106,,,,,,Form ‘C’,registrar;registration;state_law,
MH_RULES_1961_FORM_D,MH_RULES_1961,child,rules,Maharashtra,119,700,106,107,,,,,,Form 'D’,registrar;registration,
MH_RULES_1961_FORM_E,MH_RULES_1961,child,rules,Maharashtra,178,1194,108,108,,,,,,Form 'E’,registrar;state_law;timeline,
MH_RULES_1961_FORM_F,MH_RULES_1961,child,rules,Maharashtra,181,1147,108,109,,,,,,Form ‘F’,registrar;state_law;timeline,
MH_RULES_1961_FORM_G,MH_RULES_1961,child,rules,Maharashtra,457,3272,109,110,,,,,,Form ‘G’,management;meetings;membership;registrar;reporting;state_law,
MH_RULES_1961_FORM_H,MH_RULES_1961,child,rules,Maharashtra,132,993,110,112,,,,,,Form ‘H',claim;meetings;membership;registrar,
MH_RULES_1961_FORM_103,MH_RULES_1961,child,rules,Maharashtra,267,1803,112,112,,,,,,Form to be used by the eligible person for giving application for,byelaws;eligibility;membership;registrar;state_law,
MH_RULES_1961_FORM_I,MH_RULES_1961,child,rules,Maharashtra,156,1054,113,113,,,,,,Form ‘I’,membership;state_law,
MH_RULES_1961_FORM_J,MH_RULES_1961,child,rules,Maharashtra,23,146,114,114,,,,,,Form ‘J’,membership,
MH_RULES_1961_FORM_K,MH_RULES_1961,child,rules,Maharashtra,72,518,114,114,,,,,,Form ‘K’,loans;membership;state_law,
MH_RULES_1961_FORM_L,MH_RULES_1961,child,rules,Maharashtra,143,1132,114,115,,,,,,Form ‘L’,loans;membership;state_law,
MH_RULES_1961_SCHEDULE_108,MH_RULES_1961,child,rules,Maharashtra,157,1177,115,116,,,,,,Schedule,loans,
MH_RULES_1961_FORM_M_002,MH_RULES_1961,child,rules,Maharashtra,239,1430,116,117,,,,,,Form ‘M’,elections;loans;meetings;membership;registrar,
MH_RULES_1961_FORM_M_003,MH_RULES_1961,child,rules,Maharashtra,6,27,117,117,,,,,,Form M-2,,SHORT_CHUNK
MH_RULES_1961_FORM_111,MH_RULES_1961,child,rules,Maharashtra,273,1544,117,118,,,,,,Form of report to be handed over personally by the Chairman or Vice-,byelaws;elections;management;meetings;membership;registrar;registration;timeline,
MH_RULES_1961_FORM_M_004,MH_RULES_1961,child,rules,Maharashtra,591,3709,118,119,,,,,,Form M-3,deposits;elections;management;membership;state_law,
MH_RULES_1961_FORM_M_005,MH_RULES_1961,child,rules,Maharashtra,6,27,119,119,,,,,,Form M-4,,SHORT_CHUNK
MH_RULES_1961_FORM_114,MH_RULES_1961,child,rules,Maharashtra,455,3701,119,121,,,,,,Form of Nomination Paper,elections;membership;state_law,
MH_RULES_1961_FORM_M_006,MH_RULES_1961,child,rules,Maharashtra,128,917,121,122,,,,,,Form M-5,elections;management;membership,
MH_RULES_1961_FORM_M_007,MH_RULES_1961,child,rules,Maharashtra,144,1175,122,123,,,,,,Form M-6,elections;management;membership,
MH_RULES_1961_FORM_M_008,MH_RULES_1961,child,rules,Maharashtra,188,1714,123,123,,,,,,Form M-7,elections;management;membership,
MH_RULES_1961_FORM_M_009,MH_RULES_1961,child,rules,Maharashtra,179,1428,125,125,,,,,,Form M-8,elections;management;membership,
MH_RULES_1961_FORM_M_010,MH_RULES_1961,child,rules,Maharashtra,5,23,125,125,,,,,,Form M-9,,SHORT_CHUNK
MH_RULES_1961_FORM_120,MH_RULES_1961,child,rules,Maharashtra,147,1234,125,126,,,,,,Form of declaration of result of uncontested election,elections;management;state_law,
MH_RULES_1961_FORM_M_011,MH_RULES_1961,child,rules,Maharashtra,6,27,126,126,,,,,,Form M-10,,SHORT_CHUNK
MH_RULES_1961_FORM_122,MH_RULES_1961,child,rules,Maharashtra,36,419,126,126,,,,,,Form of Ballot Paper,elections,
MH_RULES_1961_FORM_M_012,MH_RULES_1961,child,rules,Maharashtra,119,779,126,127,,,,,,Form M - 1 1,deposits;elections,
MH_RULES_1961_FORM_M_013,MH_RULES_1961,child,rules,Maharashtra,5,30,127,127,,,,,,Form M-12,,SHORT_CHUNK
MH_RULES_1961_FORM_125,MH_RULES_1961,child,rules,Maharashtra,126,952,127,128,,,,,,Form of declaration by companion of blind or infirm voter,elections,
MH_RULES_1961_FORM_M_014,MH_RULES_1961,child,rules,Maharashtra,67,526,128,128,,,,,,Form M-13,elections,TABLE_REVIEW
MH_RULES_1961_FORM_M_015,MH_RULES_1961,child,rules,Maharashtra,103,682,128,129,,,,,,Form M-14,elections,TABLE_REVIEW
MH_RULES_1961_FORM_M_016,MH_RULES_1961,child,rules,Maharashtra,132,939,129,130,,,,,,Form M-15,elections,
MH_RULES_1961_FORM_M_017,MH_RULES_1961,child,rules,Maharashtra,5,30,130,130,,,,,,Form M-16,,SHORT_CHUNK
MH_RULES_1961_FORM_130,MH_RULES_1961,child,rules,Maharashtra,73,622,130,130,,,,,,Form of Result Sheet,elections,
MH_RULES_1961_FORM_M_018,MH_RULES_1961,child,rules,Maharashtra,5,27,130,130,,,,,,Form M-17,,SHORT_CHUNK
MH_RULES_1961_FORM_132,MH_RULES_1961,child,rules,Maharashtra,99,990,130,131,,,,,,Form of declaration of result and publication of names,elections;membership,
MH_RULES_1961_FORM_133,MH_RULES_1961,child,rules,Maharashtra,127,890,131,131,,,,,,Form of Requisition to call Special Meeting of the,management;meetings;membership;registrar;state_law,
MH_RULES_1961_FORM_M_019,MH_RULES_1961,child,rules,Maharashtra,204,2003,131,132,,,,,,Form M-19,management;meetings;membership;registrar,
MH_RULES_1961_FORM_N,MH_RULES_1961,child,rules,Maharashtra,1108,7044,133,138,,,,,,FORM N,deposits;loans;management;membership;premium,LONG_CHUNK_NO_SAFE_SPLIT
MH_RULES_1961_FORM_N_002,MH_RULES_1961,child,rules,Maharashtra,263,1712,139,139,,,,,,FORM ‘N',loans;management;membership,TABLE_REVIEW
MH_RULES_1961_FORM_O,MH_RULES_1961,child,rules,Maharashtra,116,700,140,140,,,,,,Form ‘O’,,
MH_RULES_1961_FORM_P_002,MH_RULES_1961,child,rules,Maharashtra,209,1656,141,141,,,,,,Form ‘P’,claim;documents;governance;registrar,
MH_RULES_1961_FORM_Q,MH_RULES_1961,child,rules,Maharashtra,337,2006,142,142,,,,,,Form ‘Q’,registrar;state_law,
MH_RULES_1961_FORM_R,MH_RULES_1961,child,rules,Maharashtra,151,841,143,143,,,,,,Form ‘R’,registrar;state_law,
MH_RULES_1961_SCHEDULE_141,MH_RULES_1961,child,rules,Maharashtra,29,191,143,143,,,,,,Schedule hereto annexed.,,
MH_RULES_1961_SCHEDULE_142,MH_RULES_1961,child,rules,Maharashtra,63,451,143,143,,,,,,The Schedule,registrar,
MH_RULES_1961_FORM_S,MH_RULES_1961,child,rules,Maharashtra,505,3144,144,145,,,,,,Form ‘S’,claim;documents;loans;state_law,
MH_RULES_1961_FORM_T,MH_RULES_1961,child,rules,Maharashtra,154,942,145,145,,,,,,Form ‘T’,management;state_law,
PACS_MODEL_BYLAWS_DOC,PACS_MODEL_BYLAWS,parent,model_byelaws,Central,2,9,3,37,,,,,,,,CONTEXT_PARENT;SHORT_CHUNK
PACS_MODEL_BYLAWS_CLAUSE_1,PACS_MODEL_BYLAWS,child,model_byelaws,Central,18,143,3,3,,,,,1,NAME,pacs,SHORT_CHUNK
PACS_MODEL_BYLAWS_CLAUSE_2,PACS_MODEL_BYLAWS,child,model_byelaws,Central,17,101,3,3,,,,,2,ADDRESS,,SHORT_CHUNK
PACS_MODEL_BYLAWS_CLAUSE_3,PACS_MODEL_BYLAWS,child,model_byelaws,Central,31,191,3,3,,,,,3,AREA OF OPERATION,,
PACS_MODEL_BYLAWS_CLAUSE_4,PACS_MODEL_BYLAWS,child,model_byelaws,Central,841,5438,3,6,,,,,4,DEFINITIONS:,byelaws;governance;management;membership;registrar;registration,
PACS_MODEL_BYLAWS_CLAUSE_5,PACS_MODEL_BYLAWS,child,model_byelaws,Central,685,4850,7,9,,,,,5,OBJECTIVES OF THE SOCIETY,deposits;loans;management;membership,
PACS_MODEL_BYLAWS_CLAUSE_6,PACS_MODEL_BYLAWS,child,model_byelaws,Central,215,1506,9,9,,,,,6,SERVICES OF THE SOCIETY,loans;membership,
PACS_MODEL_BYLAWS_CLAUSE_7,PACS_MODEL_BYLAWS,parent,model_byelaws,Central,5,39,10,15,,,,,7,MEMBERSHIP:,membership,CONTEXT_PARENT;SHORT_CHUNK
PACS_MODEL_BYLAWS_CLAUSE_7_SUB_1,PACS_MODEL_BYLAWS,child,model_byelaws,Central,57,352,10,10,,,,,7,MEMBERSHIP:,byelaws;membership,
PACS_MODEL_BYLAWS_CLAUSE_7_SUB_2,PACS_MODEL_BYLAWS,child,model_byelaws,Central,134,802,10,10,,,,,7,MEMBERSHIP:,eligibility;membership;pacs;registrar;registration,
PACS_MODEL_BYLAWS_CLAUSE_7_SUB_3,PACS_MODEL_BYLAWS,child,model_byelaws,Central,229,1397,10,11,,,,,7,MEMBERSHIP:,elections;eligibility;meetings;membership,
PACS_MODEL_BYLAWS_CLAUSE_7_SUB_4,PACS_MODEL_BYLAWS,child,model_byelaws,Central,222,1299,11,11,,,,,7,MEMBERSHIP:,eligibility;governance;loans;membership;timeline,
PACS_MODEL_BYLAWS_CLAUSE_7_SUB_5,PACS_MODEL_BYLAWS,child,model_byelaws,Central,266,1601,12,12,,,,,7,MEMBERSHIP:,appeal;byelaws;deposits;documents;eligibility;governance;meetings;membership;registrar;registration,
PACS_MODEL_BYLAWS_CLAUSE_7_SUB_6,PACS_MODEL_BYLAWS,child,model_byelaws,Central,200,1204,12,13,,,,,7,MEMBERSHIP:,governance;loans;meetings;membership,
PACS_MODEL_BYLAWS_CLAUSE_7_SUB_7,PACS_MODEL_BYLAWS,child,model_byelaws,Central,387,2243,13,14,,,,,7,MEMBERSHIP:,byelaws;eligibility;governance;loans;meetings;membership,
PACS_MODEL_BYLAWS_CLAUSE_7_SUB_8,PACS_MODEL_BYLAWS,child,model_byelaws,Central,110,631,14,14,,,,,7,MEMBERSHIP:,byelaws;membership;registration,
PACS_MODEL_BYLAWS_CLAUSE_7_SUB_9,PACS_MODEL_BYLAWS,child,model_byelaws,Central,41,257,14,14,,,,,7,MEMBERSHIP:,membership,
PACS_MODEL_BYLAWS_CLAUSE_7_SUB_10,PACS_MODEL_BYLAWS,child,model_byelaws,Central,105,643,15,15,,,,,7,MEMBERSHIP:,governance;meetings;membership,
PACS_MODEL_BYLAWS_CLAUSE_7_SUB_11,PACS_MODEL_BYLAWS,child,model_byelaws,Central,100,575,15,15,,,,,7,MEMBERSHIP:,appeal;membership,
PACS_MODEL_BYLAWS_CLAUSE_7_SUB_12,PACS_MODEL_BYLAWS,child,model_byelaws,Central,44,247,15,15,,,,,7,MEMBERSHIP:,membership,
PACS_MODEL_BYLAWS_CLAUSE_8,PACS_MODEL_BYLAWS,child,model_byelaws,Central,568,3440,16,17,,,,,8,FUNDS AND RESOURCES:,claim;deposits;governance;loans;membership;registrar,
PACS_MODEL_BYLAWS_CLAUSE_9,PACS_MODEL_BYLAWS,parent,model_byelaws,Central,830,4860,18,20,,,,,9,GENERAL BODY,byelaws;elections;governance;loans;management;meetings;membership;registrar;timeline,
PACS_MODEL_BYLAWS_CLAUSE_9_SUB_1,PACS_MODEL_BYLAWS,child,model_byelaws,Central,37,224,18,18,,,,,9,GENERAL BODY,membership,
PACS_MODEL_BYLAWS_CLAUSE_9_SUB_2,PACS_MODEL_BYLAWS,child,model_byelaws,Central,193,1208,18,18,,,,,9,GENERAL BODY,byelaws;elections;governance;loans;meetings;membership;registrar,
PACS_MODEL_BYLAWS_CLAUSE_9_SUB_3,PACS_MODEL_BYLAWS,child,model_byelaws,Central,193,1127,19,19,,,,,9,GENERAL BODY,meetings;membership;registrar;timeline,
PACS_MODEL_BYLAWS_CLAUSE_9_SUB_4,PACS_MODEL_BYLAWS,child,model_byelaws,Central,35,186,19,19,,,,,9,GENERAL BODY,meetings,
PACS_MODEL_BYLAWS_CLAUSE_9_SUB_5,PACS_MODEL_BYLAWS,child,model_byelaws,Central,97,527,19,19,,,,,9,GENERAL BODY,meetings;membership,
PACS_MODEL_BYLAWS_CLAUSE_9_SUB_6,PACS_MODEL_BYLAWS,child,model_byelaws,Central,107,615,20,20,,,,,9,GENERAL BODY,meetings;membership,
PACS_MODEL_BYLAWS_CLAUSE_9_SUB_7,PACS_MODEL_BYLAWS,child,model_byelaws,Central,39,224,20,20,,,,,9,GENERAL BODY,meetings;membership,
PACS_MODEL_BYLAWS_CLAUSE_9_SUB_8,PACS_MODEL_BYLAWS,child,model_byelaws,Central,34,195,20,20,,,,,9,GENERAL BODY,meetings;membership,
PACS_MODEL_BYLAWS_CLAUSE_9_SUB_9,PACS_MODEL_BYLAWS,child,model_byelaws,Central,54,306,20,20,,,,,9,GENERAL BODY,membership,
PACS_MODEL_BYLAWS_CLAUSE_9_SUB_10,PACS_MODEL_BYLAWS,child,model_byelaws,Central,33,179,20,20,,,,,9,GENERAL BODY,meetings,
PACS_MODEL_BYLAWS_CLAUSE_10,PACS_MODEL_BYLAWS,child,model_byelaws,Central,274,1500,20,21,,,,,10,BOARD OF DIRECTOR,byelaws;elections;eligibility;governance;meetings;membership,
PACS_MODEL_BYLAWS_SCHEDULE_D,PACS_MODEL_BYLAWS,child,model_byelaws,Central,27,153,21,21,,,,,,Scheduled Tribes/ women and small and marginal farmer members of the Society,membership,
PACS_MODEL_BYLAWS_SCHEDULE_D_002,PACS_MODEL_BYLAWS,parent,model_byelaws,Central,1961,11681,21,29,,,,,,Scheduled Castes or Scheduled Tribes member in the Board.,appeal;byelaws;deposits;elections;governance;loans;management;meetings;membership;registrar;reporting;timeline,CONTEXT_PARENT;LONG_CHUNK_NO_SAFE_SPLIT
PACS_MODEL_BYLAWS_SCHEDULE_D_002_SUB_1,PACS_MODEL_BYLAWS,child,model_byelaws,Central,189,1101,27,27,,,,,,Scheduled Castes or Scheduled Tribes member in the Board.,byelaws;governance;meetings;membership,
PACS_MODEL_BYLAWS_SCHEDULE_D_002_SUB_2,PACS_MODEL_BYLAWS,child,model_byelaws,Central,389,2345,27,29,,,,,,Scheduled Castes or Scheduled Tribes member in the Board.,byelaws;documents;governance;loans;meetings;membership,
PACS_MODEL_BYLAWS_CLAUSE_13,PACS_MODEL_BYLAWS,parent,model_byelaws,Central,557,3467,30,32,,,,,13,MAINTENANCE OF BOOKS AND ACCOUNTS AND REGISTERS,byelaws;computerization;deposits;governance;loans;meetings;membership;pacs;timeline,
PACS_MODEL_BYLAWS_CLAUSE_13_SUB_1,PACS_MODEL_BYLAWS,child,model_byelaws,Central,300,1947,30,31,,,,,13,MAINTENANCE OF BOOKS AND ACCOUNTS AND REGISTERS,byelaws;deposits;loans;membership;timeline,
PACS_MODEL_BYLAWS_CLAUSE_13_SUB_2,PACS_MODEL_BYLAWS,child,model_byelaws,Central,34,185,31,31,,,,,13,MAINTENANCE OF BOOKS AND ACCOUNTS AND REGISTERS,,
PACS_MODEL_BYLAWS_CLAUSE_13_SUB_3,PACS_MODEL_BYLAWS,child,model_byelaws,Central,58,332,31,32,,,,,13,MAINTENANCE OF BOOKS AND ACCOUNTS AND REGISTERS,,
PACS_MODEL_BYLAWS_CLAUSE_13_SUB_4,PACS_MODEL_BYLAWS,child,model_byelaws,Central,25,142,32,32,,,,,13,MAINTENANCE OF BOOKS AND ACCOUNTS AND REGISTERS,governance;membership;timeline,
PACS_MODEL_BYLAWS_CLAUSE_13_SUB_5,PACS_MODEL_BYLAWS,child,model_byelaws,Central,51,290,32,32,,,,,13,MAINTENANCE OF BOOKS AND ACCOUNTS AND REGISTERS,byelaws;governance;meetings;membership,
PACS_MODEL_BYLAWS_CLAUSE_13_SUB_6,PACS_MODEL_BYLAWS,child,model_byelaws,Central,35,207,32,32,,,,,13,MAINTENANCE OF BOOKS AND ACCOUNTS AND REGISTERS,,
PACS_MODEL_BYLAWS_CLAUSE_13_SUB_7,PACS_MODEL_BYLAWS,child,model_byelaws,Central,21,127,32,32,,,,,13,MAINTENANCE OF BOOKS AND ACCOUNTS AND REGISTERS,,
PACS_MODEL_BYLAWS_CLAUSE_13_SUB_8,PACS_MODEL_BYLAWS,child,model_byelaws,Central,21,140,32,32,,,,,13,MAINTENANCE OF BOOKS AND ACCOUNTS AND REGISTERS,computerization;pacs,
PACS_MODEL_BYLAWS_CLAUSE_14,PACS_MODEL_BYLAWS,child,model_byelaws,Central,194,1121,32,33,,,,,14,AUDIT OF THE SOCIETY,governance;management;registrar;timeline,
PACS_MODEL_BYLAWS_CLAUSE_15,PACS_MODEL_BYLAWS,parent,model_byelaws,Central,515,3094,33,34,,,,,15,"CHANGE OF LIABILITY, TRANSFER OF ASSETS AND LIABILITIES, DIVISION,",byelaws;claim;deposits;loans;meetings;membership;registrar;registration,
PACS_MODEL_BYLAWS_CLAUSE_15_SUB_1,PACS_MODEL_BYLAWS,child,model_byelaws,Central,74,429,33,33,,,,,15,"CHANGE OF LIABILITY, TRANSFER OF ASSETS AND LIABILITIES, DIVISION,",byelaws,
PACS_MODEL_BYLAWS_CLAUSE_15_SUB_2,PACS_MODEL_BYLAWS,child,model_byelaws,Central,24,143,33,33,,,,,15,"CHANGE OF LIABILITY, TRANSFER OF ASSETS AND LIABILITIES, DIVISION,",,
PACS_MODEL_BYLAWS_CLAUSE_15_SUB_3,PACS_MODEL_BYLAWS,child,model_byelaws,Central,49,296,33,33,,,,,15,"CHANGE OF LIABILITY, TRANSFER OF ASSETS AND LIABILITIES, DIVISION,",meetings;membership,
PACS_MODEL_BYLAWS_CLAUSE_15_SUB_4,PACS_MODEL_BYLAWS,child,model_byelaws,Central,82,486,34,34,,,,,15,"CHANGE OF LIABILITY, TRANSFER OF ASSETS AND LIABILITIES, DIVISION,",byelaws;deposits;loans;membership,
PACS_MODEL_BYLAWS_CLAUSE_15_SUB_5,PACS_MODEL_BYLAWS,child,model_byelaws,Central,30,177,34,34,,,,,15,"CHANGE OF LIABILITY, TRANSFER OF ASSETS AND LIABILITIES, DIVISION,",membership,
PACS_MODEL_BYLAWS_CLAUSE_15_SUB_6,PACS_MODEL_BYLAWS,child,model_byelaws,Central,122,729,34,34,,,,,15,"CHANGE OF LIABILITY, TRANSFER OF ASSETS AND LIABILITIES, DIVISION,",byelaws;claim;membership;registrar;registration,
PACS_MODEL_BYLAWS_CLAUSE_15_SUB_7,PACS_MODEL_BYLAWS,child,model_byelaws,Central,26,160,34,34,,,,,15,"CHANGE OF LIABILITY, TRANSFER OF ASSETS AND LIABILITIES, DIVISION,",,
PACS_MODEL_BYLAWS_CLAUSE_15_SUB_8,PACS_MODEL_BYLAWS,child,model_byelaws,Central,53,309,34,34,,,,,15,"CHANGE OF LIABILITY, TRANSFER OF ASSETS AND LIABILITIES, DIVISION,",registration,
PACS_MODEL_BYLAWS_CLAUSE_15_SUB_9,PACS_MODEL_BYLAWS,child,model_byelaws,Central,37,217,34,34,,,,,15,"CHANGE OF LIABILITY, TRANSFER OF ASSETS AND LIABILITIES, DIVISION,",registration,
PACS_MODEL_BYLAWS_CLAUSE_16,PACS_MODEL_BYLAWS,child,model_byelaws,Central,275,1695,35,35,,,,,16,PROMOTION OF SUBSIDIARY ORGANISATION:,meetings;membership;registrar,
PACS_MODEL_BYLAWS_CLAUSE_17,PACS_MODEL_BYLAWS,child,model_byelaws,Central,69,450,36,36,,,,,17,DISPUTE SETTLEMENT PROCEDURE,management;membership,
PACS_MODEL_BYLAWS_CLAUSE_18,PACS_MODEL_BYLAWS,child,model_byelaws,Central,101,643,36,36,,,,,18,LIQUIDATION,membership;registrar,
PACS_MODEL_BYLAWS_CLAUSE_19,PACS_MODEL_BYLAWS,child,model_byelaws,Central,119,716,37,37,,,,,19,MISCELLANEOUS,byelaws;registrar,
PACS_COMPUTERIZATION_DOC,PACS_COMPUTERIZATION,parent,scheme_guideline,Central,3,19,1,26,,,,,,,,CONTEXT_PARENT;SHORT_CHUNK
PACS_COMPUTERIZATION_SEC_001,PACS_COMPUTERIZATION,child,scheme_guideline,Central,21,184,1,1,,,,,,Implementing Agency: NABARD,computerization;pacs,
PACS_COMPUTERIZATION_SEC_002,PACS_COMPUTERIZATION,child,scheme_guideline,Central,274,1822,3,3,,,,,,1 Introduction,computerization;membership;pacs,
PACS_COMPUTERIZATION_SEC_003,PACS_COMPUTERIZATION,child,scheme_guideline,Central,269,1869,3,4,,,,,,2 Aims & Objectives of the Project,management;membership;pacs;pacs_services;reporting,
PACS_COMPUTERIZATION_SEC_3_1,PACS_COMPUTERIZATION,child,scheme_guideline,Central,18,137,4,4,3.1,,,,,Title of the Project,computerization,SHORT_CHUNK;STRUCTURE_UNCERTAIN
PACS_COMPUTERIZATION_SEC_3_2,PACS_COMPUTERIZATION,child,scheme_guideline,Central,9,68,4,4,3.2,,,,,Sponsoring Agency,,SHORT_CHUNK;STRUCTURE_UNCERTAIN
PACS_COMPUTERIZATION_SEC_3_3,PACS_COMPUTERIZATION,child,scheme_guideline,Central,15,80,4,4,3.3,,,,,Duration of the Project,,SHORT_CHUNK;STRUCTURE_UNCERTAIN
PACS_COMPUTERIZATION_SEC_3_4,PACS_COMPUTERIZATION,child,scheme_guideline,Central,16,81,5,5,3.4,,,,,Sunset Date of the Project,,SHORT_CHUNK;STRUCTURE_UNCERTAIN
PACS_COMPUTERIZATION_SEC_3_5,PACS_COMPUTERIZATION,child,scheme_guideline,Central,21,155,5,5,3.5,,,,,Type of Project,,STRUCTURE_UNCERTAIN
PACS_COMPUTERIZATION_SEC_3_6,PACS_COMPUTERIZATION,child,scheme_guideline,Central,73,490,5,5,3.6,,,,,Project Beneficiaries,computerization;pacs,STRUCTURE_UNCERTAIN
PACS_COMPUTERIZATION_SEC_3_7,PACS_COMPUTERIZATION,parent,scheme_guideline,Central,3,28,5,5,3.7,,,,,Implementation Mechanism,,SHORT_CHUNK;STRUCTURE_UNCERTAIN
PACS_COMPUTERIZATION_SEC_3_7_1,PACS_COMPUTERIZATION,child,scheme_guideline,Central,41,322,5,5,3.7.1,,,,,Implementation Mechanism,,
PACS_COMPUTERIZATION_SEC_012,PACS_COMPUTERIZATION,child,scheme_guideline,Central,65,509,5,5,,,,,,a) Members of NLMIC:,management;membership,
PACS_COMPUTERIZATION_SEC_013,PACS_COMPUTERIZATION,child,scheme_guideline,Central,183,1165,5,6,,,,,,b) Role of NLMIC:,grievance,
PACS_COMPUTERIZATION_SEC_014,PACS_COMPUTERIZATION,child,scheme_guideline,Central,56,423,6,6,,,,,,a) Members of SLIMC,management;membership;registrar,
PACS_COMPUTERIZATION_SEC_015,PACS_COMPUTERIZATION,child,scheme_guideline,Central,56,298,6,6,,,,,,b) Role of SLIMC,,
PACS_COMPUTERIZATION_SEC_016,PACS_COMPUTERIZATION,child,scheme_guideline,Central,62,446,6,7,,,,,,a) Members of the DLIMC:,management;membership;pacs,
PACS_COMPUTERIZATION_SEC_017,PACS_COMPUTERIZATION,child,scheme_guideline,Central,54,333,7,7,,,,,,b) Role of DLIMC:,,
PACS_COMPUTERIZATION_SEC_3_8,PACS_COMPUTERIZATION,parent,scheme_guideline,Central,9,52,7,7,3.8,,,,,"Project Cost, Sources of Funds & Funding Pattern",,SHORT_CHUNK;STRUCTURE_UNCERTAIN
PACS_COMPUTERIZATION_SEC_3_8_1,PACS_COMPUTERIZATION,child,scheme_guideline,Central,64,407,7,7,3.8.1,,,,,"Project Cost, Sources of Funds & Funding Pattern",,TABLE_REVIEW
PACS_COMPUTERIZATION_SEC_3_8_2,PACS_COMPUTERIZATION,child,scheme_guideline,Central,133,849,7,8,3.8.2,,,,,"Project Cost, Sources of Funds & Funding Pattern",,TABLE_REVIEW
PACS_COMPUTERIZATION_SEC_3_8_3,PACS_COMPUTERIZATION,child,scheme_guideline,Central,17,96,8,8,3.8.3,,,,,"Project Cost, Sources of Funds & Funding Pattern",pacs,SHORT_CHUNK
PACS_COMPUTERIZATION_SEC_022,PACS_COMPUTERIZATION,child,scheme_guideline,Central,83,647,8,8,,,,,,₹ per PACS,deposits;management;membership;pacs,TABLE_REVIEW
PACS_COMPUTERIZATION_SEC_023,PACS_COMPUTERIZATION,child,scheme_guideline,Central,72,540,9,9,,,,,,₹ per PACS,pacs;pacs_services,TABLE_REVIEW
PACS_COMPUTERIZATION_SEC_3_8_4,PACS_COMPUTERIZATION,child,scheme_guideline,Central,502,3053,9,12,3.8.4,,,,,"Project Cost, Sources of Funds & Funding Pattern",pacs;pacs_services,TABLE_REVIEW
PACS_COMPUTERIZATION_SEC_3_9,PACS_COMPUTERIZATION,child,scheme_guideline,Central,5,26,12,12,3.9,,,,,Phasing of the project,,SHORT_CHUNK;STRUCTURE_UNCERTAIN
PACS_COMPUTERIZATION_SEC_026,PACS_COMPUTERIZATION,child,scheme_guideline,Central,43,270,12,12,,,,,,Total No. of PACS to be Maintenance and hand-,computerization;pacs,TABLE_REVIEW
PACS_COMPUTERIZATION_SEC_3_9_002,PACS_COMPUTERIZATION,child,scheme_guideline,Central,6,37,13,13,3.9,,,,,Basic Architecture of the Project,,SHORT_CHUNK;STRUCTURE_UNCERTAIN
PACS_COMPUTERIZATION_SEC_3_10_1,PACS_COMPUTERIZATION,child,scheme_guideline,Central,75,483,13,13,3.10.1,,,,,,pacs,STRUCTURE_UNCERTAIN
PACS_COMPUTERIZATION_SEC_3_10_2,PACS_COMPUTERIZATION,child,scheme_guideline,Central,316,1959,13,14,3.10.2,,,,,,computerization;pacs,STRUCTURE_UNCERTAIN
PACS_COMPUTERIZATION_SEC_3_10_3,PACS_COMPUTERIZATION,child,scheme_guideline,Central,147,1005,14,14,3.10.3,,,,,,pacs,STRUCTURE_UNCERTAIN
PACS_COMPUTERIZATION_SEC_3_10_4,PACS_COMPUTERIZATION,child,scheme_guideline,Central,102,643,14,14,3.10.4,,,,,,membership,STRUCTURE_UNCERTAIN
PACS_COMPUTERIZATION_SEC_3_11,PACS_COMPUTERIZATION,child,scheme_guideline,Central,131,834,15,15,3.11,,,,,Data Management,management;pacs,STRUCTURE_UNCERTAIN
PACS_COMPUTERIZATION_SEC_3_11_002,PACS_COMPUTERIZATION,child,scheme_guideline,Central,175,1078,15,15,3.11,,,,,Selection of PACS,computerization;eligibility;pacs,STRUCTURE_UNCERTAIN
PACS_COMPUTERIZATION_SEC_4_1,PACS_COMPUTERIZATION,child,scheme_guideline,Central,9,65,16,16,4.1,,,,,Central PMU:,,SHORT_CHUNK;STRUCTURE_UNCERTAIN
PACS_COMPUTERIZATION_SEC_035,PACS_COMPUTERIZATION,child,scheme_guideline,Central,245,1671,16,17,,,,,,a. Roles and responsibilities of central PMU,management;membership;pacs;reporting,
PACS_COMPUTERIZATION_SEC_4_2,PACS_COMPUTERIZATION,child,scheme_guideline,Central,3,15,17,17,4.2,,,,,State PMUs:,,SHORT_CHUNK;STRUCTURE_UNCERTAIN
PACS_COMPUTERIZATION_SEC_037,PACS_COMPUTERIZATION,child,scheme_guideline,Central,194,1317,17,17,,,,,,a. Roles and responsibilities of State PMU,computerization;management;pacs,
PACS_COMPUTERIZATION_SEC_4_3,PACS_COMPUTERIZATION,child,scheme_guideline,Central,106,671,17,18,4.3,,,,,Support Teams at District/ Cluster levels,pacs,STRUCTURE_UNCERTAIN
PACS_COMPUTERIZATION_SEC_5_1,PACS_COMPUTERIZATION,parent,scheme_guideline,Central,12,85,18,18,5.1,,,,,,,SHORT_CHUNK;STRUCTURE_UNCERTAIN
PACS_COMPUTERIZATION_SEC_5_1_1,PACS_COMPUTERIZATION,child,scheme_guideline,Central,26,182,18,18,5.1.1,,,,,,,
PACS_COMPUTERIZATION_SEC_5_1_2,PACS_COMPUTERIZATION,child,scheme_guideline,Central,417,2702,18,19,5.1.2,,,,,,computerization;eligibility;meetings;pacs;pacs_services,
PACS_COMPUTERIZATION_SEC_5_1_3,PACS_COMPUTERIZATION,child,scheme_guideline,Central,70,451,19,20,5.1.3,,,,,,computerization;management;pacs,
PACS_COMPUTERIZATION_SEC_5_1_4,PACS_COMPUTERIZATION,child,scheme_guideline,Central,93,588,20,20,5.1.4,,,,,,computerization;membership;pacs,
PACS_COMPUTERIZATION_SEC_5_1_5,PACS_COMPUTERIZATION,child,scheme_guideline,Central,198,1219,20,21,5.1.5,,,,,,computerization;eligibility;meetings;membership;pacs,
PACS_COMPUTERIZATION_SEC_5_1_6,PACS_COMPUTERIZATION,child,scheme_guideline,Central,234,1442,21,21,5.1.6,,,,,,eligibility;pacs,
PACS_COMPUTERIZATION_SEC_5_1_7,PACS_COMPUTERIZATION,child,scheme_guideline,Central,63,413,21,22,5.1.7,,,,,,computerization;pacs,
PACS_COMPUTERIZATION_SEC_5_1_8,PACS_COMPUTERIZATION,child,scheme_guideline,Central,42,288,22,22,5.1.8,,,,,,management,
PACS_COMPUTERIZATION_SEC_5_1_9,PACS_COMPUTERIZATION,child,scheme_guideline,Central,111,717,22,22,5.1.9,,,,,,computerization;pacs,
PACS_COMPUTERIZATION_SEC_049,PACS_COMPUTERIZATION,child,scheme_guideline,Central,80,513,22,23,,,,,,6 Legal Framework,pacs;pacs_services,
PACS_COMPUTERIZATION_SEC_7_1,PACS_COMPUTERIZATION,child,scheme_guideline,Central,56,352,23,23,7.1,,,,,,pacs,STRUCTURE_UNCERTAIN
PACS_COMPUTERIZATION_SEC_7_2,PACS_COMPUTERIZATION,child,scheme_guideline,Central,29,180,23,23,7.2,,,,,,pacs,STRUCTURE_UNCERTAIN
PACS_COMPUTERIZATION_SEC_7_3,PACS_COMPUTERIZATION,child,scheme_guideline,Central,43,279,23,23,7.3,,,,,,,STRUCTURE_UNCERTAIN
PACS_COMPUTERIZATION_SEC_7_4,PACS_COMPUTERIZATION,child,scheme_guideline,Central,30,185,23,23,7.4,,,,,,,STRUCTURE_UNCERTAIN
PACS_COMPUTERIZATION_SEC_7_5,PACS_COMPUTERIZATION,child,scheme_guideline,Central,51,313,23,23,7.5,,,,,,,STRUCTURE_UNCERTAIN
PACS_COMPUTERIZATION_SEC_8_1,PACS_COMPUTERIZATION,child,scheme_guideline,Central,133,931,24,24,8.1,,,,,Transparent and Complete accounting System,management;membership,STRUCTURE_UNCERTAIN
PACS_COMPUTERIZATION_SEC_8_2,PACS_COMPUTERIZATION,child,scheme_guideline,Central,39,249,24,24,8.2,,,,,Governance,governance;meetings,STRUCTURE_UNCERTAIN
PACS_COMPUTERIZATION_SEC_8_3,PACS_COMPUTERIZATION,child,scheme_guideline,Central,57,438,24,24,8.3,,,,,Enablement,membership,STRUCTURE_UNCERTAIN
PACS_COMPUTERIZATION_SEC_9,PACS_COMPUTERIZATION,parent,scheme_guideline,Central,65,427,25,25,9,,,,,Expected Outcomes of the Project:,membership;pacs,
PACS_COMPUTERIZATION_SEC_9_1,PACS_COMPUTERIZATION,child,scheme_guideline,Central,57,375,25,25,9.1,,,,,Expected Outcomes of the Project:,timeline,
PACS_COMPUTERIZATION_SEC_9_2,PACS_COMPUTERIZATION,child,scheme_guideline,Central,46,324,25,25,9.2,,,,,Expected Outcomes of the Project:,pacs,
PACS_COMPUTERIZATION_SEC_9_3,PACS_COMPUTERIZATION,child,scheme_guideline,Central,31,248,25,26,9.3,,,,,Expected Outcomes of the Project:,management,
PACS_COMPUTERIZATION_SEC_062,PACS_COMPUTERIZATION,child,scheme_guideline,Central,17,141,26,26,,,,,,Ministry of Cooperation,,SHORT_CHUNK
PMFBY_2023_DOC,PMFBY_2023,parent,scheme_guideline,India,5,32,1,213,,,,,,,pmfby,CONTEXT_PARENT;SHORT_CHUNK
PMFBY_2023_SEC_001,PMFBY_2023,child,scheme_guideline,India,20,147,1,1,,,,,,Department of Agriculture & Farmers Welfare\,pmfby,TOC_REVIEW
PMFBY_2023_SEC_002,PMFBY_2023,child,scheme_guideline,India,440,3110,1,3,,,,,,Ministry of Agriculture & Farmers Welfare,claim;crop_insurance;crop_loss;grievance;management;pmfby;premium;reporting,TABLE_REVIEW;TOC_REVIEW
PMFBY_2023_SEC_003,PMFBY_2023,child,scheme_guideline,India,971,6882,4,8,,,,,,TABLE INDEX,claim;crop_insurance;crop_loss;grievance;management;pacs;pmfby;premium,LONG_CHUNK_NO_SAFE_SPLIT;TABLE_REVIEW
PMFBY_2023_SCHEDULE_D,PMFBY_2023,child,scheme_guideline,India,3,20,8,8,,,,,,Scheduled Caste,,SHORT_CHUNK
PMFBY_2023_SCHEDULE_D_002,PMFBY_2023,child,scheme_guideline,India,100,708,8,9,,,,,,Scheduled Commercial Banks,crop_insurance;grievance;management,
PMFBY_2023_SCHEDULE_D_003,PMFBY_2023,child,scheme_guideline,India,760,5413,9,11,,,,,,Scheduled Tribe,claim;crop_insurance;crop_loss;documents;grievance;management;pmfby,
PMFBY_2023_SEC_2_1,PMFBY_2023,child,scheme_guideline,India,66,465,11,11,2.1,,,,,,crop_insurance;pmfby,STRUCTURE_UNCERTAIN
PMFBY_2023_SEC_2_2,PMFBY_2023,child,scheme_guideline,India,42,318,11,11,2.2,,,,,,,STRUCTURE_UNCERTAIN
PMFBY_2023_SEC_2_3,PMFBY_2023,child,scheme_guideline,India,94,641,11,11,2.3,,,,,,premium;timeline,STRUCTURE_UNCERTAIN
PMFBY_2023_SEC_2_4,PMFBY_2023,child,scheme_guideline,India,41,274,11,11,2.4,,,,,,documents;premium,STRUCTURE_UNCERTAIN
PMFBY_2023_SEC_2_5,PMFBY_2023,child,scheme_guideline,India,50,343,11,12,2.5,,,,,,crop_insurance,STRUCTURE_UNCERTAIN
PMFBY_2023_SEC_2_6,PMFBY_2023,child,scheme_guideline,India,36,243,12,12,2.6,,,,,,,STRUCTURE_UNCERTAIN
PMFBY_2023_SEC_2_7,PMFBY_2023,child,scheme_guideline,India,49,384,12,12,2.7,,,,,,,STRUCTURE_UNCERTAIN
PMFBY_2023_SEC_2_8,PMFBY_2023,child,scheme_guideline,India,53,430,12,12,2.8,,,,,,pacs;pacs_services,STRUCTURE_UNCERTAIN
PMFBY_2023_SEC_2_9,PMFBY_2023,child,scheme_guideline,India,59,369,12,12,2.9,,,,,,eligibility;premium;timeline,STRUCTURE_UNCERTAIN
PMFBY_2023_SEC_2_10,PMFBY_2023,child,scheme_guideline,India,176,1074,12,12,2.10,,,,,,claim;documents;premium,STRUCTURE_UNCERTAIN
PMFBY_2023_SEC_2_11,PMFBY_2023,child,scheme_guideline,India,39,307,12,12,2.11,,,,,The Banks/Financial Institutions (FIs)/other intermediaries need to compulsorily,,STRUCTURE_UNCERTAIN
PMFBY_2023_SEC_2_12,PMFBY_2023,child,scheme_guideline,India,80,531,12,13,2.12,,,,,,loans;pmfby,STRUCTURE_UNCERTAIN
PMFBY_2023_SEC_2_13,PMFBY_2023,child,scheme_guideline,India,140,1004,13,13,2.13,,,,,,meetings;pmfby,STRUCTURE_UNCERTAIN
PMFBY_2023_SEC_2_14,PMFBY_2023,child,scheme_guideline,India,157,1057,13,13,2.14,,,,,,crop_loss;pmfby;reporting,STRUCTURE_UNCERTAIN
PMFBY_2023_SEC_2_15,PMFBY_2023,child,scheme_guideline,India,50,324,13,13,2.15,,,,,,management,STRUCTURE_UNCERTAIN
PMFBY_2023_SEC_2_16,PMFBY_2023,child,scheme_guideline,India,43,302,13,13,2.16,,,,,,,STRUCTURE_UNCERTAIN
PMFBY_2023_SEC_2_17,PMFBY_2023,child,scheme_guideline,India,41,248,13,13,2.17,,,,,,,STRUCTURE_UNCERTAIN
PMFBY_2023_SEC_2_18,PMFBY_2023,child,scheme_guideline,India,61,403,13,13,2.18,,,,,,,STRUCTURE_UNCERTAIN
PMFBY_2023_SEC_2_19,PMFBY_2023,child,scheme_guideline,India,70,472,13,14,2.19,,,,,,crop_insurance,STRUCTURE_UNCERTAIN
PMFBY_2023_SEC_2_20,PMFBY_2023,child,scheme_guideline,India,66,468,14,14,2.20,,,,,,,STRUCTURE_UNCERTAIN
PMFBY_2023_SEC_2_21,PMFBY_2023,child,scheme_guideline,India,40,238,14,14,2.21,,,,,,,STRUCTURE_UNCERTAIN
PMFBY_2023_SEC_2_22,PMFBY_2023,child,scheme_guideline,India,29,173,14,14,2.22,,,,,,,STRUCTURE_UNCERTAIN
PMFBY_2023_SEC_2_23,PMFBY_2023,child,scheme_guideline,India,42,251,14,14,2.23,,,,,,,STRUCTURE_UNCERTAIN
PMFBY_2023_SEC_2_24,PMFBY_2023,child,scheme_guideline,India,36,259,14,14,2.24,,,,,,,STRUCTURE_UNCERTAIN
PMFBY_2023_SEC_3,PMFBY_2023,parent,scheme_guideline,India,4,22,14,14,3,,,,,Coverage of Farmers,,SHORT_CHUNK
PMFBY_2023_SEC_3_1,PMFBY_2023,parent,scheme_guideline,India,172,1180,14,14,3.1,,,,,Coverage of Farmers,documents;eligibility;loans,
PMFBY_2023_SEC_3_1_1_1,PMFBY_2023,child,scheme_guideline,India,105,676,14,15,3.1.1.1,,,,,,loans,
PMFBY_2023_SEC_3_1_1_2,PMFBY_2023,child,scheme_guideline,India,42,278,15,15,3.1.1.2,,,,,,loans,
PMFBY_2023_SEC_3_1_1_3,PMFBY_2023,child,scheme_guideline,India,62,440,15,15,3.1.1.3,,,,,,deposits;eligibility;loans,
PMFBY_2023_SEC_3_1_2_1,PMFBY_2023,child,scheme_guideline,India,34,215,15,15,3.1.2.1,,,,,,,
PMFBY_2023_SEC_3_1_3,PMFBY_2023,child,scheme_guideline,India,50,340,15,15,3.1.3,,,,,,,
PMFBY_2023_SEC_3_1_4,PMFBY_2023,child,scheme_guideline,India,185,1218,15,15,3.1.4,,,,,,premium;timeline,
PMFBY_2023_SEC_3_1_5,PMFBY_2023,child,scheme_guideline,India,75,454,15,16,3.1.5,,,,,,claim;crop_loss,
PMFBY_2023_SEC_3_1_6,PMFBY_2023,child,scheme_guideline,India,135,891,16,16,3.1.6,,,,,,claim;crop_loss,
PMFBY_2023_SEC_3_1_7,PMFBY_2023,child,scheme_guideline,India,30,196,16,16,3.1.7,,,,,,premium,
PMFBY_2023_SEC_3_2_1,PMFBY_2023,parent,scheme_guideline,India,45,301,16,16,3.2.1,,,,,Coverage of Farmers,pmfby,
PMFBY_2023_SEC_3_2_1_1,PMFBY_2023,child,scheme_guideline,India,87,577,16,16,3.2.1.1,,,,,,pmfby,
PMFBY_2023_SEC_3_2_1_2,PMFBY_2023,child,scheme_guideline,India,48,347,16,16,3.2.1.2,,,,,,premium,
PMFBY_2023_SEC_4,PMFBY_2023,child,scheme_guideline,India,94,623,16,17,4,,,,,Coverage of Crops,,
PMFBY_2023_SEC_5,PMFBY_2023,parent,scheme_guideline,India,6,35,17,17,5,,,,,Coverage of Risks and Exclusions,,SHORT_CHUNK
PMFBY_2023_SEC_5_1,PMFBY_2023,child,scheme_guideline,India,60,408,17,17,5.1,,,,,Coverage of Risks and Exclusions,,
PMFBY_2023_SEC_5_2,PMFBY_2023,parent,scheme_guideline,India,60,376,17,17,5.2,,,,,Coverage of Risks and Exclusions,crop_insurance;crop_loss,
PMFBY_2023_SEC_5_2_1,PMFBY_2023,child,scheme_guideline,India,18,172,17,17,5.2.1,,,,,,,SHORT_CHUNK
PMFBY_2023_SEC_5_2_2,PMFBY_2023,child,scheme_guideline,India,62,389,17,17,5.2.2,,,,,,,
PMFBY_2023_SEC_5_2_3,PMFBY_2023,child,scheme_guideline,India,61,371,17,17,5.2.3,,,,,,,
PMFBY_2023_SEC_5_2_4,PMFBY_2023,child,scheme_guideline,India,34,248,17,17,5.2.4,,,,,,,
PMFBY_2023_SEC_5_2_5,PMFBY_2023,child,scheme_guideline,India,175,1101,17,18,5.2.5,,,,,,crop_loss;premium,
PMFBY_2023_SEC_5_3,PMFBY_2023,child,scheme_guideline,India,34,209,18,18,5.3,,,,,Coverage of Risks and Exclusions,,
PMFBY_2023_SEC_5_4,PMFBY_2023,child,scheme_guideline,India,20,132,18,18,5.4,,,,,Coverage of Risks and Exclusions,,
PMFBY_2023_SEC_5_5,PMFBY_2023,child,scheme_guideline,India,93,654,18,18,5.5,,,,,Coverage of Risks and Exclusions,claim;reporting,
PMFBY_2023_SEC_5_6,PMFBY_2023,child,scheme_guideline,India,23,153,18,18,5.6,,,,,Coverage of Risks and Exclusions,claim;management,
PMFBY_2023_SEC_5_7_1,PMFBY_2023,child,scheme_guideline,India,37,257,18,18,5.7.1,,,,,Coverage of Risks and Exclusions,claim;premium,
PMFBY_2023_SEC_5_7_2,PMFBY_2023,child,scheme_guideline,India,92,565,18,18,5.7.2,,,,,Coverage of Risks and Exclusions,claim;premium,
PMFBY_2023_SEC_5_7_3,PMFBY_2023,child,scheme_guideline,India,32,172,18,18,5.7.3,,,,,Coverage of Risks and Exclusions,,
PMFBY_2023_SEC_5_7_4,PMFBY_2023,parent,scheme_guideline,India,11,80,18,18,5.7.4,,,,,Coverage of Risks and Exclusions,,SHORT_CHUNK
PMFBY_2023_SEC_5_7_4_1,PMFBY_2023,child,scheme_guideline,India,99,621,18,19,5.7.4.1,,,,,,,TABLE_REVIEW
PMFBY_2023_SEC_063,PMFBY_2023,child,scheme_guideline,India,20,94,19,19,,,,,,Profit = 100%- LR = 100%,,
PMFBY_2023_SEC_064,PMFBY_2023,child,scheme_guideline,India,87,434,19,19,,,,,,Loss = 100%- LR = -250%,,
PMFBY_2023_SEC_065,PMFBY_2023,child,scheme_guideline,India,182,1089,19,19,,,,,,102% of the premium,claim;premium,
PMFBY_2023_SEC_5_7_4_2,PMFBY_2023,child,scheme_guideline,India,119,753,20,20,5.7.4.2,,,,,,claim;premium,TABLE_REVIEW
PMFBY_2023_SEC_067,PMFBY_2023,child,scheme_guideline,India,78,476,20,20,,,,,,II. Surplus Sharing:,claim,
PMFBY_2023_SEC_5_7_4_3,PMFBY_2023,child,scheme_guideline,India,160,1006,20,21,5.7.4.3,,,,,,claim;pmfby;premium,TABLE_REVIEW
PMFBY_2023_SEC_069,PMFBY_2023,child,scheme_guideline,India,61,356,21,21,,,,,,II. Surplus Sharing:,claim,
PMFBY_2023_SEC_5_7_4_4,PMFBY_2023,child,scheme_guideline,India,192,1201,21,21,5.7.4.4,,,,,,claim,
PMFBY_2023_SEC_5_7_4_5,PMFBY_2023,child,scheme_guideline,India,130,795,21,21,5.7.4.5,,,,,,premium,
PMFBY_2023_SEC_5_8_1,PMFBY_2023,child,scheme_guideline,India,164,1164,21,22,5.8.1,,,,,Coverage of Risks and Exclusions,crop_insurance;pmfby,
PMFBY_2023_SEC_5_8_2,PMFBY_2023,child,scheme_guideline,India,116,806,22,22,5.8.2,,,,,Coverage of Risks and Exclusions,crop_insurance;pmfby,
PMFBY_2023_SEC_5_8_3,PMFBY_2023,child,scheme_guideline,India,133,890,22,22,5.8.3,,,,,Coverage of Risks and Exclusions,premium,
PMFBY_2023_SEC_5_8_4,PMFBY_2023,child,scheme_guideline,India,106,728,22,22,5.8.4,,,,,Coverage of Risks and Exclusions,,
PMFBY_2023_SEC_5_8_5,PMFBY_2023,child,scheme_guideline,India,48,403,22,23,5.8.5,,,,,Coverage of Risks and Exclusions,,
PMFBY_2023_SEC_5_8_6,PMFBY_2023,child,scheme_guideline,India,148,1095,23,23,5.8.6,,,,,Coverage of Risks and Exclusions,complaint;grievance;registration,
PMFBY_2023_SEC_5_8_7,PMFBY_2023,child,scheme_guideline,India,27,186,23,23,5.8.7,,,,,Coverage of Risks and Exclusions,,
PMFBY_2023_SEC_6,PMFBY_2023,parent,scheme_guideline,India,54,370,23,23,6,,,,,Preconditions for Implementation of the Scheme,,
PMFBY_2023_SEC_6_1_1,PMFBY_2023,child,scheme_guideline,India,67,465,23,23,6.1.1,,,,,Preconditions for Implementation of the Scheme,,
PMFBY_2023_SEC_6_1_2,PMFBY_2023,child,scheme_guideline,India,108,675,23,23,6.1.2,,,,,Preconditions for Implementation of the Scheme,crop_loss,
PMFBY_2023_SEC_6_1_3,PMFBY_2023,child,scheme_guideline,India,67,461,23,24,6.1.3,,,,,Preconditions for Implementation of the Scheme,meetings,
PMFBY_2023_SEC_6_1_4,PMFBY_2023,child,scheme_guideline,India,31,176,24,24,6.1.4,,,,,Preconditions for Implementation of the Scheme,,
PMFBY_2023_SEC_6_1_5,PMFBY_2023,child,scheme_guideline,India,54,339,24,24,6.1.5,,,,,Preconditions for Implementation of the Scheme,claim,
PMFBY_2023_SEC_6_1_6,PMFBY_2023,child,scheme_guideline,India,40,255,24,24,6.1.6,,,,,Preconditions for Implementation of the Scheme,,
PMFBY_2023_SEC_086,PMFBY_2023,child,scheme_guideline,India,25,178,24,24,,,,,,II. Notwithstanding any legal order specifically restricting the release of subsidy the,,
PMFBY_2023_SEC_087,PMFBY_2023,child,scheme_guideline,India,29,214,24,24,,,,,,III. All the financial transactions (subsidy and claims) including farmers premium being,claim;crop_insurance;premium,
PMFBY_2023_SEC_088,PMFBY_2023,child,scheme_guideline,India,33,233,24,24,,,,,,IV. The States/UTs are required to commit their liabilities in advance as per modalities,pmfby,
PMFBY_2023_SEC_089,PMFBY_2023,child,scheme_guideline,India,20,129,24,24,,,,,,CNA to Confirm on NCIP,,
PMFBY_2023_SEC_6_1_7,PMFBY_2023,parent,scheme_guideline,India,737,4657,25,26,6.1.7,,,,,Preconditions for Implementation of the Scheme,claim;pmfby;premium;reporting;timeline,TABLE_REVIEW
PMFBY_2023_SEC_6_1_7_SUB_1,PMFBY_2023,child,scheme_guideline,India,462,2873,25,25,6.1.7,,,,,Preconditions for Implementation of the Scheme,pmfby;premium;reporting,TABLE_REVIEW
PMFBY_2023_SEC_6_1_7_SUB_2,PMFBY_2023,child,scheme_guideline,India,275,1782,25,26,6.1.7,,,,,Preconditions for Implementation of the Scheme,claim;pmfby;premium;timeline,TABLE_REVIEW
PMFBY_2023_SEC_6_1_8,PMFBY_2023,child,scheme_guideline,India,39,262,26,26,6.1.8,,,,,Preconditions for Implementation of the Scheme,,
PMFBY_2023_SEC_6_1_9,PMFBY_2023,child,scheme_guideline,India,119,963,26,26,6.1.9,,,,,Preconditions for Implementation of the Scheme,crop_insurance;pmfby,
PMFBY_2023_SEC_6_1_10,PMFBY_2023,child,scheme_guideline,India,41,256,26,26,6.1.10,,,,,Preconditions for Implementation of the Scheme,claim;crop_insurance;crop_loss,
PMFBY_2023_SEC_6_1_11,PMFBY_2023,child,scheme_guideline,India,92,659,26,27,6.1.11,,,,,Preconditions for Implementation of the Scheme,complaint;grievance;pmfby,
PMFBY_2023_SEC_6_2_1,PMFBY_2023,child,scheme_guideline,India,24,155,27,27,6.2.1,,,,,Preconditions for Implementation of the Scheme,,
PMFBY_2023_SEC_6_2_2,PMFBY_2023,child,scheme_guideline,India,43,271,27,27,6.2.2,,,,,Preconditions for Implementation of the Scheme,,
PMFBY_2023_SEC_6_2_3,PMFBY_2023,child,scheme_guideline,India,42,253,27,27,6.2.3,,,,,Preconditions for Implementation of the Scheme,crop_loss,
PMFBY_2023_SEC_6_2_4,PMFBY_2023,child,scheme_guideline,India,49,334,27,27,6.2.4,,,,,Preconditions for Implementation of the Scheme,,
PMFBY_2023_SEC_6_2_5,PMFBY_2023,child,scheme_guideline,India,45,314,27,27,6.2.5,,,,,Preconditions for Implementation of the Scheme,grievance;registration;reporting,
PMFBY_2023_SEC_6_2_6,PMFBY_2023,child,scheme_guideline,India,31,201,27,27,6.2.6,,,,,Preconditions for Implementation of the Scheme,claim;eligibility,
PMFBY_2023_SEC_6_2_7,PMFBY_2023,child,scheme_guideline,India,31,210,27,27,6.2.7,,,,,Preconditions for Implementation of the Scheme,premium,
PMFBY_2023_SEC_6_2_8,PMFBY_2023,child,scheme_guideline,India,22,145,27,27,6.2.8,,,,,Preconditions for Implementation of the Scheme,,
PMFBY_2023_SEC_6_2_9,PMFBY_2023,child,scheme_guideline,India,96,695,27,28,6.2.9,,,,,Preconditions for Implementation of the Scheme,complaint;grievance;pmfby,
PMFBY_2023_SEC_6_3_1,PMFBY_2023,child,scheme_guideline,India,73,466,28,28,6.3.1,,,,,Preconditions for Implementation of the Scheme,pacs,
PMFBY_2023_SEC_6_3_2,PMFBY_2023,child,scheme_guideline,India,43,285,28,28,6.3.2,,,,,Preconditions for Implementation of the Scheme,,
PMFBY_2023_SEC_6_3_3,PMFBY_2023,child,scheme_guideline,India,43,312,28,28,6.3.3,,,,,Preconditions for Implementation of the Scheme,documents,
PMFBY_2023_SEC_6_3_4,PMFBY_2023,child,scheme_guideline,India,20,147,28,28,6.3.4,,,,,Preconditions for Implementation of the Scheme,premium,
PMFBY_2023_SEC_6_3_5,PMFBY_2023,child,scheme_guideline,India,47,306,28,28,6.3.5,,,,,Preconditions for Implementation of the Scheme,complaint;grievance,
PMFBY_2023_SEC_6_4_1,PMFBY_2023,child,scheme_guideline,India,29,199,28,28,6.4.1,,,,,Preconditions for Implementation of the Scheme,crop_insurance,
PMFBY_2023_SEC_6_4_2,PMFBY_2023,child,scheme_guideline,India,78,482,28,28,6.4.2,,,,,Preconditions for Implementation of the Scheme,pmfby,
PMFBY_2023_SEC_6_4_3,PMFBY_2023,child,scheme_guideline,India,70,472,28,28,6.4.3,,,,,Preconditions for Implementation of the Scheme,loans,
PMFBY_2023_SEC_6_5_1,PMFBY_2023,child,scheme_guideline,India,66,424,28,29,6.5.1,,,,,Preconditions for Implementation of the Scheme,documents,
PMFBY_2023_SEC_7,PMFBY_2023,parent,scheme_guideline,India,13,84,29,29,7,,,,,Procedure for Issuance of Tender by the States/UTs,,SHORT_CHUNK
PMFBY_2023_SEC_7_1_1,PMFBY_2023,child,scheme_guideline,India,81,500,29,29,7.1.1,,,,,Procedure for Issuance of Tender by the States/UTs,pmfby;premium,
PMFBY_2023_SEC_7_1_2,PMFBY_2023,child,scheme_guideline,India,19,126,29,29,7.1.2,,,,,Procedure for Issuance of Tender by the States/UTs,documents,SHORT_CHUNK
PMFBY_2023_SEC_7_1_3,PMFBY_2023,child,scheme_guideline,India,51,309,29,29,7.1.3,,,,,Procedure for Issuance of Tender by the States/UTs,meetings,
PMFBY_2023_SEC_7_1_4,PMFBY_2023,child,scheme_guideline,India,45,280,29,29,7.1.4,,,,,Procedure for Issuance of Tender by the States/UTs,documents,
PMFBY_2023_SEC_7_1_5,PMFBY_2023,child,scheme_guideline,India,81,560,29,29,7.1.5,,,,,Procedure for Issuance of Tender by the States/UTs,documents;premium,
PMFBY_2023_SEC_7_1_6,PMFBY_2023,child,scheme_guideline,India,72,442,29,29,7.1.6,,,,,Procedure for Issuance of Tender by the States/UTs,documents,
PMFBY_2023_SEC_7_1_7,PMFBY_2023,child,scheme_guideline,India,60,386,29,29,7.1.7,,,,,Procedure for Issuance of Tender by the States/UTs,premium,
PMFBY_2023_SEC_121,PMFBY_2023,child,scheme_guideline,India,33,244,29,30,,,,,,"A. Details of Automatic Weather Stations (AWS), Automatic Rain Gauges (ARG) or",,
PMFBY_2023_SEC_122,PMFBY_2023,child,scheme_guideline,India,34,208,30,30,,,,,,B. Year wise historical Average Yield data for each notiﬁed crop at the Notiﬁed IU level,,
PMFBY_2023_SEC_123,PMFBY_2023,child,scheme_guideline,India,29,187,30,30,,,,,,"C. Year wise, Crop-wise, IU level historical Coverage and Claim data for past 3 years",claim,
PMFBY_2023_SEC_124,PMFBY_2023,child,scheme_guideline,India,24,160,30,30,,,,,,D. Crop-wise nomenclature of yield being collated and reported along with the,reporting,
PMFBY_2023_SEC_125,PMFBY_2023,child,scheme_guideline,India,35,225,30,30,,,,,,E. List of cluster wise distribution of districts and list of crops proposed to be covered,,
PMFBY_2023_SEC_126,PMFBY_2023,child,scheme_guideline,India,47,337,30,30,,,,,,F. Classiﬁcation of irrigated and unirrigated districts in clusters as per irrigation facilities,,
PMFBY_2023_SEC_127,PMFBY_2023,child,scheme_guideline,India,22,147,30,30,,,,,,G. Details of Alternate Risk Management Models (ARTM) and Yield Estimation Models,management,
PMFBY_2023_SEC_7_1_8,PMFBY_2023,parent,scheme_guideline,India,125,714,30,30,7.1.8,,,,,Procedure for Issuance of Tender by the States/UTs,premium,
PMFBY_2023_SEC_7_1_8_1,PMFBY_2023,child,scheme_guideline,India,22,125,30,30,7.1.8.1,,,,,,,
PMFBY_2023_SEC_7_1_8_2,PMFBY_2023,child,scheme_guideline,India,128,807,30,30,7.1.8.2,,,,,,documents;premium,
PMFBY_2023_SEC_7_1_8_3,PMFBY_2023,child,scheme_guideline,India,120,741,30,31,7.1.8.3,,,,,,documents;premium,
PMFBY_2023_SEC_7_1_9,PMFBY_2023,child,scheme_guideline,India,182,1152,31,31,7.1.9,,,,,Procedure for Issuance of Tender by the States/UTs,claim;premium,
PMFBY_2023_SEC_7_1_10,PMFBY_2023,child,scheme_guideline,India,64,374,31,31,7.1.10,,,,,Procedure for Issuance of Tender by the States/UTs,premium,
PMFBY_2023_SEC_7_1_11,PMFBY_2023,child,scheme_guideline,India,151,966,31,31,7.1.11,,,,,Procedure for Issuance of Tender by the States/UTs,,
PMFBY_2023_SEC_7_1_12,PMFBY_2023,child,scheme_guideline,India,69,499,31,31,7.1.12,,,,,Procedure for Issuance of Tender by the States/UTs,documents;management;meetings,
PMFBY_2023_SEC_7_1_13,PMFBY_2023,child,scheme_guideline,India,70,417,31,32,7.1.13,,,,,Procedure for Issuance of Tender by the States/UTs,documents;timeline,
PMFBY_2023_SEC_7_1_14,PMFBY_2023,child,scheme_guideline,India,71,426,32,32,7.1.14,,,,,Procedure for Issuance of Tender by the States/UTs,premium,
PMFBY_2023_SEC_7_1_15,PMFBY_2023,child,scheme_guideline,India,41,260,32,32,7.1.15,,,,,Procedure for Issuance of Tender by the States/UTs,,
PMFBY_2023_SEC_7_1_16,PMFBY_2023,child,scheme_guideline,India,57,383,32,32,7.1.16,,,,,Procedure for Issuance of Tender by the States/UTs,,
PMFBY_2023_SEC_7_1_17_1,PMFBY_2023,child,scheme_guideline,India,234,1515,32,32,7.1.17.1,,,,,Procedure for Issuance of Tender by the States/UTs,claim;crop_insurance;premium,
PMFBY_2023_SEC_7_1_17_2,PMFBY_2023,child,scheme_guideline,India,69,427,32,33,7.1.17.2,,,,,Procedure for Issuance of Tender by the States/UTs,premium,
PMFBY_2023_SEC_7_2_1_1,PMFBY_2023,child,scheme_guideline,India,177,1018,33,33,7.2.1.1,,,,,Procedure for Issuance of Tender by the States/UTs,meetings;premium,
PMFBY_2023_SEC_7_2_1_2,PMFBY_2023,child,scheme_guideline,India,58,339,33,33,7.2.1.2,,,,,Procedure for Issuance of Tender by the States/UTs,claim;crop_loss,
PMFBY_2023_SEC_7_2_1_3,PMFBY_2023,child,scheme_guideline,India,106,656,33,33,7.2.1.3,,,,,Procedure for Issuance of Tender by the States/UTs,claim,
PMFBY_2023_SEC_7_2_1_4,PMFBY_2023,child,scheme_guideline,India,161,944,33,33,7.2.1.4,,,,,Procedure for Issuance of Tender by the States/UTs,documents;premium,
PMFBY_2023_SEC_7_2_1_5,PMFBY_2023,child,scheme_guideline,India,85,521,33,34,7.2.1.5,,,,,Procedure for Issuance of Tender by the States/UTs,,
PMFBY_2023_SEC_7_2_1_6,PMFBY_2023,child,scheme_guideline,India,133,841,34,34,7.2.1.6,,,,,Procedure for Issuance of Tender by the States/UTs,claim;documents;reporting,
PMFBY_2023_SEC_7_2_1_7,PMFBY_2023,child,scheme_guideline,India,125,738,34,34,7.2.1.7,,,,,Procedure for Issuance of Tender by the States/UTs,premium,
PMFBY_2023_SEC_7_2_1_8,PMFBY_2023,child,scheme_guideline,India,117,721,34,34,7.2.1.8,,,,,Procedure for Issuance of Tender by the States/UTs,premium,
PMFBY_2023_SEC_7_2_1_9,PMFBY_2023,child,scheme_guideline,India,81,537,34,34,7.2.1.9,,,,,Procedure for Issuance of Tender by the States/UTs,,
PMFBY_2023_SEC_7_3_1,PMFBY_2023,child,scheme_guideline,India,152,885,34,35,7.3.1,,,,,Procedure for Issuance of Tender by the States/UTs,claim;documents,
PMFBY_2023_SEC_7_3_2,PMFBY_2023,child,scheme_guideline,India,102,670,35,35,7.3.2,,,,,Procedure for Issuance of Tender by the States/UTs,,
PMFBY_2023_SEC_7_3_3,PMFBY_2023,parent,scheme_guideline,India,90,558,35,35,7.3.3,,,,,Procedure for Issuance of Tender by the States/UTs,,
PMFBY_2023_SEC_7_3_3_1,PMFBY_2023,child,scheme_guideline,India,105,581,35,35,7.3.3.1,,,,,,premium,TABLE_REVIEW
PMFBY_2023_SEC_155,PMFBY_2023,child,scheme_guideline,India,70,394,35,35,,,,,,Threshold Yield:,,TABLE_REVIEW
PMFBY_2023_SEC_156,PMFBY_2023,child,scheme_guideline,India,71,390,35,36,,,,,,Premium Rate:,premium,TABLE_REVIEW
PMFBY_2023_SEC_157,PMFBY_2023,child,scheme_guideline,India,56,375,36,36,,,,,,Evaluation of tender process and determination of L1 Company:,premium,
PMFBY_2023_SEC_7_3_3_2,PMFBY_2023,child,scheme_guideline,India,216,1212,36,36,7.3.3.2,,,,,,premium,TABLE_REVIEW
PMFBY_2023_SEC_159,PMFBY_2023,child,scheme_guideline,India,133,777,36,37,,,,,,Threshold Yield:,,TABLE_REVIEW
PMFBY_2023_SEC_160,PMFBY_2023,child,scheme_guideline,India,117,682,37,37,,,,,,Evaluation of tender process and determination of L1 Company:,premium,TABLE_REVIEW
PMFBY_2023_SEC_161,PMFBY_2023,child,scheme_guideline,India,200,1129,37,37,,,,,,Indemnity Level-70%,,TABLE_REVIEW
PMFBY_2023_SEC_162,PMFBY_2023,child,scheme_guideline,India,62,408,37,38,,,,,,Evaluation of tender process and determination of L1 Company:,premium,
PMFBY_2023_SEC_7_3_3_3,PMFBY_2023,child,scheme_guideline,India,74,463,38,38,7.3.3.3,,,,,,premium,
PMFBY_2023_SEC_164,PMFBY_2023,child,scheme_guideline,India,139,888,38,38,,,,,,responding Increase/ Decrease in APR against each 1% point Increase/Decrease in,premium,TABLE_REVIEW
PMFBY_2023_SEC_165,PMFBY_2023,child,scheme_guideline,India,192,1097,38,39,,,,,,Premium rate quoted by L1 Insurance Company for a district crop combination =13%,premium,TABLE_REVIEW
PMFBY_2023_SEC_166,PMFBY_2023,child,scheme_guideline,India,45,313,39,39,,,,,,Evaluation of tender process and determination of L1 Company:,premium,
PMFBY_2023_SEC_167,PMFBY_2023,child,scheme_guideline,India,346,2124,39,40,,,,,,Actual Premium Rate (APR),premium,
PMFBY_2023_SEC_7_3_4,PMFBY_2023,child,scheme_guideline,India,382,2458,40,40,7.3.4,,,,,Procedure for Issuance of Tender by the States/UTs,claim;crop_loss;premium,
PMFBY_2023_SEC_7_6_1,PMFBY_2023,child,scheme_guideline,India,56,405,41,41,7.6.1,,,,,Procedure for Issuance of Tender by the States/UTs,,
PMFBY_2023_SEC_7_6_2,PMFBY_2023,child,scheme_guideline,India,33,253,41,41,7.6.2,,,,,Procedure for Issuance of Tender by the States/UTs,documents,
PMFBY_2023_SEC_7_6_3,PMFBY_2023,child,scheme_guideline,India,62,492,41,41,7.6.3,,,,,Procedure for Issuance of Tender by the States/UTs,documents,
PMFBY_2023_SEC_7_6_4,PMFBY_2023,child,scheme_guideline,India,31,191,41,41,7.6.4,,,,,Procedure for Issuance of Tender by the States/UTs,,
PMFBY_2023_SEC_7_6_5,PMFBY_2023,child,scheme_guideline,India,47,316,41,41,7.6.5,,,,,Procedure for Issuance of Tender by the States/UTs,,
PMFBY_2023_SEC_7_6_6,PMFBY_2023,child,scheme_guideline,India,103,716,41,41,7.6.6,,,,,Procedure for Issuance of Tender by the States/UTs,claim;pmfby,
PMFBY_2023_SEC_7_6_7,PMFBY_2023,child,scheme_guideline,India,56,354,41,41,7.6.7,,,,,Procedure for Issuance of Tender by the States/UTs,,
PMFBY_2023_SEC_7_6_8,PMFBY_2023,child,scheme_guideline,India,74,446,41,41,7.6.8,,,,,Procedure for Issuance of Tender by the States/UTs,,
PMFBY_2023_SEC_7_6_9,PMFBY_2023,child,scheme_guideline,India,81,505,42,42,7.6.9,,,,,Procedure for Issuance of Tender by the States/UTs,claim;crop_loss,
PMFBY_2023_SEC_7_6_10,PMFBY_2023,child,scheme_guideline,India,92,560,42,42,7.6.10,,,,,Procedure for Issuance of Tender by the States/UTs,premium,TABLE_REVIEW
PMFBY_2023_SEC_7_6_11,PMFBY_2023,child,scheme_guideline,India,61,459,42,42,7.6.11,,,,,Procedure for Issuance of Tender by the States/UTs,management,
PMFBY_2023_SEC_7_6_12,PMFBY_2023,child,scheme_guideline,India,86,539,42,42,7.6.12,,,,,Procedure for Issuance of Tender by the States/UTs,,
PMFBY_2023_SEC_7_6_13,PMFBY_2023,child,scheme_guideline,India,29,153,42,42,7.6.13,,,,,Procedure for Issuance of Tender by the States/UTs,,
PMFBY_2023_SEC_7_6_14,PMFBY_2023,child,scheme_guideline,India,47,296,42,42,7.6.14,,,,,Procedure for Issuance of Tender by the States/UTs,,
PMFBY_2023_SEC_8,PMFBY_2023,parent,scheme_guideline,India,9,56,42,42,8,,,,,Engagement of Common Service Centers (CSCs) and Other,,SHORT_CHUNK
PMFBY_2023_SEC_8_1,PMFBY_2023,child,scheme_guideline,India,82,564,42,43,8.1,,,,,Engagement of Common Service Centers (CSCs) and Other,pmfby,
PMFBY_2023_SEC_8_2,PMFBY_2023,child,scheme_guideline,India,43,266,43,43,8.2,,,,,Engagement of Common Service Centers (CSCs) and Other,pmfby,
PMFBY_2023_SEC_8_3,PMFBY_2023,child,scheme_guideline,India,109,681,43,43,8.3,,,,,Engagement of Common Service Centers (CSCs) and Other,timeline,
PMFBY_2023_SEC_8_4,PMFBY_2023,child,scheme_guideline,India,69,450,43,43,8.4,,,,,Engagement of Common Service Centers (CSCs) and Other,,
PMFBY_2023_SEC_8_5,PMFBY_2023,child,scheme_guideline,India,108,700,43,43,8.5,,,,,Engagement of Common Service Centers (CSCs) and Other,pmfby;premium,
PMFBY_2023_SEC_8_6,PMFBY_2023,child,scheme_guideline,India,307,1937,43,44,8.6,,,,,Engagement of Common Service Centers (CSCs) and Other,documents;timeline,
PMFBY_2023_SEC_8_7,PMFBY_2023,child,scheme_guideline,India,46,336,44,44,8.7,,,,,Engagement of Common Service Centers (CSCs) and Other,,
PMFBY_2023_SEC_8_8,PMFBY_2023,child,scheme_guideline,India,143,921,44,44,8.8,,,,,Engagement of Common Service Centers (CSCs) and Other,eligibility;loans;premium,
PMFBY_2023_SEC_8_9,PMFBY_2023,child,scheme_guideline,India,76,499,44,44,8.9,,,,,Engagement of Common Service Centers (CSCs) and Other,timeline,
PMFBY_2023_SEC_9,PMFBY_2023,parent,scheme_guideline,India,5,33,44,44,9,,,,,Electronic Remittance of Funds,,SHORT_CHUNK
PMFBY_2023_SEC_9_1,PMFBY_2023,child,scheme_guideline,India,82,582,44,44,9.1,,,,,Electronic Remittance of Funds,claim;eligibility;management;pmfby;premium,
PMFBY_2023_SEC_9_2,PMFBY_2023,child,scheme_guideline,India,121,831,44,45,9.2,,,,,Electronic Remittance of Funds,premium,
PMFBY_2023_SEC_9_3,PMFBY_2023,child,scheme_guideline,India,102,630,45,45,9.3,,,,,Electronic Remittance of Funds,premium,
PMFBY_2023_SEC_9_4,PMFBY_2023,child,scheme_guideline,India,128,847,45,45,9.4,,,,,Electronic Remittance of Funds,claim;crop_insurance;deposits;pmfby;premium,
PMFBY_2023_SEC_9_5,PMFBY_2023,child,scheme_guideline,India,64,449,45,45,9.5,,,,,Electronic Remittance of Funds,claim;reporting,
PMFBY_2023_SEC_9_6,PMFBY_2023,child,scheme_guideline,India,106,708,45,45,9.6,,,,,Electronic Remittance of Funds,claim,
PMFBY_2023_SEC_9_7,PMFBY_2023,child,scheme_guideline,India,165,1157,45,46,9.7,,,,,Electronic Remittance of Funds,management;pmfby,
PMFBY_2023_SEC_9_8,PMFBY_2023,child,scheme_guideline,India,121,787,46,46,9.8,,,,,Electronic Remittance of Funds,,
PMFBY_2023_SEC_9_9,PMFBY_2023,child,scheme_guideline,India,47,304,46,46,9.9,,,,,Electronic Remittance of Funds,claim,
PMFBY_2023_SEC_10,PMFBY_2023,parent,scheme_guideline,India,6,35,46,46,10,,,,,Census Code Mapping of Entities,,SHORT_CHUNK
PMFBY_2023_SEC_10_1,PMFBY_2023,child,scheme_guideline,India,79,544,46,46,10.1,,,,,Census Code Mapping of Entities,,
PMFBY_2023_SEC_10_2,PMFBY_2023,child,scheme_guideline,India,60,390,46,46,10.2,,,,,Census Code Mapping of Entities,pmfby;reporting,
PMFBY_2023_SEC_10_3,PMFBY_2023,child,scheme_guideline,India,77,486,46,46,10.3,,,,,Census Code Mapping of Entities,crop_loss,
PMFBY_2023_SEC_11,PMFBY_2023,parent,scheme_guideline,India,5,32,47,47,11,,,,,11.1 Under the Central Sector Scheme of Digital India Land Record Modernization,,SHORT_CHUNK
PMFBY_2023_SEC_11_1,PMFBY_2023,child,scheme_guideline,India,109,724,47,47,11.1,,,,,11.1 Under the Central Sector Scheme of Digital India Land Record Modernization,crop_insurance;eligibility,
PMFBY_2023_SEC_12,PMFBY_2023,parent,scheme_guideline,India,4,30,47,47,12,,,,,Sum Insured/Coverage Limit,,SHORT_CHUNK
PMFBY_2023_SEC_12_1,PMFBY_2023,child,scheme_guideline,India,148,855,47,47,12.1,,,,,Sum Insured/Coverage Limit,,
PMFBY_2023_SEC_12_2,PMFBY_2023,child,scheme_guideline,India,43,302,47,47,12.2,,,,,Sum Insured/Coverage Limit,premium,
PMFBY_2023_SEC_12_3,PMFBY_2023,child,scheme_guideline,India,30,200,47,47,12.3,,,,,Sum Insured/Coverage Limit,,
PMFBY_2023_SEC_13,PMFBY_2023,parent,scheme_guideline,India,6,37,47,47,13,,,,,Premium Rates and Premium Subsidy,premium,SHORT_CHUNK
PMFBY_2023_SEC_13_1,PMFBY_2023,parent,scheme_guideline,India,147,857,47,48,13.1,,,,,Premium Rates and Premium Subsidy,pmfby;premium,TABLE_REVIEW
PMFBY_2023_SEC_215,PMFBY_2023,child,scheme_guideline,India,44,282,48,48,,,,,,Payment of Government Subsidy,premium,
PMFBY_2023_SEC_13_1_1,PMFBY_2023,child,scheme_guideline,India,66,405,48,48,13.1.1,,,,,,premium,
PMFBY_2023_SEC_13_1_2,PMFBY_2023,child,scheme_guideline,India,130,778,48,48,13.1.2,,,,,,documents;premium,
PMFBY_2023_SEC_13_1_3,PMFBY_2023,child,scheme_guideline,India,27,175,48,48,13.1.3,,,,,,,
PMFBY_2023_SEC_13_1_4,PMFBY_2023,child,scheme_guideline,India,17,102,48,48,13.1.4,,,,,,,SHORT_CHUNK
PMFBY_2023_SEC_13_1_5,PMFBY_2023,child,scheme_guideline,India,54,308,48,48,13.1.5,,,,,,premium,
PMFBY_2023_SEC_13_1_6,PMFBY_2023,child,scheme_guideline,India,106,687,48,48,13.1.6,,,,,,premium,
PMFBY_2023_SEC_13_1_7,PMFBY_2023,child,scheme_guideline,India,65,413,48,49,13.1.7,,,,,,,
PMFBY_2023_SEC_13_1_8,PMFBY_2023,child,scheme_guideline,India,145,926,49,49,13.1.8,,,,,,,
PMFBY_2023_SEC_13_1_9,PMFBY_2023,child,scheme_guideline,India,59,367,49,49,13.1.9,,,,,,premium,
PMFBY_2023_SEC_13_1_10,PMFBY_2023,child,scheme_guideline,India,102,724,49,49,13.1.10,,,,,,claim;premium,
PMFBY_2023_SEC_13_1_11,PMFBY_2023,child,scheme_guideline,India,100,645,49,49,13.1.11,,,,,,claim,
PMFBY_2023_SEC_13_1_12,PMFBY_2023,child,scheme_guideline,India,47,327,49,49,13.1.12,,,,,,documents;pmfby,
PMFBY_2023_SEC_13_1_13,PMFBY_2023,child,scheme_guideline,India,40,274,49,49,13.1.13,,,,,,premium,
PMFBY_2023_SEC_13_1_14,PMFBY_2023,child,scheme_guideline,India,132,826,50,50,13.1.14,,,,,,premium;timeline,
PMFBY_2023_SEC_14,PMFBY_2023,parent,scheme_guideline,India,5,38,50,50,14,,,,,Budget for Administrative Expenses,,SHORT_CHUNK
PMFBY_2023_SEC_14_1,PMFBY_2023,child,scheme_guideline,India,84,614,50,50,14.1,,,,,Budget for Administrative Expenses,crop_loss;pmfby,
PMFBY_2023_SEC_14_2,PMFBY_2023,child,scheme_guideline,India,46,353,50,50,14.2,,,,,Budget for Administrative Expenses,crop_insurance;pmfby,
PMFBY_2023_SEC_15,PMFBY_2023,parent,scheme_guideline,India,9,58,50,50,15,,,,,Central Program Management Unit (CPMU) & State Program,management,SHORT_CHUNK
PMFBY_2023_SEC_15_1,PMFBY_2023,child,scheme_guideline,India,67,494,50,50,15.1,,,,,Central Program Management Unit (CPMU) & State Program,management,
PMFBY_2023_SEC_15_2,PMFBY_2023,child,scheme_guideline,India,127,795,50,50,15.2,,,,,Central Program Management Unit (CPMU) & State Program,claim;management;premium,
PMFBY_2023_SEC_15_3,PMFBY_2023,child,scheme_guideline,India,107,737,50,51,15.3,,,,,Central Program Management Unit (CPMU) & State Program,claim;crop_insurance;management;premium,
PMFBY_2023_SEC_15_4,PMFBY_2023,child,scheme_guideline,India,121,799,51,51,15.4,,,,,Central Program Management Unit (CPMU) & State Program,management;membership,
PMFBY_2023_SEC_15_5,PMFBY_2023,child,scheme_guideline,India,141,1015,51,51,15.5,,,,,Central Program Management Unit (CPMU) & State Program,management,
PMFBY_2023_SEC_16,PMFBY_2023,parent,scheme_guideline,India,3,26,51,51,16,,,,,Seasonality Discipline,,SHORT_CHUNK
PMFBY_2023_SEC_16_1,PMFBY_2023,child,scheme_guideline,India,149,987,51,52,16.1,,,,,Seasonality Discipline,pmfby;premium,
PMFBY_2023_SEC_16_2,PMFBY_2023,child,scheme_guideline,India,69,408,52,52,16.2,,,,,Seasonality Discipline,,
PMFBY_2023_SEC_16_3,PMFBY_2023,child,scheme_guideline,India,61,390,52,52,16.3,,,,,Seasonality Discipline,premium,
PMFBY_2023_SEC_16_4,PMFBY_2023,child,scheme_guideline,India,2475,16021,52,57,16.4,,,,,Seasonality Discipline,claim;complaint;crop_insurance;crop_loss;documents;meetings;pacs;premium;registration;reporting;timeline,LONG_CHUNK_NO_SAFE_SPLIT;TABLE_REVIEW
PMFBY_2023_SEC_16_5,PMFBY_2023,child,scheme_guideline,India,125,721,57,57,16.5,,,,,Seasonality Discipline,premium;reporting,
PMFBY_2023_SEC_16_6,PMFBY_2023,child,scheme_guideline,India,82,467,57,57,16.6,,,,,Seasonality Discipline,,
PMFBY_2023_SEC_16_7,PMFBY_2023,child,scheme_guideline,India,36,238,57,57,16.7,,,,,Seasonality Discipline,,
PMFBY_2023_SEC_16_8,PMFBY_2023,child,scheme_guideline,India,156,980,57,58,16.8,,,,,Seasonality Discipline,claim;crop_loss;eligibility;premium,
PMFBY_2023_SEC_16_9,PMFBY_2023,child,scheme_guideline,India,111,668,58,58,16.9,,,,,Seasonality Discipline,premium,
PMFBY_2023_SEC_16_10,PMFBY_2023,child,scheme_guideline,India,100,609,58,58,16.10,,,,,Seasonality Discipline,premium,
PMFBY_2023_SEC_16_11,PMFBY_2023,child,scheme_guideline,India,97,641,58,58,16.11,,,,,Seasonality Discipline,premium,
PMFBY_2023_SEC_16_12,PMFBY_2023,child,scheme_guideline,India,113,727,58,58,16.12,,,,,Seasonality Discipline,claim;eligibility,
PMFBY_2023_SEC_16_13,PMFBY_2023,child,scheme_guideline,India,161,967,58,59,16.13,,,,,Seasonality Discipline,claim;premium,
PMFBY_2023_SEC_16_14,PMFBY_2023,child,scheme_guideline,India,135,896,59,59,16.14,,,,,Seasonality Discipline,claim;management;premium,
PMFBY_2023_SEC_16_15,PMFBY_2023,child,scheme_guideline,India,60,378,59,59,16.15,,,,,Seasonality Discipline,claim;eligibility,
PMFBY_2023_SEC_17_1,PMFBY_2023,child,scheme_guideline,India,250,1774,59,59,17.1,,,,,,pacs;premium,STRUCTURE_UNCERTAIN
PMFBY_2023_SEC_17_2,PMFBY_2023,child,scheme_guideline,India,139,877,59,60,17.2,,,,,,claim;crop_insurance;eligibility;premium,STRUCTURE_UNCERTAIN
PMFBY_2023_SEC_17_3,PMFBY_2023,child,scheme_guideline,India,40,285,60,60,17.3,,,,,,claim;pacs,STRUCTURE_UNCERTAIN
PMFBY_2023_SEC_17_4,PMFBY_2023,child,scheme_guideline,India,97,613,60,60,17.4,,,,,,,STRUCTURE_UNCERTAIN
PMFBY_2023_SEC_17_5,PMFBY_2023,child,scheme_guideline,India,39,231,60,60,17.5,,,,,,pmfby,STRUCTURE_UNCERTAIN
PMFBY_2023_SEC_17_6,PMFBY_2023,parent,scheme_guideline,India,3,20,60,60,17.6,,,,,Loanee Farmers:,,SHORT_CHUNK;STRUCTURE_UNCERTAIN
PMFBY_2023_SEC_17_6_1,PMFBY_2023,child,scheme_guideline,India,231,1461,60,60,17.6.1,,,,,Loanee Farmers:,crop_insurance;documents;eligibility;loans;pacs;premium,
PMFBY_2023_SEC_17_6_2,PMFBY_2023,child,scheme_guideline,India,228,1441,60,61,17.6.2,,,,,Loanee Farmers:,eligibility;loans;pacs;premium,
PMFBY_2023_SEC_17_6_3,PMFBY_2023,child,scheme_guideline,India,147,984,61,61,17.6.3,,,,,Loanee Farmers:,claim;computerization;eligibility;loans;pacs,
PMFBY_2023_SEC_17_6_4,PMFBY_2023,child,scheme_guideline,India,55,386,61,61,17.6.4,,,,,Loanee Farmers:,documents;reporting,
PMFBY_2023_SEC_17_6_5,PMFBY_2023,child,scheme_guideline,India,88,590,61,61,17.6.5,,,,,Loanee Farmers:,claim;eligibility;premium,
PMFBY_2023_SEC_17_6_6,PMFBY_2023,child,scheme_guideline,India,317,1789,61,62,17.6.6,,,,,Loanee Farmers:,documents;loans;premium,TABLE_REVIEW
PMFBY_2023_SEC_17_6_7,PMFBY_2023,child,scheme_guideline,India,104,663,62,63,17.6.7,,,,,Loanee Farmers:,loans;premium,
PMFBY_2023_SEC_17_6_8,PMFBY_2023,child,scheme_guideline,India,40,271,63,63,17.6.8,,,,,Loanee Farmers:,pacs;premium,
PMFBY_2023_SEC_17_6_9,PMFBY_2023,child,scheme_guideline,India,55,354,63,63,17.6.9,,,,,Loanee Farmers:,premium,
PMFBY_2023_SEC_17_6_10,PMFBY_2023,child,scheme_guideline,India,61,424,63,63,17.6.10,,,,,Loanee Farmers:,,
PMFBY_2023_SEC_17_6_11,PMFBY_2023,child,scheme_guideline,India,181,1192,63,63,17.6.11,,,,,Loanee Farmers:,complaint;premium,
PMFBY_2023_SEC_17_6_12,PMFBY_2023,child,scheme_guideline,India,46,261,63,63,17.6.12,,,,,Loanee Farmers:,eligibility;premium,
PMFBY_2023_SEC_17_6_13,PMFBY_2023,child,scheme_guideline,India,67,393,63,63,17.6.13,,,,,Loanee Farmers:,,
PMFBY_2023_SEC_17_6_14,PMFBY_2023,child,scheme_guideline,India,43,278,63,64,17.6.14,,,,,Loanee Farmers:,loans,
PMFBY_2023_SEC_17_6_15,PMFBY_2023,child,scheme_guideline,India,88,555,64,64,17.6.15,,,,,Loanee Farmers:,claim;eligibility;premium,
PMFBY_2023_SEC_17_6_16,PMFBY_2023,child,scheme_guideline,India,70,437,64,64,17.6.16,,,,,Loanee Farmers:,claim;pacs;timeline,
PMFBY_2023_SEC_17_6_17,PMFBY_2023,child,scheme_guideline,India,22,140,64,64,17.6.17,,,,,Loanee Farmers:,,
PMFBY_2023_SEC_17_7,PMFBY_2023,parent,scheme_guideline,India,9,64,64,64,17.7,,,,,Non-Loanee Farmers through Banks and other Channel Partners,,SHORT_CHUNK;STRUCTURE_UNCERTAIN
PMFBY_2023_SEC_17_7_1,PMFBY_2023,child,scheme_guideline,India,59,376,64,64,17.7.1,,,,,Non-Loanee Farmers through Banks and other Channel Partners,crop_insurance,
PMFBY_2023_SEC_17_7_2,PMFBY_2023,child,scheme_guideline,India,38,238,64,64,17.7.2,,,,,Non-Loanee Farmers through Banks and other Channel Partners,crop_insurance,
PMFBY_2023_SEC_17_7_3,PMFBY_2023,child,scheme_guideline,India,150,946,64,64,17.7.3,,,,,Non-Loanee Farmers through Banks and other Channel Partners,crop_insurance;documents;pacs;premium,
PMFBY_2023_SEC_17_7_4,PMFBY_2023,child,scheme_guideline,India,102,676,64,65,17.7.4,,,,,Non-Loanee Farmers through Banks and other Channel Partners,documents,
PMFBY_2023_SEC_17_7_5,PMFBY_2023,child,scheme_guideline,India,144,1075,65,65,17.7.5,,,,,Non-Loanee Farmers through Banks and other Channel Partners,computerization;documents;eligibility;pacs;premium,
PMFBY_2023_SEC_17_7_6,PMFBY_2023,child,scheme_guideline,India,94,632,65,65,17.7.6,,,,,Non-Loanee Farmers through Banks and other Channel Partners,premium,
PMFBY_2023_SEC_17_7_7,PMFBY_2023,child,scheme_guideline,India,134,926,65,65,17.7.7,,,,,Non-Loanee Farmers through Banks and other Channel Partners,premium;timeline,
PMFBY_2023_SEC_17_7_8,PMFBY_2023,child,scheme_guideline,India,75,471,65,65,17.7.8,,,,,Non-Loanee Farmers through Banks and other Channel Partners,claim;pacs;timeline,
PMFBY_2023_SEC_17_7_9,PMFBY_2023,child,scheme_guideline,India,22,139,65,65,17.7.9,,,,,Non-Loanee Farmers through Banks and other Channel Partners,,
PMFBY_2023_SEC_17_7_10,PMFBY_2023,child,scheme_guideline,India,29,202,65,65,17.7.10,,,,,Non-Loanee Farmers through Banks and other Channel Partners,crop_insurance,
PMFBY_2023_SEC_17_8,PMFBY_2023,parent,scheme_guideline,India,12,79,66,66,17.8,,,,,,,SHORT_CHUNK;STRUCTURE_UNCERTAIN
PMFBY_2023_SEC_17_8_1,PMFBY_2023,child,scheme_guideline,India,26,195,66,66,17.8.1,,,,,,documents;premium,
PMFBY_2023_SEC_17_8_2,PMFBY_2023,child,scheme_guideline,India,145,971,66,66,17.8.2,,,,,,crop_insurance;documents;pmfby;premium;reporting,
PMFBY_2023_SEC_17_8_3,PMFBY_2023,child,scheme_guideline,India,116,711,66,66,17.8.3,,,,,,claim;documents;premium,
PMFBY_2023_SEC_17_8_4,PMFBY_2023,child,scheme_guideline,India,81,536,66,66,17.8.4,,,,,,documents;premium;timeline,
PMFBY_2023_SEC_17_8_5,PMFBY_2023,child,scheme_guideline,India,77,513,66,66,17.8.5,,,,,,claim;pacs;timeline,
PMFBY_2023_SEC_17_8_6,PMFBY_2023,child,scheme_guideline,India,22,141,66,66,17.8.6,,,,,,,
PMFBY_2023_SEC_17_9,PMFBY_2023,parent,scheme_guideline,India,10,49,66,66,17.9,,,,,,,SHORT_CHUNK;STRUCTURE_UNCERTAIN
PMFBY_2023_SEC_17_9_1,PMFBY_2023,child,scheme_guideline,India,175,1057,66,67,17.9.1,,,,,,loans;premium,
PMFBY_2023_SEC_17_9_2,PMFBY_2023,child,scheme_guideline,India,128,813,67,67,17.9.2,,,,,,premium;reporting,
PMFBY_2023_SEC_17_10,PMFBY_2023,child,scheme_guideline,India,190,1273,67,67,17.10,,,,,,claim;eligibility;pacs;premium,STRUCTURE_UNCERTAIN
PMFBY_2023_SEC_17_11,PMFBY_2023,child,scheme_guideline,India,130,865,67,67,17.11,,,,,,pacs;premium,STRUCTURE_UNCERTAIN
PMFBY_2023_SEC_17_12,PMFBY_2023,child,scheme_guideline,India,120,875,68,68,17.12,,,,,,documents;premium,STRUCTURE_UNCERTAIN
PMFBY_2023_SEC_17_13,PMFBY_2023,child,scheme_guideline,India,202,1426,68,68,17.13,,,,,,claim;documents;eligibility;pacs;premium;reporting;timeline,STRUCTURE_UNCERTAIN
PMFBY_2023_SEC_17_14,PMFBY_2023,child,scheme_guideline,India,101,683,68,68,17.14,,,,,,eligibility;premium,STRUCTURE_UNCERTAIN
PMFBY_2023_SEC_17_15,PMFBY_2023,child,scheme_guideline,India,119,860,68,69,17.15,,,,,,premium,STRUCTURE_UNCERTAIN
PMFBY_2023_SEC_17_16,PMFBY_2023,parent,scheme_guideline,India,37,248,69,69,17.16,,,,,,claim,STRUCTURE_UNCERTAIN
PMFBY_2023_SEC_17_16_1,PMFBY_2023,child,scheme_guideline,India,13,84,69,69,17.16.1,,,,,,loans;premium,SHORT_CHUNK
PMFBY_2023_SEC_17_16_2,PMFBY_2023,child,scheme_guideline,India,19,96,69,69,17.16.2,,,,,,,SHORT_CHUNK
PMFBY_2023_SEC_17_16_3,PMFBY_2023,child,scheme_guideline,India,17,99,69,69,17.16.3,,,,,,,SHORT_CHUNK
PMFBY_2023_SEC_17_16_4,PMFBY_2023,child,scheme_guideline,India,11,68,69,69,17.16.4,,,,,,,SHORT_CHUNK
PMFBY_2023_SEC_17_16_5,PMFBY_2023,child,scheme_guideline,India,13,71,69,69,17.16.5,,,,,,,SHORT_CHUNK
PMFBY_2023_SEC_17_16_6,PMFBY_2023,child,scheme_guideline,India,19,128,69,69,17.16.6,,,,,,,SHORT_CHUNK
PMFBY_2023_SEC_17_16_7,PMFBY_2023,child,scheme_guideline,India,24,141,69,69,17.16.7,,,,,,,
PMFBY_2023_SEC_17_16_8,PMFBY_2023,child,scheme_guideline,India,19,107,69,69,17.16.8,,,,,,,SHORT_CHUNK
PMFBY_2023_SEC_17_17,PMFBY_2023,child,scheme_guideline,India,24,153,69,69,17.17,,,,,,,STRUCTURE_UNCERTAIN
PMFBY_2023_SEC_17_18,PMFBY_2023,child,scheme_guideline,India,106,738,69,69,17.18,,,,,,reporting;timeline,STRUCTURE_UNCERTAIN
PMFBY_2023_SEC_17_19,PMFBY_2023,child,scheme_guideline,India,83,564,69,69,17.19,,,,,,,STRUCTURE_UNCERTAIN
PMFBY_2023_SEC_17_20,PMFBY_2023,child,scheme_guideline,India,22,124,69,69,17.20,,,,,,,STRUCTURE_UNCERTAIN
PMFBY_2023_SEC_18_1,PMFBY_2023,child,scheme_guideline,India,183,1128,69,70,18.1,,,,,,claim;eligibility,STRUCTURE_UNCERTAIN
PMFBY_2023_SEC_18_2,PMFBY_2023,child,scheme_guideline,India,187,1142,70,70,18.2,,,,,,claim;crop_loss,STRUCTURE_UNCERTAIN
PMFBY_2023_SEC_18_3,PMFBY_2023,child,scheme_guideline,India,72,411,70,70,18.3,,,,,,,STRUCTURE_UNCERTAIN;TABLE_REVIEW
PMFBY_2023_SEC_18_4,PMFBY_2023,parent,scheme_guideline,India,39,268,70,70,18.4,,,,,Smart Sampling Methodology for Crop Yield Estimation,,STRUCTURE_UNCERTAIN
PMFBY_2023_SEC_18_4_1,PMFBY_2023,child,scheme_guideline,India,50,335,70,71,18.4.1,,,,,Smart Sampling Methodology for Crop Yield Estimation,,
PMFBY_2023_SEC_18_5,PMFBY_2023,parent,scheme_guideline,India,8,62,71,71,18.5,,,,,Modalities for Conducting Crop Cutting Experiments (CCEs),,SHORT_CHUNK;STRUCTURE_UNCERTAIN
PMFBY_2023_SEC_18_5_1,PMFBY_2023,child,scheme_guideline,India,309,1915,71,71,18.5.1,,,,,Modalities for Conducting Crop Cutting Experiments (CCEs),,
PMFBY_2023_SEC_18_5_2,PMFBY_2023,child,scheme_guideline,India,44,292,71,71,18.5.2,,,,,Modalities for Conducting Crop Cutting Experiments (CCEs),,
PMFBY_2023_SEC_18_5_3,PMFBY_2023,child,scheme_guideline,India,129,835,71,71,18.5.3,,,,,Modalities for Conducting Crop Cutting Experiments (CCEs),pmfby,
PMFBY_2023_SEC_18_5_4,PMFBY_2023,child,scheme_guideline,India,72,429,72,72,18.5.4,,,,,Modalities for Conducting Crop Cutting Experiments (CCEs),pmfby,
PMFBY_2023_SEC_18_5_5,PMFBY_2023,child,scheme_guideline,India,57,348,72,72,18.5.5,,,,,Modalities for Conducting Crop Cutting Experiments (CCEs),,
PMFBY_2023_SEC_18_5_6,PMFBY_2023,child,scheme_guideline,India,30,209,72,72,18.5.6,,,,,Modalities for Conducting Crop Cutting Experiments (CCEs),,
PMFBY_2023_SEC_18_5_7,PMFBY_2023,child,scheme_guideline,India,23,129,72,72,18.5.7,,,,,Modalities for Conducting Crop Cutting Experiments (CCEs),pmfby,
PMFBY_2023_SEC_18_5_8,PMFBY_2023,child,scheme_guideline,India,36,217,72,72,18.5.8,,,,,Modalities for Conducting Crop Cutting Experiments (CCEs),,
PMFBY_2023_SEC_18_5_9,PMFBY_2023,child,scheme_guideline,India,53,339,72,72,18.5.9,,,,,Modalities for Conducting Crop Cutting Experiments (CCEs),,
PMFBY_2023_SEC_18_5_10,PMFBY_2023,child,scheme_guideline,India,82,544,72,72,18.5.10,,,,,Modalities for Conducting Crop Cutting Experiments (CCEs),,
PMFBY_2023_SEC_18_5_11,PMFBY_2023,child,scheme_guideline,India,396,2697,72,73,18.5.11,,,,,Modalities for Conducting Crop Cutting Experiments (CCEs),membership,
PMFBY_2023_SEC_18_5_12,PMFBY_2023,child,scheme_guideline,India,211,1337,73,73,18.5.12,,,,,Modalities for Conducting Crop Cutting Experiments (CCEs),claim,
PMFBY_2023_SEC_18_5_13_1,PMFBY_2023,child,scheme_guideline,India,99,666,73,74,18.5.13.1,,,,,Modalities for Conducting Crop Cutting Experiments (CCEs),,
PMFBY_2023_SEC_18_5_13_2,PMFBY_2023,child,scheme_guideline,India,38,225,74,74,18.5.13.2,,,,,Modalities for Conducting Crop Cutting Experiments (CCEs),,
PMFBY_2023_SEC_18_5_13_3,PMFBY_2023,child,scheme_guideline,India,49,318,74,74,18.5.13.3,,,,,Modalities for Conducting Crop Cutting Experiments (CCEs),,
PMFBY_2023_SEC_339,PMFBY_2023,child,scheme_guideline,India,258,1059,74,74,,,,,,An Example for Yield Calculation for multi-picking crop is mentioned in Table 5 below:,,TABLE_REVIEW
PMFBY_2023_SEC_18_5_13_4,PMFBY_2023,child,scheme_guideline,India,69,424,74,74,18.5.13.4,,,,,Modalities for Conducting Crop Cutting Experiments (CCEs),,
PMFBY_2023_SEC_18_5_13_5,PMFBY_2023,child,scheme_guideline,India,95,613,74,75,18.5.13.5,,,,,Modalities for Conducting Crop Cutting Experiments (CCEs),,
PMFBY_2023_SEC_18_5_13_6,PMFBY_2023,child,scheme_guideline,India,197,1213,75,75,18.5.13.6,,,,,Modalities for Conducting Crop Cutting Experiments (CCEs),claim,
PMFBY_2023_SEC_18_5_13_7,PMFBY_2023,child,scheme_guideline,India,140,956,75,75,18.5.13.7,,,,,Modalities for Conducting Crop Cutting Experiments (CCEs),documents,
PMFBY_2023_FORM_2,PMFBY_2023,child,scheme_guideline,India,37,260,75,75,,,,,,"Form-2 etc. to the Insurance Companies, however, the State/UT should provide",crop_loss;documents,
PMFBY_2023_SEC_19_1,PMFBY_2023,child,scheme_guideline,India,36,232,75,75,19.1,,,,,,claim;pmfby,STRUCTURE_UNCERTAIN
PMFBY_2023_SEC_19_2,PMFBY_2023,child,scheme_guideline,India,353,2247,75,76,19.2,,,,,,appeal;claim;documents;meetings;reporting;timeline,STRUCTURE_UNCERTAIN
PMFBY_2023_SEC_16_14_002,PMFBY_2023,child,scheme_guideline,India,3,14,76,76,16.14,,,,,,,SHORT_CHUNK;STRUCTURE_UNCERTAIN
PMFBY_2023_SEC_19_3,PMFBY_2023,child,scheme_guideline,India,124,927,77,77,19.3,,,,,,membership,STRUCTURE_UNCERTAIN
PMFBY_2023_SEC_19_4,PMFBY_2023,child,scheme_guideline,India,84,556,77,77,19.4,,,,,,,STRUCTURE_UNCERTAIN
PMFBY_2023_SEC_19_5,PMFBY_2023,child,scheme_guideline,India,88,620,77,77,19.5,,,,,,membership,STRUCTURE_UNCERTAIN
PMFBY_2023_SEC_19_6,PMFBY_2023,child,scheme_guideline,India,29,218,77,77,19.6,,,,,,,STRUCTURE_UNCERTAIN
PMFBY_2023_SEC_19_7,PMFBY_2023,parent,scheme_guideline,India,13,68,77,77,19.7,,,,,,,SHORT_CHUNK;STRUCTURE_UNCERTAIN
PMFBY_2023_SEC_19_7_1,PMFBY_2023,child,scheme_guideline,India,258,1557,77,78,19.7.1,,,,,,documents,
PMFBY_2023_SEC_19_7_2,PMFBY_2023,child,scheme_guideline,India,60,406,78,78,19.7.2,,,,,,,
PMFBY_2023_SEC_19_7_3,PMFBY_2023,child,scheme_guideline,India,167,1047,78,78,19.7.3,,,,,,claim;crop_loss,
PMFBY_2023_SEC_19_7_4,PMFBY_2023,child,scheme_guideline,India,115,744,78,78,19.7.4,,,,,,claim;crop_loss,
PMFBY_2023_SEC_19_7_5,PMFBY_2023,child,scheme_guideline,India,44,229,79,79,19.7.5,,,,,,,
PMFBY_2023_SEC_358,PMFBY_2023,child,scheme_guideline,India,192,1326,79,79,,,,,,a) Statistical analysis of the yield assessment survey and/or CCE yield data:,,
PMFBY_2023_SEC_0_25,PMFBY_2023,child,scheme_guideline,India,28,167,79,79,0.25,,,,,,,STRUCTURE_UNCERTAIN
PMFBY_2023_SEC_360,PMFBY_2023,child,scheme_guideline,India,122,902,79,79,,,,,,c) Analysis of Long-term Yield Data: Analysis of previous 10 years' yield data (at,,
PMFBY_2023_SEC_361,PMFBY_2023,child,scheme_guideline,India,60,436,79,79,,,,,,"e) Analysis of Vegetation Index from Satellite Data: The vegetation indices, which",,
PMFBY_2023_SEC_362,PMFBY_2023,parent,scheme_guideline,India,823,5081,79,81,,,,,,levels of analysis,documents,TABLE_REVIEW
PMFBY_2023_SEC_362_SUB_1,PMFBY_2023,child,scheme_guideline,India,522,3190,79,80,,,,,,levels of analysis,documents,TABLE_REVIEW
PMFBY_2023_SEC_362_SUB_2,PMFBY_2023,child,scheme_guideline,India,336,2095,80,81,,,,,,levels of analysis,,TABLE_REVIEW
PMFBY_2023_SEC_19_7_6,PMFBY_2023,child,scheme_guideline,India,33,200,81,81,19.7.6,,,,,,,
PMFBY_2023_SEC_19_7_7,PMFBY_2023,child,scheme_guideline,India,56,333,81,81,19.7.7,,,,,,,
PMFBY_2023_SEC_19_7_8,PMFBY_2023,child,scheme_guideline,India,48,306,81,81,19.7.8,,,,,,pmfby,
PMFBY_2023_SEC_19_7_9,PMFBY_2023,child,scheme_guideline,India,175,1159,81,81,19.7.9,,,,,,crop_loss,
PMFBY_2023_SEC_20_1,PMFBY_2023,parent,scheme_guideline,India,17,116,82,82,20.1,,,,,Rationalization of CCEs - Smart Sampling Technique (SST),,SHORT_CHUNK;STRUCTURE_UNCERTAIN
PMFBY_2023_SEC_20_1_1,PMFBY_2023,child,scheme_guideline,India,219,1441,82,82,20.1.1,,,,,Rationalization of CCEs - Smart Sampling Technique (SST),crop_insurance,
PMFBY_2023_SEC_20_1_2,PMFBY_2023,parent,scheme_guideline,India,28,168,82,82,20.1.2,,,,,Rationalization of CCEs - Smart Sampling Technique (SST),,
PMFBY_2023_SEC_20_1_2_1,PMFBY_2023,child,scheme_guideline,India,119,784,82,82,20.1.2.1,,,,,,,
PMFBY_2023_SEC_20_1_2_2,PMFBY_2023,child,scheme_guideline,India,118,714,82,82,20.1.2.2,,,,,,,
PMFBY_2023_SEC_20_1_3,PMFBY_2023,child,scheme_guideline,India,190,1193,83,83,20.1.3,,,,,Rationalization of CCEs - Smart Sampling Technique (SST),,
PMFBY_2023_SEC_20_1_4,PMFBY_2023,child,scheme_guideline,India,98,644,83,83,20.1.4,,,,,Rationalization of CCEs - Smart Sampling Technique (SST),,
PMFBY_2023_SEC_20_1_5,PMFBY_2023,child,scheme_guideline,India,86,546,83,83,20.1.5,,,,,Rationalization of CCEs - Smart Sampling Technique (SST),,
PMFBY_2023_SEC_20_1_6,PMFBY_2023,parent,scheme_guideline,India,42,259,83,83,20.1.6,,,,,Rationalization of CCEs - Smart Sampling Technique (SST),,
PMFBY_2023_SEC_20_1_6_1,PMFBY_2023,child,scheme_guideline,India,44,259,83,83,20.1.6.1,,,,,,,
PMFBY_2023_SEC_20_1_6_2,PMFBY_2023,child,scheme_guideline,India,42,284,83,83,20.1.6.2,,,,,,,
PMFBY_2023_SEC_20_1_6_3,PMFBY_2023,child,scheme_guideline,India,63,394,83,84,20.1.6.3,,,,,,,
PMFBY_2023_SEC_20_1_6_4,PMFBY_2023,child,scheme_guideline,India,44,262,84,84,20.1.6.4,,,,,,,
PMFBY_2023_SEC_20_1_7,PMFBY_2023,child,scheme_guideline,India,48,297,84,84,20.1.7,,,,,Rationalization of CCEs - Smart Sampling Technique (SST),,
PMFBY_2023_SEC_20_2,PMFBY_2023,parent,scheme_guideline,India,6,47,84,84,20.2,,,,,Direct Yield Estimation through Technology,,SHORT_CHUNK;STRUCTURE_UNCERTAIN
PMFBY_2023_SEC_20_2_1,PMFBY_2023,parent,scheme_guideline,India,8,61,84,84,20.2.1,,,,,Direct Yield Estimation through Technology,,SHORT_CHUNK
PMFBY_2023_SEC_20_2_1_1,PMFBY_2023,child,scheme_guideline,India,145,1022,84,84,20.2.1.1,,,,,Yield Estimation System Based on Technology (YES-TECH),claim,
PMFBY_2023_SEC_20_2_1_2,PMFBY_2023,child,scheme_guideline,India,13,89,84,84,20.2.1.2,,,,,Yield Estimation System Based on Technology (YES-TECH),,SHORT_CHUNK
PMFBY_2023_SEC_20_2_1_1_002,PMFBY_2023,child,scheme_guideline,India,48,313,84,84,20.2.1.1,,,,,Yield Estimation System Based on Technology (YES-TECH),,
PMFBY_2023_SEC_20_2_1_3,PMFBY_2023,child,scheme_guideline,India,39,289,84,84,20.2.1.3,,,,,Yield Estimation System Based on Technology (YES-TECH),claim;pmfby,
PMFBY_2023_SEC_20_2_1_4,PMFBY_2023,child,scheme_guideline,India,30,166,84,84,20.2.1.4,,,,,Yield Estimation System Based on Technology (YES-TECH),,
PMFBY_2023_SEC_20_2_1_5,PMFBY_2023,child,scheme_guideline,India,69,474,84,84,20.2.1.5,,,,,Yield Estimation System Based on Technology (YES-TECH),,
PMFBY_2023_SEC_20_2_1_6,PMFBY_2023,child,scheme_guideline,India,40,259,85,85,20.2.1.6,,,,,Yield Estimation System Based on Technology (YES-TECH),,
PMFBY_2023_SEC_20_2_1_7,PMFBY_2023,child,scheme_guideline,India,70,359,85,85,20.2.1.7,,,,,Yield Estimation System Based on Technology (YES-TECH),,TABLE_REVIEW
PMFBY_2023_SEC_20_2_1_8,PMFBY_2023,child,scheme_guideline,India,136,906,85,85,20.2.1.8,,,,,Yield Estimation System Based on Technology (YES-TECH),,
PMFBY_2023_SEC_20_2_1_9,PMFBY_2023,child,scheme_guideline,India,83,484,85,85,20.2.1.9,,,,,Yield Estimation System Based on Technology (YES-TECH),,TABLE_REVIEW
PMFBY_2023_SEC_20_2_2,PMFBY_2023,parent,scheme_guideline,India,10,72,85,85,20.2.2,,,,,Direct Yield Estimation through Technology,,SHORT_CHUNK
PMFBY_2023_SEC_20_2_2_1,PMFBY_2023,child,scheme_guideline,India,46,296,85,85,20.2.2.1,,,,,,,
PMFBY_2023_SEC_20_2_2_2,PMFBY_2023,child,scheme_guideline,India,42,240,85,85,20.2.2.2,,,,,,,
PMFBY_2023_SEC_20_2_2_3,PMFBY_2023,child,scheme_guideline,India,17,114,86,86,20.2.2.3,,,,,,,SHORT_CHUNK
PMFBY_2023_SEC_20_2_2_4,PMFBY_2023,child,scheme_guideline,India,53,338,86,86,20.2.2.4,,,,,,,
PMFBY_2023_SEC_20_2_2_5,PMFBY_2023,child,scheme_guideline,India,71,445,86,86,20.2.2.5,,,,,,,
PMFBY_2023_SEC_20_2_2_6,PMFBY_2023,child,scheme_guideline,India,17,109,86,86,20.2.2.6,,,,,,,SHORT_CHUNK
PMFBY_2023_SEC_20_3,PMFBY_2023,parent,scheme_guideline,India,11,68,86,86,20.3,,,,,,reporting,SHORT_CHUNK;STRUCTURE_UNCERTAIN
PMFBY_2023_SEC_20_3_1,PMFBY_2023,child,scheme_guideline,India,97,585,86,86,20.3.1,,,,,,claim,
PMFBY_2023_SEC_20_3_2,PMFBY_2023,child,scheme_guideline,India,227,1453,86,86,20.3.2,,,,,,claim;meetings;timeline,
PMFBY_2023_SEC_20_4,PMFBY_2023,parent,scheme_guideline,India,7,46,86,86,20.4,,,,,Fund for Innovation and Technology (FIAT),,SHORT_CHUNK;STRUCTURE_UNCERTAIN
PMFBY_2023_SEC_20_4_1,PMFBY_2023,child,scheme_guideline,India,54,390,86,87,20.4.1,,,,,Fund for Innovation and Technology (FIAT),meetings,
PMFBY_2023_SEC_20_4_2,PMFBY_2023,child,scheme_guideline,India,82,534,87,87,20.4.2,,,,,Fund for Innovation and Technology (FIAT),claim;premium,
PMFBY_2023_SEC_20_4_3,PMFBY_2023,child,scheme_guideline,India,127,901,87,87,20.4.3,,,,,Fund for Innovation and Technology (FIAT),crop_loss,
PMFBY_2023_SEC_20_4_4,PMFBY_2023,child,scheme_guideline,India,267,1892,87,88,20.4.4,,,,,Fund for Innovation and Technology (FIAT),management;pmfby,
PMFBY_2023_SEC_21_1,PMFBY_2023,child,scheme_guideline,India,170,1121,88,88,21.1,,,,,,claim;pmfby;premium,STRUCTURE_UNCERTAIN
PMFBY_2023_SEC_21_2,PMFBY_2023,parent,scheme_guideline,India,10,63,88,88,21.2,,,,,,,SHORT_CHUNK;STRUCTURE_UNCERTAIN
PMFBY_2023_SEC_21_2_1,PMFBY_2023,child,scheme_guideline,India,289,1634,88,89,21.2.1,,,,,,claim;pmfby,TABLE_REVIEW
PMFBY_2023_SEC_21_2_2,PMFBY_2023,child,scheme_guideline,India,28,213,89,89,21.2.2,,,,,,,
PMFBY_2023_SEC_21_3,PMFBY_2023,parent,scheme_guideline,India,7,70,89,89,21.3,,,,,Prevented/Failed Sowing and Prevented Planting/Germination Claims,claim,SHORT_CHUNK;STRUCTURE_UNCERTAIN
PMFBY_2023_SEC_21_3_1,PMFBY_2023,child,scheme_guideline,India,104,574,89,89,21.3.1,,,,,Prevented/Failed Sowing and Prevented Planting/Germination Claims,claim;crop_loss;eligibility;timeline,
PMFBY_2023_SEC_21_3_2_1,PMFBY_2023,child,scheme_guideline,India,16,91,89,89,21.3.2.1,,,,,Prevented/Failed Sowing and Prevented Planting/Germination Claims,claim,SHORT_CHUNK
PMFBY_2023_SEC_21_3_2_2,PMFBY_2023,child,scheme_guideline,India,72,454,89,89,21.3.2.2,,,,,Prevented/Failed Sowing and Prevented Planting/Germination Claims,claim;eligibility,
PMFBY_2023_SEC_21_3_2_3,PMFBY_2023,child,scheme_guideline,India,78,485,89,89,21.3.2.3,,,,,Prevented/Failed Sowing and Prevented Planting/Germination Claims,claim;eligibility;loans;premium;timeline,
PMFBY_2023_SEC_21_3_2_4,PMFBY_2023,child,scheme_guideline,India,61,394,89,89,21.3.2.4,,,,,Prevented/Failed Sowing and Prevented Planting/Germination Claims,claim,
PMFBY_2023_SEC_21_3_2_5,PMFBY_2023,child,scheme_guideline,India,117,822,89,90,21.3.2.5,,,,,Prevented/Failed Sowing and Prevented Planting/Germination Claims,claim;crop_loss;eligibility;reporting,
PMFBY_2023_SEC_21_3_2_6,PMFBY_2023,child,scheme_guideline,India,54,332,90,90,21.3.2.6,,,,,Prevented/Failed Sowing and Prevented Planting/Germination Claims,claim,
PMFBY_2023_SEC_21_3_2_7,PMFBY_2023,child,scheme_guideline,India,106,655,90,90,21.3.2.7,,,,,Prevented/Failed Sowing and Prevented Planting/Germination Claims,claim;crop_insurance;premium;timeline,
PMFBY_2023_SEC_21_3_3,PMFBY_2023,child,scheme_guideline,India,75,521,90,90,21.3.3,,,,,Prevented/Failed Sowing and Prevented Planting/Germination Claims,claim;reporting,
PMFBY_2023_SEC_21_3_4_1,PMFBY_2023,child,scheme_guideline,India,69,420,90,90,21.3.4.1,,,,,Prevented/Failed Sowing and Prevented Planting/Germination Claims,claim;timeline,
PMFBY_2023_SEC_21_3_4_2,PMFBY_2023,child,scheme_guideline,India,124,834,90,90,21.3.4.2,,,,,Prevented/Failed Sowing and Prevented Planting/Germination Claims,claim,
PMFBY_2023_SEC_21_3_4_3,PMFBY_2023,child,scheme_guideline,India,137,864,90,91,21.3.4.3,,,,,Prevented/Failed Sowing and Prevented Planting/Germination Claims,claim;meetings,
PMFBY_2023_SEC_21_3_4_4,PMFBY_2023,child,scheme_guideline,India,48,344,91,91,21.3.4.4,,,,,Prevented/Failed Sowing and Prevented Planting/Germination Claims,claim;eligibility,
PMFBY_2023_SEC_21_3_4_5,PMFBY_2023,child,scheme_guideline,India,40,298,91,91,21.3.4.5,,,,,Prevented/Failed Sowing and Prevented Planting/Germination Claims,claim,
PMFBY_2023_SEC_21_3_4_6,PMFBY_2023,child,scheme_guideline,India,53,329,91,91,21.3.4.6,,,,,Prevented/Failed Sowing and Prevented Planting/Germination Claims,claim;crop_loss,
PMFBY_2023_SEC_21_3_4_7,PMFBY_2023,child,scheme_guideline,India,31,207,91,91,21.3.4.7,,,,,Prevented/Failed Sowing and Prevented Planting/Germination Claims,claim,
PMFBY_2023_SEC_21_3_5_1,PMFBY_2023,child,scheme_guideline,India,45,267,91,91,21.3.5.1,,,,,Prevented/Failed Sowing and Prevented Planting/Germination Claims,claim,
PMFBY_2023_SEC_21_3_5_2,PMFBY_2023,child,scheme_guideline,India,22,152,91,91,21.3.5.2,,,,,Prevented/Failed Sowing and Prevented Planting/Germination Claims,claim;eligibility;loans;premium,
PMFBY_2023_SEC_21_3_5_3,PMFBY_2023,child,scheme_guideline,India,113,660,91,91,21.3.5.3,,,,,Prevented/Failed Sowing and Prevented Planting/Germination Claims,claim;premium;timeline,
PMFBY_2023_SEC_21_3_5_4,PMFBY_2023,child,scheme_guideline,India,22,141,91,91,21.3.5.4,,,,,Prevented/Failed Sowing and Prevented Planting/Germination Claims,claim;timeline,
PMFBY_2023_SEC_21_3_5_5,PMFBY_2023,child,scheme_guideline,India,35,216,91,91,21.3.5.5,,,,,Prevented/Failed Sowing and Prevented Planting/Germination Claims,claim;premium,
PMFBY_2023_SEC_21_3_5_6,PMFBY_2023,child,scheme_guideline,India,53,297,91,92,21.3.5.6,,,,,Prevented/Failed Sowing and Prevented Planting/Germination Claims,claim;eligibility,
PMFBY_2023_SEC_21_3_5_7,PMFBY_2023,child,scheme_guideline,India,21,126,92,92,21.3.5.7,,,,,Prevented/Failed Sowing and Prevented Planting/Germination Claims,claim,
PMFBY_2023_SEC_21_3_5_8,PMFBY_2023,child,scheme_guideline,India,26,156,92,92,21.3.5.8,,,,,Prevented/Failed Sowing and Prevented Planting/Germination Claims,claim,
PMFBY_2023_SEC_21_3_5_9,PMFBY_2023,child,scheme_guideline,India,46,298,92,92,21.3.5.9,,,,,Prevented/Failed Sowing and Prevented Planting/Germination Claims,claim;eligibility;premium;reporting;timeline,
PMFBY_2023_SEC_21_3_5_10,PMFBY_2023,child,scheme_guideline,India,88,489,92,92,21.3.5.10,,,,,Prevented/Failed Sowing and Prevented Planting/Germination Claims,claim,
PMFBY_2023_SEC_21_3_5_11,PMFBY_2023,child,scheme_guideline,India,1117,7236,92,95,21.3.5.11,,,,,Prevented/Failed Sowing and Prevented Planting/Germination Claims,appeal;claim;documents;eligibility;grievance;meetings;membership;pmfby;premium;timeline,LONG_CHUNK_NO_SAFE_SPLIT;TABLE_REVIEW
PMFBY_2023_SEC_21_4,PMFBY_2023,parent,scheme_guideline,India,9,61,95,95,21.4,,,,,On-Account Payment of Claims due to Mid-Season Adversity,claim,SHORT_CHUNK;STRUCTURE_UNCERTAIN
PMFBY_2023_SEC_21_4_1,PMFBY_2023,child,scheme_guideline,India,84,498,95,95,21.4.1,,,,,On-Account Payment of Claims due to Mid-Season Adversity,claim;eligibility;timeline,
PMFBY_2023_SEC_21_4_2_1,PMFBY_2023,child,scheme_guideline,India,17,102,95,95,21.4.2.1,,,,,On-Account Payment of Claims due to Mid-Season Adversity,claim,SHORT_CHUNK
PMFBY_2023_SEC_21_4_2_2,PMFBY_2023,child,scheme_guideline,India,48,276,96,96,21.4.2.2,,,,,On-Account Payment of Claims due to Mid-Season Adversity,claim;eligibility,
PMFBY_2023_SEC_21_4_2_3,PMFBY_2023,child,scheme_guideline,India,48,293,96,96,21.4.2.3,,,,,On-Account Payment of Claims due to Mid-Season Adversity,claim,
PMFBY_2023_SEC_21_4_2_4,PMFBY_2023,child,scheme_guideline,India,104,741,96,96,21.4.2.4,,,,,On-Account Payment of Claims due to Mid-Season Adversity,claim;reporting,
PMFBY_2023_SEC_21_4_2_5,PMFBY_2023,child,scheme_guideline,India,58,368,96,96,21.4.2.5,,,,,On-Account Payment of Claims due to Mid-Season Adversity,claim,
PMFBY_2023_SEC_21_4_2_6,PMFBY_2023,child,scheme_guideline,India,73,431,96,96,21.4.2.6,,,,,On-Account Payment of Claims due to Mid-Season Adversity,claim;eligibility;loans;premium;timeline,
PMFBY_2023_SEC_21_4_2_7,PMFBY_2023,child,scheme_guideline,India,25,158,96,96,21.4.2.7,,,,,On-Account Payment of Claims due to Mid-Season Adversity,claim,
PMFBY_2023_SEC_21_4_2_8,PMFBY_2023,child,scheme_guideline,India,93,592,96,96,21.4.2.8,,,,,On-Account Payment of Claims due to Mid-Season Adversity,claim;timeline,
PMFBY_2023_SEC_21_4_2_9,PMFBY_2023,child,scheme_guideline,India,51,293,96,96,21.4.2.9,,,,,On-Account Payment of Claims due to Mid-Season Adversity,claim,
PMFBY_2023_SEC_21_4_2_10,PMFBY_2023,child,scheme_guideline,India,20,117,96,96,21.4.2.10,,,,,On-Account Payment of Claims due to Mid-Season Adversity,claim,
PMFBY_2023_SEC_21_4_2_11,PMFBY_2023,child,scheme_guideline,India,47,312,97,97,21.4.2.11,,,,,On-Account Payment of Claims due to Mid-Season Adversity,claim;crop_loss,
PMFBY_2023_SEC_21_4_3,PMFBY_2023,child,scheme_guideline,India,108,748,97,97,21.4.3,,,,,On-Account Payment of Claims due to Mid-Season Adversity,claim;reporting,
PMFBY_2023_SEC_21_4_4_1,PMFBY_2023,child,scheme_guideline,India,42,260,97,97,21.4.4.1,,,,,On-Account Payment of Claims due to Mid-Season Adversity,claim;crop_loss,
PMFBY_2023_SEC_21_4_4_2,PMFBY_2023,child,scheme_guideline,India,199,1267,97,97,21.4.4.2,,,,,On-Account Payment of Claims due to Mid-Season Adversity,claim;meetings,
PMFBY_2023_SEC_21_4_4_3,PMFBY_2023,child,scheme_guideline,India,54,403,97,97,21.4.4.3,,,,,On-Account Payment of Claims due to Mid-Season Adversity,claim;eligibility,
PMFBY_2023_SEC_21_4_4_4,PMFBY_2023,child,scheme_guideline,India,69,414,97,97,21.4.4.4,,,,,On-Account Payment of Claims due to Mid-Season Adversity,claim;timeline,
PMFBY_2023_SEC_21_4_4_5,PMFBY_2023,child,scheme_guideline,India,52,336,97,98,21.4.4.5,,,,,On-Account Payment of Claims due to Mid-Season Adversity,claim,
PMFBY_2023_SEC_21_4_4_6,PMFBY_2023,child,scheme_guideline,India,28,187,98,98,21.4.4.6,,,,,On-Account Payment of Claims due to Mid-Season Adversity,claim,
PMFBY_2023_SEC_21_4_4_7,PMFBY_2023,child,scheme_guideline,India,75,452,98,98,21.4.4.7,,,,,On-Account Payment of Claims due to Mid-Season Adversity,claim;crop_loss;timeline,
PMFBY_2023_SEC_21_4_4_8,PMFBY_2023,child,scheme_guideline,India,40,248,98,98,21.4.4.8,,,,,On-Account Payment of Claims due to Mid-Season Adversity,claim,
PMFBY_2023_SEC_21_4_4_9,PMFBY_2023,child,scheme_guideline,India,31,210,98,98,21.4.4.9,,,,,On-Account Payment of Claims due to Mid-Season Adversity,claim,
PMFBY_2023_SEC_21_4_5_1,PMFBY_2023,child,scheme_guideline,India,46,304,98,98,21.4.5.1,,,,,On-Account Payment of Claims due to Mid-Season Adversity,claim;timeline,
PMFBY_2023_SEC_21_4_5_2,PMFBY_2023,child,scheme_guideline,India,51,307,98,98,21.4.5.2,,,,,On-Account Payment of Claims due to Mid-Season Adversity,claim;eligibility;timeline,
PMFBY_2023_SEC_21_4_5_3,PMFBY_2023,child,scheme_guideline,India,28,187,98,98,21.4.5.3,,,,,On-Account Payment of Claims due to Mid-Season Adversity,claim,
PMFBY_2023_SEC_21_4_5_4,PMFBY_2023,child,scheme_guideline,India,43,319,98,98,21.4.5.4,,,,,On-Account Payment of Claims due to Mid-Season Adversity,claim,
PMFBY_2023_SEC_21_4_6_1,PMFBY_2023,child,scheme_guideline,India,26,165,98,98,21.4.6.1,,,,,On-Account Payment of Claims due to Mid-Season Adversity,claim;eligibility;loans;premium,
PMFBY_2023_SEC_21_4_6_2,PMFBY_2023,child,scheme_guideline,India,34,203,99,99,21.4.6.2,,,,,On-Account Payment of Claims due to Mid-Season Adversity,claim;premium,
PMFBY_2023_SEC_21_4_6_3,PMFBY_2023,child,scheme_guideline,India,35,235,99,99,21.4.6.3,,,,,On-Account Payment of Claims due to Mid-Season Adversity,claim;eligibility,
PMFBY_2023_SEC_21_4_6_4,PMFBY_2023,child,scheme_guideline,India,15,96,99,99,21.4.6.4,,,,,On-Account Payment of Claims due to Mid-Season Adversity,claim,SHORT_CHUNK
PMFBY_2023_SEC_21_4_6_5,PMFBY_2023,child,scheme_guideline,India,201,1185,99,99,21.4.6.5,,,,,On-Account Payment of Claims due to Mid-Season Adversity,claim;premium;reporting;timeline,
PMFBY_2023_SEC_21_4_6_6,PMFBY_2023,child,scheme_guideline,India,886,5662,99,102,21.4.6.6,,,,,On-Account Payment of Claims due to Mid-Season Adversity,appeal;claim;eligibility;grievance;meetings;membership;pmfby;timeline,TABLE_REVIEW
PMFBY_2023_SEC_21_5,PMFBY_2023,parent,scheme_guideline,India,3,23,102,102,21.5,,,,,Localized Calamity,,SHORT_CHUNK;STRUCTURE_UNCERTAIN
PMFBY_2023_SEC_21_5_1,PMFBY_2023,child,scheme_guideline,India,45,285,102,102,21.5.1,,,,,Localized Calamity,crop_loss,
PMFBY_2023_SEC_21_5_2,PMFBY_2023,child,scheme_guideline,India,65,372,102,102,21.5.2,,,,,Localized Calamity,crop_loss,
PMFBY_2023_SEC_21_5_3,PMFBY_2023,child,scheme_guideline,India,87,548,102,102,21.5.3,,,,,Localized Calamity,documents;eligibility,
PMFBY_2023_SEC_21_5_4_1,PMFBY_2023,child,scheme_guideline,India,17,102,102,102,21.5.4.1,,,,,Localized Calamity,,SHORT_CHUNK
PMFBY_2023_SEC_21_5_4_2,PMFBY_2023,child,scheme_guideline,India,28,173,102,102,21.5.4.2,,,,,Localized Calamity,,
PMFBY_2023_SEC_21_5_4_3,PMFBY_2023,child,scheme_guideline,India,37,244,102,102,21.5.4.3,,,,,Localized Calamity,eligibility,
PMFBY_2023_SEC_21_5_4_4,PMFBY_2023,child,scheme_guideline,India,34,206,102,102,21.5.4.4,,,,,Localized Calamity,eligibility;premium,
PMFBY_2023_SEC_21_5_4_5,PMFBY_2023,child,scheme_guideline,India,51,293,102,102,21.5.4.5,,,,,Localized Calamity,,
PMFBY_2023_SEC_21_5_4_6,PMFBY_2023,child,scheme_guideline,India,20,116,102,102,21.5.4.6,,,,,Localized Calamity,,
PMFBY_2023_SEC_21_5_4_7,PMFBY_2023,child,scheme_guideline,India,47,311,102,103,21.5.4.7,,,,,Localized Calamity,claim;crop_loss,
PMFBY_2023_SEC_21_5_4_8,PMFBY_2023,child,scheme_guideline,India,68,514,103,103,21.5.4.8,,,,,Localized Calamity,,
PMFBY_2023_SEC_21_5_5_1,PMFBY_2023,child,scheme_guideline,India,8,53,103,103,21.5.5.1,,,,,Localized Calamity,claim;reporting,SHORT_CHUNK
PMFBY_2023_SEC_486,PMFBY_2023,child,scheme_guideline,India,48,302,103,103,,,,,,A. The State/UT Government shall define the period during which the crop is in,,
PMFBY_2023_SEC_21_5_5_4,PMFBY_2023,child,scheme_guideline,India,16,99,103,103,21.5.5.4,,,,,Localized Calamity,reporting,SHORT_CHUNK
PMFBY_2023_SEC_488,PMFBY_2023,child,scheme_guideline,India,59,377,103,103,,,,,,"C. Intimation must contain details of insured farmer's name, affected survey number-",crop_insurance;reporting,
PMFBY_2023_SEC_489,PMFBY_2023,child,scheme_guideline,India,38,208,103,103,,,,,,"D. Premium payment veriﬁcation to be done from the portal and in case of need, may",premium;timeline,
PMFBY_2023_SEC_490,PMFBY_2023,child,scheme_guideline,India,27,193,103,103,,,,,,E. Mobile application may be used for reporting incidence of localized calamities for,reporting,DUPLICATE_TEXT
PMFBY_2023_SEC_21_5_5_2,PMFBY_2023,child,scheme_guideline,India,35,220,103,103,21.5.5.2,,,,,Localized Calamity,claim,
PMFBY_2023_SEC_21_5_5_3,PMFBY_2023,child,scheme_guideline,India,37,251,103,103,21.5.5.3,,,,,Localized Calamity,crop_loss,
PMFBY_2023_SEC_21_5_5_4_002,PMFBY_2023,child,scheme_guideline,India,136,910,103,104,21.5.5.4,,,,,Localized Calamity,crop_insurance;crop_loss;premium;reporting,
PMFBY_2023_SEC_21_5_5_5,PMFBY_2023,child,scheme_guideline,India,29,192,104,104,21.5.5.5,,,,,Localized Calamity,crop_insurance;reporting,
PMFBY_2023_SEC_21_5_5_6,PMFBY_2023,child,scheme_guideline,India,55,363,104,104,21.5.5.6,,,,,Localized Calamity,documents;reporting,
PMFBY_2023_SEC_21_5_6_1,PMFBY_2023,child,scheme_guideline,India,73,453,104,104,21.5.6.1,,,,,Localized Calamity,claim;crop_insurance;crop_loss;documents;reporting;timeline,
PMFBY_2023_SEC_21_5_6_2,PMFBY_2023,child,scheme_guideline,India,91,606,104,104,21.5.6.2,,,,,Localized Calamity,claim;documents;reporting,
PMFBY_2023_SEC_21_5_6_3,PMFBY_2023,child,scheme_guideline,India,43,285,104,104,21.5.6.3,,,,,Localized Calamity,,
PMFBY_2023_SEC_21_5_7_1,PMFBY_2023,child,scheme_guideline,India,100,710,104,104,21.5.7.1,,,,,Localized Calamity,,
PMFBY_2023_SEC_21_5_7_2,PMFBY_2023,child,scheme_guideline,India,24,164,104,104,21.5.7.2,,,,,Localized Calamity,,
PMFBY_2023_SEC_21_5_7_3,PMFBY_2023,child,scheme_guideline,India,599,3605,105,106,21.5.7.3,,,,,Localized Calamity,claim;crop_loss;eligibility;pmfby;premium;reporting,
PMFBY_2023_SEC_502,PMFBY_2023,child,scheme_guideline,India,40,264,106,106,,,,,,D. The tentative sample size would be as under:,reporting,TABLE_REVIEW
PMFBY_2023_SEC_21_5_9_1,PMFBY_2023,child,scheme_guideline,India,25,165,106,106,21.5.9.1,,,,,Localized Calamity,claim;eligibility;loans;premium,
PMFBY_2023_SEC_21_5_9_2,PMFBY_2023,child,scheme_guideline,India,66,411,106,106,21.5.9.2,,,,,Localized Calamity,claim;eligibility;premium;reporting,
PMFBY_2023_SEC_21_5_9_3,PMFBY_2023,child,scheme_guideline,India,110,659,106,106,21.5.9.3,,,,,Localized Calamity,eligibility,
PMFBY_2023_SEC_21_5_9_4,PMFBY_2023,child,scheme_guideline,India,119,824,106,106,21.5.9.4,,,,,Localized Calamity,claim;eligibility;reporting,
PMFBY_2023_SEC_21_5_9_5,PMFBY_2023,child,scheme_guideline,India,54,334,106,106,21.5.9.5,,,,,Localized Calamity,,
PMFBY_2023_SEC_21_5_9_6,PMFBY_2023,child,scheme_guideline,India,34,206,106,106,21.5.9.6,,,,,Localized Calamity,premium,
PMFBY_2023_SEC_21_5_9_7,PMFBY_2023,child,scheme_guideline,India,17,101,106,107,21.5.9.7,,,,,Localized Calamity,claim;timeline,SHORT_CHUNK
PMFBY_2023_SEC_21_5_9_8,PMFBY_2023,child,scheme_guideline,India,33,200,107,107,21.5.9.8,,,,,Localized Calamity,eligibility;premium,
PMFBY_2023_SEC_21_5_10,PMFBY_2023,child,scheme_guideline,India,629,3989,107,109,21.5.10,,,,,Localized Calamity,claim;crop_insurance;crop_loss;loans;pacs;pmfby;reporting;timeline,TABLE_REVIEW
PMFBY_2023_SEC_512,PMFBY_2023,parent,scheme_guideline,India,647,4041,109,111,,,,,,Protocol for Area based Assessment: If affected area >25% of total insured Area:,appeal;claim;crop_loss;eligibility;grievance;meetings;reporting;timeline,TABLE_REVIEW
PMFBY_2023_SEC_512_SUB_1,PMFBY_2023,child,scheme_guideline,India,529,3422,109,111,,,,,,Protocol for Area based Assessment: If affected area >25% of total insured Area:,appeal;claim;crop_loss;eligibility;grievance;meetings;reporting;timeline,TABLE_REVIEW
PMFBY_2023_SEC_512_SUB_2,PMFBY_2023,child,scheme_guideline,India,192,1078,111,111,,,,,,Protocol for Area based Assessment: If affected area >25% of total insured Area:,claim;crop_loss;eligibility;reporting;timeline,TABLE_REVIEW
PMFBY_2023_SEC_21_6,PMFBY_2023,parent,scheme_guideline,India,3,24,111,111,21.6,,,,,Post-Harvest Losses,,SHORT_CHUNK;STRUCTURE_UNCERTAIN
PMFBY_2023_SEC_21_6_1,PMFBY_2023,child,scheme_guideline,India,69,393,111,111,21.6.1,,,,,Post-Harvest Losses,,
PMFBY_2023_SEC_21_6_2,PMFBY_2023,child,scheme_guideline,India,38,252,111,111,21.6.2,,,,,Post-Harvest Losses,crop_loss,
PMFBY_2023_SEC_21_6_3,PMFBY_2023,child,scheme_guideline,India,78,509,111,111,21.6.3,,,,,Post-Harvest Losses,documents;eligibility,
PMFBY_2023_SEC_21_6_4_1,PMFBY_2023,child,scheme_guideline,India,17,102,111,111,21.6.4.1,,,,,Post-Harvest Losses,,SHORT_CHUNK
PMFBY_2023_SEC_21_6_4_2,PMFBY_2023,child,scheme_guideline,India,29,187,111,111,21.6.4.2,,,,,Post-Harvest Losses,,
PMFBY_2023_SEC_21_6_4_3,PMFBY_2023,child,scheme_guideline,India,60,373,111,111,21.6.4.3,,,,,Post-Harvest Losses,eligibility;timeline,
PMFBY_2023_SEC_21_6_4_4,PMFBY_2023,child,scheme_guideline,India,34,206,111,111,21.6.4.4,,,,,Post-Harvest Losses,eligibility;premium,
PMFBY_2023_SEC_21_6_4_5,PMFBY_2023,child,scheme_guideline,India,46,259,112,112,21.6.4.5,,,,,Post-Harvest Losses,,
PMFBY_2023_SEC_21_6_4_6,PMFBY_2023,child,scheme_guideline,India,20,115,112,112,21.6.4.6,,,,,Post-Harvest Losses,,
PMFBY_2023_SEC_21_6_5,PMFBY_2023,child,scheme_guideline,India,62,456,112,112,21.6.5,,,,,Post-Harvest Losses,,
PMFBY_2023_SEC_21_6_6,PMFBY_2023,parent,scheme_guideline,India,4,32,112,112,21.6.6,,,,,Post-Harvest Losses,,SHORT_CHUNK
PMFBY_2023_SEC_21_6_6_1,PMFBY_2023,child,scheme_guideline,India,80,546,112,112,21.6.6.1,,,,,Loss Assessment Procedure,claim;crop_insurance;reporting,
PMFBY_2023_SEC_21_6_6_4,PMFBY_2023,child,scheme_guideline,India,123,775,112,112,21.6.6.4,,,,,Loss Assessment Procedure,crop_insurance;premium;reporting;timeline,
PMFBY_2023_SEC_21_6_6_2,PMFBY_2023,child,scheme_guideline,India,35,221,112,112,21.6.6.2,,,,,Loss Assessment Procedure,claim,
PMFBY_2023_SEC_21_6_6_3,PMFBY_2023,child,scheme_guideline,India,37,251,112,112,21.6.6.3,,,,,Loss Assessment Procedure,crop_loss,
PMFBY_2023_SEC_21_6_6_4_002,PMFBY_2023,child,scheme_guideline,India,136,911,112,113,21.6.6.4,,,,,Loss Assessment Procedure,crop_insurance;crop_loss;premium;reporting,
PMFBY_2023_SEC_21_6_6_5,PMFBY_2023,child,scheme_guideline,India,30,203,113,113,21.6.6.5,,,,,Loss Assessment Procedure,crop_insurance;reporting,
PMFBY_2023_SEC_21_6_6_6,PMFBY_2023,child,scheme_guideline,India,55,363,113,113,21.6.6.6,,,,,Loss Assessment Procedure,documents;reporting,
PMFBY_2023_SEC_21_6_7_1,PMFBY_2023,child,scheme_guideline,India,69,440,113,113,21.6.7.1,,,,,Post-Harvest Losses,claim;crop_insurance;documents;reporting,
PMFBY_2023_SEC_21_6_7_2,PMFBY_2023,child,scheme_guideline,India,91,606,113,113,21.6.7.2,,,,,Post-Harvest Losses,claim;documents;reporting,
PMFBY_2023_SEC_21_6_7_3,PMFBY_2023,child,scheme_guideline,India,43,280,113,113,21.6.7.3,,,,,Post-Harvest Losses,,
PMFBY_2023_SEC_21_6_8_1,PMFBY_2023,child,scheme_guideline,India,93,678,113,113,21.6.8.1,,,,,Post-Harvest Losses,,
PMFBY_2023_SEC_21_6_8_2,PMFBY_2023,child,scheme_guideline,India,24,164,113,113,21.6.8.2,,,,,Post-Harvest Losses,,
PMFBY_2023_SEC_21_6_8_3,PMFBY_2023,child,scheme_guideline,India,612,3655,114,114,21.6.8.3,,,,,Post-Harvest Losses,claim;crop_loss;eligibility;pmfby;premium;reporting,
PMFBY_2023_SEC_538,PMFBY_2023,child,scheme_guideline,India,39,251,114,115,,,,,,I. The tentative sample size would be as under:,reporting,TABLE_REVIEW
PMFBY_2023_SEC_21_6_10_1,PMFBY_2023,child,scheme_guideline,India,25,166,115,115,21.6.10.1,,,,,Post-Harvest Losses,claim;eligibility;loans;premium,
PMFBY_2023_SEC_21_6_10_2,PMFBY_2023,child,scheme_guideline,India,67,408,115,115,21.6.10.2,,,,,Post-Harvest Losses,claim;eligibility;premium;reporting,
PMFBY_2023_SEC_21_6_10_3,PMFBY_2023,child,scheme_guideline,India,109,654,115,115,21.6.10.3,,,,,Post-Harvest Losses,eligibility,
PMFBY_2023_SEC_21_6_10_4,PMFBY_2023,child,scheme_guideline,India,122,833,115,115,21.6.10.4,,,,,Post-Harvest Losses,claim;eligibility;reporting,
PMFBY_2023_SEC_21_6_10_5,PMFBY_2023,child,scheme_guideline,India,60,366,115,115,21.6.10.5,,,,,Post-Harvest Losses,,
PMFBY_2023_SEC_21_6_10_6,PMFBY_2023,child,scheme_guideline,India,35,212,115,115,21.6.10.6,,,,,Post-Harvest Losses,premium,
PMFBY_2023_SEC_21_6_10_7,PMFBY_2023,child,scheme_guideline,India,21,126,115,115,21.6.10.7,,,,,Post-Harvest Losses,claim;timeline,
PMFBY_2023_SEC_21_6_10_8,PMFBY_2023,child,scheme_guideline,India,636,4044,115,117,21.6.10.8,,,,,Post-Harvest Losses,claim;crop_insurance;crop_loss;eligibility;loans;pacs;pmfby;premium;reporting;timeline,TABLE_REVIEW
PMFBY_2023_SEC_547,PMFBY_2023,child,scheme_guideline,India,387,2514,117,118,,,,,,Sl. No. Action required to be taken Action to be taken by Schedule for taking action,appeal;claim;eligibility;grievance;meetings;timeline,TABLE_REVIEW
PMFBY_2023_SEC_548,PMFBY_2023,child,scheme_guideline,India,196,1097,119,119,,,,,,Sl. No. Action required to be taken Action to be taken by Schedule for taking action,claim;crop_loss;eligibility;reporting;timeline,TABLE_REVIEW
PMFBY_2023_SEC_21_7,PMFBY_2023,parent,scheme_guideline,India,11,74,119,119,21.7,,,,,,claim,SHORT_CHUNK;STRUCTURE_UNCERTAIN
PMFBY_2023_SEC_21_7_1,PMFBY_2023,child,scheme_guideline,India,65,442,119,119,21.7.1,,,,,,claim,
PMFBY_2023_SEC_21_7_2,PMFBY_2023,child,scheme_guideline,India,57,393,119,119,21.7.2,,,,,,claim;pmfby,
PMFBY_2023_SEC_21_7_3,PMFBY_2023,child,scheme_guideline,India,70,442,119,119,21.7.3,,,,,,claim,
PMFBY_2023_SEC_21_7_4,PMFBY_2023,child,scheme_guideline,India,104,691,119,120,21.7.4,,,,,,claim,
PMFBY_2023_SEC_21_7_5,PMFBY_2023,child,scheme_guideline,India,97,669,120,120,21.7.5,,,,,,claim,
PMFBY_2023_SEC_21_7_6,PMFBY_2023,child,scheme_guideline,India,60,382,120,120,21.7.6,,,,,,claim,
PMFBY_2023_SEC_21_7_7,PMFBY_2023,child,scheme_guideline,India,102,649,120,120,21.7.7,,,,,,claim;eligibility,
PMFBY_2023_SEC_21_7_8,PMFBY_2023,child,scheme_guideline,India,6,59,121,121,21.7.8,,,,,,claim,SHORT_CHUNK
PMFBY_2023_SEC_558,PMFBY_2023,child,scheme_guideline,India,219,1416,121,121,,,,,,Claim Reported,claim;reporting,TABLE_REVIEW
PMFBY_2023_SEC_559,PMFBY_2023,child,scheme_guideline,India,32,217,121,121,,,,,,Season ends,claim,
PMFBY_2023_SEC_22_1,PMFBY_2023,parent,scheme_guideline,India,3,25,121,121,22.1,,,,,Empanelment Criteria,,SHORT_CHUNK;STRUCTURE_UNCERTAIN
PMFBY_2023_SEC_22_1_1,PMFBY_2023,child,scheme_guideline,India,62,433,121,122,22.1.1,,,,,Empanelment Criteria,crop_insurance;crop_loss,
PMFBY_2023_SEC_22_1_2,PMFBY_2023,child,scheme_guideline,India,57,377,122,122,22.1.2,,,,,Empanelment Criteria,,
PMFBY_2023_SEC_22_1_3,PMFBY_2023,child,scheme_guideline,India,58,382,122,122,22.1.3,,,,,Empanelment Criteria,,
PMFBY_2023_SEC_22_1_4,PMFBY_2023,child,scheme_guideline,India,50,362,122,122,22.1.4,,,,,Empanelment Criteria,crop_loss,
PMFBY_2023_SEC_22_1_5,PMFBY_2023,child,scheme_guideline,India,66,457,122,122,22.1.5,,,,,Empanelment Criteria,claim;pmfby,
PMFBY_2023_SEC_22_1_6,PMFBY_2023,child,scheme_guideline,India,62,417,122,122,22.1.6,,,,,Empanelment Criteria,crop_loss;pmfby,
PMFBY_2023_SEC_22_1_7,PMFBY_2023,child,scheme_guideline,India,45,283,122,122,22.1.7,,,,,Empanelment Criteria,crop_loss;pmfby,
PMFBY_2023_SEC_23_1,PMFBY_2023,child,scheme_guideline,India,127,804,122,122,23.1,,,,,,claim;premium,STRUCTURE_UNCERTAIN
PMFBY_2023_SEC_23_2,PMFBY_2023,child,scheme_guideline,India,96,606,122,123,23.2,,,,,,claim,STRUCTURE_UNCERTAIN
PMFBY_2023_SEC_23_3,PMFBY_2023,child,scheme_guideline,India,187,1174,123,123,23.3,,,,,,claim;crop_loss;timeline,STRUCTURE_UNCERTAIN
PMFBY_2023_SEC_23_4,PMFBY_2023,child,scheme_guideline,India,115,756,123,123,23.4,,,,,,claim;crop_insurance;eligibility,STRUCTURE_UNCERTAIN
PMFBY_2023_SEC_23_5,PMFBY_2023,child,scheme_guideline,India,110,743,123,123,23.5,,,,,,claim;management,STRUCTURE_UNCERTAIN
PMFBY_2023_SEC_23_6,PMFBY_2023,child,scheme_guideline,India,96,634,123,124,23.6,,,,,,claim;eligibility,STRUCTURE_UNCERTAIN
PMFBY_2023_SEC_23_7,PMFBY_2023,child,scheme_guideline,India,155,994,124,124,23.7,,,,,,claim;loans,STRUCTURE_UNCERTAIN
PMFBY_2023_SEC_23_8,PMFBY_2023,child,scheme_guideline,India,127,792,124,124,23.8,,,,,,claim,STRUCTURE_UNCERTAIN
PMFBY_2023_SEC_23_9,PMFBY_2023,child,scheme_guideline,India,37,243,124,124,23.9,,,,,,claim,STRUCTURE_UNCERTAIN
PMFBY_2023_SEC_23_10,PMFBY_2023,child,scheme_guideline,India,85,534,124,124,23.10,,,,,,claim,STRUCTURE_UNCERTAIN
PMFBY_2023_SEC_23_11,PMFBY_2023,child,scheme_guideline,India,155,959,124,124,23.11,,,,,,claim;eligibility;loans,STRUCTURE_UNCERTAIN
PMFBY_2023_SEC_23_12,PMFBY_2023,child,scheme_guideline,India,35,249,125,125,23.12,,,,,,claim,STRUCTURE_UNCERTAIN
PMFBY_2023_SEC_23_13,PMFBY_2023,child,scheme_guideline,India,116,830,125,125,23.13,,,,,,claim;grievance;reporting,STRUCTURE_UNCERTAIN
PMFBY_2023_SEC_23_14,PMFBY_2023,child,scheme_guideline,India,107,694,125,125,23.14,,,,,,claim;crop_insurance;eligibility;timeline,STRUCTURE_UNCERTAIN
PMFBY_2023_SEC_23_15,PMFBY_2023,child,scheme_guideline,India,46,290,125,125,23.15,,,,,,claim,STRUCTURE_UNCERTAIN
PMFBY_2023_SEC_23_16,PMFBY_2023,parent,scheme_guideline,India,70,420,125,125,23.16,,,,,,claim,STRUCTURE_UNCERTAIN
PMFBY_2023_SEC_23_16_1,PMFBY_2023,child,scheme_guideline,India,20,115,125,125,23.16.1,,,,,,,
PMFBY_2023_SEC_23_16_2,PMFBY_2023,child,scheme_guideline,India,22,128,125,125,23.16.2,,,,,,claim,
PMFBY_2023_SEC_23_16_3,PMFBY_2023,child,scheme_guideline,India,29,158,125,125,23.16.3,,,,,,claim,
PMFBY_2023_SEC_24_1,PMFBY_2023,child,scheme_guideline,India,68,440,125,126,24.1,,,,,,claim;eligibility;premium,STRUCTURE_UNCERTAIN
PMFBY_2023_SEC_24_2,PMFBY_2023,child,scheme_guideline,India,46,289,126,126,24.2,,,,,,,STRUCTURE_UNCERTAIN
PMFBY_2023_SEC_24_3,PMFBY_2023,child,scheme_guideline,India,67,407,126,126,24.3,,,,,,eligibility;loans;premium,STRUCTURE_UNCERTAIN
PMFBY_2023_SEC_24_4,PMFBY_2023,child,scheme_guideline,India,58,361,126,126,24.4,,,,,,claim,STRUCTURE_UNCERTAIN
PMFBY_2023_SEC_25_1,PMFBY_2023,child,scheme_guideline,India,455,2990,126,127,25.1,,,,,,loans;premium;reporting,STRUCTURE_UNCERTAIN
PMFBY_2023_SEC_25_2,PMFBY_2023,child,scheme_guideline,India,33,198,127,127,25.2,,,,,,,STRUCTURE_UNCERTAIN
PMFBY_2023_SEC_25_3,PMFBY_2023,child,scheme_guideline,India,165,1001,127,127,25.3,,,,,,claim;crop_loss;premium;reporting,STRUCTURE_UNCERTAIN
PMFBY_2023_SEC_25_4,PMFBY_2023,child,scheme_guideline,India,107,652,127,127,25.4,,,,,,,STRUCTURE_UNCERTAIN
PMFBY_2023_SEC_25_5,PMFBY_2023,child,scheme_guideline,India,202,1280,127,127,25.5,,,,,,premium;reporting,STRUCTURE_UNCERTAIN
PMFBY_2023_SEC_25_6,PMFBY_2023,child,scheme_guideline,India,76,468,127,128,25.6,,,,,,,STRUCTURE_UNCERTAIN
PMFBY_2023_SEC_25_7,PMFBY_2023,child,scheme_guideline,India,138,836,128,128,25.7,,,,,,,STRUCTURE_UNCERTAIN
PMFBY_2023_SEC_25_8,PMFBY_2023,child,scheme_guideline,India,73,494,128,128,25.8,,,,,,pmfby;premium,STRUCTURE_UNCERTAIN
PMFBY_2023_SEC_25_9,PMFBY_2023,child,scheme_guideline,India,37,255,128,128,25.9,,,,,,premium,STRUCTURE_UNCERTAIN
PMFBY_2023_SEC_26_1,PMFBY_2023,child,scheme_guideline,India,159,1209,128,128,26.1,,,,,,management;pacs;pacs_services;pmfby,STRUCTURE_UNCERTAIN
PMFBY_2023_SEC_26_2,PMFBY_2023,child,scheme_guideline,India,178,1222,128,129,26.2,,,,,,claim;pmfby,STRUCTURE_UNCERTAIN
PMFBY_2023_SEC_26_3,PMFBY_2023,child,scheme_guideline,India,97,683,129,129,26.3,,,,,,claim;crop_insurance;grievance,STRUCTURE_UNCERTAIN
PMFBY_2023_SEC_26_4,PMFBY_2023,parent,scheme_guideline,India,25,157,129,129,26.4,,,,,,,STRUCTURE_UNCERTAIN
PMFBY_2023_SEC_26_4_1,PMFBY_2023,child,scheme_guideline,India,101,690,129,129,26.4.1,,,,,,crop_insurance;management,
PMFBY_2023_SEC_26_4_2,PMFBY_2023,child,scheme_guideline,India,71,484,129,129,26.4.2,,,,,,timeline,
PMFBY_2023_SEC_26_4_3,PMFBY_2023,child,scheme_guideline,India,40,284,129,129,26.4.3,,,,,,,
PMFBY_2023_SEC_26_4_4,PMFBY_2023,child,scheme_guideline,India,71,461,129,130,26.4.4,,,,,,,
PMFBY_2023_SEC_26_4_5,PMFBY_2023,child,scheme_guideline,India,66,421,130,130,26.4.5,,,,,,claim;timeline,
PMFBY_2023_SEC_26_4_6,PMFBY_2023,child,scheme_guideline,India,22,153,130,130,26.4.6,,,,,,,
PMFBY_2023_SEC_26_4_7,PMFBY_2023,child,scheme_guideline,India,28,237,130,130,26.4.7,,,,,,crop_insurance;pmfby,
PMFBY_2023_SEC_26_4_8,PMFBY_2023,child,scheme_guideline,India,55,386,130,130,26.4.8,,,,,,premium,
PMFBY_2023_SEC_26_4_9,PMFBY_2023,child,scheme_guideline,India,168,1137,130,130,26.4.9,,,,,,membership;pmfby;premium,
PMFBY_2023_SEC_26_4_10,PMFBY_2023,child,scheme_guideline,India,68,444,130,130,26.4.10,,,,,,,
PMFBY_2023_SEC_26_4_11,PMFBY_2023,child,scheme_guideline,India,35,213,130,130,26.4.11,,,,,,,
PMFBY_2023_SEC_26_4_12,PMFBY_2023,child,scheme_guideline,India,34,248,130,130,26.4.12,,,,,,,
PMFBY_2023_SEC_26_4_13,PMFBY_2023,child,scheme_guideline,India,61,457,130,131,26.4.13,,,,,,crop_insurance,
PMFBY_2023_SEC_26_4_14,PMFBY_2023,child,scheme_guideline,India,25,165,131,131,26.4.14,,,,,,crop_insurance,
PMFBY_2023_SEC_26_4_15,PMFBY_2023,child,scheme_guideline,India,65,507,131,131,26.4.15,,,,,,membership,
PMFBY_2023_SEC_26_4_16,PMFBY_2023,child,scheme_guideline,India,49,330,131,131,26.4.16,,,,,,,
PMFBY_2023_SEC_27_1,PMFBY_2023,child,scheme_guideline,India,41,246,131,131,27.1,,,,,,,STRUCTURE_UNCERTAIN
PMFBY_2023_SEC_27_2,PMFBY_2023,child,scheme_guideline,India,44,322,131,131,27.2,,,,,,premium,STRUCTURE_UNCERTAIN
PMFBY_2023_SEC_27_3,PMFBY_2023,child,scheme_guideline,India,84,566,131,131,27.3,,,,,,,STRUCTURE_UNCERTAIN
PMFBY_2023_SEC_27_4,PMFBY_2023,child,scheme_guideline,India,85,590,131,131,27.4,,,,,,premium,STRUCTURE_UNCERTAIN
PMFBY_2023_SEC_27_5,PMFBY_2023,child,scheme_guideline,India,48,303,131,132,27.5,,,,,,,STRUCTURE_UNCERTAIN
PMFBY_2023_SEC_27_6,PMFBY_2023,child,scheme_guideline,India,42,265,132,132,27.6,,,,,,premium,STRUCTURE_UNCERTAIN
PMFBY_2023_SEC_27_7,PMFBY_2023,parent,scheme_guideline,India,6,31,132,132,27.7,,,,,Bank HQs and Bank Branches,,SHORT_CHUNK;STRUCTURE_UNCERTAIN
PMFBY_2023_SEC_27_7_1,PMFBY_2023,child,scheme_guideline,India,237,1480,132,132,27.7.1,,,,,Bank HQs and Bank Branches,premium;timeline,
PMFBY_2023_SEC_27_8,PMFBY_2023,parent,scheme_guideline,India,6,36,132,132,27.8,,,,,"CSC, BCs & Other Intermediaries",,SHORT_CHUNK;STRUCTURE_UNCERTAIN
PMFBY_2023_SEC_27_8_1,PMFBY_2023,child,scheme_guideline,India,148,870,132,132,27.8.1,,,,,"CSC, BCs & Other Intermediaries",timeline,
PMFBY_2023_SEC_27_8_2,PMFBY_2023,child,scheme_guideline,India,117,836,132,133,27.8.2,,,,,"CSC, BCs & Other Intermediaries",documents;premium,
PMFBY_2023_SEC_27_8_3,PMFBY_2023,child,scheme_guideline,India,82,510,133,133,27.8.3,,,,,"CSC, BCs & Other Intermediaries",,
PMFBY_2023_SEC_28_1,PMFBY_2023,child,scheme_guideline,India,23,135,133,133,28.1,,,,,,premium,STRUCTURE_UNCERTAIN
PMFBY_2023_SEC_29_1,PMFBY_2023,child,scheme_guideline,India,57,367,133,133,29.1,,,,,,crop_insurance,STRUCTURE_UNCERTAIN
PMFBY_2023_SEC_29_2,PMFBY_2023,child,scheme_guideline,India,90,578,133,133,29.2,,,,,,crop_insurance;pmfby,STRUCTURE_UNCERTAIN
PMFBY_2023_SEC_29_3,PMFBY_2023,parent,scheme_guideline,India,25,169,133,133,29.3,,,,,,,STRUCTURE_UNCERTAIN
PMFBY_2023_SEC_29_3_1,PMFBY_2023,child,scheme_guideline,India,80,535,133,133,29.3.1,,,,,,,
PMFBY_2023_SEC_29_3_2,PMFBY_2023,child,scheme_guideline,India,91,523,133,133,29.3.2,,,,,,reporting;timeline,
PMFBY_2023_SEC_29_3_3,PMFBY_2023,child,scheme_guideline,India,78,516,134,134,29.3.3,,,,,,claim;premium,
PMFBY_2023_SEC_29_3_4,PMFBY_2023,child,scheme_guideline,India,54,339,134,134,29.3.4,,,,,,claim,
PMFBY_2023_SEC_29_3_5,PMFBY_2023,child,scheme_guideline,India,61,392,134,134,29.3.5,,,,,,claim;complaint;grievance;pmfby,
PMFBY_2023_SEC_29_3_6,PMFBY_2023,child,scheme_guideline,India,76,523,134,134,29.3.6,,,,,,crop_insurance;premium,
PMFBY_2023_SEC_29_3_7,PMFBY_2023,child,scheme_guideline,India,35,216,134,134,29.3.7,,,,,,crop_insurance,
PMFBY_2023_SEC_29_3_8,PMFBY_2023,child,scheme_guideline,India,30,179,134,134,29.3.8,,,,,,,
PMFBY_2023_SEC_29_3_9,PMFBY_2023,child,scheme_guideline,India,40,222,134,134,29.3.9,,,,,,,
PMFBY_2023_SEC_30_1,PMFBY_2023,child,scheme_guideline,India,43,328,134,134,30.1,,,,,,grievance,STRUCTURE_UNCERTAIN
PMFBY_2023_SEC_30_2,PMFBY_2023,child,scheme_guideline,India,94,650,134,135,30.2,,,,,,grievance;timeline,STRUCTURE_UNCERTAIN
PMFBY_2023_SEC_30_3,PMFBY_2023,child,scheme_guideline,India,199,1374,135,135,30.3,,,,,,appeal;grievance;management;membership;timeline,STRUCTURE_UNCERTAIN
PMFBY_2023_SEC_30_4,PMFBY_2023,child,scheme_guideline,India,101,781,135,135,30.4,,,,,,grievance;management;membership,STRUCTURE_UNCERTAIN
PMFBY_2023_SEC_30_5,PMFBY_2023,child,scheme_guideline,India,372,2442,135,136,30.5,,,,,,complaint;grievance;pmfby;reporting;timeline,STRUCTURE_UNCERTAIN
PMFBY_2023_SEC_30_6,PMFBY_2023,parent,scheme_guideline,India,7,44,136,136,30.6,,,,,Krishi Rakshak Portal & Helpline (KRPH),,SHORT_CHUNK;STRUCTURE_UNCERTAIN
PMFBY_2023_SEC_30_6_1,PMFBY_2023,child,scheme_guideline,India,160,1035,136,136,30.6.1,,,,,Krishi Rakshak Portal & Helpline (KRPH),complaint;grievance;timeline,
PMFBY_2023_SEC_30_6_2,PMFBY_2023,child,scheme_guideline,India,58,439,136,136,30.6.2,,,,,Krishi Rakshak Portal & Helpline (KRPH),complaint,
PMFBY_2023_SEC_30_6_3,PMFBY_2023,child,scheme_guideline,India,175,1167,136,137,30.6.3,,,,,Krishi Rakshak Portal & Helpline (KRPH),appeal;grievance,
PMFBY_2023_SEC_30_6_4,PMFBY_2023,child,scheme_guideline,India,52,364,137,137,30.6.4,,,,,Krishi Rakshak Portal & Helpline (KRPH),grievance,
PMFBY_2023_SEC_30_6_5,PMFBY_2023,child,scheme_guideline,India,73,455,137,137,30.6.5,,,,,Krishi Rakshak Portal & Helpline (KRPH),grievance,
PMFBY_2023_SEC_30_6_6,PMFBY_2023,child,scheme_guideline,India,94,668,137,137,30.6.6,,,,,Krishi Rakshak Portal & Helpline (KRPH),complaint;grievance;management;pmfby;registration,
PMFBY_2023_SEC_30_6_7,PMFBY_2023,child,scheme_guideline,India,24,158,137,137,30.6.7,,,,,Krishi Rakshak Portal & Helpline (KRPH),grievance,
PMFBY_2023_SEC_30_7,PMFBY_2023,parent,scheme_guideline,India,7,55,137,137,30.7,,,,,Grievance Redressal Mechanism by Insurance Company,grievance,SHORT_CHUNK;STRUCTURE_UNCERTAIN
PMFBY_2023_SEC_30_7_1,PMFBY_2023,child,scheme_guideline,India,116,843,137,137,30.7.1,,,,,Grievance Redressal Mechanism by Insurance Company,complaint;grievance;meetings,
PMFBY_2023_SEC_30_7_2,PMFBY_2023,child,scheme_guideline,India,25,160,137,137,30.7.2,,,,,Grievance Redressal Mechanism by Insurance Company,grievance;meetings,
PMFBY_2023_SEC_30_7_3,PMFBY_2023,child,scheme_guideline,India,47,308,138,138,30.7.3,,,,,Grievance Redressal Mechanism by Insurance Company,complaint;grievance;timeline,
PMFBY_2023_SEC_30_7_4,PMFBY_2023,child,scheme_guideline,India,35,237,138,138,30.7.4,,,,,Grievance Redressal Mechanism by Insurance Company,grievance;reporting,
PMFBY_2023_SEC_30_7_5,PMFBY_2023,child,scheme_guideline,India,23,152,138,138,30.7.5,,,,,Grievance Redressal Mechanism by Insurance Company,complaint;grievance,
PMFBY_2023_SEC_30_8,PMFBY_2023,parent,scheme_guideline,India,18,125,138,138,30.8,,,,,,claim,SHORT_CHUNK;STRUCTURE_UNCERTAIN
PMFBY_2023_SEC_30_8_1,PMFBY_2023,child,scheme_guideline,India,90,673,138,138,30.8.1,,,,,,claim;grievance;pmfby,
PMFBY_2023_SEC_30_8_2,PMFBY_2023,child,scheme_guideline,India,19,136,138,138,30.8.2,,,,,,,SHORT_CHUNK
PMFBY_2023_SEC_30_8_3,PMFBY_2023,child,scheme_guideline,India,46,328,138,138,30.8.3,,,,,,claim,
PMFBY_2023_SEC_30_8_4,PMFBY_2023,child,scheme_guideline,India,64,443,138,138,30.8.4,,,,,,grievance;pmfby,
PMFBY_2023_SEC_31_1,PMFBY_2023,parent,scheme_guideline,India,11,84,138,138,31.1,,,,,Empanelment Criteria,,SHORT_CHUNK;STRUCTURE_UNCERTAIN
PMFBY_2023_SEC_31_1_1,PMFBY_2023,child,scheme_guideline,India,82,581,138,138,31.1.1,,,,,Empanelment Criteria,pmfby,
PMFBY_2023_SEC_31_1_2,PMFBY_2023,child,scheme_guideline,India,163,1061,139,139,31.1.2,,,,,Empanelment Criteria,crop_insurance,
PMFBY_2023_SEC_31_1_3,PMFBY_2023,child,scheme_guideline,India,28,178,139,139,31.1.3,,,,,Empanelment Criteria,,
PMFBY_2023_SEC_31_1_4,PMFBY_2023,child,scheme_guideline,India,56,376,139,139,31.1.4,,,,,Empanelment Criteria,claim;grievance,
PMFBY_2023_SEC_31_1_5,PMFBY_2023,child,scheme_guideline,India,80,522,139,139,31.1.5,,,,,Empanelment Criteria,pmfby;premium,
PMFBY_2023_SEC_31_2,PMFBY_2023,parent,scheme_guideline,India,11,84,139,139,31.2,,,,,Selection Criteria of Empaneled Insurance Companies as Implementing,,SHORT_CHUNK;STRUCTURE_UNCERTAIN
PMFBY_2023_SEC_31_2_1,PMFBY_2023,child,scheme_guideline,India,76,457,139,139,31.2.1,,,,,Selection Criteria of Empaneled Insurance Companies as Implementing,,
PMFBY_2023_SEC_31_2_2,PMFBY_2023,child,scheme_guideline,India,100,660,139,139,31.2.2,,,,,Selection Criteria of Empaneled Insurance Companies as Implementing,premium,
PMFBY_2023_SEC_31_2_3,PMFBY_2023,child,scheme_guideline,India,57,353,140,140,31.2.3,,,,,Selection Criteria of Empaneled Insurance Companies as Implementing,premium,
PMFBY_2023_SEC_31_2_4,PMFBY_2023,child,scheme_guideline,India,122,904,140,140,31.2.4,,,,,Selection Criteria of Empaneled Insurance Companies as Implementing,,
PMFBY_2023_SEC_31_2_5,PMFBY_2023,child,scheme_guideline,India,67,397,140,140,31.2.5,,,,,Selection Criteria of Empaneled Insurance Companies as Implementing,,
PMFBY_2023_SEC_31_2_6,PMFBY_2023,child,scheme_guideline,India,89,564,140,140,31.2.6,,,,,Selection Criteria of Empaneled Insurance Companies as Implementing,,
PMFBY_2023_SEC_32_1,PMFBY_2023,child,scheme_guideline,India,170,1049,140,140,32.1,,,,,,,STRUCTURE_UNCERTAIN
PMFBY_2023_SEC_32_2,PMFBY_2023,child,scheme_guideline,India,74,489,140,141,32.2,,,,,,,STRUCTURE_UNCERTAIN
PMFBY_2023_SEC_32_3,PMFBY_2023,child,scheme_guideline,India,103,631,141,141,32.3,,,,,,,STRUCTURE_UNCERTAIN
PMFBY_2023_SEC_32_4,PMFBY_2023,child,scheme_guideline,India,67,416,141,141,32.4,,,,,,,STRUCTURE_UNCERTAIN
PMFBY_2023_SEC_32_5,PMFBY_2023,child,scheme_guideline,India,80,499,141,141,32.5,,,,,,claim;crop_loss,STRUCTURE_UNCERTAIN
PMFBY_2023_SEC_32_6,PMFBY_2023,child,scheme_guideline,India,146,988,141,141,32.6,,,,,,,STRUCTURE_UNCERTAIN
PMFBY_2023_SEC_32_7,PMFBY_2023,child,scheme_guideline,India,38,258,141,141,32.7,,,,,,,STRUCTURE_UNCERTAIN
PMFBY_2023_SEC_32_8,PMFBY_2023,child,scheme_guideline,India,30,222,141,142,32.8,,,,,,,STRUCTURE_UNCERTAIN
PMFBY_2023_SEC_33_1,PMFBY_2023,child,scheme_guideline,India,62,419,142,142,33.1,,,,,,,STRUCTURE_UNCERTAIN
PMFBY_2023_SEC_33_2,PMFBY_2023,child,scheme_guideline,India,30,205,142,142,33.2,,,,,,,STRUCTURE_UNCERTAIN
PMFBY_2023_SEC_33_3,PMFBY_2023,child,scheme_guideline,India,60,375,142,142,33.3,,,,,,,STRUCTURE_UNCERTAIN
PMFBY_2023_SEC_33_4,PMFBY_2023,child,scheme_guideline,India,117,773,142,142,33.4,,,,,,,STRUCTURE_UNCERTAIN
PMFBY_2023_SEC_33_5,PMFBY_2023,child,scheme_guideline,India,52,329,142,142,33.5,,,,,,,STRUCTURE_UNCERTAIN
PMFBY_2023_SEC_33_6,PMFBY_2023,child,scheme_guideline,India,38,237,142,142,33.6,,,,,,,STRUCTURE_UNCERTAIN
PMFBY_2023_SEC_34_1,PMFBY_2023,child,scheme_guideline,India,42,279,142,142,34.1,,,,,,,STRUCTURE_UNCERTAIN
PMFBY_2023_SEC_34_2,PMFBY_2023,child,scheme_guideline,India,30,205,142,142,34.2,,,,,,,STRUCTURE_UNCERTAIN
PMFBY_2023_SEC_35_1,PMFBY_2023,child,scheme_guideline,India,36,244,142,143,35.1,,,,,,,STRUCTURE_UNCERTAIN
PMFBY_2023_SEC_35_2,PMFBY_2023,child,scheme_guideline,India,30,205,143,143,35.2,,,,,,,STRUCTURE_UNCERTAIN
PMFBY_2023_SEC_35_3,PMFBY_2023,child,scheme_guideline,India,37,225,143,143,35.3,,,,,,,STRUCTURE_UNCERTAIN
PMFBY_2023_SEC_36_1,PMFBY_2023,child,scheme_guideline,India,40,262,143,143,36.1,,,,,,,STRUCTURE_UNCERTAIN
PMFBY_2023_SEC_36_2,PMFBY_2023,child,scheme_guideline,India,30,205,143,143,36.2,,,,,,,STRUCTURE_UNCERTAIN
PMFBY_2023_SEC_37_1,PMFBY_2023,child,scheme_guideline,India,37,236,143,143,37.1,,,,,,,STRUCTURE_UNCERTAIN
PMFBY_2023_SEC_37_2,PMFBY_2023,child,scheme_guideline,India,62,447,143,143,37.2,,,,,,,STRUCTURE_UNCERTAIN
PMFBY_2023_SEC_38_1_1,PMFBY_2023,child,scheme_guideline,India,35,274,143,143,38.1.1,,,,,,pmfby,STRUCTURE_UNCERTAIN
PMFBY_2023_SEC_38_1_2,PMFBY_2023,child,scheme_guideline,India,25,168,143,143,38.1.2,,,,,,pmfby,STRUCTURE_UNCERTAIN
PMFBY_2023_SEC_38_1_3,PMFBY_2023,child,scheme_guideline,India,46,325,143,143,38.1.3,,,,,"Design, development, operationalization and maintenance of National Crop",crop_insurance;crop_loss,STRUCTURE_UNCERTAIN
PMFBY_2023_SEC_38_1_4,PMFBY_2023,child,scheme_guideline,India,20,128,144,144,38.1.4,,,,,,management,STRUCTURE_UNCERTAIN
PMFBY_2023_SEC_38_1_5,PMFBY_2023,child,scheme_guideline,India,32,212,144,144,38.1.5,,,,,,,STRUCTURE_UNCERTAIN
PMFBY_2023_SEC_38_1_6,PMFBY_2023,child,scheme_guideline,India,19,130,144,144,38.1.6,,,,,,,SHORT_CHUNK;STRUCTURE_UNCERTAIN
PMFBY_2023_SEC_38_1_7,PMFBY_2023,child,scheme_guideline,India,41,229,144,144,38.1.7,,,,,,claim;premium,STRUCTURE_UNCERTAIN
PMFBY_2023_SEC_38_1_8,PMFBY_2023,child,scheme_guideline,India,23,147,144,144,38.1.8,,,,,,premium,STRUCTURE_UNCERTAIN
PMFBY_2023_SEC_38_1_9,PMFBY_2023,child,scheme_guideline,India,49,397,144,144,38.1.9,,,,,,pmfby;premium,STRUCTURE_UNCERTAIN
PMFBY_2023_SEC_38_1_10,PMFBY_2023,child,scheme_guideline,India,50,369,144,144,38.1.10,,,,,,claim,STRUCTURE_UNCERTAIN
PMFBY_2023_SEC_38_1_11,PMFBY_2023,child,scheme_guideline,India,29,215,144,144,38.1.11,,,,,,claim,STRUCTURE_UNCERTAIN
PMFBY_2023_SEC_38_1_12,PMFBY_2023,child,scheme_guideline,India,45,301,144,144,38.1.12,,,,,,premium,STRUCTURE_UNCERTAIN
PMFBY_2023_SEC_38_1_13,PMFBY_2023,child,scheme_guideline,India,23,178,144,144,38.1.13,,,,,,claim,STRUCTURE_UNCERTAIN
PMFBY_2023_SEC_38_1_14,PMFBY_2023,child,scheme_guideline,India,62,445,144,144,38.1.14,,,,,"Empanelment of Insurance Companies, constitutions of various committees",,STRUCTURE_UNCERTAIN
PMFBY_2023_SEC_38_1_15,PMFBY_2023,child,scheme_guideline,India,47,357,144,145,38.1.15,,,,,,,STRUCTURE_UNCERTAIN
PMFBY_2023_SEC_38_1_16,PMFBY_2023,child,scheme_guideline,India,40,278,145,145,38.1.16,,,,,,claim,STRUCTURE_UNCERTAIN
PMFBY_2023_SEC_38_1_17,PMFBY_2023,child,scheme_guideline,India,29,197,145,145,38.1.17,,,,,,,STRUCTURE_UNCERTAIN
PMFBY_2023_SEC_38_1_18,PMFBY_2023,child,scheme_guideline,India,33,213,145,145,38.1.18,,,,,,pmfby,STRUCTURE_UNCERTAIN
PMFBY_2023_SEC_38_2,PMFBY_2023,parent,scheme_guideline,India,4,39,145,145,38.2,,,,,State Government/UT Administration,,SHORT_CHUNK;STRUCTURE_UNCERTAIN
PMFBY_2023_SEC_38_2_1,PMFBY_2023,child,scheme_guideline,India,44,292,145,145,38.2.1,,,,,State Government/UT Administration,,
PMFBY_2023_SEC_38_2_2,PMFBY_2023,child,scheme_guideline,India,40,255,145,145,38.2.2,,,,,State Government/UT Administration,grievance,
PMFBY_2023_SEC_38_2_3,PMFBY_2023,child,scheme_guideline,India,49,335,145,145,38.2.3,,,,,State Government/UT Administration,crop_loss;grievance;meetings,
PMFBY_2023_SEC_38_2_4,PMFBY_2023,child,scheme_guideline,India,45,295,145,145,38.2.4,,,,,State Government/UT Administration,documents;meetings,
PMFBY_2023_SEC_38_2_5,PMFBY_2023,child,scheme_guideline,India,32,179,145,145,38.2.5,,,,,State Government/UT Administration,documents,
PMFBY_2023_SEC_38_2_6,PMFBY_2023,child,scheme_guideline,India,30,207,145,145,38.2.6,,,,,State Government/UT Administration,,
PMFBY_2023_SEC_38_2_7,PMFBY_2023,child,scheme_guideline,India,18,143,145,145,38.2.7,,,,,State Government/UT Administration,,SHORT_CHUNK
PMFBY_2023_SEC_38_2_8,PMFBY_2023,child,scheme_guideline,India,42,250,145,145,38.2.8,,,,,State Government/UT Administration,,
PMFBY_2023_SEC_38_2_9,PMFBY_2023,child,scheme_guideline,India,75,443,146,146,38.2.9,,,,,State Government/UT Administration,claim;documents;pmfby,
PMFBY_2023_SEC_38_2_10,PMFBY_2023,child,scheme_guideline,India,34,230,146,146,38.2.10,,,,,State Government/UT Administration,,
PMFBY_2023_SEC_38_2_11,PMFBY_2023,child,scheme_guideline,India,36,245,146,146,38.2.11,,,,,State Government/UT Administration,,
PMFBY_2023_SEC_38_2_12,PMFBY_2023,child,scheme_guideline,India,42,236,146,146,38.2.12,,,,,State Government/UT Administration,claim;premium,
PMFBY_2023_SEC_38_2_13,PMFBY_2023,child,scheme_guideline,India,23,148,146,146,38.2.13,,,,,State Government/UT Administration,premium,
PMFBY_2023_SEC_38_2_14,PMFBY_2023,child,scheme_guideline,India,31,191,146,146,38.2.14,,,,,State Government/UT Administration,,
PMFBY_2023_SEC_38_2_15,PMFBY_2023,child,scheme_guideline,India,46,321,146,146,38.2.15,,,,,State Government/UT Administration,crop_loss,
PMFBY_2023_SEC_38_2_16,PMFBY_2023,child,scheme_guideline,India,42,246,146,146,38.2.16,,,,,State Government/UT Administration,,
PMFBY_2023_SEC_38_2_17,PMFBY_2023,child,scheme_guideline,India,46,256,146,146,38.2.17,,,,,State Government/UT Administration,claim;pmfby,
PMFBY_2023_SEC_38_2_18,PMFBY_2023,child,scheme_guideline,India,56,351,146,146,38.2.18,,,,,State Government/UT Administration,documents,
PMFBY_2023_SEC_38_2_19,PMFBY_2023,child,scheme_guideline,India,20,147,146,146,38.2.19,,,,,State Government/UT Administration,,
PMFBY_2023_SEC_38_2_20,PMFBY_2023,child,scheme_guideline,India,21,174,146,146,38.2.20,,,,,State Government/UT Administration,,
PMFBY_2023_SEC_38_2_21,PMFBY_2023,child,scheme_guideline,India,20,117,147,147,38.2.21,,,,,State Government/UT Administration,claim,
PMFBY_2023_SEC_38_2_22,PMFBY_2023,child,scheme_guideline,India,27,173,147,147,38.2.22,,,,,State Government/UT Administration,,
PMFBY_2023_SEC_38_2_23,PMFBY_2023,child,scheme_guideline,India,13,86,147,147,38.2.23,,,,,State Government/UT Administration,,SHORT_CHUNK
PMFBY_2023_SEC_38_2_24,PMFBY_2023,child,scheme_guideline,India,30,221,147,147,38.2.24,,,,,State Government/UT Administration,,
PMFBY_2023_SEC_38_2_25,PMFBY_2023,child,scheme_guideline,India,17,142,147,147,38.2.25,,,,,State Government/UT Administration,,SHORT_CHUNK
PMFBY_2023_SEC_38_2_26,PMFBY_2023,child,scheme_guideline,India,17,120,147,147,38.2.26,,,,,State Government/UT Administration,,SHORT_CHUNK
PMFBY_2023_SEC_38_2_27,PMFBY_2023,child,scheme_guideline,India,28,192,147,147,38.2.27,,,,,State Government/UT Administration,,
PMFBY_2023_SEC_38_3,PMFBY_2023,parent,scheme_guideline,India,6,32,147,147,38.3,,,,,Central PMUs and State PMUs,,SHORT_CHUNK;STRUCTURE_UNCERTAIN
PMFBY_2023_SEC_38_3_1,PMFBY_2023,child,scheme_guideline,India,14,97,147,147,38.3.1,,,,,Central PMUs and State PMUs,crop_insurance,SHORT_CHUNK
PMFBY_2023_SEC_38_3_2,PMFBY_2023,child,scheme_guideline,India,21,180,147,147,38.3.2,,,,,Central PMUs and State PMUs,,
PMFBY_2023_SEC_38_3_3,PMFBY_2023,child,scheme_guideline,India,24,160,147,147,38.3.3,,,,,Central PMUs and State PMUs,,
PMFBY_2023_SEC_38_3_4,PMFBY_2023,child,scheme_guideline,India,16,140,147,147,38.3.4,,,,,Central PMUs and State PMUs,crop_insurance,SHORT_CHUNK
PMFBY_2023_SEC_38_3_5,PMFBY_2023,child,scheme_guideline,India,18,131,147,147,38.3.5,,,,,Central PMUs and State PMUs,,SHORT_CHUNK
PMFBY_2023_SEC_38_3_6,PMFBY_2023,child,scheme_guideline,India,16,112,147,147,38.3.6,,,,,Central PMUs and State PMUs,crop_insurance,SHORT_CHUNK
PMFBY_2023_SEC_38_3_7,PMFBY_2023,child,scheme_guideline,India,14,104,147,147,38.3.7,,,,,Central PMUs and State PMUs,crop_insurance,SHORT_CHUNK
PMFBY_2023_SEC_38_3_8,PMFBY_2023,child,scheme_guideline,India,30,213,147,147,38.3.8,,,,,Central PMUs and State PMUs,crop_loss,
PMFBY_2023_SEC_38_3_9,PMFBY_2023,child,scheme_guideline,India,30,211,147,147,38.3.9,,,,,Central PMUs and State PMUs,crop_insurance,
PMFBY_2023_SEC_38_3_10,PMFBY_2023,child,scheme_guideline,India,16,125,148,148,38.3.10,,,,,Central PMUs and State PMUs,management,SHORT_CHUNK
PMFBY_2023_SEC_38_3_11,PMFBY_2023,child,scheme_guideline,India,27,202,148,148,38.3.11,,,,,Central PMUs and State PMUs,,
PMFBY_2023_SEC_38_4,PMFBY_2023,parent,scheme_guideline,India,4,30,148,148,38.4,,,,,Insurance Companies (ICs),,SHORT_CHUNK;STRUCTURE_UNCERTAIN
PMFBY_2023_SEC_38_4_1,PMFBY_2023,child,scheme_guideline,India,24,187,148,148,38.4.1,,,,,Insurance Companies (ICs),meetings;pmfby,
PMFBY_2023_SEC_38_4_2,PMFBY_2023,child,scheme_guideline,India,31,237,148,148,38.4.2,,,,,Insurance Companies (ICs),claim;grievance,
PMFBY_2023_SEC_38_4_3,PMFBY_2023,child,scheme_guideline,India,35,221,148,148,38.4.3,,,,,Insurance Companies (ICs),claim;crop_loss,
PMFBY_2023_SEC_38_4_4,PMFBY_2023,child,scheme_guideline,India,22,159,148,148,38.4.4,,,,,Insurance Companies (ICs),,
PMFBY_2023_SEC_38_4_5,PMFBY_2023,child,scheme_guideline,India,54,312,148,148,38.4.5,,,,,Insurance Companies (ICs),claim,
PMFBY_2023_SEC_38_4_6,PMFBY_2023,child,scheme_guideline,India,49,323,148,148,38.4.6,,,,,Insurance Companies (ICs),crop_loss,
PMFBY_2023_SEC_38_4_7,PMFBY_2023,child,scheme_guideline,India,21,145,148,148,38.4.7,,,,,Insurance Companies (ICs),,
PMFBY_2023_SEC_38_4_8,PMFBY_2023,child,scheme_guideline,India,66,421,148,148,38.4.8,,,,,Insurance Companies (ICs),,
PMFBY_2023_SEC_38_4_9,PMFBY_2023,child,scheme_guideline,India,16,126,148,148,38.4.9,,,,,Insurance Companies (ICs),,SHORT_CHUNK
PMFBY_2023_SEC_38_4_10,PMFBY_2023,child,scheme_guideline,India,29,202,148,148,38.4.10,,,,,Insurance Companies (ICs),,
PMFBY_2023_SEC_38_4_11,PMFBY_2023,child,scheme_guideline,India,30,206,148,149,38.4.11,,,,,Insurance Companies (ICs),,
PMFBY_2023_SEC_38_4_12,PMFBY_2023,child,scheme_guideline,India,48,319,149,149,38.4.12,,,,,Insurance Companies (ICs),complaint;grievance,
PMFBY_2023_SEC_38_4_13,PMFBY_2023,child,scheme_guideline,India,38,254,149,149,38.4.13,,,,,Insurance Companies (ICs),eligibility,
PMFBY_2023_SEC_38_4_14,PMFBY_2023,child,scheme_guideline,India,148,985,149,149,38.4.14,,,,,Insurance Companies (ICs),claim,
PMFBY_2023_SEC_38_4_15,PMFBY_2023,child,scheme_guideline,India,17,132,149,149,38.4.15,,,,,Insurance Companies (ICs),,SHORT_CHUNK
PMFBY_2023_SEC_38_4_16,PMFBY_2023,child,scheme_guideline,India,39,251,149,149,38.4.16,,,,,Insurance Companies (ICs),,
PMFBY_2023_SEC_38_4_17,PMFBY_2023,child,scheme_guideline,India,29,223,149,149,38.4.17,,,,,Insurance Companies (ICs),claim;premium,
PMFBY_2023_SEC_38_4_18,PMFBY_2023,child,scheme_guideline,India,18,134,149,149,38.4.18,,,,,Insurance Companies (ICs),,SHORT_CHUNK
PMFBY_2023_SEC_38_4_19,PMFBY_2023,child,scheme_guideline,India,50,315,149,149,38.4.19,,,,,Insurance Companies (ICs),documents,
PMFBY_2023_SEC_38_5,PMFBY_2023,parent,scheme_guideline,India,3,33,149,149,38.5,,,,,Financial Institutions/Banks,,SHORT_CHUNK;STRUCTURE_UNCERTAIN
PMFBY_2023_SEC_38_5_1,PMFBY_2023,child,scheme_guideline,India,28,179,149,149,38.5.1,,,,,Financial Institutions/Banks,loans;pmfby,
PMFBY_2023_SEC_38_5_2,PMFBY_2023,child,scheme_guideline,India,35,238,150,150,38.5.2,,,,,Financial Institutions/Banks,,
PMFBY_2023_SEC_38_5_3,PMFBY_2023,child,scheme_guideline,India,21,144,150,150,38.5.3,,,,,Financial Institutions/Banks,,
PMFBY_2023_SEC_38_5_4,PMFBY_2023,child,scheme_guideline,India,22,156,150,150,38.5.4,,,,,Financial Institutions/Banks,loans;premium,
PMFBY_2023_SEC_38_5_5,PMFBY_2023,child,scheme_guideline,India,19,114,150,150,38.5.5,,,,,Financial Institutions/Banks,,SHORT_CHUNK
PMFBY_2023_SEC_38_5_6,PMFBY_2023,child,scheme_guideline,India,56,368,150,150,38.5.6,,,,,Financial Institutions/Banks,eligibility;pmfby;premium,
PMFBY_2023_SEC_38_5_7,PMFBY_2023,child,scheme_guideline,India,32,196,150,150,38.5.7,,,,,Financial Institutions/Banks,premium,
PMFBY_2023_SEC_38_5_8,PMFBY_2023,child,scheme_guideline,India,118,799,150,150,38.5.8,,,,,Financial Institutions/Banks,claim;crop_insurance;eligibility;loans,
PMFBY_2023_SEC_38_5_9,PMFBY_2023,child,scheme_guideline,India,103,657,150,150,38.5.9,,,,,Financial Institutions/Banks,claim;premium;timeline,
PMFBY_2023_SEC_38_5_10,PMFBY_2023,child,scheme_guideline,India,89,572,150,150,38.5.10,,,,,Financial Institutions/Banks,timeline,
PMFBY_2023_SEC_38_5_11,PMFBY_2023,child,scheme_guideline,India,28,208,151,151,38.5.11,,,,,Financial Institutions/Banks,claim;premium,
PMFBY_2023_SEC_38_5_12,PMFBY_2023,child,scheme_guideline,India,59,367,151,151,38.5.12,,,,,Financial Institutions/Banks,loans,
PMFBY_2023_SEC_38_5_13,PMFBY_2023,child,scheme_guideline,India,30,184,151,151,38.5.13,,,,,Financial Institutions/Banks,pacs,
PMFBY_2023_SEC_38_5_14,PMFBY_2023,child,scheme_guideline,India,49,273,151,151,38.5.14,,,,,Financial Institutions/Banks,claim;pacs,
PMFBY_2023_SEC_38_5_15,PMFBY_2023,child,scheme_guideline,India,18,112,151,151,38.5.15,,,,,Financial Institutions/Banks,,SHORT_CHUNK
PMFBY_2023_SEC_38_5_16,PMFBY_2023,child,scheme_guideline,India,33,200,151,151,38.5.16,,,,,Financial Institutions/Banks,documents,
PMFBY_2023_SEC_38_5_17,PMFBY_2023,child,scheme_guideline,India,29,179,151,151,38.5.17,,,,,Financial Institutions/Banks,eligibility;premium,
PMFBY_2023_SEC_38_5_18,PMFBY_2023,child,scheme_guideline,India,32,219,151,151,38.5.18,,,,,Financial Institutions/Banks,documents;loans,
PMFBY_2023_SEC_38_5_19,PMFBY_2023,child,scheme_guideline,India,44,269,151,151,38.5.19,,,,,Financial Institutions/Banks,timeline,
PMFBY_2023_SEC_38_5_20,PMFBY_2023,child,scheme_guideline,India,26,176,151,151,38.5.20,,,,,Financial Institutions/Banks,premium,
PMFBY_2023_SEC_38_5_21,PMFBY_2023,child,scheme_guideline,India,30,202,151,151,38.5.21,,,,,Financial Institutions/Banks,crop_insurance,
PMFBY_2023_SEC_38_6,PMFBY_2023,parent,scheme_guideline,India,8,61,151,151,38.6,,,,,Common Service Centre- Special Purpose Vehicle (CSC-SPV),,SHORT_CHUNK;STRUCTURE_UNCERTAIN
PMFBY_2023_SEC_38_6_1,PMFBY_2023,child,scheme_guideline,India,20,134,151,151,38.6.1,,,,,Common Service Centre- Special Purpose Vehicle (CSC-SPV),,
PMFBY_2023_SEC_38_6_2,PMFBY_2023,child,scheme_guideline,India,22,122,151,151,38.6.2,,,,,Common Service Centre- Special Purpose Vehicle (CSC-SPV),crop_insurance,
PMFBY_2023_SEC_38_6_3,PMFBY_2023,child,scheme_guideline,India,28,169,152,152,38.6.3,,,,,Common Service Centre- Special Purpose Vehicle (CSC-SPV),premium;timeline,
PMFBY_2023_SEC_38_6_4,PMFBY_2023,child,scheme_guideline,India,26,163,152,152,38.6.4,,,,,Common Service Centre- Special Purpose Vehicle (CSC-SPV),premium;timeline,
PMFBY_2023_SEC_38_6_5,PMFBY_2023,child,scheme_guideline,India,25,169,152,152,38.6.5,,,,,Common Service Centre- Special Purpose Vehicle (CSC-SPV),,
PMFBY_2023_SEC_38_6_6,PMFBY_2023,child,scheme_guideline,India,14,95,152,152,38.6.6,,,,,Common Service Centre- Special Purpose Vehicle (CSC-SPV),grievance,SHORT_CHUNK
PMFBY_2023_SEC_38_6_7,PMFBY_2023,child,scheme_guideline,India,38,236,152,152,38.6.7,,,,,Common Service Centre- Special Purpose Vehicle (CSC-SPV),timeline,
PMFBY_2023_SEC_38_6_8,PMFBY_2023,child,scheme_guideline,India,58,354,152,152,38.6.8,,,,,Common Service Centre- Special Purpose Vehicle (CSC-SPV),,
PMFBY_2023_SEC_38_6_9,PMFBY_2023,child,scheme_guideline,India,21,134,152,152,38.6.9,,,,,Common Service Centre- Special Purpose Vehicle (CSC-SPV),,
PMFBY_2023_SEC_38_6_10,PMFBY_2023,child,scheme_guideline,India,97,595,152,152,38.6.10,,,,,Common Service Centre- Special Purpose Vehicle (CSC-SPV),claim;documents,
PMFBY_2023_SEC_38_7,PMFBY_2023,parent,scheme_guideline,India,9,67,152,152,38.7,,,,,Common Service Centers - Village Level Entrepreneurs (CSC-VLE),,SHORT_CHUNK;STRUCTURE_UNCERTAIN
PMFBY_2023_SEC_38_7_1,PMFBY_2023,child,scheme_guideline,India,109,705,152,152,38.7.1,,,,,Common Service Centers - Village Level Entrepreneurs (CSC-VLE),documents,
PMFBY_2023_SEC_38_7_2,PMFBY_2023,child,scheme_guideline,India,26,193,152,152,38.7.2,,,,,Common Service Centers - Village Level Entrepreneurs (CSC-VLE),,
PMFBY_2023_SEC_38_7_3,PMFBY_2023,child,scheme_guideline,India,32,205,152,153,38.7.3,,,,,Common Service Centers - Village Level Entrepreneurs (CSC-VLE),,
PMFBY_2023_SEC_38_7_4,PMFBY_2023,child,scheme_guideline,India,19,112,153,153,38.7.4,,,,,Common Service Centers - Village Level Entrepreneurs (CSC-VLE),documents,SHORT_CHUNK
PMFBY_2023_SEC_38_7_5,PMFBY_2023,child,scheme_guideline,India,71,425,153,153,38.7.5,,,,,Common Service Centers - Village Level Entrepreneurs (CSC-VLE),premium,
PMFBY_2023_SEC_38_7_6,PMFBY_2023,child,scheme_guideline,India,55,328,153,153,38.7.6,,,,,Common Service Centers - Village Level Entrepreneurs (CSC-VLE),documents,
PMFBY_2023_SEC_38_7_7,PMFBY_2023,child,scheme_guideline,India,57,369,153,153,38.7.7,,,,,Common Service Centers - Village Level Entrepreneurs (CSC-VLE),reporting,
PMFBY_2023_SEC_38_7_8,PMFBY_2023,child,scheme_guideline,India,17,123,153,153,38.7.8,,,,,Common Service Centers - Village Level Entrepreneurs (CSC-VLE),,SHORT_CHUNK
PMFBY_2023_SEC_38_7_9,PMFBY_2023,child,scheme_guideline,India,129,804,153,153,38.7.9,,,,,Common Service Centers - Village Level Entrepreneurs (CSC-VLE),reporting;timeline,
PMFBY_2023_SEC_38_7_10,PMFBY_2023,child,scheme_guideline,India,69,425,153,153,38.7.10,,,,,Common Service Centers - Village Level Entrepreneurs (CSC-VLE),claim;documents,
PMFBY_2023_SEC_38_8,PMFBY_2023,parent,scheme_guideline,India,5,57,153,153,38.8,,,,,Designated Insurance Agents/Insurance Intermediaries,,SHORT_CHUNK;STRUCTURE_UNCERTAIN
PMFBY_2023_SEC_38_8_1,PMFBY_2023,child,scheme_guideline,India,110,724,153,154,38.8.1,,,,,Designated Insurance Agents/Insurance Intermediaries,documents,
PMFBY_2023_SEC_38_8_2,PMFBY_2023,child,scheme_guideline,India,31,242,154,154,38.8.2,,,,,Designated Insurance Agents/Insurance Intermediaries,,
PMFBY_2023_SEC_38_8_3,PMFBY_2023,child,scheme_guideline,India,32,205,154,154,38.8.3,,,,,Designated Insurance Agents/Insurance Intermediaries,,
PMFBY_2023_SEC_38_8_4,PMFBY_2023,child,scheme_guideline,India,22,127,154,154,38.8.4,,,,,Designated Insurance Agents/Insurance Intermediaries,documents,
PMFBY_2023_SEC_38_8_5,PMFBY_2023,child,scheme_guideline,India,87,572,154,154,38.8.5,,,,,Designated Insurance Agents/Insurance Intermediaries,premium,
PMFBY_2023_SEC_38_8_6,PMFBY_2023,child,scheme_guideline,India,58,336,154,154,38.8.6,,,,,Designated Insurance Agents/Insurance Intermediaries,documents,
PMFBY_2023_SEC_38_8_7,PMFBY_2023,child,scheme_guideline,India,58,385,154,154,38.8.7,,,,,Designated Insurance Agents/Insurance Intermediaries,reporting,
PMFBY_2023_SEC_38_8_8,PMFBY_2023,child,scheme_guideline,India,17,122,154,154,38.8.8,,,,,Designated Insurance Agents/Insurance Intermediaries,,SHORT_CHUNK
PMFBY_2023_SEC_38_8_9,PMFBY_2023,child,scheme_guideline,India,15,106,154,154,38.8.9,,,,,Designated Insurance Agents/Insurance Intermediaries,claim;grievance;reporting,SHORT_CHUNK
PMFBY_2023_SEC_38_8_10,PMFBY_2023,child,scheme_guideline,India,136,876,154,154,38.8.10,,,,,Designated Insurance Agents/Insurance Intermediaries,reporting;timeline,
PMFBY_2023_SEC_38_8_11,PMFBY_2023,child,scheme_guideline,India,77,490,155,155,38.8.11,,,,,Designated Insurance Agents/Insurance Intermediaries,claim;documents,
PMFBY_2023_SEC_38_9,PMFBY_2023,child,scheme_guideline,India,75,495,155,155,38.9,,,,,,claim;documents,STRUCTURE_UNCERTAIN
PMFBY_2023_SEC_38_10,PMFBY_2023,parent,scheme_guideline,India,3,20,155,155,38.10,,,,,Loanee Farmers,,SHORT_CHUNK;STRUCTURE_UNCERTAIN
PMFBY_2023_SEC_38_10_1,PMFBY_2023,child,scheme_guideline,India,149,871,155,155,38.10.1,,,,,Loanee Farmers,loans;premium,
PMFBY_2023_SEC_38_10_2,PMFBY_2023,child,scheme_guideline,India,38,258,155,155,38.10.2,,,,,Loanee Farmers,crop_insurance,
PMFBY_2023_SEC_38_10_3,PMFBY_2023,child,scheme_guideline,India,66,409,155,155,38.10.3,,,,,Loanee Farmers,premium,
PMFBY_2023_SEC_38_10_4,PMFBY_2023,child,scheme_guideline,India,54,347,155,155,38.10.4,,,,,Loanee Farmers,grievance,
PMFBY_2023_SEC_38_10_5,PMFBY_2023,child,scheme_guideline,India,75,459,155,155,38.10.5,,,,,Loanee Farmers,loans;premium;reporting,
PMFBY_2023_SEC_38_11,PMFBY_2023,parent,scheme_guideline,India,3,24,156,156,38.11,,,,,Non-Loanee Farmers,,SHORT_CHUNK;STRUCTURE_UNCERTAIN
PMFBY_2023_SEC_38_11_1,PMFBY_2023,child,scheme_guideline,India,38,262,156,156,38.11.1,,,,,Non-Loanee Farmers,crop_insurance,
PMFBY_2023_SEC_38_11_2,PMFBY_2023,child,scheme_guideline,India,107,699,156,156,38.11.2,,,,,Non-Loanee Farmers,documents;pacs;premium,
PMFBY_2023_SEC_38_11_3,PMFBY_2023,child,scheme_guideline,India,69,462,156,156,38.11.3,,,,,Non-Loanee Farmers,documents,
PMFBY_2023_SEC_38_11_4,PMFBY_2023,child,scheme_guideline,India,60,389,156,156,38.11.4,,,,,Non-Loanee Farmers,claim;crop_insurance,
PMFBY_2023_SEC_38_11_5,PMFBY_2023,child,scheme_guideline,India,28,186,156,156,38.11.5,,,,,Non-Loanee Farmers,,
PMFBY_2023_SEC_38_11_6,PMFBY_2023,child,scheme_guideline,India,43,270,156,156,38.11.6,,,,,Non-Loanee Farmers,premium,
PMFBY_2023_SEC_38_11_7,PMFBY_2023,child,scheme_guideline,India,30,200,156,156,38.11.7,,,,,Non-Loanee Farmers,,
PMFBY_2023_SEC_38_11_8,PMFBY_2023,child,scheme_guideline,India,54,347,156,156,38.11.8,,,,,Non-Loanee Farmers,grievance,
PMFBY_2023_SEC_38_11_9,PMFBY_2023,child,scheme_guideline,India,112,724,156,157,38.11.9,,,,,Non-Loanee Farmers,crop_insurance;pmfby;premium;reporting,
PMFBY_2023_SEC_39_1_1,PMFBY_2023,child,scheme_guideline,India,187,1305,157,157,39.1.1,,,,,,claim;crop_insurance;pmfby,STRUCTURE_UNCERTAIN
PMFBY_2023_SEC_39_2,PMFBY_2023,child,scheme_guideline,India,188,1362,157,157,39.2,,,,,,claim;documents;premium,STRUCTURE_UNCERTAIN
PMFBY_2023_SEC_39_3,PMFBY_2023,child,scheme_guideline,India,65,468,157,157,39.3,,,,,,claim;management,STRUCTURE_UNCERTAIN
PMFBY_2023_SEC_39_4,PMFBY_2023,parent,scheme_guideline,India,766,4888,158,159,39.4,,,,,Different Modules of NCIP,claim;crop_insurance;management;pmfby;premium,STRUCTURE_UNCERTAIN
PMFBY_2023_SEC_39_4_SUB_1,PMFBY_2023,child,scheme_guideline,India,447,2852,158,158,39.4,,,,,Different Modules of NCIP,claim;management;pmfby;premium,STRUCTURE_UNCERTAIN
PMFBY_2023_SEC_39_4_SUB_2,PMFBY_2023,child,scheme_guideline,India,392,2482,158,159,39.4,,,,,Different Modules of NCIP,crop_insurance;management;pmfby,STRUCTURE_UNCERTAIN
PMFBY_2023_SEC_860,PMFBY_2023,child,scheme_guideline,India,173,1094,159,160,,,,,,a) CCE schedule digitization,,
PMFBY_2023_SEC_861,PMFBY_2023,child,scheme_guideline,India,71,425,160,160,,,,,,b) Smart Sampling Technique,,
PMFBY_2023_SEC_862,PMFBY_2023,child,scheme_guideline,India,187,1208,160,160,,,,,,c) State Speciﬁc customization,premium,
PMFBY_2023_SEC_863,PMFBY_2023,child,scheme_guideline,India,92,559,160,160,,,,,,a) Absolute amount-based farmer premium,premium,
PMFBY_2023_SEC_864,PMFBY_2023,parent,scheme_guideline,India,4,33,160,167,,,,,,b) Limited area-based notiﬁcation,,CONTEXT_PARENT;SHORT_CHUNK
PMFBY_2023_SEC_864_SUB_1,PMFBY_2023,child,scheme_guideline,India,454,3099,160,161,,,,,,b) Limited area-based notiﬁcation,claim;crop_insurance;crop_loss;pmfby;premium;reporting,
PMFBY_2023_SEC_864_SUB_2,PMFBY_2023,child,scheme_guideline,India,485,3196,161,162,,,,,,b) Limited area-based notiﬁcation,claim;crop_insurance;grievance;pmfby,
PMFBY_2023_SEC_864_SUB_3,PMFBY_2023,child,scheme_guideline,India,665,4293,162,164,,,,,,b) Limited area-based notiﬁcation,claim;crop_insurance;pmfby;premium;registration;timeline,
PMFBY_2023_SEC_864_SUB_4,PMFBY_2023,child,scheme_guideline,India,448,2889,164,165,,,,,,b) Limited area-based notiﬁcation,claim;crop_insurance;crop_loss;eligibility;loans;premium;reporting,
PMFBY_2023_SEC_864_SUB_5,PMFBY_2023,child,scheme_guideline,India,586,3806,165,166,,,,,,b) Limited area-based notiﬁcation,claim;crop_loss;pmfby;premium,
PMFBY_2023_SEC_864_SUB_6,PMFBY_2023,child,scheme_guideline,India,523,3421,166,167,,,,,,b) Limited area-based notiﬁcation,claim;crop_loss,
PMFBY_2023_SEC_864_SUB_7,PMFBY_2023,child,scheme_guideline,India,399,2669,167,167,,,,,,b) Limited area-based notiﬁcation,crop_loss;loans;management;pmfby,
PMFBY_2023_ANNEXURE_I,PMFBY_2023,child,scheme_guideline,India,25,131,168,168,,,,,,ANNEXURE – I,crop_loss,
PMFBY_2023_SEC_1_1,PMFBY_2023,child,scheme_guideline,India,97,588,168,168,1.1,,,,,,pmfby,STRUCTURE_UNCERTAIN
PMFBY_2023_SEC_1_2,PMFBY_2023,child,scheme_guideline,India,66,438,168,168,1.2,,,,,,,STRUCTURE_UNCERTAIN
PMFBY_2023_SEC_2,PMFBY_2023,parent,scheme_guideline,India,3,17,168,168,2,,,,,Risks Covered:,,SHORT_CHUNK
PMFBY_2023_SEC_2_1_002,PMFBY_2023,child,scheme_guideline,India,80,480,168,168,2.1,,,,,Risks Covered:,,
PMFBY_2023_SEC_2_2_002,PMFBY_2023,child,scheme_guideline,India,23,131,168,168,2.2,,,,,Risks Covered:,,
PMFBY_2023_SEC_3_002,PMFBY_2023,parent,scheme_guideline,India,3,19,168,168,3,,,,,Risk Acceptance:,,SHORT_CHUNK
PMFBY_2023_SEC_3_1_002,PMFBY_2023,child,scheme_guideline,India,156,899,168,168,3.1,,,,,Risk Acceptance:,pmfby;premium,
PMFBY_2023_SEC_3_2,PMFBY_2023,child,scheme_guideline,India,35,221,168,168,3.2,,,,,Risk Acceptance:,premium,
PMFBY_2023_SEC_3_3,PMFBY_2023,child,scheme_guideline,India,165,1032,168,169,3.3,,,,,Risk Acceptance:,crop_loss;pmfby;premium,
PMFBY_2023_SEC_3_4,PMFBY_2023,child,scheme_guideline,India,102,582,169,169,3.4,,,,,Risk Acceptance:,claim;crop_loss;eligibility;pmfby,
PMFBY_2023_SEC_3_5,PMFBY_2023,child,scheme_guideline,India,127,897,169,169,3.5,,,,,Risk Acceptance:,claim;eligibility;management;pmfby,
PMFBY_2023_SEC_3_6,PMFBY_2023,child,scheme_guideline,India,70,467,169,169,3.6,,,,,Risk Acceptance:,pmfby;premium,
PMFBY_2023_SEC_3_7,PMFBY_2023,child,scheme_guideline,India,99,612,169,169,3.7,,,,,Risk Acceptance:,pmfby;premium,
PMFBY_2023_SEC_879,PMFBY_2023,child,scheme_guideline,India,74,443,169,170,,,,,,Case - I:,claim;crop_loss;pmfby,
PMFBY_2023_SEC_880,PMFBY_2023,child,scheme_guideline,India,140,837,170,170,,,,,,Case - II:,claim;crop_loss;eligibility;pmfby,
PMFBY_2023_SEC_3_8,PMFBY_2023,child,scheme_guideline,India,61,390,170,170,3.8,,,,,Risk Acceptance:,claim;meetings;pmfby,
PMFBY_2023_SEC_3_9,PMFBY_2023,child,scheme_guideline,India,39,260,170,170,3.9,,,,,Risk Acceptance:,crop_loss;meetings,
PMFBY_2023_SEC_3_10,PMFBY_2023,parent,scheme_guideline,India,3,26,170,170,3.10,,,,,Risk Acceptance:,eligibility,SHORT_CHUNK
PMFBY_2023_SEC_3_10_1,PMFBY_2023,child,scheme_guideline,India,18,117,170,170,3.10.1,,,,,Eligibility Criteria:,eligibility,SHORT_CHUNK
PMFBY_2023_SEC_3_10_2,PMFBY_2023,child,scheme_guideline,India,32,198,170,170,3.10.2,,,,,Eligibility Criteria:,eligibility;pmfby,
PMFBY_2023_SEC_3_10_3,PMFBY_2023,child,scheme_guideline,India,38,226,170,170,3.10.3,,,,,Eligibility Criteria:,eligibility;premium,
PMFBY_2023_SEC_3_10_4,PMFBY_2023,child,scheme_guideline,India,40,240,170,170,3.10.4,,,,,Eligibility Criteria:,eligibility,
PMFBY_2023_SEC_3_10_5,PMFBY_2023,child,scheme_guideline,India,71,408,170,170,3.10.5,,,,,Eligibility Criteria:,eligibility;pmfby,
PMFBY_2023_SEC_3_10_6,PMFBY_2023,child,scheme_guideline,India,53,330,170,171,3.10.6,,,,,Eligibility Criteria:,claim;eligibility;premium,
PMFBY_2023_SEC_3_10_7,PMFBY_2023,child,scheme_guideline,India,85,535,171,171,3.10.7,,,,,Eligibility Criteria:,eligibility;premium,
PMFBY_2023_SEC_3_10_8,PMFBY_2023,child,scheme_guideline,India,12,74,171,171,3.10.8,,,,,Eligibility Criteria:,eligibility,SHORT_CHUNK
PMFBY_2023_SEC_3_10_9,PMFBY_2023,child,scheme_guideline,India,34,222,171,171,3.10.9,,,,,Eligibility Criteria:,eligibility,
PMFBY_2023_SEC_3_10_10,PMFBY_2023,child,scheme_guideline,India,29,186,171,171,3.10.10,,,,,Eligibility Criteria:,eligibility,
PMFBY_2023_SEC_3_10_11,PMFBY_2023,child,scheme_guideline,India,56,339,171,171,3.10.11,,,,,Eligibility Criteria:,eligibility,
PMFBY_2023_SEC_3_10_12,PMFBY_2023,child,scheme_guideline,India,31,175,171,171,3.10.12,,,,,Eligibility Criteria:,claim;eligibility,
PMFBY_2023_SEC_4_002,PMFBY_2023,parent,scheme_guideline,India,2,20,171,171,4,,,,,Proxy-Indicators:,,SHORT_CHUNK
PMFBY_2023_SEC_4_1_1,PMFBY_2023,child,scheme_guideline,India,89,585,171,171,4.1.1,,,,,Proxy-Indicators:,claim;crop_loss;eligibility;reporting,
PMFBY_2023_SEC_5_002,PMFBY_2023,parent,scheme_guideline,India,4,29,171,171,5,,,,,Loss Assessment Procedure:,,SHORT_CHUNK
PMFBY_2023_SEC_5_1_002,PMFBY_2023,child,scheme_guideline,India,8,49,171,171,5.1,,,,,Loss Assessment Procedure:,claim;reporting,SHORT_CHUNK
PMFBY_2023_SEC_900,PMFBY_2023,child,scheme_guideline,India,54,350,171,171,,,,,,A. The State Governments/UT Administrations would notify crop-wise and the agro-,,
PMFBY_2023_SEC_5_2_002,PMFBY_2023,child,scheme_guideline,India,18,107,171,171,5.2,,,,,Loss Assessment Procedure:,reporting,SHORT_CHUNK
PMFBY_2023_SEC_902,PMFBY_2023,child,scheme_guideline,India,59,378,171,171,,,,,,"C. Intimation must contain details of insured farmer's name, affected survey number-",crop_insurance;reporting,
PMFBY_2023_SEC_903,PMFBY_2023,child,scheme_guideline,India,38,206,172,172,,,,,,"D. Premium payment veriﬁcation to be done from the NCIP and in case of need, may be",premium;timeline,
PMFBY_2023_SEC_904,PMFBY_2023,child,scheme_guideline,India,27,193,172,172,,,,,,E. Mobile application may be used for reporting incidence of localized calamities for,reporting,DUPLICATE_TEXT
PMFBY_2023_SEC_5_2_003,PMFBY_2023,child,scheme_guideline,India,38,233,172,172,5.2,,,,,Loss Assessment Procedure:,claim,
PMFBY_2023_SEC_5_3_002,PMFBY_2023,child,scheme_guideline,India,39,260,172,172,5.3,,,,,Loss Assessment Procedure:,crop_loss,
PMFBY_2023_SEC_6_002,PMFBY_2023,parent,scheme_guideline,India,9,49,172,172,6,,,,,Channel of Reporting i.e. Whom to be Reported:,reporting,SHORT_CHUNK
PMFBY_2023_SEC_6_1,PMFBY_2023,child,scheme_guideline,India,128,866,172,172,6.1,,,,,Channel of Reporting i.e. Whom to be Reported:,crop_insurance;crop_loss;premium;reporting,
PMFBY_2023_SEC_6_2,PMFBY_2023,child,scheme_guideline,India,29,187,172,172,6.2,,,,,Channel of Reporting i.e. Whom to be Reported:,crop_insurance;reporting,
PMFBY_2023_SEC_6_3,PMFBY_2023,child,scheme_guideline,India,48,300,172,172,6.3,,,,,Channel of Reporting i.e. Whom to be Reported:,reporting,
PMFBY_2023_SEC_7_002,PMFBY_2023,parent,scheme_guideline,India,7,54,172,172,7,,,,,Documentary Evidence Required for Claim Assessment:,claim;documents,SHORT_CHUNK
PMFBY_2023_SEC_7_1,PMFBY_2023,child,scheme_guideline,India,71,438,172,172,7.1,,,,,Documentary Evidence Required for Claim Assessment:,claim;crop_insurance;crop_loss;documents;reporting;timeline,
PMFBY_2023_SEC_7_2,PMFBY_2023,child,scheme_guideline,India,90,600,172,173,7.2,,,,,Documentary Evidence Required for Claim Assessment:,claim;documents;reporting,
PMFBY_2023_SEC_8_002,PMFBY_2023,parent,scheme_guideline,India,9,58,173,173,8,,,,,Appointment of Loss Assessors by the Insurance Company:,,SHORT_CHUNK
PMFBY_2023_SEC_8_1_002,PMFBY_2023,child,scheme_guideline,India,98,700,173,173,8.1,,,,,Appointment of Loss Assessors by the Insurance Company:,,
PMFBY_2023_SEC_8_2_002,PMFBY_2023,child,scheme_guideline,India,24,159,173,173,8.2,,,,,Appointment of Loss Assessors by the Insurance Company:,,
PMFBY_2023_SEC_8_3_002,PMFBY_2023,child,scheme_guideline,India,87,525,173,173,8.3,,,,,Appointment of Loss Assessors by the Insurance Company:,claim;eligibility,
PMFBY_2023_SEC_9_002,PMFBY_2023,child,scheme_guideline,India,224,1307,173,173,9,,,,,Time Frame for Loss Assessment and Claims Payment:,claim;eligibility;pmfby;premium,
PMFBY_2023_ANNEXURE_II,PMFBY_2023,child,scheme_guideline,India,376,2229,174,175,,,,,,ANNEXURE - II,loans;reporting,TABLE_REVIEW
PMFBY_2023_ANNEXURE_III,PMFBY_2023,parent,scheme_guideline,India,682,3553,176,181,,,,,,ANNEXURE- III,claim,CONTEXT_PARENT;TABLE_REVIEW
PMFBY_2023_ANNEXURE_III_SUB_1,PMFBY_2023,child,scheme_guideline,India,227,1195,178,178,,,,,,ANNEXURE- III,,TABLE_REVIEW
PMFBY_2023_ANNEXURE_III_SUB_2,PMFBY_2023,child,scheme_guideline,India,280,1802,178,179,,,,,,ANNEXURE- III,crop_insurance;premium;timeline,TABLE_REVIEW
PMFBY_2023_ANNEXURE_III_SUB_3,PMFBY_2023,child,scheme_guideline,India,893,4519,179,181,,,,,,ANNEXURE- III,premium,TABLE_REVIEW
PMFBY_2023_ANNEXURE_IV,PMFBY_2023,child,scheme_guideline,India,1100,6673,182,185,,,,,,ANNEXURE- IV,appeal;claim;documents;eligibility;meetings;pmfby;timeline,LONG_CHUNK_NO_SAFE_SPLIT;TABLE_REVIEW
PMFBY_2023_ANNEXURE_V,PMFBY_2023,parent,scheme_guideline,India,8736,47422,186,210,,,,,,ANNEXURE- V,claim;crop_loss;eligibility;pmfby,CONTEXT_PARENT;LONG_CHUNK_NO_SAFE_SPLIT;TABLE_REVIEW
PMFBY_2023_ANNEXURE_V_SUB_1,PMFBY_2023,child,scheme_guideline,India,718,4558,206,207,,,,,,ANNEXURE- V,claim;crop_loss;eligibility,TABLE_REVIEW
PMFBY_2023_ANNEXURE_V_SUB_2,PMFBY_2023,child,scheme_guideline,India,1104,6596,208,210,,,,,,ANNEXURE- V,claim;crop_loss;eligibility,LONG_CHUNK_NO_SAFE_SPLIT;TABLE_REVIEW
PMFBY_2023_ANNEXURE_VL,PMFBY_2023,child,scheme_guideline,India,282,2091,211,213,,,,,,Annexure-Vl,crop_insurance;documents;loans;management;pmfby,
CRCS_OMBUDSMAN_DOC,CRCS_OMBUDSMAN,parent,grievance_guidance,Central,12,57,1,2,,,,,,,,CONTEXT_PARENT;SHORT_CHUNK
CRCS_OMBUDSMAN_CONTEXT_001,CRCS_OMBUDSMAN,child,grievance_guidance,Central,157,1032,1,1,,,,,,,appeal;complaint;deposits;membership;ombudsman;registrar,STRUCTURE_UNCERTAIN
CRCS_OMBUDSMAN_SEC_002,CRCS_OMBUDSMAN,child,grievance_guidance,Central,47,297,1,1,,,,,,How to file a Complaint,complaint;documents;form_vi;membership;ombudsman,
CRCS_OMBUDSMAN_SEC_003,CRCS_OMBUDSMAN,child,grievance_guidance,Central,47,274,1,1,,,,,,How to file an Appeal,appeal;complaint;membership;ombudsman,
CRCS_OMBUDSMAN_SEC_004,CRCS_OMBUDSMAN,child,grievance_guidance,Central,30,200,1,1,,,,,,Complaint or Appeal to the Cooperative Ombudsman shall be filed on the following address,appeal;complaint;ombudsman,
CRCS_OMBUDSMAN_SEC_005,CRCS_OMBUDSMAN,child,grievance_guidance,Central,86,573,1,2,,,,,,Complaint or Appeal to the Cooperative Ombudsman can also be filed online on the following e-mail address,appeal;complaint;management;ombudsman,
