chunk_id,source_id,record_type,word_count,page_start,page_end,section,rule,clause,heading,warning,audit_flags,severity,groups,text_excerpt
MSCS_ACT_2002_DOC,MSCS_ACT_2002,parent,6,6,77,,,,,CONTEXT_PARENT;SHORT_CHUNK,METADATA_REVIEW,REVIEW,B_SHORT,"The Multi-State Cooperative Societies Act, 2002"
MSCS_ACT_2002_CONTEXT_001,MSCS_ACT_2002,child,104,6,6,,,,,SECTION_IDENTIFIER_MISSING;STRUCTURE_UNCERTAIN,METADATA_REVIEW;MISSING_STRUCTURAL_ID;TOPIC_TAG_REVIEW,REVIEW,E_STRUCTURE,"The Multi-State Cooperative Societies Act, 2002

[Act No of 39 of 2002]

[3rd July 2002] An Act to consolidate and amend the law relating to cooperative societies, with objects not confined to one Sta"
MSCS_ACT_2002_SEC_1,MSCS_ACT_2002,child,89,6,6,1,,,"Short title, extent and commencement",,METADATA_REVIEW,REVIEW,,"Chapter I

Preliminary

1. Short title, extent and commencement

(1) This Act may be called the Multi-State Cooperative Societies Act,

2002.

(2) It extends to the whole of India.

(3) It shall come "
MSCS_ACT_2002_SEC_2,MSCS_ACT_2002,child,88,6,7,2,,,Application,,METADATA_REVIEW,REVIEW,,"2. Application

This Act shall apply to -

(a) all cooperative societies, with objects not confined to one State

which were incorporated before the commencement of this Act

(i) under the Cooperative"
MSCS_ACT_2002_SEC_3,MSCS_ACT_2002,child,661,7,8,3,,,Definitions,,METADATA_REVIEW,REVIEW,,"3. Definitions

In this Act, unless the context otherwise requires, -

(a) “area of operation” means the area from which the persons are

admitted as members;

(b) “board” means the board of directors"
MSCS_ACT_2002_SEC_4,MSCS_ACT_2002,child,147,8,9,4,,,Central Registrar,,METADATA_REVIEW,REVIEW,,"Chapter II

Central Registrar and Registration of Multi-State Cooperative Societies 4. Central Registrar

(1) The Central Government may appoint a person to be the Central

Registrar of Cooperative So"
MSCS_ACT_2002_SEC_5,MSCS_ACT_2002,child,89,9,9,5,,,Multi-state cooperative societies which may be registered,,METADATA_REVIEW;TOPIC_TAG_REVIEW,REVIEW,,"5. Multi-state cooperative societies which may be registered

(1) No multi-state cooperative society shall be registered under this

Act, unless,

(a) its main objects are to serve the interests of me"
MSCS_ACT_2002_SEC_6,MSCS_ACT_2002,child,264,9,10,6,,,Application for registration,,METADATA_REVIEW;TOPIC_TAG_REVIEW,REVIEW,,"6. Application for registration

(1) For the purposes of registration of a multi-state cooperative society

under this Act, an application shall be made to the Central Registrar in such form and with "
MSCS_ACT_2002_SEC_7,MSCS_ACT_2002,child,267,10,10,7,,,Registration,,METADATA_REVIEW;TOPIC_TAG_REVIEW,REVIEW,,"7. Registration

(1) If the Central Registrar is satisfied

(a) that the application complies with the provisions of this Act and

the rules;

(b) that the proposed multi-state cooperative society sat"
MSCS_ACT_2002_SEC_8,MSCS_ACT_2002,child,54,10,10,8,,,Registration certificate,,METADATA_REVIEW,REVIEW,,"8. Registration certificate

Where a multi-state cooperative society is registered under this Act, the Central Registrar shall issue a certificate of registration signed by him, which shall be conclus"
MSCS_ACT_2002_SEC_9,MSCS_ACT_2002,child,120,11,11,9,,,Multi-state cooperative society to be body corporate,,METADATA_REVIEW,REVIEW,,"9. Multi-state cooperative society to be body corporate

(1) The registration of a multi-state cooperative society shall render it a

body corporate by the name under which it is registered having per"
MSCS_ACT_2002_SEC_10,MSCS_ACT_2002,parent,520,11,12,10,,,Bye-laws of multi-state cooperative societies,,METADATA_REVIEW,REVIEW,,"10. Bye-laws of multi-state cooperative societies

(1) Every multi-state cooperative society may make its bye-laws

consistent with the provisions of this act and the rules made thereunder.

(2) In pa"
MSCS_ACT_2002_SEC_10_SUB_1,MSCS_ACT_2002,child,21,11,11,10,,,Bye-laws of multi-state cooperative societies,,METADATA_REVIEW,REVIEW,,"(1) Every multi-state cooperative society may make its bye-laws

consistent with the provisions of this act and the rules made thereunder."
MSCS_ACT_2002_SEC_10_SUB_2,MSCS_ACT_2002,child,493,11,12,10,,,Bye-laws of multi-state cooperative societies,,METADATA_REVIEW,REVIEW,,"(2) In particular, and without prejudice to the generality of the foregoing

power, such bye-laws may provide for all or any of the following matters, namely:

(a) the name, address and area of operat"
MSCS_ACT_2002_SEC_11,MSCS_ACT_2002,parent,627,12,14,11,,,Amendment of bye-laws of a multi-state cooperative society,,METADATA_REVIEW;TOPIC_TAG_REVIEW,REVIEW,,"11. Amendment of bye-laws of a multi-state cooperative society

(1) No amendment of any bye-law of a multi-state cooperative society

shall be valid, unless such amendment has been registered under th"
MSCS_ACT_2002_SEC_11_SUB_1,MSCS_ACT_2002,child,23,12,12,11,,,Amendment of bye-laws of a multi-state cooperative society,,METADATA_REVIEW,REVIEW,,"(1) No amendment of any bye-law of a multi-state cooperative society

shall be valid, unless such amendment has been registered under this Act."
MSCS_ACT_2002_SEC_11_SUB_2,MSCS_ACT_2002,child,34,12,12,11,,,Amendment of bye-laws of a multi-state cooperative society,,METADATA_REVIEW;TOPIC_TAG_REVIEW,REVIEW,,"(2) The amendment to the bye-laws of a multi-state cooperative society

shall be made by a resolution passed by a two-third majority of the members present and voting at general meeting of the society"
MSCS_ACT_2002_SEC_11_SUB_3,MSCS_ACT_2002,child,22,12,12,11,,,Amendment of bye-laws of a multi-state cooperative society,,METADATA_REVIEW;TOPIC_TAG_REVIEW,REVIEW,,"(3) No such resolution shall be valid unless fifteen clear days’ notice of

the proposed amendment has been given to the members."
MSCS_ACT_2002_SEC_11_SUB_4,MSCS_ACT_2002,child,237,13,13,11,,,Amendment of bye-laws of a multi-state cooperative society,,METADATA_REVIEW;TOPIC_TAG_REVIEW,REVIEW,,"(4) In every case in which a multi-state cooperative society proposes to

amend its bye-laws, an application to register such amendments shall be made to the Central Registrar together with-

(a) a co"
MSCS_ACT_2002_SEC_11_SUB_5,MSCS_ACT_2002,child,26,13,13,11,,,Amendment of bye-laws of a multi-state cooperative society,,METADATA_REVIEW,REVIEW,,"(5) Every such application shall be made within sixty days from the

date of the general meeting at which such amendment to the bye-laws was passed."
MSCS_ACT_2002_SEC_11_SUB_6,MSCS_ACT_2002,child,40,13,13,11,,,Amendment of bye-laws of a multi-state cooperative society,,METADATA_REVIEW,REVIEW,,"(6) The procedure given in sub-sections (2) to (5) of this section shall

apply to the amendment of the bye-laws of a cooperative society desiring to convert itself into a multi-state cooperative soci"
MSCS_ACT_2002_SEC_11_SUB_7,MSCS_ACT_2002,child,74,13,14,11,,,Amendment of bye-laws of a multi-state cooperative society,,METADATA_REVIEW;TOPIC_TAG_REVIEW,REVIEW,,"(7) If, on receipt of application under sub-section (5), the Central

Registrar is satisfied that the proposed amendment-

(a) is not contrary to the provisions of this Act or of the rules;

(b) does "
MSCS_ACT_2002_SEC_11_SUB_8,MSCS_ACT_2002,child,50,14,14,11,,,Amendment of bye-laws of a multi-state cooperative society,,METADATA_REVIEW,REVIEW,,"(8) The Central Registrar shall forward to the multi-state cooperative

society a copy of the registered amendment together with a certificate signed by him within a period of one month from the date "
MSCS_ACT_2002_SEC_11_SUB_9,MSCS_ACT_2002,child,112,14,14,11,,,Amendment of bye-laws of a multi-state cooperative society,,METADATA_REVIEW,REVIEW,,"(9) Where the Central Registrar refuses to register an amendment of

the bye-laws of a multi-state cooperative society, he shall communicate the order of refusal together with the reasons therefor to "
MSCS_ACT_2002_SEC_12,MSCS_ACT_2002,child,42,14,14,12,,,When amendment of bye-laws comes into force,,METADATA_REVIEW,REVIEW,,"12. When amendment of bye-laws comes into force

An amendment of the bye-laws of a multi-state cooperative society shall, unless it is expressed to come into operation on a particular day, come into f"
MSCS_ACT_2002_SEC_13,MSCS_ACT_2002,child,114,14,14,13,,,Change of name,,METADATA_REVIEW;TOPIC_TAG_REVIEW,REVIEW,,"13. Change of name

(1) A multi-state cooperative society may, by an amendment of its bye-

laws, change its name but such change shall not affect any right or obligation of the multi-state cooperativ"
MSCS_ACT_2002_SEC_14,MSCS_ACT_2002,child,31,15,15,14,,,Change of address,,METADATA_REVIEW,REVIEW,,14. Change of address Every multi-state cooperative society shall have principal place of business and an address registered in the manner prescribed to which all notices and communications may be sen
MSCS_ACT_2002_SEC_15,MSCS_ACT_2002,child,197,15,15,15,,,Publication of name by multi state cooperative society,,METADATA_REVIEW,REVIEW,,"15. Publication of name by multi state cooperative society Every multi-state cooperative society-

(a) shall paint or affix its name and the address of its registered office

and keep the same painted"
MSCS_ACT_2002_SEC_16,MSCS_ACT_2002,child,285,15,16,16,,,Liability,,METADATA_REVIEW;TOPIC_TAG_REVIEW,REVIEW,,"16. Liability

(1) No multi-state cooperative society with unlimited liability shall be

registered after the commencement of this Act:

Provided that where a multi-state cooperative society with unli"
MSCS_ACT_2002_SEC_17,MSCS_ACT_2002,parent,512,16,17,17,,,"Amalgamation or transfer of assets and liabilities, or division of",,METADATA_REVIEW;TOPIC_TAG_REVIEW,REVIEW,,"17. Amalgamation or transfer of assets and liabilities, or division of multi-state cooperative societies

(1) A multi-state cooperative society may, by a resolution passed by a

majority of not less t"
MSCS_ACT_2002_SEC_17_SUB_1,MSCS_ACT_2002,child,74,16,16,17,,,"Amalgamation or transfer of assets and liabilities, or division of",,METADATA_REVIEW;TOPIC_TAG_REVIEW,REVIEW,,"(1) A multi-state cooperative society may, by a resolution passed by a

majority of not less than two-thirds of the members, present and voting at a general meeting of the society held for the purpose"
MSCS_ACT_2002_SEC_17_SUB_2,MSCS_ACT_2002,child,44,16,16,17,,,"Amalgamation or transfer of assets and liabilities, or division of",,METADATA_REVIEW;TOPIC_TAG_REVIEW,REVIEW,,"(2) Any two or more multi-state cooperative societies may, by a

resolution passed by a majority of not less than two-thirds of the members present and voting at a general meeting of each such society"
MSCS_ACT_2002_SEC_17_SUB_3,MSCS_ACT_2002,child,31,16,16,17,,,"Amalgamation or transfer of assets and liabilities, or division of",,METADATA_REVIEW,REVIEW,,"(3) The resolution of a multi-state cooperative society under sub-

section (1) or sub-section (2) shall contain all particulars of the transfer or division or amalgamation, as the case may be."
MSCS_ACT_2002_SEC_17_SUB_4,MSCS_ACT_2002,child,77,16,16,17,,,"Amalgamation or transfer of assets and liabilities, or division of",,METADATA_REVIEW;TOPIC_TAG_REVIEW,REVIEW,,"(4) When a multi-state cooperative society has passed a resolution

under sub-section (1) or sub-section (2), it shall give notice thereof in writing to all the members and creditors, and, notwithstan"
MSCS_ACT_2002_SEC_17_SUB_5,MSCS_ACT_2002,child,31,17,17,17,,,"Amalgamation or transfer of assets and liabilities, or division of",,METADATA_REVIEW;TOPIC_TAG_REVIEW,REVIEW,,"(5) Any member or creditor who does not exercise his option within the

period specified in sub-section (4) shall be deemed to have assented to the proposals contained in the resolution."
MSCS_ACT_2002_SEC_17_SUB_6,MSCS_ACT_2002,child,63,17,17,17,,,"Amalgamation or transfer of assets and liabilities, or division of",,METADATA_REVIEW;TOPIC_TAG_REVIEW,REVIEW,,"(6) (a) A resolution passed by a multi-state cooperative society under

this section shall not take effect until the assent thereto of all the members and creditors has been obtained.

(b) The multi-s"
MSCS_ACT_2002_SEC_17_SUB_7,MSCS_ACT_2002,child,88,17,17,17,,,"Amalgamation or transfer of assets and liabilities, or division of",,METADATA_REVIEW;TOPIC_TAG_REVIEW,REVIEW,,"(7) On receipt of an application for the registration of new societies

formed by division in accordance with the resolution passed under sub-section (1) or of a new society formed by amalgamation in "
MSCS_ACT_2002_SEC_17_SUB_8,MSCS_ACT_2002,child,36,17,17,17,,,"Amalgamation or transfer of assets and liabilities, or division of",,METADATA_REVIEW,REVIEW,,"(8) On the issue of an order under sub-section (7), the provisions of

section 21 shall, so far as may be, apply to the multi-state cooperative society so divided or the multi-state cooperative societ"
MSCS_ACT_2002_SEC_17_SUB_9,MSCS_ACT_2002,child,54,17,17,17,,,"Amalgamation or transfer of assets and liabilities, or division of",,METADATA_REVIEW,REVIEW,,"(9) Where a resolution passed by a multi-state cooperative society

under this section involves the transfer of any assets and liabilities, the resolution shall, notwithstanding anything contained in "
MSCS_ACT_2002_SEC_18,MSCS_ACT_2002,child,94,17,17,18,,,Central Registrar to prepare scheme of amalgamation or,,METADATA_REVIEW;TOPIC_TAG_REVIEW,REVIEW,,"18. Central Registrar to prepare scheme of amalgamation or reorganisation of a cooperative bank in certain cases

When an order of moratorium has been made by the Central Government under sub-section "
MSCS_ACT_2002_SEC_19,MSCS_ACT_2002,child,235,18,18,19,,,Promotion of subsidiary institution,,METADATA_REVIEW;TOPIC_TAG_REVIEW,REVIEW,,"19. Promotion of subsidiary institution

(1) Any multi-state cooperative society may, by a resolution passed at

general meeting by a majority of members present and voting, promote one or more subsid"
MSCS_ACT_2002_SEC_20,MSCS_ACT_2002,child,144,18,19,20,,,Liability of a cooperative bank to deposit insurance and credit,,METADATA_REVIEW;TOPIC_TAG_REVIEW,REVIEW,,"20. Liability of a cooperative bank to deposit insurance and credit guarantee corporation

Notwithstanding anything contained in section 17 or any other provision of this Act, where a cooperative bank"
MSCS_ACT_2002_SEC_21,MSCS_ACT_2002,child,292,19,19,21,,,Cancellation of registration certificate of multi-state cooperative,,METADATA_REVIEW,REVIEW,,"21. Cancellation of registration certificate of multi-state cooperative societies in certain cases

(1) Where the whole of the assets and liabilities of a multi-state

cooperative society are transfer"
MSCS_ACT_2002_SEC_22,MSCS_ACT_2002,child,392,19,20,22,,,Conversion of a cooperative society into a multi-state cooperative,,METADATA_REVIEW;TOPIC_TAG_REVIEW,REVIEW,,"22. Conversion of a cooperative society into a multi-state cooperative society

(1) A cooperative society may, by an amendment of its bye-laws,

extend its jurisdiction and convert itself into a multi"
MSCS_ACT_2002_SEC_23,MSCS_ACT_2002,child,88,21,21,23,,,Registration of federal cooperative,,METADATA_REVIEW;TOPIC_TAG_REVIEW,REVIEW,,"Chapter III

Registration and Functions of Federal Cooperatives 23. Registration of federal cooperative

(1) Every federal cooperative shall obtain registration certification in

accordance with the p"
MSCS_ACT_2002_SEC_24,MSCS_ACT_2002,child,219,21,21,24,,,Functions of federal cooperative,,METADATA_REVIEW;TOPIC_TAG_REVIEW,REVIEW,,"24. Functions of federal cooperative

(1) Subject to the provisions of this Act and any other law for the time

being in force, a federal cooperative may discharge the functions to facilitate the volu"
MSCS_ACT_2002_SEC_25,MSCS_ACT_2002,child,335,22,22,25,,,Persons who may become members,,METADATA_REVIEW,REVIEW,,"Chapter IV

Members of Multi-state Cooperative Societies and their duties,

rights and liabilities

25. Persons who may become members

(1) No person shall be admitted as a member of a multi-state

co"
MSCS_ACT_2002_SEC_26,MSCS_ACT_2002,child,69,23,23,26,,,Nominal or associate members of society,,METADATA_REVIEW;TOPIC_TAG_REVIEW,REVIEW,,"26. Nominal or associate members of society

A multi-state cooperative society may, if provided in its bye-laws, admit a person as nominal or associate member:

Provided that no such nominal or associ"
MSCS_ACT_2002_SEC_27,MSCS_ACT_2002,child,34,23,23,27,,,Educational course for members,,METADATA_REVIEW;TOPIC_TAG_REVIEW,REVIEW,,"27. Educational course for members

(1) Every multi-state cooperative society shall organise cooperative

education programmes for its members, directors and employees.

(2) Every multi-state cooperat"
MSCS_ACT_2002_SEC_28,MSCS_ACT_2002,child,52,23,23,28,,,Members not to exercise rights till due payment made,,METADATA_REVIEW,REVIEW,,"28. Members not to exercise rights till due payment made

No member of a multi-state cooperative society shall exercise the rights of a member, unless he has made the payment to the society in respect"
MSCS_ACT_2002_SEC_29,MSCS_ACT_2002,child,113,23,23,29,,,Disqualification for member of a multi-state cooperative society,,METADATA_REVIEW;TOPIC_TAG_REVIEW,REVIEW,,"29. Disqualification for member of a multi-state cooperative society No person shall be eligible for being a member of a multi-state cooperative society if-

(a) his business is in conflict or competi"
MSCS_ACT_2002_SEC_30,MSCS_ACT_2002,child,113,23,24,30,,,Expulsion of members,,METADATA_REVIEW;TOPIC_TAG_REVIEW,REVIEW,,"30. Expulsion of members

(1) A multi-state cooperative society may, by resolution passed by a

majority of not less than two-thirds of the members present and voting at a general meeting of members h"
MSCS_ACT_2002_SEC_31,MSCS_ACT_2002,child,204,24,24,31,,,Vote of members,,METADATA_REVIEW,REVIEW,,"31. Vote of members

Every member of a multi-state cooperative society, including a member who is an employee of such society, shall have one vote in the affairs of the society:

Provided that-

(a) a"
MSCS_ACT_2002_SEC_32,MSCS_ACT_2002,child,82,24,24,32,,,Manner of Exercising Vote,,METADATA_REVIEW;TOPIC_TAG_REVIEW,REVIEW,,"32. Manner of Exercising Vote

Every member of a multi-state cooperative society shall exercise his vote in person and no member shall be permitted to vote by proxy:

Provided that a multi-state coope"
MSCS_ACT_2002_SEC_33,MSCS_ACT_2002,child,68,25,25,33,,,Restriction on holding of shares,,METADATA_REVIEW;TOPIC_TAG_REVIEW,REVIEW,,"33. Restriction on holding of shares

No member, other than the authorities referred to in clauses (c) to (g) of sub-section (1) of section 25 of a multi-state cooperative society or a cooperative soc"
MSCS_ACT_2002_SEC_34,MSCS_ACT_2002,child,40,25,25,34,,,Restriction on transfer of shares or interest,,METADATA_REVIEW;TOPIC_TAG_REVIEW,REVIEW,,"34. Restriction on transfer of shares or interest

The transfer of share or interest of a member in the capital of a multi-state cooperative society shall be subject to such conditions as to maximum h"
MSCS_ACT_2002_SEC_35,MSCS_ACT_2002,child,93,25,25,35,,,Redemption of shares,,METADATA_REVIEW,REVIEW,,"35. Redemption of shares

(1) Shares held in a multi-state cooperative society by any of the

authorities referred to in clauses (c) to (g) of sub-section (1) of section 25 shall be redeemable in acco"
MSCS_ACT_2002_SEC_36,MSCS_ACT_2002,child,210,25,26,36,,,Transfer of interest on death of members,,METADATA_REVIEW;TOPIC_TAG_REVIEW,REVIEW,,"36. Transfer of interest on death of members

(1) On the death of a member, a multi-state cooperative society may

transfer the share or interest of the deceased member to the person nominated in acco"
MSCS_ACT_2002_SEC_37,MSCS_ACT_2002,child,184,26,26,37,,,Liabilities of past member and estate of deceased member,,METADATA_REVIEW,REVIEW,,"37. Liabilities of past member and estate of deceased member

(1) Subject to the provisions of sub-section (2), the liability of a past

member or of the estate of a deceased member of a multi-state c"
MSCS_ACT_2002_SEC_38,MSCS_ACT_2002,child,322,26,27,38,,,"Constitution, powers and functions of general body",,METADATA_REVIEW;TOPIC_TAG_REVIEW,REVIEW,,"Chapter V

Direction and Management of Multi-State Cooperative Societies 38. Constitution, powers and functions of general body

(1) The general body of a multi-state cooperative society shall consist"
MSCS_ACT_2002_SEC_39,MSCS_ACT_2002,child,334,27,28,39,,,Annual general meeting of general body,,METADATA_REVIEW;TOPIC_TAG_REVIEW,REVIEW,,"39. Annual general meeting of general body

(1) The board of every multi-state cooperative society shall, within such

period as may be prescribed, and not later than six months after the close of the"
MSCS_ACT_2002_SEC_40,MSCS_ACT_2002,child,191,28,28,40,,,Special general meeting of general body,,METADATA_REVIEW;TOPIC_TAG_REVIEW,REVIEW,,"40. Special general meeting of general body

(1) The Chief Executive may, at any time, on the direction of the board,

call a special general meeting of the society and shall call such meeting within "
MSCS_ACT_2002_SEC_41,MSCS_ACT_2002,child,150,28,29,41,,,Board of directors,,METADATA_REVIEW;TOPIC_TAG_REVIEW,REVIEW,,"41. Board of directors

(1) Subject to the provisions of this Act and rules, there shall be a

board of directors for every multi-state cooperative society consisting of such number of members as spec"
MSCS_ACT_2002_SEC_42,MSCS_ACT_2002,child,70,29,29,42,,,Association of employees in management decision making process,,METADATA_REVIEW,REVIEW,,"42. Association of employees in management decision making process Every multi-state cooperative society shall devise such procedure, as may be specified in the bye-laws or in the administrative instr"
MSCS_ACT_2002_SEC_43,MSCS_ACT_2002,parent,667,29,31,43,,,Disqualifications for being a member of board,,METADATA_REVIEW;TOPIC_TAG_REVIEW,REVIEW,,"43. Disqualifications for being a member of board

(1) No member of any multi-state cooperative society or nominee of a

member, society or a national cooperative society shall be eligible for being c"
MSCS_ACT_2002_SEC_43_SUB_1,MSCS_ACT_2002,child,588,29,30,43,,,Disqualifications for being a member of board,,METADATA_REVIEW;TOPIC_TAG_REVIEW,REVIEW,,"(1) No member of any multi-state cooperative society or nominee of a

member, society or a national cooperative society shall be eligible for being chosen as, or for being, a member of the board of su"
MSCS_ACT_2002_SEC_43_SUB_2,MSCS_ACT_2002,child,71,30,31,43,,,Disqualifications for being a member of board,,METADATA_REVIEW;TOPIC_TAG_REVIEW,REVIEW,,"(2) A person shall not be eligible for being elected as member of board

of a multi-state cooperative society for a period of five years if the board of such multi-state cooperative society fails-

(a"
MSCS_ACT_2002_SEC_44,MSCS_ACT_2002,child,174,31,31,44,,,Prohibition to hold office of chairperson or president or vice,,METADATA_REVIEW;TOPIC_TAG_REVIEW,REVIEW,,"44. Prohibition to hold office of chairperson or president or vice-chairperson or vice president in certain cases

(1) No member of a board shall be eligible to be elected as the

chairperson or presi"
MSCS_ACT_2002_SEC_45,MSCS_ACT_2002,child,267,31,32,45,,,Elections of members of board,,METADATA_REVIEW;TOPIC_TAG_REVIEW,REVIEW,,"45. Elections of members of board

(1) The conduct of elections to the board of a multi-state cooperative

society shall be the responsibility of the existing board.

(2) The election of members of bo"
MSCS_ACT_2002_SEC_46,MSCS_ACT_2002,child,44,32,32,46,,,Holding of office in cooperative society,,METADATA_REVIEW,REVIEW,,"46. Holding of office in cooperative society Notwithstanding anything contained in this Act, no person shall be eligible to hold, at the same time, office of a president or chairperson or vice-preside"
MSCS_ACT_2002_SEC_47,MSCS_ACT_2002,child,95,32,32,47,,,Removal of elected members by general body,,METADATA_REVIEW;TOPIC_TAG_REVIEW,REVIEW,,"47. Removal of elected members by general body

An elected member of a board, who has acted adversely to the interests of multi-state cooperative society, may on the basis of a report of the Central R"
MSCS_ACT_2002_SEC_48,MSCS_ACT_2002,child,346,32,33,48,,,Nominee of Central Government or State Government on the board,,METADATA_REVIEW;TOPIC_TAG_REVIEW,REVIEW,,"48. Nominee of Central Government or State Government on the board

(1) Where the Central Government or a State Government has

subscribed to the share capital of a multi-state cooperative society, th"
MSCS_ACT_2002_SEC_49,MSCS_ACT_2002,child,236,33,34,49,,,Powers and functions of board,,METADATA_REVIEW,REVIEW,,"49. Powers and functions of board

(1) The board may exercise all such powers as may be necessary or

expedient for the purpose of carrying out its functions under this Act.

(2) Without prejudice to "
MSCS_ACT_2002_SEC_50,MSCS_ACT_2002,child,124,34,34,50,,,Meeting of board,,METADATA_REVIEW;TOPIC_TAG_REVIEW,REVIEW,,"50. Meeting of board

(1) The Chief Executive shall convene the meetings of the board at the

instance of the chairperson or president of the multi-state cooperative society.

(2) The total number of "
MSCS_ACT_2002_SEC_51,MSCS_ACT_2002,child,130,34,34,51,,,Chief Executive,,METADATA_REVIEW;TOPIC_TAG_REVIEW,REVIEW,,"51. Chief Executive

(1) There shall be a Chief Executive, by whatever designation called, of

every multi-state cooperative society to be appointed by the board and he shall be a full-time employee o"
MSCS_ACT_2002_SEC_52,MSCS_ACT_2002,child,264,35,35,52,,,Powers and functions of Chief Executive,,METADATA_REVIEW,REVIEW,,"52. Powers and functions of Chief Executive The Chief Executive shall under the general superintendence, direction and control of the board, exercise the powers and discharge the functions specified b"
MSCS_ACT_2002_SEC_53,MSCS_ACT_2002,child,78,35,35,53,,,Committees of board,,METADATA_REVIEW,REVIEW,,"53. Committees of board

(1) The board may, subject to such conditions as may be prescribed,

constitute an Executive Committee and other committees or sub-committees as may be considered necessary:

"
MSCS_ACT_2002_SEC_54,MSCS_ACT_2002,child,230,36,36,54,,,"Securing possession of records, etc",,METADATA_REVIEW;TOPIC_TAG_REVIEW,REVIEW,,"54. Securing possession of records, etc

(1) if-

(a) the records, including registers and books of account of a multi-

state cooperative society are likely to be tampered with or destroyed or the fu"
MSCS_ACT_2002_SEC_55,MSCS_ACT_2002,child,122,36,36,55,,,Charge and set-off in respect of share or contribution or interest of,,METADATA_REVIEW;TOPIC_TAG_REVIEW,REVIEW,,"Chapter VI

Privileges of Multi-State Cooperative Societies 55. Charge and set-off in respect of share or contribution or interest of members

A multi-state cooperative society shall have a charge on "
MSCS_ACT_2002_SEC_56,MSCS_ACT_2002,child,157,37,37,56,,,Share of contribution or interest not liable to attachment,,METADATA_REVIEW;TOPIC_TAG_REVIEW,REVIEW,,"56. Share of contribution or interest not liable to attachment

(1) Subject to the provisions of section 55, the share or contribution or

interest of a member or past or deceased member in the capita"
MSCS_ACT_2002_SEC_57,MSCS_ACT_2002,child,62,37,37,57,,,Register of members,,METADATA_REVIEW;TOPIC_TAG_REVIEW,REVIEW,,"57. Register of members Any register or list of members or shares kept by any multi-state cooperative society shall be prima facie evidence of any of the following particulars entered therein, namely:"
MSCS_ACT_2002_SEC_58,MSCS_ACT_2002,child,180,37,37,58,,,Admissibility of copy of entry as evidence,,METADATA_REVIEW,REVIEW,,"58. Admissibility of copy of entry as evidence

(1) A copy of any entry in a book of a multi-state cooperative society

regularly kept in the course of its business shall, if certified in such manner "
MSCS_ACT_2002_SEC_59,MSCS_ACT_2002,child,150,37,38,59,,,Exemption from compulsory registration of instruments,,METADATA_REVIEW,REVIEW,,"59. Exemption from compulsory registration of instruments

Nothing in clauses (b) and (c) of sub-section (1) of section 17 of the Registration Act, 1908 (16 of 1908) shall apply to-

(a) any instrumen"
MSCS_ACT_2002_SEC_60,MSCS_ACT_2002,child,333,38,38,60,,,Deduction from salary to meet multi-state cooperative society’s,,METADATA_REVIEW;TOPIC_TAG_REVIEW,REVIEW,,"60. Deduction from salary to meet multi-state cooperative society’s claim in certain cases

(1) Notwithstanding anything contained in any law for the time being in

force, a member of a multi-state co"
MSCS_ACT_2002_SEC_61,MSCS_ACT_2002,child,167,39,39,61,,,Government aid to multi-state cooperative societies,,METADATA_REVIEW,REVIEW,,"61. Government aid to multi-state cooperative societies

Notwithstanding anything contained in any law for the time being in force, the Central Government or a State Government, on receipt of request "
MSCS_ACT_2002_SEC_62,MSCS_ACT_2002,child,268,39,40,62,,,Funds not to be divided by way of profit,,METADATA_REVIEW;TOPIC_TAG_REVIEW,REVIEW,,"Chapter VII

Properties and Funds of Multi-State Cooperative Societies

62. Funds not to be divided by way of profit

(1) No part of the funds, other than net profits, of a multi-state

cooperative so"
MSCS_ACT_2002_SEC_63,MSCS_ACT_2002,child,208,40,40,63,,,Disposal of net profits,,METADATA_REVIEW;TOPIC_TAG_REVIEW,REVIEW,,"63. Disposal of net profits

(1) A multi-state cooperative society shall, out of its net profits in any

year-

(a) transfer an amount not less than twenty-five per cent, to the

reserve fund;

(b) cr"
MSCS_ACT_2002_SEC_64,MSCS_ACT_2002,child,222,40,41,64,,,Investment of funds,,METADATA_REVIEW,REVIEW,,"64. Investment of funds

A multi-state cooperative society may invest or deposit its funds-

(a) in a cooperative bank, state cooperative bank, cooperative land

development bank or central cooperativ"
MSCS_ACT_2002_SEC_65,MSCS_ACT_2002,child,38,41,41,65,,,Restriction on contribution,,METADATA_REVIEW,REVIEW,,"65. Restriction on contribution

No multi-state cooperative society shall make a contribution, either in money or in kind, whether directly or indirectly, to an institution which has an object of furt"
MSCS_ACT_2002_SEC_66,MSCS_ACT_2002,child,59,41,41,66,,,Restriction on loans,,METADATA_REVIEW;TOPIC_TAG_REVIEW,REVIEW,,"66. Restriction on loans

(1) A multi-state cooperative society, other than a cooperative bank,

shall not make a loan to a member on the security of his share or on the security of a non-member.

(2)"
MSCS_ACT_2002_SEC_67,MSCS_ACT_2002,child,163,41,42,67,,,Restrictions on borrowing,,METADATA_REVIEW,REVIEW,,"67. Restrictions on borrowing

(1) A multi-state cooperative society may receive deposits, raise loans

and receive grants from external sources to such extent and under such conditions as may be spec"
MSCS_ACT_2002_SEC_68,MSCS_ACT_2002,child,46,42,42,68,,,Restrictions on other transactions with non-members,,METADATA_REVIEW;TOPIC_TAG_REVIEW,REVIEW,,"68. Restrictions on other transactions with non-members

Save as provided in sections 66 and 67, the transaction of a multi-state cooperative society with any person other than a member, shall be subj"
MSCS_ACT_2002_SEC_69,MSCS_ACT_2002,child,129,42,42,69,,,Contributory provident fund,,METADATA_REVIEW,REVIEW,,"69. Contributory provident fund

(1) Subject to the provisions of the Employees’ Provident Fund and

Miscellaneous Provisions Act, 1952 (19 of 1952), a multi-state cooperative society having such numb"
MSCS_ACT_2002_SEC_70,MSCS_ACT_2002,parent,656,42,44,70,,,Appointment and remuneration of auditors,,METADATA_REVIEW;TOPIC_TAG_REVIEW,REVIEW,,"Chapter VIII

Audit, Inquiry, Inspection and Surcharge 70. Appointment and remuneration of auditors

(1) Every multi-state cooperative society shall cause to be audited by

an auditor referred to in s"
MSCS_ACT_2002_SEC_70_SUB_1,MSCS_ACT_2002,child,26,42,42,70,,,Appointment and remuneration of auditors,,METADATA_REVIEW,REVIEW,,"(1) Every multi-state cooperative society shall cause to be audited by

an auditor referred to in sub-section (2), its accounts at least once in each year."
MSCS_ACT_2002_SEC_70_SUB_2,MSCS_ACT_2002,child,83,43,43,70,,,Appointment and remuneration of auditors,,METADATA_REVIEW,REVIEW,,"(2) Every multi-state cooperative society shall, at each annual general

meeting, appoint an auditor or auditors to hold office from the conclusion of that meeting until the conclusion of the next ann"
MSCS_ACT_2002_SEC_70_SUB_3,MSCS_ACT_2002,child,41,43,43,70,,,Appointment and remuneration of auditors,,METADATA_REVIEW,REVIEW,,"(3) Every auditor appointed under sub-section (1) shall, within thirty

days of the receipt from the multi-state cooperative society of the intimation of his appointment, inform the Central Registrar "
MSCS_ACT_2002_SEC_70_SUB_4,MSCS_ACT_2002,child,111,43,43,70,,,Appointment and remuneration of auditors,,METADATA_REVIEW;TOPIC_TAG_REVIEW,REVIEW,,"(4) A retiring auditor shall be re-appointed unless-

(a) he is not qualified for re-appointment;

(b) he has given the multi-state cooperative society a notice in

writing of his unwillingness to be "
MSCS_ACT_2002_SEC_70_SUB_5,MSCS_ACT_2002,child,24,43,43,70,,,Appointment and remuneration of auditors,,METADATA_REVIEW;TOPIC_TAG_REVIEW,REVIEW,,"(5) Where at an annual general meeting no auditors are appointed or

re-appointed, the Central Registrar may appoint a person to fill the vacancy."
MSCS_ACT_2002_SEC_70_SUB_6,MSCS_ACT_2002,child,150,43,44,70,,,Appointment and remuneration of auditors,,METADATA_REVIEW;TOPIC_TAG_REVIEW,REVIEW,,"(6) First auditor or auditors of a multi-state cooperative society shall be

appointed by the board within one month of the date of registration of such society and the auditor or auditors so appointe"
MSCS_ACT_2002_SEC_70_SUB_7,MSCS_ACT_2002,child,79,44,44,70,,,Appointment and remuneration of auditors,,METADATA_REVIEW,REVIEW,,"(7) (a) The multi-state cooperative society may fill any causal vacancy

in the office of an auditor; but while any such vacancy continues, the remaining auditor or auditors, if any, may act:

Provide"
MSCS_ACT_2002_SEC_70_SUB_8,MSCS_ACT_2002,child,26,44,44,70,,,Appointment and remuneration of auditors,,METADATA_REVIEW,REVIEW,,"(8) Any auditor appointed under this section may be removed from

office before the expiry of his term by the multi-state cooperative society in general meeting."
MSCS_ACT_2002_SEC_70_SUB_9,MSCS_ACT_2002,child,103,44,44,70,,,Appointment and remuneration of auditors,,METADATA_REVIEW,REVIEW,,"(9) The remuneration of the auditors of a multi-state cooperative

society-

(a) in the case of an auditor appointed by the board or the Central

Registrar may be fixed by the board or the Central Reg"
MSCS_ACT_2002_SEC_71,MSCS_ACT_2002,child,241,44,45,71,,,Provision as to resolutions for appointing or removing auditors,,METADATA_REVIEW;TOPIC_TAG_REVIEW,REVIEW,,"71. Provision as to resolutions for appointing or removing auditors

(1) A special notice shall be required for a resolution at an annual

general meeting appointing as auditor a person other than a r"
MSCS_ACT_2002_SEC_72,MSCS_ACT_2002,child,213,45,45,72,,,Qualifications and disqualifications of auditors,,METADATA_REVIEW;TOPIC_TAG_REVIEW,REVIEW,,"72. Qualifications and disqualifications of auditors

(1) A person shall not be qualified for appointment as an auditor of a

multi-state cooperative society unless he is a chartered accountant within"
MSCS_ACT_2002_SEC_73,MSCS_ACT_2002,parent,593,45,47,73,,,Powers and duties of auditors,,METADATA_REVIEW;TOPIC_TAG_REVIEW,REVIEW,,"73. Powers and duties of auditors

(1) Every auditor of a multi-state cooperative society shall have a right

of access at all times to the books, accounts and vouchers of the multi-state cooperative "
MSCS_ACT_2002_SEC_73_SUB_1,MSCS_ACT_2002,child,77,45,46,73,,,Powers and duties of auditors,,METADATA_REVIEW,REVIEW,,"(1) Every auditor of a multi-state cooperative society shall have a right

of access at all times to the books, accounts and vouchers of the multi-state cooperative society, whether kept at the head o"
MSCS_ACT_2002_SEC_73_SUB_2,MSCS_ACT_2002,child,154,46,46,73,,,Powers and duties of auditors,,METADATA_REVIEW;TOPIC_TAG_REVIEW,REVIEW,,"(2) Without prejudice to provisions of sub-section (1), the auditor shall

inquire,-

(a) whether loans and advances made by the multi-state

cooperative society on the basis of security have been pro"
MSCS_ACT_2002_SEC_73_SUB_3,MSCS_ACT_2002,child,155,46,46,73,,,Powers and duties of auditors,,METADATA_REVIEW;TOPIC_TAG_REVIEW,REVIEW,,"(3) The auditor shall make a report to the members of the multi-state

cooperative society on the accounts examined by him and on every balance-sheet and profit and loss account and on every other doc"
MSCS_ACT_2002_SEC_73_SUB_4,MSCS_ACT_2002,child,154,46,47,73,,,Powers and duties of auditors,,METADATA_REVIEW,REVIEW,,"(4) The auditor’s report shall also state-

(a) whether he has obtained all the information and explanations

which to the best of his knowledge and belief were necessary for the purposes of his audit"
MSCS_ACT_2002_SEC_73_SUB_5,MSCS_ACT_2002,child,47,47,47,73,,,Powers and duties of auditors,,METADATA_REVIEW;TOPIC_TAG_REVIEW,REVIEW,,"(5) Where any of the matters referred to in clauses (a) and (b) of sub-

section (3) or in clauses (a), (b), (c) and (d) of sub-section (4) is answered in the negative or with a qualification, the aud"
MSCS_ACT_2002_SEC_74,MSCS_ACT_2002,child,46,47,47,74,,,Signature of audit report etc,,METADATA_REVIEW,REVIEW,,"74. Signature of audit report etc

Only the person appointed as an auditor of the multi-state cooperative society shall sign the auditor’s report, or sign or authenticate any other document of the mul"
MSCS_ACT_2002_SEC_75,MSCS_ACT_2002,child,36,47,47,75,,,Reading and inspection of auditor’s report,,METADATA_REVIEW;TOPIC_TAG_REVIEW,REVIEW,,"75. Reading and inspection of auditor’s report

The auditor’s report shall be read before the multi-state cooperative society in the general meeting and shall be open to inspection by any member of th"
MSCS_ACT_2002_SEC_76,MSCS_ACT_2002,child,84,47,47,76,,,Right of auditor to attend general meeting,,METADATA_REVIEW;TOPIC_TAG_REVIEW,REVIEW,,"76. Right of auditor to attend general meeting

All notices of, and other communications relating to, any general meeting of a multi-state cooperative society, which any member of the multi-state coop"
MSCS_ACT_2002_SEC_77,MSCS_ACT_2002,parent,604,47,49,77,,,Power of Central Government to direct special audit in certain,,METADATA_REVIEW;TOPIC_TAG_REVIEW,REVIEW,,"77. Power of Central Government to direct special audit in certain cases

(1) Where the Central Government is of the opinion-

(a) that the affairs of any multi-state cooperative society are not

bein"
MSCS_ACT_2002_SEC_77_SUB_1,MSCS_ACT_2002,child,223,47,48,77,,,Power of Central Government to direct special audit in certain,,METADATA_REVIEW,REVIEW,,"(1) Where the Central Government is of the opinion-

(a) that the affairs of any multi-state cooperative society are not

being managed in accordance with self-help and mutual aid and cooperative prin"
MSCS_ACT_2002_SEC_77_SUB_2,MSCS_ACT_2002,child,32,48,48,77,,,Power of Central Government to direct special audit in certain,,METADATA_REVIEW,REVIEW,,"(2) The chartered accountant or the multi-state cooperative society’s

auditor appointed under sub-section (1) to conduct a special audit as aforesaid is hereafter in this section referred to as the s"
MSCS_ACT_2002_SEC_77_SUB_3,MSCS_ACT_2002,child,55,48,48,77,,,Power of Central Government to direct special audit in certain,,METADATA_REVIEW;TOPIC_TAG_REVIEW,REVIEW,,"(3) The special auditor shall have the same powers and duties in

relation to the special audit as an auditor of a multi-state cooperative society has under section 73:

Provided that the special audi"
MSCS_ACT_2002_SEC_77_SUB_4,MSCS_ACT_2002,child,53,48,48,77,,,Power of Central Government to direct special audit in certain,,METADATA_REVIEW;TOPIC_TAG_REVIEW,REVIEW,,"(4) The report of the special auditor shall, as far as may be, include all

the matters required to be included in the auditors’ report under section 73 and, if the Central Government so directs, shal"
MSCS_ACT_2002_SEC_77_SUB_5,MSCS_ACT_2002,child,47,48,48,77,,,Power of Central Government to direct special audit in certain,,METADATA_REVIEW;TOPIC_TAG_REVIEW,REVIEW,,"(5) The Central Government may by order direct any person specified

in the order to furnish to the special auditor within such time as may be specified therein such information or additional informat"
MSCS_ACT_2002_SEC_77_SUB_6,MSCS_ACT_2002,child,123,48,49,77,,,Power of Central Government to direct special audit in certain,,METADATA_REVIEW;TOPIC_TAG_REVIEW,REVIEW,,"(6) On receipt of the report of the special auditor, the Central

Government may take such action on the report as it considers necessary in accordance with the provisions of this Act or any other law"
MSCS_ACT_2002_SEC_77_SUB_7,MSCS_ACT_2002,child,59,49,49,77,,,Power of Central Government to direct special audit in certain,,METADATA_REVIEW,REVIEW,,"(7) The expenses of, and incidental to, any special audit under this

section (including the remuneration of the special auditor) shall be determined by the Central Government which determination shal"
MSCS_ACT_2002_SEC_78,MSCS_ACT_2002,child,427,49,50,78,,,Inquiry by Central Registrar,,METADATA_REVIEW;TOPIC_TAG_REVIEW,REVIEW,,"78. Inquiry by Central Registrar

(1) The Central Registrar may, on a request from a federal cooperative

to which a multi-state cooperative society is affiliated or a creditor or not less than one-th"
MSCS_ACT_2002_SEC_79,MSCS_ACT_2002,child,296,50,51,79,,,Inspection of multi-state cooperative societies,,METADATA_REVIEW;TOPIC_TAG_REVIEW,REVIEW,,"79. Inspection of multi-state cooperative societies

(1) The Central Registrar may, on a request from a federal cooperative

to which a multi-state cooperative society is affiliated or a creditor or n"
MSCS_ACT_2002_SEC_80,MSCS_ACT_2002,child,125,51,51,80,,,Inspection of books of indebted multi-state cooperative societies,,METADATA_REVIEW,REVIEW,,"80. Inspection of books of indebted multi-state cooperative societies

(1) The Central Registrar shall, on the application of a creditor of a

multi-state cooperative society, inspect, or direct some "
MSCS_ACT_2002_SEC_81,MSCS_ACT_2002,child,125,51,51,81,,,Costs of inquiry and inspection,,METADATA_REVIEW;TOPIC_TAG_REVIEW,REVIEW,,"81. Costs of inquiry and inspection

Where an inquiry is held under section 78 or an inspection is made under section 79, the Central Registrar may apportion the costs, or such part of the costs, as h"
MSCS_ACT_2002_SEC_82,MSCS_ACT_2002,child,60,51,51,82,,,Recovery of costs,,METADATA_REVIEW;TOPIC_TAG_REVIEW,REVIEW,,"82. Recovery of costs

Any sum awarded by way of costs under section 81 may be recovered, on application to a magistrate having jurisdiction in the place where the person, from whom the money is claim"
MSCS_ACT_2002_SEC_83,MSCS_ACT_2002,child,316,52,52,83,,,"Repayment, etc",,METADATA_REVIEW,REVIEW,,"83. Repayment, etc

(1) If in the course of an audit, inquiry, inspection or the winding up of a

multi-state cooperative society, it is found that any person, who is or was entrusted with the organis"
MSCS_ACT_2002_SEC_84,MSCS_ACT_2002,parent,496,52,53,84,,,Reference of disputes,,METADATA_REVIEW;TOPIC_TAG_REVIEW,REVIEW,,"Chapter IX

Settlement of Disputes

84. Reference of disputes

(1) Notwithstanding anything contained in any other law for the time

being in force, if any dispute [other than a dispute regarding disc"
MSCS_ACT_2002_SEC_84_SUB_1,MSCS_ACT_2002,child,219,52,53,84,,,Reference of disputes,,METADATA_REVIEW;TOPIC_TAG_REVIEW,REVIEW,,"(1) Notwithstanding anything contained in any other law for the time

being in force, if any dispute [other than a dispute regarding disciplinary action taken by a multi-state cooperative society agai"
MSCS_ACT_2002_SEC_84_SUB_2,MSCS_ACT_2002,child,139,53,53,84,,,Reference of disputes,,METADATA_REVIEW;TOPIC_TAG_REVIEW,REVIEW,,"(2) For the purposes of sub-section (1), the following shall be deemed

to be disputes touching the constitution, management or business of a multi-state cooperative society, namely:-

(a) a claim by "
MSCS_ACT_2002_SEC_84_SUB_3,MSCS_ACT_2002,child,50,53,53,84,,,Reference of disputes,,METADATA_REVIEW,REVIEW,,"(3) If any question arises whether a dispute referred to arbitration under

this section is or is not a dispute touching the constitution, management or business of a multi-state cooperative society, "
MSCS_ACT_2002_SEC_84_SUB_4,MSCS_ACT_2002,child,29,53,53,84,,,Reference of disputes,,METADATA_REVIEW;TOPIC_TAG_REVIEW,REVIEW,,"(4) Where a dispute has been referred to arbitration under sub-section

(1), the same shall be settled or decided by the arbitrator to be appointed by the Central Registrar."
MSCS_ACT_2002_SEC_84_SUB_5,MSCS_ACT_2002,child,50,53,53,84,,,Reference of disputes,,METADATA_REVIEW;TOPIC_TAG_REVIEW,REVIEW,,"(5) Save as otherwise provided under this Act, the provisions of the

Arbitration and Conciliation Act, 1996 (26 of 1996) shall apply to all arbitration under this Act as if the proceedings for arbitr"
MSCS_ACT_2002_SEC_85,MSCS_ACT_2002,child,268,54,54,85,,,Limitation,,METADATA_REVIEW;TOPIC_TAG_REVIEW,REVIEW,,"85. Limitation

(1) Notwithstanding anything contained in the Limitation Act, 1963, but

subject to the specific provisions made in this Act, the period of limitation in the case of a dispute referred"
MSCS_ACT_2002_SEC_86,MSCS_ACT_2002,child,340,54,55,86,,,Winding up of multi-state cooperative societies,,METADATA_REVIEW;TOPIC_TAG_REVIEW,REVIEW,,"Chapter X

Winding up of Multi-State Cooperative Society 86. Winding up of multi-state cooperative societies

(1) If the Central Registrar, after audit has been conducted under

section 70 or special "
MSCS_ACT_2002_SEC_87,MSCS_ACT_2002,child,64,55,55,87,,,Winding up of cooperative bank at the direction of Reserve Bank,,METADATA_REVIEW;TOPIC_TAG_REVIEW,REVIEW,,"87. Winding up of cooperative bank at the direction of Reserve Bank

Notwithstanding anything to the contrary contained elsewhere in this Act, the Central Registrar shall make an order for the winding"
MSCS_ACT_2002_SEC_88,MSCS_ACT_2002,child,88,55,55,88,,,Reimbursement to the Deposit Insurance Corporation by liquidator,,METADATA_REVIEW;TOPIC_TAG_REVIEW,REVIEW,,"88. Reimbursement to the Deposit Insurance Corporation by liquidator

Where a cooperative bank, being an insured bank within the meaning of the Deposit Insurance and Credit Guarantee Corporation Act, "
MSCS_ACT_2002_SEC_89,MSCS_ACT_2002,child,228,55,56,89,,,Liquidator,,METADATA_REVIEW,REVIEW,,"89. Liquidator

(1) Where the Central Registrar has made an order under section 86

for the winding up of multi-state cooperative society, the Central Registrar may appoint a liquidator for the purpos"
MSCS_ACT_2002_SEC_90,MSCS_ACT_2002,parent,602,56,57,90,,,Powers of liquidator,,METADATA_REVIEW;TOPIC_TAG_REVIEW,REVIEW,,"90. Powers of liquidator

(1) Subject to any rules made in this behalf, the whole of the assets of

a multi-state cooperative society in respect of which an order for winding up has been made, shall v"
MSCS_ACT_2002_SEC_90_SUB_1,MSCS_ACT_2002,child,63,56,56,90,,,Powers of liquidator,,METADATA_REVIEW,REVIEW,,"(1) Subject to any rules made in this behalf, the whole of the assets of

a multi-state cooperative society in respect of which an order for winding up has been made, shall vest in the liquidator appo"
MSCS_ACT_2002_SEC_90_SUB_2,MSCS_ACT_2002,child,496,56,57,90,,,Powers of liquidator,,METADATA_REVIEW;TOPIC_TAG_REVIEW,REVIEW,,"(2) Such liquidator shall also have power, subject to the control of the

Central Registrar-

(a) to institute and defend suits and other legal proceedings on

behalf of the multi-state cooperative so"
MSCS_ACT_2002_SEC_90_SUB_3,MSCS_ACT_2002,child,39,57,57,90,,,Powers of liquidator,,METADATA_REVIEW,REVIEW,,"(3) When the affairs of a multi-state cooperative society have been

wound up, the liquidator shall make a report to the Central Registrar and deposit the records of the society in such place as the C"
MSCS_ACT_2002_SEC_91,MSCS_ACT_2002,child,95,58,58,91,,,Disposal of surplus assets,,METADATA_REVIEW;TOPIC_TAG_REVIEW,REVIEW,,"91. Disposal of surplus assets

The surplus assets, as shown in the report of a liquidator of a multi-state cooperative society which is wound up-

(a) may, if the bye-laws of the multi-state cooperat"
MSCS_ACT_2002_SEC_92,MSCS_ACT_2002,child,50,58,58,92,,,Priority of contributions assessed by liquidator,,METADATA_REVIEW;TOPIC_TAG_REVIEW,REVIEW,,"92. Priority of contributions assessed by liquidator

Notwithstanding anything contained in any law relating to insolvency, the contribution assessed by a liquidator shall rank next to debts due to th"
MSCS_ACT_2002_SEC_93,MSCS_ACT_2002,child,98,58,58,93,,,Power of Central Registrar to cancel registration of a multi-state,,METADATA_REVIEW;TOPIC_TAG_REVIEW,REVIEW,,"93. Power of Central Registrar to cancel registration of a multi-state cooperative society

(1) The Central Registrar may, after considering the report of the

liquidator made to him under sub-section"
MSCS_ACT_2002_SEC_94,MSCS_ACT_2002,child,293,58,59,94,,,"Execution of decisions, etc",,METADATA_REVIEW,REVIEW,,"Chapter XI

Execution of Decrees, Orders and Decisions 94. Execution of decisions, etc

Every decision or order made under section 39 or section 40 or section 83 or section 99 or section 101 shall, if"
MSCS_ACT_2002_SEC_95,MSCS_ACT_2002,child,36,59,59,95,,,Execution of orders of liquidators,,METADATA_REVIEW;TOPIC_TAG_REVIEW,REVIEW,,"95. Execution of orders of liquidators

Every order made by the liquidator under section 90 shall be executed according to the law for the time being in force for the recovery of arrears of land reven"
MSCS_ACT_2002_SEC_96,MSCS_ACT_2002,child,125,59,59,96,,,Attachment before award,,METADATA_REVIEW;TOPIC_TAG_REVIEW,REVIEW,,"96. Attachment before award

(1) Where the arbitrator is satisfied that a party to any reference made

to him under section 84 with intent to defeat or delay the execution of any decision that may be "
MSCS_ACT_2002_SEC_97,MSCS_ACT_2002,child,96,60,60,97,,,Central Registrar or arbitrator or person authorised to be civil court,,METADATA_REVIEW;TOPIC_TAG_REVIEW,REVIEW,,"97. Central Registrar or arbitrator or person authorised to be civil court for certain purposes

The Central Registrar or the arbitrator or any person authorised by him in writing in this behalf shall"
MSCS_ACT_2002_SCHEDULE_099,MSCS_ACT_2002,child,187,60,60,,,,"Schedule to the Limitation Act, 1963 (36 of 1963).",,METADATA_REVIEW;TOPIC_TAG_REVIEW,REVIEW,,"Schedule to the Limitation Act, 1963 (36 of 1963). 98. Recovery of sums due to Government

(1) All sums due from a multi-state cooperative society, or from an

officer or member or past member of a mu"
MSCS_ACT_2002_SEC_99,MSCS_ACT_2002,child,307,60,61,99,,,Appeals,,METADATA_REVIEW,REVIEW,,"Chapter XII

Appeals and Review 99. Appeals

(1) Subject to the provisions of section 100, an appeal shall lie under

this section against-

(a) an order made by the Central Registrar under sub-sectio"
MSCS_ACT_2002_SEC_100,MSCS_ACT_2002,child,78,61,61,100,,,No appeal in certain cases,,METADATA_REVIEW;TOPIC_TAG_REVIEW,REVIEW,,"100. No appeal in certain cases Notwithstanding anything contained in this Act, where, with the previous sanction in writing of, or on requisition by, the Reserve Bank, a cooperative bank-

(a) is bei"
MSCS_ACT_2002_SEC_101,MSCS_ACT_2002,child,179,61,62,101,,,Review,,METADATA_REVIEW;TOPIC_TAG_REVIEW,REVIEW,,"101. Review

(1) The appellate authority referred to under section 99, may, on the

application of any party, review its own order in any case and pass in reference thereto such orders as it thinks fi"
MSCS_ACT_2002_SEC_102,MSCS_ACT_2002,child,46,62,62,102,,,Interlocutory orders,,METADATA_REVIEW;TOPIC_TAG_REVIEW,REVIEW,,"102. Interlocutory orders

Where an appeal is made under section 99, the appellate authority may in order to prevent the ends of justice being defeated, make such interlocutory orders, including an or"
MSCS_ACT_2002_SEC_103,MSCS_ACT_2002,parent,578,62,63,103,,,Cooperative societies functioning immediately before,,METADATA_REVIEW;TOPIC_TAG_REVIEW,REVIEW,,"Chapter XIII

Societies which become Multi-State Cooperative Societies

Consequent on Reorganisation of States 103. Cooperative societies functioning immediately before reorganisation of states

(1) W"
MSCS_ACT_2002_SEC_103_SUB_1,MSCS_ACT_2002,child,106,62,62,103,,,Cooperative societies functioning immediately before,,METADATA_REVIEW,REVIEW,,"(1) Where, by virtue of the provisions of Part II of the State

Reorganisation Act, 1956 (37 of 1956) or any other enactment relating to reorganisation of states, any cooperative society which immedia"
MSCS_ACT_2002_SEC_103_SUB_2,MSCS_ACT_2002,child,169,62,63,103,,,Cooperative societies functioning immediately before,,METADATA_REVIEW,REVIEW,,"(2) If it appears to the Central Registrar or any officer authorised in this

behalf by the Central Government (hereafter in this section referred to as the authorised officer) that it is necessary or"
MSCS_ACT_2002_SEC_103_SUB_3,MSCS_ACT_2002,child,88,63,63,103,,,Cooperative societies functioning immediately before,,METADATA_REVIEW;TOPIC_TAG_REVIEW,REVIEW,,"(3) If the scheme is sanctioned by a resolution passed by a majority of

the members present at the said meeting, either without modifications or with modifications to which the Central Registrar or t"
MSCS_ACT_2002_SEC_103_SUB_4,MSCS_ACT_2002,child,110,63,63,103,,,Cooperative societies functioning immediately before,,METADATA_REVIEW,REVIEW,,"(4) If the scheme is not sanctioned under sub-section (3), the Central

Registrar or the authorised officer may refer the scheme to such judge of the appropriate High Court, as may be nominated in thi"
MSCS_ACT_2002_SEC_103_SUB_5,MSCS_ACT_2002,child,83,63,63,103,,,Cooperative societies functioning immediately before,,METADATA_REVIEW;TOPIC_TAG_REVIEW,REVIEW,,"(5) Notwithstanding anything contained in this section, where a scheme

under sub-section (2) includes any proposal regarding the transfer of the assets and liabilities of any multi-state cooperative "
MSCS_ACT_2002_SEC_104,MSCS_ACT_2002,parent,574,64,65,104,,,Offences and penalties,,METADATA_REVIEW;TOPIC_TAG_REVIEW,REVIEW,,"Chapter XIV

Offences and Penalties 104. Offences and penalties

(1) A multi-state cooperative society or an officer or member thereof

wilfully making a false return or furnishing false information, "
MSCS_ACT_2002_SEC_104_SUB_1,MSCS_ACT_2002,child,88,64,64,104,,,Offences and penalties,,METADATA_REVIEW;TOPIC_TAG_REVIEW,REVIEW,,"(1) A multi-state cooperative society or an officer or member thereof

wilfully making a false return or furnishing false information, or any person wilfully or without any reasonable excuse disobeyin"
MSCS_ACT_2002_SEC_104_SUB_2,MSCS_ACT_2002,child,72,64,64,104,,,Offences and penalties,,METADATA_REVIEW;TOPIC_TAG_REVIEW,REVIEW,,"(2) Any employer who, without sufficient cause, fails to pay to a multi-

state cooperative society the amount deducted by him under section 60 within a period of fourteen days from the date on which "
MSCS_ACT_2002_SEC_104_SUB_3,MSCS_ACT_2002,child,102,64,64,104,,,Offences and penalties,,METADATA_REVIEW,REVIEW,,"(3) Any officer or custodian who wilfully fails to hand over custody of

books, accounts, documents, records, cash, security and other property belonging to a multi-state cooperative society of which "
MSCS_ACT_2002_SEC_104_SUB_4,MSCS_ACT_2002,child,303,64,65,104,,,Offences and penalties,,METADATA_REVIEW;TOPIC_TAG_REVIEW,REVIEW,,"(4) Whoever, before, during or after the election of delegates under the

proviso to sub-section (1) of section 38 or election of members of the board,-

(a) fraudulently defaces or fraudulently destr"
MSCS_ACT_2002_SEC_105,MSCS_ACT_2002,child,64,65,65,105,,,Cognizance of offences,,METADATA_REVIEW;TOPIC_TAG_REVIEW,REVIEW,,"105. Cognizance of offences

(1) No court inferior to that of a Metropolitan Magistrate or a Judicial

Magistrate of the first class shall try any offence under this Act.

(2) No prosecution for offen"
MSCS_ACT_2002_SEC_106,MSCS_ACT_2002,child,51,65,65,106,,,"Copies of bye-laws, etc, to be open to inspection",,METADATA_REVIEW;TOPIC_TAG_REVIEW,REVIEW,,"Chapter XV

Miscellaneous

106. Copies of bye-laws, etc, to be open to inspection Every multi-state cooperative society shall keep a copy of the rules and its bye-laws and also a list of its members o"
MSCS_ACT_2002_SEC_107,MSCS_ACT_2002,child,141,65,66,107,,,"Place of keeping and inspection of, registers and returns",,METADATA_REVIEW;TOPIC_TAG_REVIEW,REVIEW,,"107. Place of keeping and inspection of, registers and returns

(1) The register of members commencing from the date of the

registration of multi-state cooperative society, the index of members, the "
MSCS_ACT_2002_SEC_108,MSCS_ACT_2002,parent,493,66,67,108,,,"Inspection of books of account, etc., of multi-state cooperative",,METADATA_REVIEW;TOPIC_TAG_REVIEW,REVIEW,,"108. Inspection of books of account, etc., of multi-state cooperative society

(1) The books of account and other books and papers of every multi-

state cooperative society shall be open to inspectio"
MSCS_ACT_2002_SEC_108_SUB_1,MSCS_ACT_2002,child,76,66,66,108,,,"Inspection of books of account, etc., of multi-state cooperative",,METADATA_REVIEW;TOPIC_TAG_REVIEW,REVIEW,,"(1) The books of account and other books and papers of every multi-

state cooperative society shall be open to inspection during business hours-

(i) by the Central Registrar, or

(ii) by such office"
MSCS_ACT_2002_SEC_108_SUB_2,MSCS_ACT_2002,child,84,66,66,108,,,"Inspection of books of account, etc., of multi-state cooperative",,METADATA_REVIEW,REVIEW,,"(2) It shall be the duty of every director, other officer or employee of the

multi-state cooperative society to produce to the person making inspection under sub-section (1), all such books of accoun"
MSCS_ACT_2002_SEC_108_SUB_3,MSCS_ACT_2002,child,47,66,66,108,,,"Inspection of books of account, etc., of multi-state cooperative",,METADATA_REVIEW,REVIEW,,"(3) It shall also be the duty of every director, other officer or employee

of the multi-state cooperative society to give to the person making inspection under this section all assistance in connecti"
MSCS_ACT_2002_SEC_108_SUB_4,MSCS_ACT_2002,child,53,66,67,108,,,"Inspection of books of account, etc., of multi-state cooperative",,METADATA_REVIEW,REVIEW,,"(4) The person making the inspection under this section may, during

the course of inspection,-

(j) make or cause to be made copies of books of account and other books and papers; or

(ii) place or c"
MSCS_ACT_2002_SEC_108_SUB_5,MSCS_ACT_2002,child,127,67,67,108,,,"Inspection of books of account, etc., of multi-state cooperative",,METADATA_REVIEW,REVIEW,,"(5) Notwithstanding anything contained in any other law for the time

being in force or any contract to the contrary, the Central Registrar or an officer authorised under clause (ii) of sub-section (1"
MSCS_ACT_2002_SEC_108_SUB_6,MSCS_ACT_2002,child,95,67,67,108,,,"Inspection of books of account, etc., of multi-state cooperative",,METADATA_REVIEW,REVIEW,,"(6) Where an inspection of the books of account and other books and

papers of the multi-state cooperative society has been made under this section, the Central Registrar or an officer authorised unde"
MSCS_ACT_2002_SEC_110,MSCS_ACT_2002,child,414,67,68,110,,,Minutes of proceedings of general meetings and of board and other,,METADATA_REVIEW;TOPIC_TAG_REVIEW,REVIEW,,"110. Minutes of proceedings of general meetings and of board and other meetings

(1) Every multi-state cooperative society shall cause minutes of all

proceedings of every general meeting and of all p"
MSCS_ACT_2002_SEC_111,MSCS_ACT_2002,child,25,68,68,111,,,Minutes to be evidence,,METADATA_REVIEW;TOPIC_TAG_REVIEW,REVIEW,,"111. Minutes to be evidence

Minutes of meetings kept in accordance with the provision of section 110 shall be evidence of the proceedings recorded therein."
MSCS_ACT_2002_SEC_112,MSCS_ACT_2002,child,93,68,69,112,,,Presumptions to be drawn where minutes duly and signed,,METADATA_REVIEW,REVIEW,,"112. Presumptions to be drawn where minutes duly and signed

Where minutes of the proceedings of any general meeting of the multi-state cooperative society or of any meeting its board or a committee o"
MSCS_ACT_2002_SEC_113,MSCS_ACT_2002,child,52,69,69,113,,,Inspection of minutes book of general meetings,,METADATA_REVIEW;TOPIC_TAG_REVIEW,REVIEW,,"113. Inspection of minutes book of general meetings

The books containing the minutes of the proceedings of any general meeting or a multi-state cooperative society shall-

(a) be kept at the register"
MSCS_ACT_2002_SEC_114,MSCS_ACT_2002,child,39,69,69,114,,,Liquidator to be public servant,,METADATA_REVIEW;TOPIC_TAG_REVIEW,REVIEW,,"114. Liquidator to be public servant

Any person appointed as liquidator under the provisions of this Act shall be deemed to be a public servant within the meaning of section 21 of the Indian Penal Co"
MSCS_ACT_2002_SEC_115,MSCS_ACT_2002,child,95,69,69,115,,,Notice necessary in suits,,METADATA_REVIEW,REVIEW,,"115. Notice necessary in suits

No suit shall be instituted against a multi-state cooperative society or any of its officers in respect of any act touching the constitution, management or the business"
MSCS_ACT_2002_SEC_116,MSCS_ACT_2002,child,106,69,69,116,,,Power to amend Second Schedule,,METADATA_REVIEW,REVIEW,,"116. Power to amend Second Schedule

(1) If the Central Government is satisfied that any multi-state

cooperative society should be designate as a national cooperative society or any national cooperat"
MSCS_ACT_2002_SEC_117,MSCS_ACT_2002,child,136,69,70,117,,,Bar of jurisdiction of courts,,METADATA_REVIEW;TOPIC_TAG_REVIEW,REVIEW,,"117. Bar of jurisdiction of courts

(1) Save as otherwise provided in this Act, no court shall have

jurisdiction in respect of-

(a) the registration of a multi-state cooperative society or its bye-
"
MSCS_ACT_2002_SEC_118,MSCS_ACT_2002,child,48,70,70,118,,,Indemnity,,METADATA_REVIEW;TOPIC_TAG_REVIEW,REVIEW,,"118. Indemnity

No suit, prosecution or other legal proceedings shall be against the Central Registrar or, any person subordinate to him or acting on his authority or against any other person, in resp"
MSCS_ACT_2002_SEC_119,MSCS_ACT_2002,child,43,70,70,119,,,Opening of branches,,METADATA_REVIEW,REVIEW,,"119. Opening of branches

Notwithstanding anything contained to the contrary in any law relating to cooperative societies in force in a state, a multi-state cooperative society, not being a cooperativ"
MSCS_ACT_2002_SEC_120,MSCS_ACT_2002,child,99,70,70,120,,,Filing of returns,,METADATA_REVIEW,REVIEW,,"120. Filing of returns

Every year within six months of the closure of the accounting year every multi-state cooperative society shall file the following returns with the Central Registrar, namely-

("
MSCS_ACT_2002_SEC_121,MSCS_ACT_2002,child,77,70,71,121,,,Certain Acts not to apply,,METADATA_REVIEW,REVIEW,,"121. Certain Acts not to apply

(1) The provisions of the Companies Act, 1956 (1 of 1956) and the

Monopolies and Restrictive Trade Practices Act, 1969 (54 of 1969) shall not apply to the multi-state "
MSCS_ACT_2002_SEC_122,MSCS_ACT_2002,child,153,71,71,122,,,Central Government’s power to give directions to specified multi,,METADATA_REVIEW;TOPIC_TAG_REVIEW,REVIEW,,"122. Central Government’s power to give directions to specified multi-state cooperative societies in public interest

If the Central Government is satisfied that in the public interest or for the purp"
MSCS_ACT_2002_SEC_123,MSCS_ACT_2002,parent,515,71,72,123,,,Supersession of board of specified multi-state cooperative society,,METADATA_REVIEW;TOPIC_TAG_REVIEW,REVIEW,,"123. Supersession of board of specified multi-state cooperative society

(1) If in the opinion of the Central Government, the board of any

specified multi-state cooperative society is persistently ma"
MSCS_ACT_2002_SEC_123_SUB_1,MSCS_ACT_2002,child,214,71,71,123,,,Supersession of board of specified multi-state cooperative society,,METADATA_REVIEW;TOPIC_TAG_REVIEW,REVIEW,,"(1) If in the opinion of the Central Government, the board of any

specified multi-state cooperative society is persistently making default or is negligent in the performance of the duties imposed on "
MSCS_ACT_2002_SEC_123_SUB_2,MSCS_ACT_2002,child,32,71,71,123,,,Supersession of board of specified multi-state cooperative society,,METADATA_REVIEW,REVIEW,,"(2) The Central Government may fix such remuneration for the

administrators, as he may think fit and the remuneration shall be paid out of the funds of the specified multi-state cooperative society."
MSCS_ACT_2002_SEC_123_SUB_3,MSCS_ACT_2002,child,62,72,72,123,,,Supersession of board of specified multi-state cooperative society,,METADATA_REVIEW,REVIEW,,"(3) The administrator shall, subject to the control of the Central

Government and to such instructions as it may from time to time give, have power to exercise all or any of the functions of the boar"
MSCS_ACT_2002_SEC_123_SUB_4,MSCS_ACT_2002,child,38,72,72,123,,,Supersession of board of specified multi-state cooperative society,,METADATA_REVIEW,REVIEW,,"(4) Save as otherwise provided in sub-section (5), the administrator

shall, before the expiry of his term of office, arrange for the constitution of a new board in accordance with the bye-laws of the"
MSCS_ACT_2002_SEC_123_SUB_5,MSCS_ACT_2002,child,86,72,72,123,,,Supersession of board of specified multi-state cooperative society,,METADATA_REVIEW,REVIEW,,"(5) If, at any time during the period the administrator is in office, the

Central Government considers it necessary or expedient so to do, it may, by order in writing giving reasons therefor, direct "
MSCS_ACT_2002_SEC_123_SUB_6,MSCS_ACT_2002,child,74,72,72,123,,,Supersession of board of specified multi-state cooperative society,,METADATA_REVIEW,REVIEW,,"(6) Where a specified multi-state cooperative society is indebted to any

financial institution, the Central Government shall, before taking any action, under sub-section (1) in respect of that societ"
MSCS_ACT_2002_SEC_124,MSCS_ACT_2002,child,725,72,74,124,,,Power to make rules,,METADATA_REVIEW;TOPIC_TAG_REVIEW,REVIEW,,"124. Power to make rules

(1) The Central Government may, by notification, make rules to carry

out the provisions of this Act.

(2) In particular, and without prejudice to the generality of the foreg"
MSCS_ACT_2002_SEC_125,MSCS_ACT_2002,child,97,74,74,125,,,Power to remove difficulties,,METADATA_REVIEW;TOPIC_TAG_REVIEW,REVIEW,,"125. Power to remove difficulties

(1) If any difficulty arises in giving effect to the provisions of this Act,

the Central Government may, by order published in the Official Gazette, make such provi"
MSCS_ACT_2002_SEC_126,MSCS_ACT_2002,child,414,74,75,126,,,Repeal and saving,,METADATA_REVIEW,REVIEW,,"126. Repeal and saving

(1) The Multi-State Cooperative Societies Act, 1984 (51 of 1984)is

hereby repealed.

(2) Without prejudice to the provisions contained in the General

Clauses Act, 1897 (10 of"
MSCS_ACT_2002_SCHEDULE_127,MSCS_ACT_2002,child,280,76,76,,,,The First Schedule,,METADATA_REVIEW;TOPIC_TAG_REVIEW,REVIEW,,"The First Schedule

[See section 3(g)]

Cooperative Principles 1. Voluntary and Open Membership Cooperatives are voluntary organisations, open to all persons capable of using their services and willin"
MSCS_ACT_2002_SCHEDULE_128,MSCS_ACT_2002,child,203,77,77,,,,The Second Schedule,,METADATA_REVIEW;TOPIC_TAG_REVIEW,REVIEW,,"The Second Schedule

[See section 3(r) and 116]

List of national cooperative societies

1. National Cooperative Land Development Banks Federation Limited, Mumbai

2. National Federation of State Coop"
MSCS_AMD_2023_DOC,MSCS_AMD_2023,parent,4,1,23,,,,,CONTEXT_PARENT;DUPLICATE_TEXT;SHORT_CHUNK,DUPLICATE_TEXT;METADATA_REVIEW;TOPIC_TAG_REVIEW,REVIEW,B_SHORT,रजिस्ट्री सं. डी.एल.- 33004/99
MSCS_AMD_2023_CONTEXT_001,MSCS_AMD_2023,child,239,1,2,,,,,STRUCTURE_UNCERTAIN,METADATA_REVIEW,REVIEW,E_STRUCTURE,"रजिस्ट्री सं. डी.एल.- 33004/99 REGD. No. D. L.-33004/99

xxxGIDHxxx

सी.जी.-डी.एल.-अ.-03082023-247829

xxxGIDExxx

CG-DL-E-03082023-247829

असाधारण EXTRAORDINARY

भाग II—खण् ड 3—उप-खण् ड (ii) PART II—"
MSCS_AMD_2023_CONTEXT_002,MSCS_AMD_2023,child,229,2,2,,,,,STRUCTURE_UNCERTAIN,METADATA_REVIEW,REVIEW,E_STRUCTURE,"PART II — Section 1

izkf/kdkj ls izdkf'kr PUBLISHED BY AUTHORITY

lañ 14] ubZ fnYyh] c`gLifrokj] vxLr 3] 2023@Jko.k 12] 1945 ¼'kd½ NEW DELHI, THURSDAY, AUGUST 3, 2023/SRAVANA 12, 1945 (SAKA) No. 14]
"
MSCS_AMD_2023_ITEM_2,MSCS_AMD_2023,child,226,2,3,,,,"In section 3 of the Multi-State Co-operative Societies Act, 2002 (hereinafter referred",MULTIPLE_AMENDMENT_ACTIONS,METADATA_REVIEW,REVIEW,,"2. In section 3 of the Multi-State Co-operative Societies Act, 2002 (hereinafter referred

39 of 2002. Amendment of section 3.

to as the principal Act),––

(i) after clause (a), the following clause "
MSCS_AMD_2023_ITEM_3,MSCS_AMD_2023,child,414,3,4,,,,"In section 7 of the principal Act, for sub-sections (2) and (3), the following",,METADATA_REVIEW,REVIEW,,"3. In section 7 of the principal Act, for sub-sections (2) and (3), the following

Amendment of section 7.

sub-sections shall be substituted, namely:—

“(2) Without prejudice to the provisions of sub"
MSCS_AMD_2023_ITEM_4,MSCS_AMD_2023,child,33,4,4,,,,"In section 10 of the principal Act, in sub-section (2), in clause (a), for the word Amendment",,METADATA_REVIEW;TOPIC_TAG_REVIEW,REVIEW,,"4. In section 10 of the principal Act, in sub-section (2), in clause (a), for the word Amendment

of section 10.

“address”, the words and brackets “address, including e-mail address” shall be substit"
MSCS_AMD_2023_ITEM_5,MSCS_AMD_2023,child,41,4,4,,,,"In section 14 of the principal Act,",,METADATA_REVIEW;TOPIC_TAG_REVIEW,REVIEW,,"5. In section 14 of the principal Act,—

Amendment of section 14.

(i) for the marginal heading “Change of address”, the marginal heading “Address” shall be substituted;

(ii) for the word “address”, "
MSCS_AMD_2023_ITEM_6,MSCS_AMD_2023,child,90,4,4,,,,"In section 17 of the principal Act, after sub-section (9), the following sub-section Amendment of",,METADATA_REVIEW;TOPIC_TAG_REVIEW,REVIEW,,"6. In section 17 of the principal Act, after sub-section (9), the following sub-section Amendment of

section 17.

shall be inserted, namely:––

“(10) Any co-operative society may, by a resolution pas"
MSCS_AMD_2023_ITEM_7,MSCS_AMD_2023,child,38,4,4,,,,"In section 19 of the principal Act, in the Explanation, in clause (a),",,METADATA_REVIEW;TOPIC_TAG_REVIEW,REVIEW,,"7. In section 19 of the principal Act, in the Explanation, in clause (a),—

Amendment of section 19.

(i) in sub-clause (ii), the word “or” occurring at the end shall be omitted;

(ii) sub-clause (iii"
MSCS_AMD_2023_ITEM_8,MSCS_AMD_2023,child,82,4,4,,,,"In section 22 of the principal Act, in sub-section (5), for clause (c), the following Amendment of",,METADATA_REVIEW;TOPIC_TAG_REVIEW,REVIEW,,"8. In section 22 of the principal Act, in sub-section (5), for clause (c), the following Amendment of

section 22.

clause shall be substituted, namely:––

“(c) the co-operative society shall be deeme"
MSCS_AMD_2023_ITEM_9,MSCS_AMD_2023,child,116,4,4,,,,"In section 26 of the principal Act,",MULTIPLE_AMENDMENT_ACTIONS,METADATA_REVIEW;TOPIC_TAG_REVIEW,REVIEW,,"9. In section 26 of the principal Act,—

Amendment of section 26.

(i) in the proviso, the words “be entitled to subscribe the shares of such society or” shall be omitted;

(ii) after the proviso, the"
MSCS_AMD_2023_ITEM_10,MSCS_AMD_2023,child,57,4,4,,,,"In section 28 of the principal Act, for the words “to the society in respect of Amendment of",,METADATA_REVIEW,REVIEW,,"10. In section 28 of the principal Act, for the words “to the society in respect of Amendment of

section 28.

membership,”, the words “of all dues to the multi-State co-operative society including th"
MSCS_AMD_2023_ITEM_11,MSCS_AMD_2023,child,45,4,4,,,,"In section 29 of the principal Act, for clause (b), the following clause shall be Amendment of",,METADATA_REVIEW;TOPIC_TAG_REVIEW,REVIEW,,"11. In section 29 of the principal Act, for clause (b), the following clause shall be Amendment of

section 29.

substituted, namely:—

“(b) he fails to use the minimum level of the products or servic"
MSCS_AMD_2023_ITEM_12,MSCS_AMD_2023,child,30,4,5,,,,"In section 30 of the principal Act, in sub-section (2), for the words “one year”, the Amendment of",,METADATA_REVIEW;TOPIC_TAG_REVIEW,REVIEW,,"12. In section 30 of the principal Act, in sub-section (2), for the words “one year”, the Amendment of

section 30.

words “three years” shall be substituted. 4 [PART II—"
MSCS_AMD_2023_ITEM_13,MSCS_AMD_2023,child,170,5,5,,,,"For section 35 of the principal Act, the following section shall be substituted,",,METADATA_REVIEW,REVIEW,,"13. For section 35 of the principal Act, the following section shall be substituted,

Substitution of new section for

namely:––

section 35.

“35. (1) The shares of the authorities referred to in cla"
MSCS_AMD_2023_ITEM_14,MSCS_AMD_2023,child,29,5,5,,,,"In section 39 of the principal Act, in sub-section (1), after clause (o), the following",,METADATA_REVIEW;TOPIC_TAG_REVIEW,REVIEW,,"14. In section 39 of the principal Act, in sub-section (1), after clause (o), the following

Amendment of section 39.

clause shall be inserted, namely:—

“(p) appointment of auditor.”."
MSCS_AMD_2023_ITEM_15,MSCS_AMD_2023,child,458,5,6,,,,"In section 41 of the principal Act, for sub-section (3), the following sub-sections",,METADATA_REVIEW;TOPIC_TAG_REVIEW,REVIEW,,"15. In section 41 of the principal Act, for sub-section (3), the following sub-sections

Amendment of section 41.

shall be substituted, namely:––

‘(3) The board shall consist of such number of direc"
MSCS_AMD_2023_ITEM_16,MSCS_AMD_2023,child,386,6,7,,,,"In section 43 of the principal Act,",MULTIPLE_AMENDMENT_ACTIONS,METADATA_REVIEW;TOPIC_TAG_REVIEW,REVIEW,,"16. In section 43 of the principal Act,––

Amendment of section 43.

(i) in sub-section (1),––

(a) in clause (a), after the words “to be insolvent”, the words “or has been a director of an insolvent "
MSCS_AMD_2023_ITEM_17,MSCS_AMD_2023,child,1894,7,10,,,,"For section 45 of the principal Act, the following sections shall be substituted,",LONG_CHUNK_NO_SAFE_SPLIT,METADATA_REVIEW;TOPIC_TAG_REVIEW,REVIEW,A_LONG,"17. For section 45 of the principal Act, the following sections shall be substituted,

Substitution of new section

namely:––

for section 45.

‘45. (1) The Central Government shall, by notification, "
MSCS_AMD_2023_ITEM_18,MSCS_AMD_2023,child,114,10,11,,,,"In section 49 of the principal Act, in sub-section (2),",,METADATA_REVIEW;TOPIC_TAG_REVIEW,REVIEW,,"18. In section 49 of the principal Act, in sub-section (2),––

Amendment of section 49.

(i) after clause (a), the following clause shall be inserted, namely:––

“(aa) to elect the Chairperson and Vic"
MSCS_AMD_2023_ITEM_19,MSCS_AMD_2023,child,194,11,11,,,,"In section 50 of the principal Act,",MULTIPLE_AMENDMENT_ACTIONS,METADATA_REVIEW;TOPIC_TAG_REVIEW,REVIEW,,"19. In section 50 of the principal Act,––

Amendment of section 50.

(a) in sub-section (1), the following provisos shall be inserted, namely:––

“Provided that where such Chairperson or President fai"
MSCS_AMD_2023_ITEM_20,MSCS_AMD_2023,child,187,11,11,,,,"In section 51 of the principal Act, after sub-section (1), the following sub-section",,METADATA_REVIEW;TOPIC_TAG_REVIEW,REVIEW,,"20. In section 51 of the principal Act, after sub-section (1), the following sub-section

Amendment of section 51.

shall be inserted, namely:––

‘‘(1A) No multi-State co-operative society shall appoi"
MSCS_AMD_2023_ITEM_21,MSCS_AMD_2023,child,27,11,11,,,,"In section 52 of the principal Act, in clause (j), for the words “thirty days”, the",,METADATA_REVIEW;TOPIC_TAG_REVIEW,REVIEW,,"21. In section 52 of the principal Act, in clause (j), for the words “thirty days”, the

Amendment of section 52.

words “forty-five days” shall be substituted."
MSCS_AMD_2023_ITEM_22,MSCS_AMD_2023,child,73,11,12,,,,"In section 53 of the principal Act, for sub-section (1), the following sub-section",,METADATA_REVIEW,REVIEW,,"22. In section 53 of the principal Act, for sub-section (1), the following sub-section

Amendment of section 53.

shall be substituted, namely:––

“(1) The board may constitute an Executive Committee,"
MSCS_AMD_2023_ITEM_23,MSCS_AMD_2023,child,88,12,12,,,,"In section 63 of the principal Act, in sub-section (1), for clause (b), the following Amendment",,METADATA_REVIEW;TOPIC_TAG_REVIEW,REVIEW,,"23. In section 63 of the principal Act, in sub-section (1), for clause (b), the following Amendment

of section 63.

clause shall be substituted, namely:––

“(b) credit annually one per cent. of net p"
MSCS_AMD_2023_ITEM_24,MSCS_AMD_2023,child,583,12,13,,,,"After section 63 of the principal Act, the following sections shall be inserted, Insertion of",,METADATA_REVIEW;TOPIC_TAG_REVIEW,REVIEW,,"24. After section 63 of the principal Act, the following sections shall be inserted, Insertion of

new sections

namely:––

63A, 63B and 63C.

‘63A. (1) The Central Government shall establish a Fund, "
MSCS_AMD_2023_ITEM_25,MSCS_AMD_2023,child,194,13,13,,,,"In section 64 of the principal Act,",MULTIPLE_AMENDMENT_ACTIONS,METADATA_REVIEW,REVIEW,,"25. In section 64 of the principal Act,—

Amendment of section 64.

(i) for clause (b), the following clause shall be substituted, namely:—

“(b) in any of the securities issued by the Central Governm"
MSCS_AMD_2023_ITEM_26,MSCS_AMD_2023,child,39,13,13,,,,"In section 67 of the principal Act, in sub-section (1), in the first proviso, for the",,METADATA_REVIEW;TOPIC_TAG_REVIEW,REVIEW,,"26. In section 67 of the principal Act, in sub-section (1), in the first proviso, for the

Amendment of section 67.

words “ten times”, the words “such multiples as may be determined by the Central Go"
MSCS_AMD_2023_ITEM_27,MSCS_AMD_2023,child,231,13,14,,,,"In section 70 of the principal Act,",MULTIPLE_AMENDMENT_ACTIONS,METADATA_REVIEW,REVIEW,,"27. In section 70 of the principal Act,––

Amendment of section 70.

(a) in sub-section (2), for the proviso, the following provisos shall be substituted, namely:—

“Provided that such auditors or aud"
MSCS_AMD_2023_ITEM_28,MSCS_AMD_2023,child,80,14,14,,,,"After section 70 of the principal Act, the following section shall be inserted, Insertion of",,METADATA_REVIEW,REVIEW,,"28. After section 70 of the principal Act, the following section shall be inserted, Insertion of

new section

namely:—

70A.

“70A. In case of multi-State co-operative societies,––

Concurrent Audit."
MSCS_AMD_2023_ITEM_29,MSCS_AMD_2023,child,129,14,14,,,,"In section 73 of the principal Act, after sub-section (5), the following sub-section Amendment",,METADATA_REVIEW,REVIEW,,"29. In section 73 of the principal Act, after sub-section (5), the following sub-section Amendment

of section 73.

shall be inserted, namely:––

“(6) the multi-State co-operative society or class of "
MSCS_AMD_2023_ITEM_30,MSCS_AMD_2023,child,532,14,15,,,,"In section 78 of the principal Act, after sub-section (1), the following sub-sections Amendment",,METADATA_REVIEW;TOPIC_TAG_REVIEW,REVIEW,,"30. In section 78 of the principal Act, after sub-section (1), the following sub-sections Amendment shall be inserted, namely:––

of section 78.

“(1A) If the Central Registrar is satisfied on the bas"
MSCS_AMD_2023_ITEM_32,MSCS_AMD_2023,child,288,15,16,,,,"In section 86 of the principal Act,",MULTIPLE_AMENDMENT_ACTIONS,METADATA_REVIEW;TOPIC_TAG_REVIEW,REVIEW,,"32. In section 86 of the principal Act,—

Amendment of section 86.

(a) in sub-section (1), after the words and figures “under section 79”, the words and figures “or section 108” shall be inserted;

("
MSCS_AMD_2023_ITEM_33,MSCS_AMD_2023,child,34,16,16,,,,"In section 94 of the principal Act, in the opening paragraph, after the words and Amendment of",,METADATA_REVIEW;TOPIC_TAG_REVIEW,REVIEW,,"33. In section 94 of the principal Act, in the opening paragraph, after the words and Amendment of

section 94.

figures ""section 83 or"", the words and figures ""section 84 or"" shall be inserted."
MSCS_AMD_2023_ITEM_34,MSCS_AMD_2023,child,87,16,16,,,,"In section 98 of the principal Act, after sub-section (2), the following sub-section Amendment of",,METADATA_REVIEW,REVIEW,,"34. In section 98 of the principal Act, after sub-section (2), the following sub-section Amendment of

section 98.

shall be inserted, namely:—

""(3) The Central Registrar shall also have the power to"
MSCS_AMD_2023_ITEM_35,MSCS_AMD_2023,child,158,16,16,,,,"After section 98 of the principal Act, the following section shall be inserted, Insertion of",,METADATA_REVIEW;TOPIC_TAG_REVIEW,REVIEW,,"35. After section 98 of the principal Act, the following section shall be inserted, Insertion of

new section

namely:—

98A.

‘‘98A. The Central Registrar may, on an application received from any par"
MSCS_AMD_2023_ITEM_36,MSCS_AMD_2023,child,112,16,17,,,,"In section 103 of the principal Act, in sub-section (1), the following provisos Amendment of",,METADATA_REVIEW;TOPIC_TAG_REVIEW,REVIEW,,"36. In section 103 of the principal Act, in sub-section (1), the following provisos Amendment of

section 103.

shall be inserted, namely:—

""Provided that where all the successor States take necessar"
MSCS_AMD_2023_ITEM_37,MSCS_AMD_2023,child,502,17,18,,,,"In section 104 of the principal Act,",MULTIPLE_AMENDMENT_ACTIONS,METADATA_REVIEW,REVIEW,,"37. In section 104 of the principal Act,—

Amendment of section 104.

(a) in sub-section (1),—

(i) after the words ""furnishing false information"", the words ""or failing to file any return or informat"
MSCS_AMD_2023_ITEM_38,MSCS_AMD_2023,child,56,18,18,,,,"After section 105 of the principal Act, the following section shall be inserted, Insertion of",,METADATA_REVIEW;TOPIC_TAG_REVIEW,REVIEW,,"38. After section 105 of the principal Act, the following section shall be inserted, Insertion of

new section

namely:—

105A.

""105A. The provisions of this Act shall be in addition to, and not in d"
MSCS_AMD_2023_ITEM_39,MSCS_AMD_2023,child,226,18,18,,,,"For section 106 of the principal Act, the following sections shall be substituted, Substitution of",,METADATA_REVIEW;TOPIC_TAG_REVIEW,REVIEW,,"39. For section 106 of the principal Act, the following sections shall be substituted, Substitution of

new sections

namely:—

for section 106.

""106. (1) Every multi-State co-operative society shall"
MSCS_AMD_2023_ITEM_40,MSCS_AMD_2023,child,46,18,18,,,,"In section 108 of the principal Act, in sub-section (1), in clause (i), after the words Amendment",,METADATA_REVIEW;TOPIC_TAG_REVIEW,REVIEW,,"40. In section 108 of the principal Act, in sub-section (1), in clause (i), after the words Amendment

of section 108.

""Central Registrar"" the words, ""or any person authorised by him in this behalf, "
MSCS_AMD_2023_ITEM_41,MSCS_AMD_2023,child,27,18,18,,,,"In section 109 of the principal Act, in clause (a), for the words “co-operative Amendment",,METADATA_REVIEW;TOPIC_TAG_REVIEW,REVIEW,,"41. In section 109 of the principal Act, in clause (a), for the words “co-operative Amendment

of section 109.

year”, the words “financial year” shall be substituted."
MSCS_AMD_2023_ITEM_42,MSCS_AMD_2023,child,131,18,19,,,,"In section 116 of the principal Act,",MULTIPLE_AMENDMENT_ACTIONS,METADATA_REVIEW;TOPIC_TAG_REVIEW,REVIEW,,"42. In section 116 of the principal Act,—

Amendment of section 116.

(i) for the marginal heading, the following marginal heading shall be substituted, namely:—

""Power to amend Schedules."";

(ii) af"
MSCS_AMD_2023_ITEM_43,MSCS_AMD_2023,child,97,19,19,,,,"In section 120 of the principal Act,",,METADATA_REVIEW;TOPIC_TAG_REVIEW,REVIEW,,"43. In section 120 of the principal Act,—

Amendment of section 120.

(i) for clause (a), the following clause shall be substituted, namely:—

""(a) annual report of the activities including details of"
MSCS_AMD_2023_ITEM_44,MSCS_AMD_2023,child,440,19,20,,,,"After section 120 of the principal Act, the following sections shall be inserted,",,METADATA_REVIEW,REVIEW,,"44. After section 120 of the principal Act, the following sections shall be inserted,

Insertion of new sections

namely:—

120A and 120B.

""120A. (1) Notwithstanding anything to the contrary containe"
MSCS_AMD_2023_ITEM_45,MSCS_AMD_2023,child,62,20,20,,,,"In section 121 of the principal Act, in sub-section (1), for the words and figures Amendment of",,METADATA_REVIEW;TOPIC_TAG_REVIEW,REVIEW,,"45. In section 121 of the principal Act, in sub-section (1), for the words and figures Amendment of

section 121.

""the Companies Act, 1956"" and ""the Monopoly and Restrictive Trade Practices Act, 1969"
MSCS_AMD_2023_ITEM_46,MSCS_AMD_2023,child,299,20,21,,,,"In section 123 of the principal Act,",MULTIPLE_AMENDMENT_ACTIONS,METADATA_REVIEW;TOPIC_TAG_REVIEW,REVIEW,,"46. In section 123 of the principal Act,—

Amendment of section 123.

(i) in sub-section (1),—

(a) for the portion beginning with ""or has committed any act"" and ending with ""the aggregate period does"
MSCS_AMD_2023_ITEM_47,MSCS_AMD_2023,child,726,21,22,,,,"In section 124 of the principal Act,",MULTIPLE_AMENDMENT_ACTIONS,METADATA_REVIEW;TOPIC_TAG_REVIEW,REVIEW,,"47. In section 124 of the principal Act,—

Amendment of section 124.

(a) in sub-section (2),—

(i) after clause (a), the following clause shall be inserted, namely:—

“(aa) the guidelines under sub-s"
MSCS_AMD_2023_ITEM_48,MSCS_AMD_2023,child,119,22,22,,,,"In section 125 of the principal Act, after sub-section (1), the following Amendment",,METADATA_REVIEW,REVIEW,,"48. In section 125 of the principal Act, after sub-section (1), the following Amendment

of section

sub-section shall be inserted, namely:—

125.

“(1A) Notwithstanding anything contained in sub-sect"
MSCS_AMD_2023_ITEM_49,MSCS_AMD_2023,child,272,22,23,,,,"After the Second Schedule to the principal Act, the following Schedule shall be Insertion of",,METADATA_REVIEW;TOPIC_TAG_REVIEW,REVIEW,,"49. After the Second Schedule to the principal Act, the following Schedule shall be Insertion of

Third

inserted, namely:—

Schedule.

“THE THIRD SCHEDULE

[See clause (h) of sub-section (1) of secti"
MSCS_RULES_2002_DOC,MSCS_RULES_2002,parent,12,4,54,,,,,CONTEXT_PARENT;SHORT_CHUNK,METADATA_REVIEW;TOPIC_TAG_REVIEW,REVIEW,B_SHORT,society against which or any person against whom a decree has been
MSCS_RULES_2002_CONTEXT_001,MSCS_RULES_2002,child,112,4,4,,,,,RULE_IDENTIFIER_MISSING;STRUCTURE_UNCERTAIN,METADATA_REVIEW;MISSING_STRUCTURAL_ID;TOPIC_TAG_REVIEW,REVIEW,E_STRUCTURE,"society against which or any person against whom a decree has been obtained;

(ix) ""recovery officer"" means any person authorised to execute the powers of the Central Registrar under section 94;

(x) "
MSCS_RULES_2002_RULE_3,MSCS_RULES_2002,child,471,4,5,,3,,Application for registration,STRUCTURE_UNCERTAIN,METADATA_REVIEW;TOPIC_TAG_REVIEW,REVIEW,E_STRUCTURE,"Chapter 2 Registration

3. Application for registration

(1) An application for registration of a multi-state cooperative society under sub-section (1) of section 6 shall be made in Form I and shall, "
MSCS_RULES_2002_RULE_4,MSCS_RULES_2002,child,157,5,5,,4,,Registration,,METADATA_REVIEW,REVIEW,,"4. Registration

(1) On receipt of an application under rule 3, the Central Registrar shall enter the particulars of the application in the register of applications to be maintained in Form II, give a"
MSCS_RULES_2002_RULE_5,MSCS_RULES_2002,child,73,6,6,,5,,Refusal of registration,,METADATA_REVIEW,REVIEW,,"5. Refusal of registration

(1) The order of refusal to register a multi-state cooperative society referred to in sub-section (3) of section 7 shall be communicated through registered post to the pers"
MSCS_RULES_2002_RULE_6,MSCS_RULES_2002,child,227,6,6,,6,,Bye-laws,,METADATA_REVIEW,REVIEW,,"6. Bye-laws

Every multi-state cooperative society applying for registration under this Act may make bye-laws consistent with the provisions of this Act and the rules made thereunder and model bye-law"
MSCS_RULES_2002_RULE_7,MSCS_RULES_2002,child,182,6,7,,7,,Refusal of amendment of bye-laws,STRUCTURE_UNCERTAIN,METADATA_REVIEW,REVIEW,E_STRUCTURE,"7. Refusal of amendment of bye-laws

(1) Where the Central Registrar refuses to register an amendment of bye-laws of a multi state cooperative society under sub-section (9) of section 11, he shall com"
MSCS_RULES_2002_RULE_9,MSCS_RULES_2002,child,203,7,8,,9,,Maintenance of Registration file by the society,STRUCTURE_UNCERTAIN,METADATA_REVIEW;TOPIC_TAG_REVIEW,REVIEW,E_STRUCTURE,"9. Maintenance of Registration file by the society

(1) Every multi-state cooperative society shall maintain at its registered address a registration file containing,

(a) the certificate of registrat"
MSCS_RULES_2002_RULE_11,MSCS_RULES_2002,child,428,8,9,,11,,Conditions to be complied with for membership,,METADATA_REVIEW,REVIEW,,"11. Conditions to be complied with for membership

(1) No persons shall be admitted as a member of a multi-state cooperative society unless

(a) he has applied in writing in the form, if any, laid do0"
MSCS_RULES_2002_RULE_12,MSCS_RULES_2002,child,72,9,9,,12,,Classification of federal cooperatives,,METADATA_REVIEW;TOPIC_TAG_REVIEW,REVIEW,,"Chapter 3

Federal Cooperatives

12. Classification of federal cooperatives

(1) The federal cooperative societies may be classified with reference to the nature of their activities. Not more than one"
MSCS_RULES_2002_RULE_13,MSCS_RULES_2002,child,110,9,9,,13,,Annual General Meeting,,METADATA_REVIEW,REVIEW,,"Chapter 4

Management of multi-state cooperative societies

13. Annual General Meeting

(1) Every multi-state cooperative society shall hold the annual general meeting of its members not later than a "
MSCS_RULES_2002_RULE_14,MSCS_RULES_2002,child,523,9,11,,14,,Interim board and general meeting for the first election,STRUCTURE_UNCERTAIN,METADATA_REVIEW;TOPIC_TAG_REVIEW,REVIEW,E_STRUCTURE,"14. Interim board and general meeting for the first election

The first general meeting of the society shall be held within six months of the registration of the society by the promoter members for th"
MSCS_RULES_2002_RULE_17,MSCS_RULES_2002,child,84,11,11,,17,,Voting in general meeting,,METADATA_REVIEW;TOPIC_TAG_REVIEW,REVIEW,,"17. Voting in general meeting

(1) All resolutions which are put to vote at the general meeting shall be decided by a majority of the members present and voting unless otherwise required under the Act"
MSCS_RULES_2002_RULE_18,MSCS_RULES_2002,child,53,11,11,,18,,Minutes of the general meeting,,METADATA_REVIEW;TOPIC_TAG_REVIEW,REVIEW,,"18. Minutes of the general meeting

Minutes of the proceedings of the general meeting shall be entered in a minutes book kept for the purpose and shall be signed by the Chairperson and Chief Executive"
MSCS_RULES_2002_RULE_19,MSCS_RULES_2002,child,132,11,12,,19,,Procedure for conduct of elections,STRUCTURE_UNCERTAIN,METADATA_REVIEW;TOPIC_TAG_REVIEW,REVIEW,E_STRUCTURE,"19. Procedure for conduct of elections

(1) The election of members of the board shall be conducted by a returning officer appointed by the board in its meeting. The returning officer so appointed sha"
MSCS_RULES_2002_SCHEDULE_015,MSCS_RULES_2002,child,126,12,12,,,,schedule attached with these rules.,,METADATA_REVIEW,REVIEW,,"schedule attached with these rules.

20. Election of the Office bearers

(1) The election of the office bearers of the board shall be conducted as per the programme given in the election schedule.

(2"
MSCS_RULES_2002_RULE_22,MSCS_RULES_2002,child,179,12,13,,22,,Certification of copies of entries in books,,METADATA_REVIEW,REVIEW,,"Chapter 5

Privileges, Properties and Funds of Multi-State Cooperative Societies

22. Certification of copies of entries in books

(1) (a) A copy of any entry in a book of a multi-state cooperative so"
MSCS_RULES_2002_RULE_23,MSCS_RULES_2002,child,40,13,13,,23,,Government aid to multi-state cooperative societies,,METADATA_REVIEW,REVIEW,,"23. Government aid to multi-state cooperative societies

Subject to the provisions of section 61 of the Act, the Central Government or a State Government may provide aid to any multi-state cooperative"
MSCS_RULES_2002_RULE_24,MSCS_RULES_2002,child,107,13,13,,24,,Distribution of profit to members,,METADATA_REVIEW;TOPIC_TAG_REVIEW,REVIEW,,"24. Distribution of profit to members

(1) No part of the funds, other than net profits, of a multi-state cooperative society shall be distributed by way of bonus or dividend or otherwise among the me"
MSCS_RULES_2002_RULE_25,MSCS_RULES_2002,child,313,13,14,,25,,Contribution towards Cooperative Education Fund,,METADATA_REVIEW;TOPIC_TAG_REVIEW,REVIEW,,"25. Contribution towards Cooperative Education Fund

(1) Every multi-state cooperative society shall credit a sum calculated at one percent of its net profits every year as contribution to the coopera"
MSCS_RULES_2002_RULE_26,MSCS_RULES_2002,child,677,14,16,,26,,Contributory Provident Fund,STRUCTURE_UNCERTAIN,METADATA_REVIEW;TOPIC_TAG_REVIEW,REVIEW,E_STRUCTURE,"26. Contributory Provident Fund

(1) Every multi-state cooperative society which has in its service ten or more regular employees shall establish a Contributory Provident Fund referred to in sub-secti"
MSCS_RULES_2002_RULE_28,MSCS_RULES_2002,parent,862,16,19,,28,,Procedure to be adopted by liquidator,CONTEXT_PARENT,METADATA_REVIEW;TOPIC_TAG_REVIEW,REVIEW,,"28. Procedure to be adopted by liquidator

When liquidator has been appointed under sub-section (1) of section 89, the following procedure shall be adopted.

(a) The appointment of the liquidator shal"
MSCS_RULES_2002_RULE_28_SUB_1,MSCS_RULES_2002,child,35,19,19,,28,,Procedure to be adopted by liquidator,,METADATA_REVIEW;TOPIC_TAG_REVIEW,REVIEW,,"(1) For the purposes of sub-section (4) of section 84 of the Act, the Central Registrar may appoint and fix the fee of the arbitrators subject to the provisions of Arbitration and Conciliation Act, 19"
MSCS_RULES_2002_RULE_28_SUB_2,MSCS_RULES_2002,child,47,19,19,,28,,Procedure to be adopted by liquidator,,METADATA_REVIEW;TOPIC_TAG_REVIEW,REVIEW,,"(2) Save as otherwise provided under this Act, the provisions of the Arbitration and Conciliation Act, 1996 shall apply to all arbitration under this Act as if the proceedings for arbitration were ref"
MSCS_RULES_2002_CONTEXT_022,MSCS_RULES_2002,child,924,19,21,,,,,LONG_CHUNK_NO_SAFE_SPLIT;RULE_IDENTIFIER_MISSING;STRUCTURE_UNCERTAIN,METADATA_REVIEW;MISSING_STRUCTURAL_ID;TOPIC_TAG_REVIEW,REVIEW,A_LONG;E_STRUCTURE,"Chapter 6 Appeals and Review

Appeals 31.

For the purpose of sub-section (2) of section 99, an appeal against any decision or order shall be made, if the decision or order was made by–

(a) the Centr"
MSCS_RULES_2002_RULE_34,MSCS_RULES_2002,child,343,22,22,,34,,Preparation of a scheme for the reconstitution or reorganisation of,,METADATA_REVIEW;TOPIC_TAG_REVIEW,REVIEW,,"Chapter 7 Societies which become Multi-State Cooperative Societies

Consequent on Reorganisation of States

34. Preparation of a scheme for the reconstitution or reorganisation of multi-state cooperat"
MSCS_RULES_2002_RULE_35,MSCS_RULES_2002,child,39,23,23,,35,,Payment of fee for inspection of records,,METADATA_REVIEW;TOPIC_TAG_REVIEW,REVIEW,,"Chapter 8 Payment of fees for inspection

of Records

35. Payment of fee for inspection of records

The fees for payment of inspection of records by any other person, other than the member shall be ru"
MSCS_RULES_2002_RULE_36,MSCS_RULES_2002,child,1171,23,25,,36,,Mode of service of summon,LONG_CHUNK_NO_SAFE_SPLIT;STRUCTURE_UNCERTAIN,METADATA_REVIEW;TOPIC_TAG_REVIEW,REVIEW,A_LONG;E_STRUCTURE,"Chapter 9 Miscellaneous

36. Mode of service of summon

(1) Every summon issued under the Act or these rules shall be in writing, shall be authenticated by the sea, if any, of the officer by whom it i"
MSCS_RULES_2002_FORM_026,MSCS_RULES_2002,child,5025,25,37,,,,the form specified by the Central Registrar with one or more sufficient,LONG_CHUNK_NO_SAFE_SPLIT,METADATA_REVIEW;MISSING_STRUCTURAL_ID,REVIEW,A_LONG;C_TOP20_LONG,"the form specified by the Central Registrar with one or more sufficient sureties for the production of the property as and when called for.

(c) The distress shall be made after sunrise and before sun"
MSCS_RULES_2002_SCHEDULE_027,MSCS_RULES_2002,child,4087,37,46,,,,SCHEDULE,LONG_CHUNK_NO_SAFE_SPLIT,METADATA_REVIEW,REVIEW,A_LONG;C_TOP20_LONG,"SCHEDULE

1. Procedure for the conduct of election to the board of Multi-State Co-operative Societies

(a) The board of Directors in office shall meet, at least, sixty clear days in advance of the dat"
MSCS_RULES_2002_FORM_I,MSCS_RULES_2002,child,375,46,49,,,,FORM – I,TABLE_REVIEW,METADATA_REVIEW,REVIEW,F_TABLE,"FORM – I

Headquarters and address to be registered;

The Central Registrar of Cooperative Societies,

Area of operations; Main objectives; Act,2002;

:

indicated below :

(g) (h)

(d)

(b)

(e) (f)
"
MSCS_RULES_2002_FORM_II,MSCS_RULES_2002,child,76,49,50,,,,FORM – II,TABLE_REVIEW,METADATA_REVIEW,REVIEW,F_TABLE,"FORM – II

Registration

(7)

(10)

Name of the proposed multi-state co-operative society

called

No. and date of the report, if any sent to the Central

Government, if the society is not registered,"
MSCS_RULES_2002_FORM_III,MSCS_RULES_2002,child,312,50,52,,,,FORM III,,METADATA_REVIEW,REVIEW,,"FORM III

Serial no. of the seconder in the register :

Name of the seconder when the :

Father’s or husband’s name (in case :

Name of the proposer in case the :

Serial no. of the proposer in the : "
MSCS_RULES_2002_FORM_IV,MSCS_RULES_2002,child,18,52,53,,,,FORM IV,SHORT_CHUNK,METADATA_REVIEW;TOPIC_TAG_REVIEW,REVIEW,B_SHORT,"FORM IV [See sub-paragraph (3) of paragraph 7 of the Schedule]

Nomination form for election of office bearers"
MSCS_RULES_2002_FORM_V,MSCS_RULES_2002,child,274,53,54,,,,FORM V,,METADATA_REVIEW,REVIEW,,"FORM V

Office for which contesting : Name of the candidate in case on an :

Name of the proposer in case the :

Name of the multi-state cooperative :

Serial No. in the register of members :

Address"
MSCS_RULES_AMD_2023_DOC,MSCS_RULES_AMD_2023,parent,4,1,49,,,,,CONTEXT_PARENT;DUPLICATE_TEXT;SHORT_CHUNK,DUPLICATE_TEXT;METADATA_REVIEW;TOPIC_TAG_REVIEW,REVIEW,B_SHORT,रजिस्ट्री सं. डी.एल.- 33004/99
MSCS_RULES_AMD_2023_CONTEXT_001,MSCS_RULES_AMD_2023,child,14562,1,27,,,,,LONG_CHUNK_NO_SAFE_SPLIT;STRUCTURE_UNCERTAIN,METADATA_REVIEW,REVIEW,A_LONG;E_STRUCTURE;C_TOP20_LONG,"रजिस्ट्री सं. डी.एल.- 33004/99 REGD. No. D. L.-33004/99

सी.जी.-डी.एल.-अ.-04082023-247863

xxxGIDHxxx

CG-DL-E-04082023-247863

xxxGIDExxx

असाधारण EXTRAORDINARY

भाग II—खण् ड 3—उप-खण् ड (i) PART II—S"
MSCS_RULES_AMD_2023_ITEM_1,MSCS_RULES_AMD_2023,child,34,27,27,,,,Short title and commencement,,METADATA_REVIEW,REVIEW,,"1. Short title and commencement.— (1) These rules may be called the Multi-State Co-operative Societies (Amendment) Rules, 2023.

(2) They shall come into force on the date of their publication in the "
MSCS_RULES_AMD_2023_ITEM_2,MSCS_RULES_AMD_2023,child,151,27,27,,,,"In the Multi-State Co-operative Societies Rules, 2002, (hereinafter referred to as the principal rules), in rule 2,",MULTIPLE_AMENDMENT_ACTIONS,METADATA_REVIEW,REVIEW,,"2.In the Multi-State Co-operative Societies Rules, 2002, (hereinafter referred to as the principal rules), in rule 2,—

(i) after clause (ii), the following clause shall be inserted, namely:—

‘(iib) "
MSCS_RULES_AMD_2023_ITEM_3,MSCS_RULES_AMD_2023,child,297,27,28,,,,"In the principal rules, after Chapter 2, the following Chapter shall be inserted, namely:",,METADATA_REVIEW;TOPIC_TAG_REVIEW,REVIEW,,"3. In the principal rules, after Chapter 2, the following Chapter shall be inserted, namely:—

“Chapter 2A

PRUDENTIAL NORMS FOR MULTI-STATE CO-OPERATIVE SOCIETIES

11A. Prudential norms.— (1) Multi-S"
MSCS_RULES_AMD_2023_ITEM_4,MSCS_RULES_AMD_2023,child,6914,28,36,,,,"In the principal rules, for rule 19, the following rules shall be substituted, namely:",LONG_CHUNK_NO_SAFE_SPLIT,METADATA_REVIEW,REVIEW,A_LONG;C_TOP20_LONG,"4. In the principal rules, for rule 19, the following rules shall be substituted, namely:—

“19. Composition of Selection Committee.— (1) The Chairperson of the Authority, the Vice-Chairperson and eve"
MSCS_RULES_AMD_2023_ITEM_5,MSCS_RULES_AMD_2023,child,274,36,36,,,,"In the principal rules, for rule 20, the following rules shall be substituted, namely:",,METADATA_REVIEW;TOPIC_TAG_REVIEW,REVIEW,,"5. In the principal rules, for rule 20, the following rules shall be substituted, namely:—

“20. Officers, etc., at an election, not to act for candidates or to influence voting.— (1) No person who is"
MSCS_RULES_AMD_2023_ITEM_6,MSCS_RULES_AMD_2023,child,467,36,37,,,,"In the principal rules, for rule 25, the following rule shall be substituted, namely:",,METADATA_REVIEW;TOPIC_TAG_REVIEW,REVIEW,,"6. In the principal rules, for rule 25, the following rule shall be substituted, namely:—

“25. The Co-operative Education Fund.— (1) Every multi-State cooperative society shall credit a sum calculate"
MSCS_RULES_AMD_2023_ITEM_7,MSCS_RULES_AMD_2023,child,1331,37,40,,,,"In the principal rules, after Chapter 5, the following Chapter shall be inserted, namely:",LONG_CHUNK_NO_SAFE_SPLIT,FORM_NUMBER_MISSING;METADATA_REVIEW;TOPIC_TAG_REVIEW,REVIEW,A_LONG,"7. In the principal rules, after Chapter 5, the following Chapter shall be inserted, namely:— [भाग II—खण्‍ड 3(i)] भारत‍का‍राजपत्र‍:‍असाधारण

‘CHAPTER 5A

CO-OPERATIVE OMBUDSMAN

30A. Appointment and J"
MSCS_RULES_AMD_2023_ITEM_8,MSCS_RULES_AMD_2023,child,145,40,40,,,,"In the principal rules, for Chapter 8, the following Chapter shall be substituted, namely:",,METADATA_REVIEW;TOPIC_TAG_REVIEW,REVIEW,,"8. In the principal rules, for Chapter 8, the following Chapter shall be substituted, namely: —

“APPLICATION TO THE CO-OPERATIVE INFORMATION OFFICER”

35. Manner of application to the Co-operative In"
MSCS_RULES_AMD_2023_ITEM_9,MSCS_RULES_AMD_2023,child,232,40,40,,,,"In the principal rules, after chapter 8, the following chapter shall be inserted, namely:",,METADATA_REVIEW;TOPIC_TAG_REVIEW,REVIEW,,"9. In the principal rules, after chapter 8, the following chapter shall be inserted, namely:—

“CHAPTER 8A

NATIONAL CO-OPERATIVE SOCIETIES

35A. Designation of National Co-operative Society.—(1) Subj"
MSCS_RULES_AMD_2023_ITEM_35B,MSCS_RULES_AMD_2023,child,57,40,40,,,,Omission of National Co-operative Societies from Second Schedule,,METADATA_REVIEW;TOPIC_TAG_REVIEW,REVIEW,,"35B. Omission of National Co-operative Societies from Second Schedule.— Subject to provisions of section 116 of the Act, the Central Government may omit a National Co-operative Society from the Second"
MSCS_RULES_AMD_2023_ITEM_10,MSCS_RULES_AMD_2023,child,937,40,42,,,,"In the principal rules, after rule 37, the following rules shall be inserted namely:",LONG_CHUNK_NO_SAFE_SPLIT;MALFORMED_NUMBERING_HIERARCHY,METADATA_REVIEW,REVIEW,A_LONG,"10. In the principal rules, after rule 37, the following rules shall be inserted namely:—

“37A. Recruitment of employees in Co-operative Societies.— The recruitment of employees at various levels wou"
MSCS_RULES_AMD_2023_ITEM_11,MSCS_RULES_AMD_2023,child,9,42,42,,,,"In the principal rules, Schedule shall be omitted",SHORT_CHUNK,METADATA_REVIEW;TOPIC_TAG_REVIEW,REVIEW,B_SHORT,"11. In the principal rules, Schedule shall be omitted."
MSCS_RULES_AMD_2023_ITEM_12,MSCS_RULES_AMD_2023,child,281,42,43,,,,"In the principal rules, for Form III, the following Form shall be substituted, namely:",,METADATA_REVIEW,REVIEW,,"12. In the principal rules, for Form III, the following Form shall be substituted, namely:—

“FORM III

[See rule 19J]

NOMINATION FORM FOR ELECTIONS OF BOARD OF DIRECTORS

1. Name of the multi-State "
MSCS_RULES_AMD_2023_ITEM_13,MSCS_RULES_AMD_2023,child,89,43,43,,,,"In the principal rules, for Form IV, the following Form shall be substituted, namely:",,METADATA_REVIEW;TOPIC_TAG_REVIEW,REVIEW,,"13. In the principal rules, for Form IV, the following Form shall be substituted, namely:—

“FORM IV [See rule 19M]

APPLICATION FOR APPOINTING ELECTION AGENT I, ____________________ name of father/mo"
MSCS_RULES_AMD_2023_ITEM_14,MSCS_RULES_AMD_2023,child,287,43,44,,,,"In the principal rules, for Form V, the following Forms shall be substituted, namely:",,METADATA_REVIEW,REVIEW,,"14. In the principal rules, for Form V, the following Forms shall be substituted, namely: -

“FORM V [See rule 19N] NOMINATION FORM FOR ELECTION OF OFFICE BEARERS

1. Name of the multi-State co-operat"
MSCS_RULES_AMD_2023_FORM_017,MSCS_RULES_AMD_2023,child,493,44,46,,,,FORM OF COMPLAINT,,METADATA_REVIEW,REVIEW,,"FORM OF COMPLAINT

(TO BE FILLED UP BY THE COMPLAINANT)

[All fields are mandatory except wherever indicated otherwise] To The Co-operative Ombudsman Madam/Sir, Sub: Complaint against …………………… (Name o"
MSCS_RULES_AMD_2023_FORM_VII,MSCS_RULES_AMD_2023,child,6,46,46,,,,FORM VII,SHORT_CHUNK,METADATA_REVIEW;TOPIC_TAG_REVIEW,REVIEW,B_SHORT,FORM VII [See rule 30H (3)]
MSCS_RULES_AMD_2023_FORM_019,MSCS_RULES_AMD_2023,child,366,46,47,,,,FORM OF APPEAL AGAINST DECISION OF THE CO-OPERATIVE INFORMATION OFFICER,,METADATA_REVIEW,REVIEW,,"FORM OF APPEAL AGAINST DECISION OF THE CO-OPERATIVE INFORMATION OFFICER

[All fields are mandatory except wherever indicated otherwise] To The Co-operative Ombudsman Madam/Sir, Sub: Appeal against ………"
MSCS_RULES_AMD_2023_FORM_VIII,MSCS_RULES_AMD_2023,child,6,47,47,,,,FORM VIII,SHORT_CHUNK,METADATA_REVIEW;TOPIC_TAG_REVIEW,REVIEW,B_SHORT,FORM VIII [See rule 30J (1)]
MSCS_RULES_AMD_2023_FORM_021,MSCS_RULES_AMD_2023,child,661,47,49,,,,FORM OF APPEAL BEFORE THE CENTRAL REGISTRAR,,METADATA_REVIEW,REVIEW,,"FORM OF APPEAL BEFORE THE CENTRAL REGISTRAR

[All fields are mandatory except wherever indicated otherwise] To The Central Registrar Madam/Sir, Sub: Appeal against decision of the Co-operative Ombudsm"
KA_ACT_1959_DOC,KA_ACT_1959,parent,2,6,189,,,,,CONTEXT_PARENT;SHORT_CHUNK,METADATA_REVIEW;TOPIC_TAG_REVIEW,REVIEW,B_SHORT;D_TOP20_SHORT,CHAPTER XI
KA_ACT_1959_CONTEXT_001,KA_ACT_1959,child,216,6,6,,,,,SECTION_IDENTIFIER_MISSING;STRUCTURE_UNCERTAIN,METADATA_REVIEW;MISSING_STRUCTURAL_ID;TOPIC_TAG_REVIEW,REVIEW,E_STRUCTURE,"CHAPTER XI

AGRICULTURE AND RURAL DEVELOPMENT BANKS.

76. Definitions.

76A. Application of Chapter to Agriculture and Rural Development Banks.

76B. State and other Agriculture and Rural Development "
KA_ACT_1959_SEC_88,KA_ACT_1959,child,219,6,7,88,,,Distraint,,METADATA_REVIEW;TOPIC_TAG_REVIEW,REVIEW,,"88. Distraint—When to be made.

89. Power of sale when to be exercised.

89A. Confirmation of sale.

89B. Disposal of sale-proceeds. 89C. Certificate to purchase, delivery of property and title of pur"
KA_ACT_1959_CONTEXT_003,KA_ACT_1959,child,89,7,7,,,,,SECTION_IDENTIFIER_MISSING;STRUCTURE_UNCERTAIN,METADATA_REVIEW;MISSING_STRUCTURAL_ID;TOPIC_TAG_REVIEW,REVIEW,E_STRUCTURE,"CHAPTER XII

EXECUTION OF AWARDS DECREES ORDERS AND DECISIONS.

99. Enforcement of charge.

100. Recovery of moneys due to Societies.

101. Execution of orders, etc.

101A. Transfer of property made a"
KA_ACT_1959_CONTEXT_004,KA_ACT_1959,child,44,8,8,,,,,SECTION_IDENTIFIER_MISSING;STRUCTURE_UNCERTAIN,METADATA_REVIEW;MISSING_STRUCTURAL_ID;TOPIC_TAG_REVIEW,REVIEW,E_STRUCTURE,"CHAPTER XIII

APPEALS, REVISION AND REVIEW.

105. Appeals to the Tribunal.

105A. Appeals relating to admission of members to societies.

106. Appeals to other authorities.

107. Revision by Tribunal."
KA_ACT_1959_CONTEXT_005,KA_ACT_1959,child,9333,8,33,,,,,LONG_CHUNK_NO_SAFE_SPLIT;SECTION_IDENTIFIER_MISSING;STRUCTURE_UNCERTAIN,METADATA_REVIEW;MISSING_STRUCTURAL_ID,REVIEW,A_LONG;E_STRUCTURE;C_TOP20_LONG,"CHAPTER XIV

OFFENCES AND PENALTIES.

109. Offences.

110. Offences by Companies.

110A. Power to compound offences.

111. Cognizance of offences.

CHAPTER XV

MISCELLANEOUS

111A. Omitted.

111B. Pre"
KA_ACT_1959_SEC_1,KA_ACT_1959,child,104,33,33,1,,,"Short title, extent and commencement",MALFORMED_NUMBERING_HIERARCHY,METADATA_REVIEW,REVIEW,,"CHAPTER I

PRELIMINARY

1

1

1. Short title, extent and commencement.- (1) This Act may be called the [Karnataka]

Co-operative Societies Act, 1959.

1. Adapted by the Karnataka Adaptations of Laws O"
KA_ACT_1959_SEC_2,KA_ACT_1959,child,2223,33,40,2,,,Definitions,LONG_CHUNK_NO_SAFE_SPLIT;STRUCTURE_UNCERTAIN,METADATA_REVIEW,REVIEW,A_LONG;E_STRUCTURE;C_TOP20_LONG,"2. Definitions.- In this Act, unless the context otherwise requires,—

1 [(a) ‗Apex Society‘ means a federal society whose area of operation extends to the whole

of the State;

5 [(a-1) ‗Area of oper"
KA_ACT_1959_SEC_2A,KA_ACT_1959,child,907,40,42,2A,,,"Registrar, Additional Registrars, Joint Registrars, Deputy Registrars [,State",LONG_CHUNK_NO_SAFE_SPLIT;STRUCTURE_UNCERTAIN,METADATA_REVIEW;TOPIC_TAG_REVIEW,REVIEW,A_LONG;E_STRUCTURE,"2A. Registrar, Additional Registrars, Joint Registrars, Deputy Registrars [,State

2

Representatives]

and Assistant Registrars.-

(1) The State Government may appoint a

person to be the Registrar o"
KA_ACT_1959_SEC_4,KA_ACT_1959,child,129,42,42,4,,,Societies which may be registered,,METADATA_REVIEW;TOPIC_TAG_REVIEW,REVIEW,,"CHAPTER II

REGISTRATION OF CO-OPERATIVE SOCIETIES.

1[3. x x x]1

1. Omited by Act 40 of 1964 w.e.f. 26.6.1965.

1 [4. Societies which may be registered.- Subject to the provisions of this Act, a co-"
KA_ACT_1959_SEC_5,KA_ACT_1959,child,68,42,43,5,,,Registration with limited or unlimited liability,,METADATA_REVIEW;TOPIC_TAG_REVIEW,REVIEW,,"5. Registration with limited or unlimited liability.-

(1) A co-operative society may be

registered with or without limited liability:

Provided that the liability of a co-operative society of which "
KA_ACT_1959_SEC_6,KA_ACT_1959,child,388,43,44,6,,,Application for registration of co-operative societies,,METADATA_REVIEW;TOPIC_TAG_REVIEW,REVIEW,,"6. Application for registration of co-operative societies.-

(1) An application for the

1

registration of a co-operative society shall be made to the Registrar in such form [and after

1

complying "
KA_ACT_1959_SEC_7,KA_ACT_1959,child,313,44,44,7,,,Registration,,METADATA_REVIEW;TOPIC_TAG_REVIEW,REVIEW,,"7. Registration.-

(1) If the Registrar is satisfied,—

1

(a) that the application complies with the provisions of this Act [, rules and the provisions of

1

any other law for the time being in forc"
KA_ACT_1959_SEC_8,KA_ACT_1959,child,67,44,44,8,,,Registration certificate,,METADATA_REVIEW;TOPIC_TAG_REVIEW,REVIEW,,"8. Registration certificate.- Where a co-operative society is registered [or is deemed to

1

be registered] under this Act, the Registrar shall issue a Certificate of Registration signed by

him, whi"
KA_ACT_1959_SEC_9,KA_ACT_1959,child,65,45,45,9,,,Co-operative societies to be bodies corporate,,METADATA_REVIEW;TOPIC_TAG_REVIEW,REVIEW,,"9. Co-operative societies to be bodies corporate.- The registration of a co-operative

society shall render it a body corporate by the name under which it is registered having

perpetual succession an"
KA_ACT_1959_SEC_10,KA_ACT_1959,child,116,45,45,10,,,Change of name of co-operative society,,METADATA_REVIEW;TOPIC_TAG_REVIEW,REVIEW,,"10. Change of name of co-operative society.-

(1) A co-operative society may, by an

amendment of its bye-laws, change its name.

(2) Where a co-operative society changes its name, the Registrar shall"
KA_ACT_1959_SEC_11,KA_ACT_1959,child,288,45,46,11,,,Change of liability,STRUCTURE_UNCERTAIN,METADATA_REVIEW;TOPIC_TAG_REVIEW,REVIEW,E_STRUCTURE,"11. Change of liability.-

(1) Subject to the provisions of this Act and the rules, a co-

operative society may, by an amendment of its bye-laws, change the form or extent of its

liability.

(2) Whe"
KA_ACT_1959_SEC_12,KA_ACT_1959,parent,523,46,47,12,,,Amendment of bye-laws of a co-operative society,,METADATA_REVIEW;TOPIC_TAG_REVIEW,REVIEW,,"12. Amendment of bye-laws of a co-operative society.

amend its bye-laws in conformity with the provisions of this Act, and the rules made there

under from time to time.

Provided that every cooperat"
KA_ACT_1959_SEC_12_SUB_2,KA_ACT_1959,child,220,46,46,12,,,Amendment of bye-laws of a co-operative society,,METADATA_REVIEW;TOPIC_TAG_REVIEW,REVIEW,,"(2) Every proposal for such amendment shall be forwarded to the Registrar and if the

Registrar is satisfied that the proposed amendment,—

(i) is not contrary to the provisions of this Act and the ru"
KA_ACT_1959_SEC_12_SUB_4,KA_ACT_1959,child,105,47,47,12,,,Amendment of bye-laws of a co-operative society,,METADATA_REVIEW;TOPIC_TAG_REVIEW,REVIEW,,"(4) Where the Registrar refuses to register an amendment of the bye-laws of a co-

operative society, he shall communicate the order of refusal, together with the reasons

therefor, to the society.

1"
KA_ACT_1959_SEC_12_SUB_6,KA_ACT_1959,child,77,47,47,12,,,Amendment of bye-laws of a co-operative society,,METADATA_REVIEW;TOPIC_TAG_REVIEW,REVIEW,,"(6) If such amendment is not made by the Co-operative Society within time specified in the

said order, notwithstanding anything contained in the Act, the Registrar may, aftergiving the

Co-operative "
KA_ACT_1959_SEC_13,KA_ACT_1959,child,49,47,47,13,,,When amendments of bye-laws come into force,,METADATA_REVIEW;TOPIC_TAG_REVIEW,REVIEW,,"13. When amendments of bye-laws come into force.- Subject to any appellate order

under section 106, an amendment of the bye-laws of a co-operative society shall unless it is

expressed to come into o"
KA_ACT_1959_SEC_14,KA_ACT_1959,parent,529,47,48,14,,,"Amalgamation, transfer of assets and liabilities and division of co-operative",,METADATA_REVIEW;TOPIC_TAG_REVIEW,REVIEW,,"14. Amalgamation, transfer of assets and liabilities and division of co-operative

societies.-

(1) A co-operative society may, by a resolution passed by a two-thirds majority of

the members present "
KA_ACT_1959_SEC_14_SUB_1,KA_ACT_1959,child,61,47,47,14,,,"Amalgamation, transfer of assets and liabilities and division of co-operative",,METADATA_REVIEW;TOPIC_TAG_REVIEW,REVIEW,,"(1) A co-operative society may, by a resolution passed by a two-thirds majority of

the members present and voting at a general meeting of the society,—

(a) divide itself into two or more co-operativ"
KA_ACT_1959_SEC_14_SUB_2,KA_ACT_1959,child,38,47,47,14,,,"Amalgamation, transfer of assets and liabilities and division of co-operative",,METADATA_REVIEW;TOPIC_TAG_REVIEW,REVIEW,,"(2) Any two or more co-operative societies may, by a resolution passed by a two-thirds

majority of the members present and voting at a general meeting of each such society

amalgamate themselves and "
KA_ACT_1959_SEC_14_SUB_3,KA_ACT_1959,child,78,47,47,14,,,"Amalgamation, transfer of assets and liabilities and division of co-operative",,METADATA_REVIEW;TOPIC_TAG_REVIEW,REVIEW,,"(3) The resolution of a co-operative society under sub-section (1) or sub-section (2) shall

contain all particulars of the transfer, division or amalgamation, as the case may be, and no

such resolut"
KA_ACT_1959_SEC_14_SUB_4,KA_ACT_1959,child,98,48,48,14,,,"Amalgamation, transfer of assets and liabilities and division of co-operative",,METADATA_REVIEW;TOPIC_TAG_REVIEW,REVIEW,,"(4) When a co-operative society has passed any such resolution, and it has been

approved by the Registrar, the co-operative society shall give notice thereof in writing to all

its creditors and such"
KA_ACT_1959_SEC_14_SUB_5,KA_ACT_1959,child,42,48,48,14,,,"Amalgamation, transfer of assets and liabilities and division of co-operative",,METADATA_REVIEW;TOPIC_TAG_REVIEW,REVIEW,,"(5) Any member or creditor who does not exercise his option within the period specified in

sub-section (4) and every member who has voted in favour of the resolution shall be

deemed to have assented"
KA_ACT_1959_SEC_14_SUB_6,KA_ACT_1959,child,66,48,48,14,,,"Amalgamation, transfer of assets and liabilities and division of co-operative",,METADATA_REVIEW;TOPIC_TAG_REVIEW,REVIEW,,"(6) A resolution passed by a co-operative society under this section shall not take effect

until either,—

(a) the assent thereto of all the members and creditors has been, or deemed to have

been, o"
KA_ACT_1959_SEC_14_SUB_7,KA_ACT_1959,child,134,48,48,14,,,"Amalgamation, transfer of assets and liabilities and division of co-operative",,METADATA_REVIEW;TOPIC_TAG_REVIEW,REVIEW,,"(7) Where a resolution passed by a co-operative society under this section involves the

transfer of any assets and liabilities, the resolution shall, notwithstanding anything contained

in any law fo"
KA_ACT_1959_SEC_14B,KA_ACT_1959,child,100,48,48,14B,,,Registrar to prepare scheme for amalgamation of co-operative banks in,,METADATA_REVIEW;TOPIC_TAG_REVIEW,REVIEW,,"14B. Registrar to prepare scheme for amalgamation of co-operative banks in

certain areas.-

(1) Where an order of moratorium has been made by the Central

Government under sub-section (2) of section "
KA_ACT_1959_SEC_14C,KA_ACT_1959,child,140,49,49,14C,,,Liability of co-operative bank to the Deposit Insurance Corporation,,METADATA_REVIEW;TOPIC_TAG_REVIEW,REVIEW,,"14C. Liability of co-operative bank to the Deposit Insurance Corporation.-

Notwithstanding anything contained in section 14 or other provision of this Act, where a co-

operative bank being an insure"
KA_ACT_1959_SEC_15,KA_ACT_1959,child,235,49,49,15,,,Cancellation of registration certificates of co-operative societies in certain,,METADATA_REVIEW;TOPIC_TAG_REVIEW,REVIEW,,"15. Cancellation of registration certificates of co-operative societies in certain

cases.-

(1) Where the whole of the assets and liabilities of a co-operative society are

transferred to another co-"
KA_ACT_1959_SEC_16,KA_ACT_1959,child,532,49,51,16,,,Persons who may become members,,METADATA_REVIEW,REVIEW,,"CHAPTER III

MEMBERS OF CO-OPERATIVE SOCIETIES AND THEIR RIGHTS AND LIABILITIES.

1 16. Persons who may become members.- [(1) Subject to the provisions of section 17,

no person shall be admitted as a"
KA_ACT_1959_SEC_17,KA_ACT_1959,child,368,51,52,17,,,Disqualification for membership,,METADATA_REVIEW;TOPIC_TAG_REVIEW,REVIEW,,"17. Disqualification for membership.-

(1) No person shall be eligible for admission as a

member of a co-operative society, if he,—

(a) has applied to be adjudicated an insolvent or is an undischarg"
KA_ACT_1959_SEC_18,KA_ACT_1959,child,353,52,53,18,,,Nominal or associate members,,METADATA_REVIEW,REVIEW,,"18. Nominal or associate members.- [(1) Notwithstanding anything contained in

section 16, a co-operative society may admit,—

(a) any individual as a nominal or associate member;

(b) any banking com"
KA_ACT_1959_SEC_18A,KA_ACT_1959,child,111,53,53,18A,,,Cessation of membership,,METADATA_REVIEW;TOPIC_TAG_REVIEW,REVIEW,,"[18A. Cessation of membership.- A person shall cease to be a member of a co-

operative society,-

(a) in the case of an individual, on his or her,-

(i) death;

(ii) resignation;

2

2

[(iii) disqua"
KA_ACT_1959_SEC_18_B,KA_ACT_1959,child,121,53,54,18-B,,,Cessation of directorship,,METADATA_REVIEW;TOPIC_TAG_REVIEW,REVIEW,,"1[18-B. Cessation of directorship.-A director of a secondary Co-operative Society

or a Federal Society or an Apex Society who is a representative of another co-operative

society shall cease to be a "
KA_ACT_1959_SEC_19,KA_ACT_1959,child,119,54,54,19,,,Member not to exercise rights till due payment made,,METADATA_REVIEW;TOPIC_TAG_REVIEW,REVIEW,,"19. Member not to exercise rights till due payment made.- [Save as otherwise

1

provided in sub-section (8) of section 16, no member] of a co-operative society shall

exercise the rights of a member "
KA_ACT_1959_SEC_20,KA_ACT_1959,child,808,54,56,20,,,Votes of members,STRUCTURE_UNCERTAIN,METADATA_REVIEW;TOPIC_TAG_REVIEW,REVIEW,E_STRUCTURE,"[20. Votes of members.-

(1)

[No member, no representative or no delegate] of a

society shall have more than one vote in the 3[general meeting or in the election of the

members of the *board*]3 of "
KA_ACT_1959_SEC_21,KA_ACT_1959,parent,469,56,57,21,,,Manner of exercising vote,,METADATA_REVIEW;TOPIC_TAG_REVIEW,REVIEW,,"21. Manner of exercising vote.- [(1) Every member, [every representative,] every

delegate and every nominee shall exercise his vote in person and not by proxy]1 2[at a

2

general meeting or an elect"
KA_ACT_1959_SEC_21_SUB_2,KA_ACT_1959,child,251,56,57,21,,,Manner of exercising vote,,METADATA_REVIEW;TOPIC_TAG_REVIEW,REVIEW,,"(2) Notwithstanding anything contained in sub-section (1),—

1 [(a) the *board* of a co-operative society which is a member of another co-operative

society may appoint one of the members of the *boar"
KA_ACT_1959_SEC_21_SUB_3,KA_ACT_1959,child,114,57,57,21,,,Manner of exercising vote,,METADATA_REVIEW;TOPIC_TAG_REVIEW,REVIEW,,"1[(3) A member once nominated by the board of a Co-operative Society under clause (a) of

sub-section (2) to vote on its behalf in any meeting of any other Co-operative Society shall

not be changed e"
KA_ACT_1959_SEC_23,KA_ACT_1959,child,79,57,57,23,,,Restrictions on transfers of shares or interest,,METADATA_REVIEW;TOPIC_TAG_REVIEW,REVIEW,,"23. Restrictions on transfers of shares or interest.- [(1) x x x]

1. Omitted by Act 25 of 1998 w.e.f. 15.08.1998.

(2) No transfer by a member of his share or interest in a co-operative society shall"
KA_ACT_1959_SEC_23A,KA_ACT_1959,child,150,57,58,23A,,,Refund of value of share,,METADATA_REVIEW;TOPIC_TAG_REVIEW,REVIEW,,"[23A. Refund of value of share.-

(1) If an individual member of a co-operative society,

the principal object of which is to advance agricultural loans is not indebted to such society, then, the valu"
KA_ACT_1959_SEC_24,KA_ACT_1959,child,339,58,59,24,,,Transfer of interest on death of member,,METADATA_REVIEW;TOPIC_TAG_REVIEW,REVIEW,,"24. Transfer of interest on death of member.-

(1) On the death of a member of a co-

operative society, the society shall transfer the share or interest of the deceased member,—

(a) to the person or"
KA_ACT_1959_SEC_25,KA_ACT_1959,child,180,59,59,25,,,Liability of past member and estate of deceased member,STRUCTURE_UNCERTAIN,METADATA_REVIEW;TOPIC_TAG_REVIEW,REVIEW,E_STRUCTURE,"25. Liability of past member and estate of deceased member.-

(1) Subject to the

provisions of sub-section (2), the liability of a past member or of the estate of a deceased

member of a co-operative"
KA_ACT_1959_SEC_26,KA_ACT_1959,child,309,59,60,26,,,Final authority in a co-operative society,,METADATA_REVIEW;TOPIC_TAG_REVIEW,REVIEW,,"CHAPTER IV

MANAGEMENT OF CO-OPERATIVE SOCIETIES.

1 [26. Final authority in a co-operative society.-

(1) Subject to the provisions of this Act,

the rules and the bye-laws, the final authority of a "
KA_ACT_1959_SEC_26A,KA_ACT_1959,child,176,60,60,26A,,,Partnership of Co-operative Societies,,METADATA_REVIEW;TOPIC_TAG_REVIEW,REVIEW,,"[26A. Partnership of Co-operative Societies.-

(1) Any two or more co-operative

socieities may, by resolution, passed by three-fourth majority of the members present and

after voting at a general me"
KA_ACT_1959_SEC_26B,KA_ACT_1959,child,252,60,61,26B,,,Collaboration by Co-operative Societies,,METADATA_REVIEW;TOPIC_TAG_REVIEW,REVIEW,,"26B. Collaboration by Co-operative Societies.-

(1) Any co-operative society or co-

operative societies may enter into collaboration with any Government undertaking or any

other undertaking approved"
KA_ACT_1959_SEC_27,KA_ACT_1959,child,811,61,63,27,,,Annual General Meeting,STRUCTURE_UNCERTAIN,METADATA_REVIEW;TOPIC_TAG_REVIEW,REVIEW,E_STRUCTURE,"[27. Annual General Meeting.-

(1) Every co-operative society shall convene a general

3

3

meeting of its members once in a year before [twenty fifth day of September] for the

purpose of,—

(a) con"
KA_ACT_1959_SEC_27B,KA_ACT_1959,child,147,63,64,27B,,,Returns to be filed with the Registrar,,METADATA_REVIEW;TOPIC_TAG_REVIEW,REVIEW,,"27B. Returns to be filed with the Registrar.- The board of every cooperative

society shall file the following returns, within six months of the close of every cooperative

year with the Registrar,-

"
KA_ACT_1959_SEC_28,KA_ACT_1959,child,179,64,64,28,,,Special general meeting,,METADATA_REVIEW;TOPIC_TAG_REVIEW,REVIEW,,"28. Special general meeting.-

(1) The *board* of a co-operative society may, at any

time, call a special general meeting of the society and shall call such meeting within one

2 1 2

month after the"
KA_ACT_1959_SEC_28A,KA_ACT_1959,child,2235,64,70,28A,,,Management of co-operative societies vest in the *board*,LONG_CHUNK_NO_SAFE_SPLIT;STRUCTURE_UNCERTAIN,METADATA_REVIEW;TOPIC_TAG_REVIEW,REVIEW,A_LONG;E_STRUCTURE;C_TOP20_LONG,"[28A. Management of co-operative societies vest in the *board*.-

(1) The

management of a co-operative society shall vest in a *board* constituted in accordance with

this Act, the rules and the bye-"
KA_ACT_1959_SEC_28D,KA_ACT_1959,child,54,70,70,28D,,,"Foreign tours by members, directors, office-bearers and employees of a",,METADATA_REVIEW;TOPIC_TAG_REVIEW,REVIEW,,"1[28D. Foreign tours by members, directors, office-bearers and employees of a

cooperative societies.- The Members, directors, office-bearers and the employees of a Co-

operative Society shall not un"
KA_ACT_1959_SEC_29,KA_ACT_1959,child,21,70,70,29,,,[XXX],,METADATA_REVIEW;TOPIC_TAG_REVIEW,REVIEW,,"29. [XXX]

1.Omitted by Act 3 of 2013 w.e.f 11.02.2013.

1

2 2 3

[4[The term of office of the members"
KA_ACT_1959_SEC_29A,KA_ACT_1959,child,396,70,71,29A,,,Commencement of term of office,,METADATA_REVIEW;TOPIC_TAG_REVIEW,REVIEW,,"[29A. Commencement of term of office.-

[(1)]

of the *board*]4 shall commence on the date on which the majority of the elected members

of the *board* assume office or the term of the out going *boar"
KA_ACT_1959_SEC_29C,KA_ACT_1959,parent,7,71,75,29C,,,Disqualification for membership of the *board*,CONTEXT_PARENT;SHORT_CHUNK,METADATA_REVIEW;TOPIC_TAG_REVIEW,REVIEW,B_SHORT,29C. Disqualification for membership of the *board*.-
KA_ACT_1959_SEC_29C_SUB_1,KA_ACT_1959,child,735,71,73,29C,,,Disqualification for membership of the *board*,,METADATA_REVIEW;TOPIC_TAG_REVIEW,REVIEW,,"(1) No person shall be eligible

1

for being elected or appointed or continued as a member of the [*board* of any co-operative

1

society] , if,—

1. Substituted by Act 25 of 1998 w.e.f. 15.08.1998."
KA_ACT_1959_SEC_29C_SUB_2,KA_ACT_1959,child,239,73,74,29C,,,Disqualification for membership of the *board*,,METADATA_REVIEW;TOPIC_TAG_REVIEW,REVIEW,,"(2) No person including a person elected by a co-operative society as a member of a

*board* of another co-operative society of which such co-operative society is a member shall

1

1

be a [President"
KA_ACT_1959_SEC_29C_SUB_5,KA_ACT_1959,child,84,74,74,29C,,,Disqualification for membership of the *board*,,METADATA_REVIEW;TOPIC_TAG_REVIEW,REVIEW,,"(5) In the case of co-operative marketing societies, consumers co-operative societies and

such class or classes of co-operative societies as may be specified by the State

Government, by notification"
KA_ACT_1959_SEC_29C_SUB_6,KA_ACT_1959,child,35,74,74,29C,,,Disqualification for membership of the *board*,,METADATA_REVIEW;TOPIC_TAG_REVIEW,REVIEW,,"(6). There shall be no representative of individual members on the *board*s of a District

Central Co-operative Bank or an Apex Co-operative Bank or such other classes of co-

operative banks as may b"
KA_ACT_1959_SEC_29C_SUB_7,KA_ACT_1959,child,259,74,75,29C,,,Disqualification for membership of the *board*,,METADATA_REVIEW;TOPIC_TAG_REVIEW,REVIEW,,"(7) Any question as to whether a member of the *board* was or has become subject to

any of the disqualifications mentioned in this section shall be decided by the Registrar after

giving the person c"
KA_ACT_1959_SEC_29C_SUB_9,KA_ACT_1959,child,150,75,75,29C,,,Disqualification for membership of the *board*,,METADATA_REVIEW;TOPIC_TAG_REVIEW,REVIEW,,"(9) A copy of the order made under sub-section (8) shall be communicated to the member

1

and the co-operative society concerned.]

2 [(10) No director of a cooperative society shall be eligible for "
KA_ACT_1959_SEC_29E,KA_ACT_1959,child,204,75,76,29E,,,Filling up of casual vacancy in the office of members of the *board*,,METADATA_REVIEW;TOPIC_TAG_REVIEW,REVIEW,,"[29E. Filling up of casual vacancy in the office of members of the *board*.- Any

vacancy in the office of members of the *board* of a co-operative society by reason of death,

resignation, removal or"
KA_ACT_1959_SEC_29F,KA_ACT_1959,child,277,76,76,29F,,,"Election of President, Chairperson, Vice-President, or Vice-Chairperson, etc.,",,METADATA_REVIEW;TOPIC_TAG_REVIEW,REVIEW,,"29F. Election of President, Chairperson, Vice-President, or Vice-Chairperson, etc.,-

(1) Every co-operative society shall have a President or Chairperson, Vice-President or Vice-

Chairperson and suc"
KA_ACT_1959_SEC_29G,KA_ACT_1959,parent,5,76,81,29G,,,Appointment of Chief Executive,CONTEXT_PARENT;SHORT_CHUNK,METADATA_REVIEW;TOPIC_TAG_REVIEW,REVIEW,B_SHORT,[29G. Appointment of Chief Executive.-
KA_ACT_1959_SEC_29G_SUB_1,KA_ACT_1959,child,241,76,77,29G,,,Appointment of Chief Executive,,METADATA_REVIEW;TOPIC_TAG_REVIEW,REVIEW,,"(1) For every co-operative society there shall

be a Chief Executive who shall 2[XXX] 2 be appointed and be removable by the society:

1. Section 29G inserted by Act 25 of 1998 w.e.f. 27.10.1998. 2. O"
KA_ACT_1959_SEC_29G_SUB_2,KA_ACT_1959,child,39,77,77,29G,,,Appointment of Chief Executive,,METADATA_REVIEW;TOPIC_TAG_REVIEW,REVIEW,,"(2) On the appointment of Chief Executive to a co-operative society by the Government or

the Registrar, the person appointed as Chief Executive by the society, if any, by whatever

name called, shall"
KA_ACT_1959_SEC_29G_SUB_3,KA_ACT_1959,child,52,77,77,29G,,,Appointment of Chief Executive,,METADATA_REVIEW;TOPIC_TAG_REVIEW,REVIEW,,"(3) Salary and other conditions of services of the Chief Executive shall,—

(i) in the case of an official of the State Government be as approved by the State

Government; and

(ii) in other cases, be"
KA_ACT_1959_SEC_29G_SUB_4,KA_ACT_1959,child,436,77,78,29G,,,Appointment of Chief Executive,,METADATA_REVIEW;TOPIC_TAG_REVIEW,REVIEW,,"(4) The Chief Executive shall be the Chief Administrative Officer of the society and shall,

subject to the general supervision and control of the *board* and such other conditions and

restrictions a"
KA_ACT_1959_SEC_29G_SUB_5,KA_ACT_1959,child,138,79,79,29G,,,Appointment of Chief Executive,,METADATA_REVIEW;TOPIC_TAG_REVIEW,REVIEW,,"(5) In addition to the powers and duties specified in sub-section (4), the Chief Executive of

an Apex Society,—

(a) shall have power to appoint with the approval of the *board* and subject to the

p"
KA_ACT_1959_SEC_29G_SUB_6,KA_ACT_1959,child,994,79,81,29G,,,Appointment of Chief Executive,LONG_CHUNK_NO_SAFE_SPLIT,METADATA_REVIEW;TOPIC_TAG_REVIEW,REVIEW,A_LONG,"(6) In respect of primary co-operative societies, the Chief Executive shall send a [copy of

1

the receipt and payment account] duly certified by him every month to the Registrar and the

financing b"
KA_ACT_1959_SEC_30B,KA_ACT_1959,child,12,81,81,30B,,,XXX],SHORT_CHUNK,METADATA_REVIEW;TOPIC_TAG_REVIEW,REVIEW,B_SHORT,"[30B. XXX]

1. Omitted by Act 25 of 1998 w.e.f. 15.08.1998.

1"
KA_ACT_1959_SEC_30B_002,KA_ACT_1959,child,53,81,81,30B,,,Powers to give direction in public interest,,METADATA_REVIEW;TOPIC_TAG_REVIEW,REVIEW,,"[30B. Powers to give direction in public interest.-

(1) Where the State Government is

satisfied that in public interest and for the purposes of securing proper implementation of co-

operative and o"
KA_ACT_1959_SCHEDULE_D,KA_ACT_1959,parent,158,81,83,,,,"Scheduled Castes, Scheduled Tribes and other Backward Classes and ensuring reservation",CONTEXT_PARENT,METADATA_REVIEW;TOPIC_TAG_REVIEW,REVIEW,,"Scheduled Castes, Scheduled Tribes and other Backward Classes and ensuring reservation

to persons belonging to such Castes, Tribes or Classes in the services under the Co-

operative Societies, it is"
KA_ACT_1959_SCHEDULE_D_SUB_1,KA_ACT_1959,child,412,82,83,,,,"Scheduled Castes, Scheduled Tribes and other Backward Classes and ensuring reservation",,METADATA_REVIEW;TOPIC_TAG_REVIEW,REVIEW,,"[31. Appointment of Special Officer [by the Registrar]

.- (1) Where the Registrar is

of the opinion that a co-operative society is not functioning in accordance with the provisions

of the Act, rule"
KA_ACT_1959_SCHEDULE_D_SUB_2,KA_ACT_1959,child,353,83,83,,,,"Scheduled Castes, Scheduled Tribes and other Backward Classes and ensuring reservation",,METADATA_REVIEW;TOPIC_TAG_REVIEW,REVIEW,,"31A. Delivery of possession of records and properties of the co-operative

societies.- (1) Where a new *board* is elected or an Administrator or Special Officer is

appointed by the Registrar or where"
KA_ACT_1959_SEC_32,KA_ACT_1959,child,244,83,84,32,,,First charge of co-operative society on certain assets,STRUCTURE_UNCERTAIN,METADATA_REVIEW;TOPIC_TAG_REVIEW,REVIEW,E_STRUCTURE,"CHAPTER V

PRIVILEGES OF CO-OPERATIVE SOCIETIES.

32. First charge of co-operative society on certain assets.-

(1) Notwithstanding

anything contained in any law for the time being in force, but subj"
KA_ACT_1959_SEC_33,KA_ACT_1959,child,772,84,86,33,,,"Charge on land, owned by members or held as tenants by members borrowing",STRUCTURE_UNCERTAIN,METADATA_REVIEW;TOPIC_TAG_REVIEW,REVIEW,E_STRUCTURE,"33. Charge on land, owned by members or held as tenants by members borrowing

loans from certain co-operative societies.-

(1) Notwithstanding anything contained in this

Act or in any other law for t"
KA_ACT_1959_SEC_34,KA_ACT_1959,child,325,86,86,34,,,Deduction from salary to meet society's claim in certain cases,,METADATA_REVIEW;TOPIC_TAG_REVIEW,REVIEW,,"34. Deduction from salary to meet society's claim in certain cases.-

(1)

Notwithstanding anything contained in any law for the time being in force, a member of a co-

operative society may execute a"
KA_ACT_1959_SEC_35,KA_ACT_1959,child,158,86,87,35,,,Charge and set off in respect of shares or interest of members in the capital of a,,METADATA_REVIEW;TOPIC_TAG_REVIEW,REVIEW,,"35. Charge and set off in respect of shares or interest of members in the capital of a

co-operative society.- A co-operative society shall have a charge upon the share or interest

in the capital and"
KA_ACT_1959_SEC_36,KA_ACT_1959,child,86,87,87,36,,,Shares or interest not liable to attachment,,METADATA_REVIEW;TOPIC_TAG_REVIEW,REVIEW,,"36. Shares or interest not liable to attachment.- Subject to the provisions of section 35

the share or interest of a member in the capital of a co-operative society shall not be liable to

attachment"
KA_ACT_1959_SEC_37,KA_ACT_1959,child,280,87,87,37,,,"Exemption from certain taxes, duties and fees",,METADATA_REVIEW;TOPIC_TAG_REVIEW,REVIEW,,"37. Exemption from certain taxes, duties and fees.- The State Government, if in its

opinion it is necessary in public interest so to do, may, by notification in the official Gazette,

and subject to "
KA_ACT_1959_SEC_38,KA_ACT_1959,child,208,88,88,38,,,Exemption from compulsory registration of instruments,,METADATA_REVIEW;TOPIC_TAG_REVIEW,REVIEW,,"38. Exemption from compulsory registration of instruments.- Nothing in clauses (b)

and (c) of sub-section (1) of section 17 of the Indian Registration Act, 1908 (Central Act XVI

of 1908), shall appl"
KA_ACT_1959_SEC_39,KA_ACT_1959,parent,10,88,91,39,,,Registration of documents executed on behalf of co-operative societies,CONTEXT_PARENT;SHORT_CHUNK,METADATA_REVIEW;TOPIC_TAG_REVIEW,REVIEW,B_SHORT,39. Registration of documents executed on behalf of co-operative societies.-
KA_ACT_1959_SEC_39_SUB_1,KA_ACT_1959,child,103,88,88,39,,,Registration of documents executed on behalf of co-operative societies,,METADATA_REVIEW;TOPIC_TAG_REVIEW,REVIEW,,"(1)

Notwithstanding anything contained in the Indian Registration Act, 1908 (Central Act XVI of

1

1

1908), it shall not be necessary for any member of a *board*, [Chief Executive] or other

1

1

"
KA_ACT_1959_SEC_39_SUB_2,KA_ACT_1959,child,1078,88,91,39,,,Registration of documents executed on behalf of co-operative societies,LONG_CHUNK_NO_SAFE_SPLIT,METADATA_REVIEW;TOPIC_TAG_REVIEW,REVIEW,A_LONG,"(2) Where any instrument is so executed, the registering officer to whom such instrument

is presented for registration may, if he thinks fit, refer to such member, secretary or officer for

informati"
KA_ACT_1959_SEC_39B,KA_ACT_1959,child,49,91,91,39B,,,Cost of conducting elections,,METADATA_REVIEW;TOPIC_TAG_REVIEW,REVIEW,,"39B. Cost of conducting elections.- The expenses of holding any election, including the

payment of traveling allowances, dearness allowances and other remuneration, if any, to the

persons appointed "
KA_ACT_1959_SEC_39C,KA_ACT_1959,child,521,91,92,39C,,,Corrupt practices,,METADATA_REVIEW;TOPIC_TAG_REVIEW,REVIEW,,"39C. Corrupt practices.- The following shall be deemed to be corrupt practices for the

purposes of this Act, namely:—

(i) ‗Bribery‘ as defined in clause (1) of section 123 of the Representation of t"
KA_ACT_1959_SEC_39D,KA_ACT_1959,child,97,93,93,39D,,,Maintenance of secrecy of voting,,METADATA_REVIEW;TOPIC_TAG_REVIEW,REVIEW,,"39D. Maintenance of secrecy of voting.-

(1) Every officer, clerk, agent or other person

who performs any duty in connection with the recording or counting of votes at an election

shall maintain and"
KA_ACT_1959_SEC_39E,KA_ACT_1959,child,187,93,93,39E,,,Officers etc. at election not to act for candidates or to influence voting,,METADATA_REVIEW;TOPIC_TAG_REVIEW,REVIEW,,"39E. Officers etc. at election not to act for candidates or to influence voting.-

(1) No

person who is a returning officer, or an assistant returning officer or a presiding or polling

officer at an"
KA_ACT_1959_SEC_39F,KA_ACT_1959,child,144,93,93,39F,,,Prohibition of canvassing in or near polling station,,METADATA_REVIEW;TOPIC_TAG_REVIEW,REVIEW,,"39F. Prohibition of canvassing in or near polling station.-

(1) No person shall, on the

date or dates on which a poll is taken at any polling station commit any of the following acts

within the pol"
KA_ACT_1959_SEC_39G,KA_ACT_1959,child,254,94,94,39G,,,Penalty for disorderly conduct in or near poling station,,METADATA_REVIEW;TOPIC_TAG_REVIEW,REVIEW,,"39G. Penalty for disorderly conduct in or near poling station.-

(1) No person shall on

the date or dates on which a poll is taken at any polling station,—

(a) use or operate within or at the entran"
KA_ACT_1959_SEC_39H,KA_ACT_1959,child,158,94,94,39H,,,Penalty for misconduct at the polling station,,METADATA_REVIEW;TOPIC_TAG_REVIEW,REVIEW,,"39H. Penalty for misconduct at the polling station.-

(1) Any person who during hours

fixed for the poll at any polling station misconducts himself or fails to obey the lawful

directions of the Pres"
KA_ACT_1959_SEC_39I,KA_ACT_1959,child,139,94,95,39I,,,Breaches of official duty in connection with election,,METADATA_REVIEW;TOPIC_TAG_REVIEW,REVIEW,,"39I. Breaches of official duty in connection with election.-

(1) If any person to whom

this section applies is without reasonable cause guilty of any act or omission in breach of his

official duty,"
KA_ACT_1959_SEC_39J,KA_ACT_1959,child,215,95,95,39J,,,Removal of ballot papers from polling station to be an offence,,METADATA_REVIEW;TOPIC_TAG_REVIEW,REVIEW,,"39J. Removal of ballot papers from polling station to be an offence.-

(1) Any person

who at any election fraudulently takes or attempts to take a ballot paper out of a polling

station, or willfully"
KA_ACT_1959_SEC_39K,KA_ACT_1959,child,388,95,96,39K,,,Other offences and penalties,,METADATA_REVIEW;TOPIC_TAG_REVIEW,REVIEW,,"39K. Other offences and penalties.-

(1) A person shall be guilty of an electoral offence,

if at any election, he,—

(a) fraudulently defaces or fraudulently destroys any nomination paper; or

(b) fr"
KA_ACT_1959_SEC_40,KA_ACT_1959,child,49,96,96,40,,,Promotion of co-operative movement,,METADATA_REVIEW;TOPIC_TAG_REVIEW,REVIEW,,"CHAPTER VI

STATE AID TO CO-OPERATIVE SOCIETIES.

40. Promotion of co-operative movement.- It shall be the duty of the State Government

to encourage and promote the co-operative movement including en"
KA_ACT_1959_SEC_41,KA_ACT_1959,child,71,96,96,41,,,Direct partnership of State Government in co-operative societies,,METADATA_REVIEW;TOPIC_TAG_REVIEW,REVIEW,,"41. Direct partnership of State Government in co-operative societies.-

(1) The State

Government may subscribe directly to the share capital of a co-operative society with limited

liability.

(2) No"
KA_ACT_1959_SEC_42,KA_ACT_1959,child,45,96,96,42,,,Indirect partnership of State Government in co-operative societies,,METADATA_REVIEW;TOPIC_TAG_REVIEW,REVIEW,,"42. Indirect partnership of State Government in co-operative societies.- The State

Government may, subject to appropriation by law, provide moneys to a co-operative society

(hereinafter in this Chap"
KA_ACT_1959_SEC_43,KA_ACT_1959,child,121,97,97,43,,,Principal State Partnership Fund,,METADATA_REVIEW;TOPIC_TAG_REVIEW,REVIEW,,"43. Principal State Partnership Fund.-

(1) An apex society which is provided with

moneys by the State Government under section 42 shall, with such moneys, establish a

Fund to be called the ‗Princip"
KA_ACT_1959_SEC_44,KA_ACT_1959,child,80,97,97,44,,,Subsidiary State Partnership Fund,,METADATA_REVIEW;TOPIC_TAG_REVIEW,REVIEW,,"44. Subsidiary State Partnership Fund.-

(1) A central society which is provided with

moneys by an apex society from the ‗Principal State Partnership Fund‘ shall, with such

moneys, establish a Fund "
KA_ACT_1959_SEC_45,KA_ACT_1959,child,44,97,97,45,,,Approval of State Government for purchase of shares,,METADATA_REVIEW;TOPIC_TAG_REVIEW,REVIEW,,"45. Approval of State Government for purchase of shares.- No shares shall be

purchased in a co-operative society from the moneys in the ‗Principal State Partnership

Fund‘ or the ‗Subsidiary State Pa"
KA_ACT_1959_SEC_46,KA_ACT_1959,child,79,97,97,46,,,Liability to be limited in respect of certain shares,,METADATA_REVIEW;TOPIC_TAG_REVIEW,REVIEW,,"46. Liability to be limited in respect of certain shares.- Where any shares are

purchased in a co-operative society by,—

(a) the State Government; or

(b) an apex society or a central society from t"
KA_ACT_1959_SEC_47,KA_ACT_1959,child,74,97,98,47,,,Restriction on amount of dividend,,METADATA_REVIEW;TOPIC_TAG_REVIEW,REVIEW,,"47. Restriction on amount of dividend.- An apex society which has purchased shares

in other co-operative societies from the moneys in the ‗Principal State Partnership Fund‘ and

a central society whi"
KA_ACT_1959_SEC_48,KA_ACT_1959,child,168,98,98,48,,,Indemnity of apex and central societies,,METADATA_REVIEW;TOPIC_TAG_REVIEW,REVIEW,,"48. Indemnity of apex and central societies.-

(1) If a co-operative society in which

shares are purchased from the ‗Principal State Partnership Fund‘, is wound up or dissolved,

the State Government"
KA_ACT_1959_SEC_49,KA_ACT_1959,child,192,98,98,49,,,"Disposal of share capital and dividend, etc",,METADATA_REVIEW;TOPIC_TAG_REVIEW,REVIEW,,"49. Disposal of share capital and dividend, etc.-

(1) All moneys received by an apex

society in respect of shares of other co-operative societies purchased from the moneys in

the ‗Principal State P"
KA_ACT_1959_SEC_50,KA_ACT_1959,child,114,98,99,50,,,Disposal of 'Principal State Partnership Fund' and 'Subsidiary State Partnership,,METADATA_REVIEW;TOPIC_TAG_REVIEW,REVIEW,,"50. Disposal of 'Principal State Partnership Fund' and 'Subsidiary State Partnership

Fund' on winding up of an apex or a central society.-

(1) If an apex society which has

established a ‗Principal "
KA_ACT_1959_SEC_51,KA_ACT_1959,child,53,99,99,51,,,Principal State Partnership Fund and Subsidiary State Partnership Fund not to,,METADATA_REVIEW;TOPIC_TAG_REVIEW,REVIEW,,"51. Principal State Partnership Fund and Subsidiary State Partnership Fund not to

form part of assets.- Any amount to the credit of a ‗Principal State Partnership Fund‘ or a

‗Subsidiary State Partne"
KA_ACT_1959_SEC_52,KA_ACT_1959,child,107,99,99,52,,,Agreement by State Government and apex societies,,METADATA_REVIEW;TOPIC_TAG_REVIEW,REVIEW,,"52. Agreement by State Government and apex societies.- Subject to the foregoing

provisions of this Chapter,—

(a) the State Government may enter into an agreement with an apex society setting out

th"
KA_ACT_1959_SEC_53,KA_ACT_1959,child,144,99,99,53,,,Other forms of State aid to co-operative societies,,METADATA_REVIEW;TOPIC_TAG_REVIEW,REVIEW,,"53. Other forms of State aid to co-operative societies.- Notwithstanding anything

contained in any law for the time being in force, the State Government may,—

(a) give loans or make advances to co-o"
KA_ACT_1959_SEC_54,KA_ACT_1959,child,10,99,99,54,,,XXX]1,SHORT_CHUNK,METADATA_REVIEW;TOPIC_TAG_REVIEW,REVIEW,B_SHORT,"1[54.XXX]1

1. Omitted by Act 6 of 2010 w.e.f. 03.11.2009."
KA_ACT_1959_SEC_55,KA_ACT_1959,child,40,99,99,55,,,Provisions of this Chapter to override other laws,,METADATA_REVIEW;TOPIC_TAG_REVIEW,REVIEW,,"55. Provisions of this Chapter to override other laws.- The provisions of sections 42 to

54 of this Chapter shall have effect notwithstanding anything inconsistent therewith

contained in this Act or"
KA_ACT_1959_SEC_56,KA_ACT_1959,child,214,100,100,56,,,Mobilisation of Funds,STRUCTURE_UNCERTAIN,METADATA_REVIEW;TOPIC_TAG_REVIEW,REVIEW,E_STRUCTURE,"CHAPTER VII.

PROPERTIES AND FUNDS OF CO-OPERATIVE SOCIETIES.

1[56. Mobilisation of Funds.-

(1) A co-operative society may mobilise funds in the form

of share capital, deposits, debentures, loans a"
KA_ACT_1959_SEC_57,KA_ACT_1959,child,672,100,102,57,,,Net profits and their disposal,STRUCTURE_UNCERTAIN,METADATA_REVIEW;TOPIC_TAG_REVIEW,REVIEW,E_STRUCTURE,"57. Net profits and their disposal.-

(1) The net profits of co-operative societies shall be

determined in accordance with such rules as may be prescribed and different rules may be

made for differe"
KA_ACT_1959_SEC_58,KA_ACT_1959,child,198,102,103,58,,,Investment of funds,,METADATA_REVIEW;TOPIC_TAG_REVIEW,REVIEW,,"58. Investment of funds.- A co-operative society may invest or deposit its funds,—

(a) in a Government Savings Bank; or

(b) in any of the securities specified in section 20 of the Indian Trusts Act,"
KA_ACT_1959_SEC_59,KA_ACT_1959,child,138,103,103,59,,,Restrictions on borrowings,,METADATA_REVIEW;TOPIC_TAG_REVIEW,REVIEW,,"59. Restrictions on borrowings.- [(1)] A co-operative society shall receive deposits

and loans only to such extent and under such conditions 2[XXX] 2 as may be specified in the

bye-laws.

1. Renumbe"
KA_ACT_1959_SEC_60,KA_ACT_1959,child,65,103,103,60,,,Restrictions on loans,,METADATA_REVIEW;TOPIC_TAG_REVIEW,REVIEW,,"60. Restrictions on loans.-

(1) A co-operative society shall not make a loan to any

person other than a member:

Provided that 1[XXX]1 a co-operative society may make loans to another co-operative

"
KA_ACT_1959_SEC_61,KA_ACT_1959,child,39,103,103,61,,,Restrictions on other transactions with non-members,,METADATA_REVIEW;TOPIC_TAG_REVIEW,REVIEW,,"61. Restrictions on other transactions with non-members.- Save as is provided in

sections 59 and 60, the transactions of a co-operative society with persons other than

members shall be subject to su"
KA_ACT_1959_SEC_62,KA_ACT_1959,child,96,103,103,62,,,Provident Fund,STRUCTURE_UNCERTAIN,METADATA_REVIEW;TOPIC_TAG_REVIEW,REVIEW,E_STRUCTURE,"62. Provident Fund.-

(1) A co-operative society may establish a contributory Provident

Fund for the benefit of its employees to which shall be credited all contributions made by the

employees and s"
KA_ACT_1959_CONTEXT_093,KA_ACT_1959,child,2483,104,109,,,,,LONG_CHUNK_NO_SAFE_SPLIT;SECTION_IDENTIFIER_MISSING;STRUCTURE_UNCERTAIN,METADATA_REVIEW;MISSING_STRUCTURAL_ID;TOPIC_TAG_REVIEW,REVIEW,A_LONG;E_STRUCTURE;C_TOP20_LONG,"CHAPTER VIII

AUDIT, INQUIRY, INSPECTION AND SURCHARGE.

1 [63 Audit.- (1) Every Cooperative society shall get its accounts audited at least

once in a year before the first of September following the"
KA_ACT_1959_SEC_64,KA_ACT_1959,parent,888,109,111,64,,,Inquiry by Registrar,,METADATA_REVIEW;TOPIC_TAG_REVIEW,REVIEW,,"64. Inquiry by Registrar.-

(1) The Registrar may, of his own motion, by himself or by a

1

person authorized by him, by order in writing, hold an inquiry into [any matter specified in

1

the order "
KA_ACT_1959_SEC_64_SUB_1,KA_ACT_1959,child,53,109,109,64,,,Inquiry by Registrar,,METADATA_REVIEW;TOPIC_TAG_REVIEW,REVIEW,,"(1) The Registrar may, of his own motion, by himself or by a

1

person authorized by him, by order in writing, hold an inquiry into [any matter specified in

1

the order touching] the constitution, "
KA_ACT_1959_SEC_64_SUB_2,KA_ACT_1959,child,178,109,110,64,,,Inquiry by Registrar,,METADATA_REVIEW;TOPIC_TAG_REVIEW,REVIEW,,"(2) An inquiry of the nature referred to in sub-section (1) shall be held on the application

of,—

(a) a co-operative society to which the society concerned is affiliated;

(b) a majority of the memb"
KA_ACT_1959_SEC_64_SUB_3,KA_ACT_1959,child,355,110,111,64,,,Inquiry by Registrar,,METADATA_REVIEW;TOPIC_TAG_REVIEW,REVIEW,,"(3) The Registrar, or the person authorized by him under sub-section (1) shall, for the

purposes of an inquiry under this section have the following powers, namely:—

(a) he shall, at all times, have"
KA_ACT_1959_SEC_64_SUB_4,KA_ACT_1959,child,298,111,111,64,,,Inquiry by Registrar,,METADATA_REVIEW;TOPIC_TAG_REVIEW,REVIEW,,"(4) When an inquiry is made under this section, the Registrar shall 2[send a copy of the

inquiry report and communicate]2 the result of the inquiry to the society and to the co-

1

operative society"
KA_ACT_1959_SEC_65,KA_ACT_1959,child,431,111,112,65,,,Inspection of books of a co-operative society,,METADATA_REVIEW;TOPIC_TAG_REVIEW,REVIEW,,"65. Inspection of books of a co-operative society.-

(1) The Registrar may of his own

motion, or on the application of a creditor of a co-operative society, inspect or direct any

person authorized b"
KA_ACT_1959_SEC_65A,KA_ACT_1959,child,120,112,113,65A,,,"Report of [inquiry] , inspection and final report to be made available to a",,METADATA_REVIEW;TOPIC_TAG_REVIEW,REVIEW,,"[65A. Report of [inquiry] , inspection and final report to be made available to a

credit agency.- The Registrar shall draw the attention of a credit agency financing a co-

2

2

operative society to"
KA_ACT_1959_SEC_65B,KA_ACT_1959,child,148,113,113,65B,,,Inspection of books of co-operative society by a credit agency,,METADATA_REVIEW;TOPIC_TAG_REVIEW,REVIEW,,"65B. Inspection of books of co-operative society by a credit agency.-

(1) A credit

agency shall have the right to inspect the books of any co-operative society which has either

applied to the credi"
KA_ACT_1959_SEC_66,KA_ACT_1959,child,132,113,113,66,,,Power to seize books and property,,METADATA_REVIEW;TOPIC_TAG_REVIEW,REVIEW,,"66. Power to seize books and property.- If any officer or person conducting audit under

section 63, inquiry under section 64 or inspection under section 65, 1[or otherwise]1 has

reason to believe th"
KA_ACT_1959_SEC_67,KA_ACT_1959,child,146,113,114,67,,,Costs of Inquiry,,METADATA_REVIEW;TOPIC_TAG_REVIEW,REVIEW,,"67. Costs of Inquiry.- Where an inquiry is held under section 64 or an inspection is made

under section 65 on the application of a creditor, the Registrar may apportion the costs, or

such part of th"
KA_ACT_1959_SEC_68,KA_ACT_1959,child,281,114,114,68,,,Order by the Registrar,,METADATA_REVIEW;TOPIC_TAG_REVIEW,REVIEW,,"68. Order by the Registrar.- [(1)] The Registrar may make an order directing the co-

1

1

operative society or its [office bearers] to take such action as may be specified in the order

4

4

within"
KA_ACT_1959_SEC_69,KA_ACT_1959,child,439,114,115,69,,,Surcharge,,METADATA_REVIEW;TOPIC_TAG_REVIEW,REVIEW,,"[69. Surcharge.-

(1) If in the course of an audit, inquiry, inspection or the winding up of a

Co-operative society, it is found that the *board* of Management of such society or the

President, Vice"
KA_ACT_1959_SEC_70,KA_ACT_1959,parent,589,115,117,70,,,Disputes which may be referred to Registrar for decision,,METADATA_REVIEW;TOPIC_TAG_REVIEW,REVIEW,,"CHAPTER IX

SETTLEMENT OF DISPUTES

70. Disputes which may be referred to Registrar for decision.-

(1) Notwithstanding

anything contained in any law for the time being in force, if any dispute touch"
KA_ACT_1959_SEC_70_SUB_1,KA_ACT_1959,child,225,115,116,70,,,Disputes which may be referred to Registrar for decision,,METADATA_REVIEW;TOPIC_TAG_REVIEW,REVIEW,,"(1) Notwithstanding

anything contained in any law for the time being in force, if any dispute touching the

3

3

[2[XXX]2]

constitution, management, or the business of a co-operative society

arise"
KA_ACT_1959_SEC_70_SUB_2,KA_ACT_1959,child,277,116,117,70,,,Disputes which may be referred to Registrar for decision,,METADATA_REVIEW;TOPIC_TAG_REVIEW,REVIEW,,"(2) For the purposes of sub-section (1), the following shall be deemed to be disputes

touching the constitution, management or the business of a co-operative society, namely:—

(a) a claim by the soc"
KA_ACT_1959_SEC_70_SUB_3,KA_ACT_1959,child,51,117,117,70,,,Disputes which may be referred to Registrar for decision,,METADATA_REVIEW;TOPIC_TAG_REVIEW,REVIEW,,"(3) If any question arises whether a dispute referred to the Registrar under this section is

a dispute touching the constitution, management or the business of a co-operative society,

the decision t"
KA_ACT_1959_SEC_70_SUB_5,KA_ACT_1959,child,21,117,117,70,,,Disputes which may be referred to Registrar for decision,,METADATA_REVIEW;TOPIC_TAG_REVIEW,REVIEW,,"(5) XXX]2]

1. Inserted by Act 3 of 2013 w.e.f. 11.02.2013.

2. Omitted by Act, 35 of 2014 w.e.f. 06.09.2014

1"
KA_ACT_1959_SEC_70A,KA_ACT_1959,child,171,117,117,70A,,,Period of limitation,,METADATA_REVIEW;TOPIC_TAG_REVIEW,REVIEW,,"[70A. Period of limitation.-

(1) No dispute under section 70 shall be entertained unless

it is referred to the Registrar within six years from the date of the cause of action:

Provided that a dispu"
KA_ACT_1959_SEC_71,KA_ACT_1959,child,418,117,118,71,,,Disposal of disputes,STRUCTURE_UNCERTAIN,METADATA_REVIEW;TOPIC_TAG_REVIEW,REVIEW,E_STRUCTURE,"71. Disposal of disputes.-

(1) The Registrar may, on receipt of the reference of a dispute

under section 70,—

(a) decide the dispute himself, or

(b) transfer it for disposal to any person who has "
KA_ACT_1959_SEC_71A,KA_ACT_1959,child,236,118,119,71A,,,Powers of financing bank to proceed against members of a co-operative,,METADATA_REVIEW;TOPIC_TAG_REVIEW,REVIEW,,"[71A. Powers of financing bank to proceed against members of a co-operative

society for the recovery of money due to it from such society.-

(1) If a co-operative

society is unable to pay its debts "
KA_ACT_1959_SEC_71B,KA_ACT_1959,child,237,119,119,71B,,,Powers of credit agency to proceed against members of a co-operative,,METADATA_REVIEW;TOPIC_TAG_REVIEW,REVIEW,,"[71B. Powers of credit agency to proceed against members of a co-operative

society for the recovery of money due to it from such society.-

(1) If a co-operative

society is unable to pay its debts t"
KA_ACT_1959_SEC_72,KA_ACT_1959,child,405,119,120,72,,,Winding up of co-operative societies,,METADATA_REVIEW;TOPIC_TAG_REVIEW,REVIEW,,"CHAPTER X

WINDING UP AND DISSOLUTION OF CO-OPERATIVE SOCIETIES.

1 72. Winding up of co-operative societies.-

(1) If the Registrar after [an audit has been

1

conducted under section 63 or an inqui"
KA_ACT_1959_SEC_72A,KA_ACT_1959,child,62,120,120,72A,,,"Winding up of a co-operative bank if so, required by the Reserve Bank",,METADATA_REVIEW;TOPIC_TAG_REVIEW,REVIEW,,"[72A. Winding up of a co-operative bank if so, required by the Reserve Bank.-

Notwithstanding anything to the contrary contained in this Act, the Registrar shall make an

order for winding up of a co"
KA_ACT_1959_SEC_72B,KA_ACT_1959,child,108,121,121,72B,,,Reimbursement to the Deposit Insurance Corporation by the Liquidators,,METADATA_REVIEW;TOPIC_TAG_REVIEW,REVIEW,,"72B. Reimbursement to the Deposit Insurance Corporation by the Liquidators.- Where

a co-operative bank being an insured bank within the meaning of the Deposit Insurance

Corporation Act, 1961, is wou"
KA_ACT_1959_SEC_73,KA_ACT_1959,child,187,121,121,73,,,Liquidator,,METADATA_REVIEW;TOPIC_TAG_REVIEW,REVIEW,,"73. Liquidator.-

(1) Where the Registrar has made an order under section 72 for the

winding up of a co-operative society, he may appoint a Liquidator for the purpose and fix his

remuneration.

(2) "
KA_ACT_1959_SEC_74,KA_ACT_1959,parent,533,121,122,74,,,Powers of Liquidator,,METADATA_REVIEW;TOPIC_TAG_REVIEW,REVIEW,,"74. Powers of Liquidator.-

(1) Subject to any rules made in this behalf, the whole of the

assets of a co-operative society in respect of which an order for winding up has been made,

shall vest in t"
KA_ACT_1959_SEC_74_SUB_1,KA_ACT_1959,child,62,121,121,74,,,Powers of Liquidator,,METADATA_REVIEW;TOPIC_TAG_REVIEW,REVIEW,,"(1) Subject to any rules made in this behalf, the whole of the

assets of a co-operative society in respect of which an order for winding up has been made,

shall vest in the Liquidator appointed unde"
KA_ACT_1959_SEC_74_SUB_2,KA_ACT_1959,child,431,121,122,74,,,Powers of Liquidator,,METADATA_REVIEW;TOPIC_TAG_REVIEW,REVIEW,,"(2) Such Liquidator shall also have power, subject to the control of the Registrar,—

(a) to institute and defend suits and other legal proceedings on behalf of the co-

operative society by the name "
KA_ACT_1959_SEC_74_SUB_3,KA_ACT_1959,child,36,122,122,74,,,Powers of Liquidator,,METADATA_REVIEW;TOPIC_TAG_REVIEW,REVIEW,,"(3) When the affairs of a co-operative society have been wound up, the Liquidator shall

make a report to the Registrar and deposit the records of the society in such place as the

Registrar may direc"
KA_ACT_1959_SEC_75,KA_ACT_1959,child,123,122,123,75,,,Cancellation of registration of a co-operative society,,METADATA_REVIEW;TOPIC_TAG_REVIEW,REVIEW,,"75. Cancellation of registration of a co-operative society.- Where in respect of a co-

operative society which has been ordered to be wound up under section 72, no Liquidator

has been appointed unde"
KA_ACT_1959_SEC_76,KA_ACT_1959,child,164,123,123,76,,,Definitions,,METADATA_REVIEW;TOPIC_TAG_REVIEW,REVIEW,,"CHAPTER XI

1 2

2

1

[ [AGRICULTURE AND RURAL] DEVELOPMENT BANKS] .

76. Definitions.- In this Chapter,—

2

(a) ‗Board‘ means the Board of Directors of the [State Agriculture and Rural

2

Developm"
KA_ACT_1959_SEC_76B,KA_ACT_1959,child,391,123,124,76B,,,State and other [Agriculture and Rural Development Banks],,METADATA_REVIEW,REVIEW,,"76B. State and other [Agriculture and Rural Development Banks]

.-

(1) There shall

1

1 3

3

be a [State Agriculture and Rural Development Bank] for the [State of Karnataka] , and as

2

2

many [A"
KA_ACT_1959_SEC_77,KA_ACT_1959,child,113,124,124,77,,,Appointment of Trustee and his powers and functions,,METADATA_REVIEW;TOPIC_TAG_REVIEW,REVIEW,,"77. Appointment of Trustee and his powers and functions.-

(1) The Registrar, or

where the State Government appoints any other person in this behalf, such person, shall be

1

the Trustee for the pur"
KA_ACT_1959_SEC_78,KA_ACT_1959,child,49,124,124,78,,,Trustee to be a corporation sole,,METADATA_REVIEW;TOPIC_TAG_REVIEW,REVIEW,,"78. Trustee to be a corporation sole.- The Trustee appointed under section 77 shall be

a corporation sole by the name of the Trustee for the debentures and as such shall have

perpetual succession an"
KA_ACT_1959_SEC_79,KA_ACT_1959,parent,781,124,126,79,,,Issue of debentures,,METADATA_REVIEW;TOPIC_TAG_REVIEW,REVIEW,,"[79. Issue of debentures.-

(1) With the previous sanction of the State Government and

the Trustee, and subject to such terms and conditions as the State Government may

2

2

impose, the [State Agri"
KA_ACT_1959_SEC_79_SUB_1,KA_ACT_1959,child,478,124,126,79,,,Issue of debentures,,METADATA_REVIEW;TOPIC_TAG_REVIEW,REVIEW,,"(1) With the previous sanction of the State Government and

the Trustee, and subject to such terms and conditions as the State Government may

2

2

impose, the [State Agriculture and Rural Developmen"
KA_ACT_1959_SEC_79_SUB_2,KA_ACT_1959,child,56,126,126,79,,,Issue of debentures,,METADATA_REVIEW;TOPIC_TAG_REVIEW,REVIEW,,"(2) Every debenture may contain a term fixing a period not exceeding thirty years from the

date of issue during which it shall be redeemable, or reserving to the *board* the right to

redeem at any t"
KA_ACT_1959_SEC_79_SUB_3,KA_ACT_1959,child,243,126,126,79,,,Issue of debentures,,METADATA_REVIEW;TOPIC_TAG_REVIEW,REVIEW,,"(3) The total amount due on debentures issued [or loans taken] by the [State

2

Agriculture and Rural Development Bank] , and outstanding at any time, shall not exceed—

1. Inserted by Act 5 of 1984 "
KA_ACT_1959_SEC_80,KA_ACT_1959,child,82,126,127,80,,,Charge of debenture holders on certain properties,,METADATA_REVIEW;TOPIC_TAG_REVIEW,REVIEW,,"80. Charge of debenture holders on certain properties.- The holders of the

debentures shall have a floating charge on,—

(a) all such mortgages and assets as are referred to in clause (a) of sub-sect"
KA_ACT_1959_SEC_81,KA_ACT_1959,child,277,127,127,81,,,"Guarantee by State Government of principal of, and interest on, debentures",,METADATA_REVIEW;TOPIC_TAG_REVIEW,REVIEW,,"81. Guarantee by State Government of principal of, and interest on, debentures.-

(1)

The principal of, and interest on, the debentures issued under section 79 shall, in respect of

such maximum amou"
KA_ACT_1959_SEC_82,KA_ACT_1959,child,139,127,128,82,,,Other guarantees by State Government,,METADATA_REVIEW;TOPIC_TAG_REVIEW,REVIEW,,"82. Other guarantees by State Government.-

(1) The State Government may by

1

general or special order authorize the grant of loans to members by the [State Agriculture

1 1

1

and Rural Developmen"
KA_ACT_1959_SEC_82A,KA_ACT_1959,child,90,128,128,82A,,,Powers of Land Development Banks to advance loans and to hold lands,,METADATA_REVIEW;TOPIC_TAG_REVIEW,REVIEW,,"[82A. Powers of Land Development Banks to advance loans and to hold lands.-

Subject to the provisions of this Act and the rules made thereunder, it shall be competent for

2

2

the [Agriculture and "
KA_ACT_1959_SEC_82B,KA_ACT_1959,child,253,128,128,82B,,,Mode of dealing with applications for loans,,METADATA_REVIEW;TOPIC_TAG_REVIEW,REVIEW,,"82B. Mode of dealing with applications for loans.-

(1) When an application for a loan

is made for any of the purposes mentioned in section 76A, a public notice shall be given of

the application in "
KA_ACT_1959_SEC_82C,KA_ACT_1959,child,226,128,129,82C,,,Order granting loan conclusive of certain matters,,METADATA_REVIEW,REVIEW,,"82C. Order granting loan conclusive of certain matters.- A written order by the

1

1

[Agriculture and Rural Development Bank] , or persons or *board*s authorized under the

bye-laws of the Bank to m"
KA_ACT_1959_SEC_83,KA_ACT_1959,child,228,129,129,83,,,Priority of mortgage over certain claims,,METADATA_REVIEW,REVIEW,,"83. Priority of mortgage over certain claims.- [(1)] A mortgage executed in favour of a

2

2

[Agriculture and Rural Development Bank] shall have priority over any claim of the

3

Government arising"
KA_ACT_1959_SEC_84,KA_ACT_1959,child,152,129,130,84,,,Right of [Agriculture and Rural Development Bank] or of the [State,,METADATA_REVIEW;TOPIC_TAG_REVIEW,REVIEW,,"84. Right of [Agriculture and Rural Development Bank] or of the [State

1

Agriculture and Rural Development Bank] to purchase mortgaged property.-

(1)

Notwithstanding anything contained in any law "
KA_ACT_1959_SEC_85,KA_ACT_1959,child,100,130,130,85,,,Mortgages executed in favour of [Agriculture and Rural Development Bank] to,,METADATA_REVIEW;TOPIC_TAG_REVIEW,REVIEW,,"85. Mortgages executed in favour of [Agriculture and Rural Development Bank] to

1

1

stand vested in [State Agriculture and Rural Development Bank]

.- The mortgages

1

executed in favour of, and a"
KA_ACT_1959_SEC_85A,KA_ACT_1959,child,159,130,130,85A,,,Registration of mortgage or lease in favour of Land Development Banks,,METADATA_REVIEW;TOPIC_TAG_REVIEW,REVIEW,,"[85A. Registration of mortgage or lease in favour of Land Development Banks.-

Notwithstanding anything contained in the Indian Registration Act, 1908, it shall not be

1

necessary to register mortga"
KA_ACT_1959_SEC_86,KA_ACT_1959,child,202,130,131,86,,,Power of [Agriculture and Rural Development Bank] to receive moneys,,METADATA_REVIEW;TOPIC_TAG_REVIEW,REVIEW,,"86. Power of [Agriculture and Rural Development Bank] to receive moneys

and grant discharges.- Notwithstanding that a mortgage executed in favour of an

1

1

[Agriculture and Rural Development Bank]"
KA_ACT_1959_SEC_86A,KA_ACT_1959,child,73,131,131,86A,,,Recovery of Loans by development banks,,METADATA_REVIEW;TOPIC_TAG_REVIEW,REVIEW,,"[86A. Recovery of Loans by development banks.- All loans granted by the

1

1

[Agriculture and Rural Development Bank] , all interests (if any) chargeable thereon, and

costs (if any), incurred in ma"
KA_ACT_1959_SEC_87,KA_ACT_1959,child,336,131,132,87,,,Right of [Agriculture and Rural Development Bank] to pay prior debts of,STRUCTURE_UNCERTAIN,METADATA_REVIEW;TOPIC_TAG_REVIEW,REVIEW,E_STRUCTURE,"87. Right of [Agriculture and Rural Development Bank] to pay prior debts of

1

mortgagor.-

(1) Where a mortgage is executed in favour of an [Agriculture and Rural

1

Development Bank] for payment o"
KA_ACT_1959_SEC_87A,KA_ACT_1959,child,258,132,132,87A,,,Mortgages executed by managers of joint Hindu families,,METADATA_REVIEW;TOPIC_TAG_REVIEW,REVIEW,,"[87A. Mortgages executed by managers of joint Hindu families.-

(1) Mortgages, in

2

2 2

respect of loans by an [Agriculture and Rural Development Bank] or the [State Agriculture

2

3

3

and Rural"
KA_ACT_1959_SEC_87B,KA_ACT_1959,child,213,132,133,87B,,,Restrictions on lease,,METADATA_REVIEW;TOPIC_TAG_REVIEW,REVIEW,,"87B. Restrictions on lease.-

(1) Notwithstanding anything contained in the Transfer of

Property Act, 1882 or any other law for the time being in force, no mortgagor of property

1

1

mortgaged to a"
KA_ACT_1959_SEC_88_002,KA_ACT_1959,child,203,133,133,88,,,Distraint - When to be made,,METADATA_REVIEW;TOPIC_TAG_REVIEW,REVIEW,,"88. Distraint - When to be made.-

(1) If any instalment payable under a mortgage

1

1

executed in favour of an [Agriculture and Rural Development Bank] or any part of such

instalment has remained "
KA_ACT_1959_SEC_89,KA_ACT_1959,child,333,133,134,89,,,Power of sale when to be exercised,,METADATA_REVIEW;TOPIC_TAG_REVIEW,REVIEW,,"89. Power of sale when to be exercised.-

(1) Notwithstanding anything contained in the

Transfer of Property Act, 1882 (Central Act IV of 1882), where a power of sale without the

1

intervention of "
KA_ACT_1959_SEC_89A,KA_ACT_1959,child,190,134,135,89A,,,Confirmation of sale,STRUCTURE_UNCERTAIN,METADATA_REVIEW;TOPIC_TAG_REVIEW,REVIEW,E_STRUCTURE,"[89A. Confirmation of sale.-

(1) On effecting the sale by an [Agriculture and Rural

2

Development Bank] under section 89, the bank shall, in the prescribed manner submit to the

2

2

[State Agricu"
KA_ACT_1959_SEC_89B,KA_ACT_1959,child,230,135,135,89B,,,Disposal of sale-proceeds,,METADATA_REVIEW;TOPIC_TAG_REVIEW,REVIEW,,"89B. Disposal of sale-proceeds.- The proceeds of every sale effected under section 89

and confirmed under section 89A, shall be applied first in payment of all costs, charges and

expenses incurred i"
KA_ACT_1959_SEC_89C,KA_ACT_1959,parent,491,135,136,89C,,,"Certificate to purchase, delivery of property and title of purchaser",,METADATA_REVIEW;TOPIC_TAG_REVIEW,REVIEW,,"89C. Certificate to purchase, delivery of property and title of purchaser.-

(1) Where a

sale of mortgaged property has become absolute under section 89A and the sale-proceeds,

1

1

have been recei"
KA_ACT_1959_SEC_89C_SUB_1,KA_ACT_1959,child,362,135,136,89C,,,"Certificate to purchase, delivery of property and title of purchaser",,METADATA_REVIEW;TOPIC_TAG_REVIEW,REVIEW,,"(1) Where a

sale of mortgaged property has become absolute under section 89A and the sale-proceeds,

1

1

have been received in full by the [Agriculture and Rural Development Bank] , the bank shall
"
KA_ACT_1959_SEC_89C_SUB_3,KA_ACT_1959,child,118,136,136,89C,,,"Certificate to purchase, delivery of property and title of purchaser",,METADATA_REVIEW;TOPIC_TAG_REVIEW,REVIEW,,"(3) Where any property is sold in the exercise or purported exercise of a power of sale

1

1

under [section 89] , the title of the purchaser shall not be questioned on the ground that the

circumsta"
KA_ACT_1959_SEC_89D,KA_ACT_1959,child,344,136,137,89D,,,Recovery of loans on certificate by Registrar,,METADATA_REVIEW;TOPIC_TAG_REVIEW,REVIEW,,"89D. Recovery of loans on certificate by Registrar.-

(1) Notwithstanding anything

1

contained in sections 70 and 71, on an application made by an [Agriculture and Rural

1

Development Bank] for th"
KA_ACT_1959_SEC_89E,KA_ACT_1959,child,225,137,137,89E,,,Deputy Commissioner to make recoveries during a certain period,,METADATA_REVIEW;TOPIC_TAG_REVIEW,REVIEW,,"89E. Deputy Commissioner to make recoveries during a certain period.-

(1) During

such period as the State Government may by general or special order notify in the official

Gazette, it shall be comp"
KA_ACT_1959_SEC_89F,KA_ACT_1959,child,103,137,138,89F,,,Officers of banks not to bid at sales,,METADATA_REVIEW;TOPIC_TAG_REVIEW,REVIEW,,"89F. Officers of banks not to bid at sales.- At any sale of movable or immovable

1

property, held under the provisions of this Chapter, no officer or employee of an [Agriculture

1

1

1

and Rural "
KA_ACT_1959_SEC_89G,KA_ACT_1959,child,75,138,138,89G,,,Section 40 of Bombay Act 28 of 1947 not to apply to alienation in favour of,,METADATA_REVIEW;TOPIC_TAG_REVIEW,REVIEW,,"89G. Section 40 of Bombay Act 28 of 1947 not to apply to alienation in favour of

Land Development Banks.- Nothing contained in section 40 of the Bombay Agricultural

Debtors Relief Act, 1947, or any "
KA_ACT_1959_SEC_89H,KA_ACT_1959,child,177,138,138,89H,,,Provision for Guarantee Funds to meet certain losses,,METADATA_REVIEW;TOPIC_TAG_REVIEW,REVIEW,,"89H. Provision for Guarantee Funds to meet certain losses.-

(1) It shall be competent

for the State Government to constitute one or more Guarantee Funds on such terms and

conditions as it may deem "
KA_ACT_1959_SEC_90,KA_ACT_1959,child,204,138,139,90,,,Powers of [Agriculture and Rural Development Bank] where mortgaged,,METADATA_REVIEW;TOPIC_TAG_REVIEW,REVIEW,,"90. Powers of [Agriculture and Rural Development Bank] where mortgaged

property is destroyed or security becomes insufficient.- Where any property mortgaged

1

1

to an [Agriculture and Rural Develo"
KA_ACT_1959_SEC_91,KA_ACT_1959,child,212,139,139,91,,,"Power of Board or of Trustee to distrain and sell property, etc",,METADATA_REVIEW;TOPIC_TAG_REVIEW,REVIEW,,"91. Power of Board or of Trustee to distrain and sell property, etc.-

(1) The Board or

1

1

the Trustee may direct the *board* of an [Agriculture and Rural Development Bank] to take

action against"
KA_ACT_1959_SEC_92,KA_ACT_1959,child,113,139,139,92,,,"Title of purchaser not to be questioned on the ground of irregularity, etc",,METADATA_REVIEW;TOPIC_TAG_REVIEW,REVIEW,,"92. Title of purchaser not to be questioned on the ground of irregularity, etc.- Where

any property is sold in the exercise or purported exercise of a power of sale under section

89, the title of th"
KA_ACT_1959_SEC_93,KA_ACT_1959,child,91,139,140,93,,,Mortgage not to be questioned on insolvency of mortgagor,,METADATA_REVIEW;TOPIC_TAG_REVIEW,REVIEW,,"93. Mortgage not to be questioned on insolvency of mortgagor.- Notwithstanding

anything contained in any law relating to insolvency, a mortgage executed in favour of an

1

1

[Agriculture and Rural "
KA_ACT_1959_SEC_94,KA_ACT_1959,child,210,140,140,94,,,Appointment of receiver and his powers,,METADATA_REVIEW;TOPIC_TAG_REVIEW,REVIEW,,"94. Appointment of receiver and his powers.-

(1) The Board may, on the application of

1

1

an [Agriculture and Rural Development Bank] and under circumstances in which the power

of sale conferred "
KA_ACT_1959_SEC_95,KA_ACT_1959,child,63,140,140,95,,,Mortgagor's powers to lease,,METADATA_REVIEW;TOPIC_TAG_REVIEW,REVIEW,,"95. Mortgagor's powers to lease.-

(1) Notwithstanding anything contained in the

Transfer of Property Act, 1882 (Central Act IV of 1882), or any other law for the time being in

force, a mortgagor sh"
KA_ACT_1959_SEC_96,KA_ACT_1959,child,43,140,140,96,,,Delegation of certain powers by Board,,METADATA_REVIEW;TOPIC_TAG_REVIEW,REVIEW,,"96. Delegation of certain powers by Board.- The Board may, if it thinks fit,

delegate all or any of its powers under sections 89, 91 and 94 to an executive *board*

constituted by it and consisting o"
KA_ACT_1959_SEC_97,KA_ACT_1959,child,81,140,140,97,,,"Sections 102, 103 and 104 of the Transfer of Property Act, 1882, to apply to",,METADATA_REVIEW;TOPIC_TAG_REVIEW,REVIEW,,"97. Sections 102, 103 and 104 of the Transfer of Property Act, 1882, to apply to

notices under this Chapter.- The provisions of sections 102 and 103 of the Transfer of

Property Act 1882 (Central Act"
KA_ACT_1959_SEC_97A,KA_ACT_1959,child,342,140,141,97A,,,Constitution of a common cadre for the employees of primary,,METADATA_REVIEW;TOPIC_TAG_REVIEW,REVIEW,,"1[97A. Constitution of a common cadre for the employees of primary

agriculture and rural development banks.-

(1) Notwithstanding anything contained in this

Act, rules or the bye-laws, where the Reg"
KA_ACT_1959_SEC_98,KA_ACT_1959,child,331,141,142,98,,,Power to [Board] of [State Agriculture and Rural Development Bank] to,,METADATA_REVIEW;TOPIC_TAG_REVIEW,REVIEW,,"[98. Power to [Board] of [State Agriculture and Rural Development Bank] to

3

3

supervise [Agriculture and Rural Development Bank] and make regulations.- The

2 2 3

3

[Board] of the [State Agricul"
KA_ACT_1959_SEC_98A,KA_ACT_1959,child,17,142,142,98A,,,Application of this Chapter,SHORT_CHUNK,METADATA_REVIEW;TOPIC_TAG_REVIEW,REVIEW,B_SHORT,"98A. Application of this Chapter.- This chapter shall apply only to co-operative

societies in co-operative credit structure."
KA_ACT_1959_SEC_98B,KA_ACT_1959,child,120,142,143,98B,,,Overriding effect of Chapter XIA,,METADATA_REVIEW;TOPIC_TAG_REVIEW,REVIEW,,"98B. Overriding effect of Chapter XIA.- Notwithstanding anything contrary or

inconsistent contained in any other chapter of this Act or rules framed there under or bye-

laws of any co-operative soci"
KA_ACT_1959_SEC_98C,KA_ACT_1959,child,85,143,143,98C,,,Approval of bye-laws,,METADATA_REVIEW;TOPIC_TAG_REVIEW,REVIEW,,"98C. Approval of bye-laws.-

(1) The bye-laws or any amendment to the bye-laws of

a co-operative credit structure society shall be registered by the Registrar within thirty days

from the date of rec"
KA_ACT_1959_SEC_98D,KA_ACT_1959,child,168,143,143,98D,,,Ensuring membership to Depositors,,METADATA_REVIEW;TOPIC_TAG_REVIEW,REVIEW,,"1[98D. Ensuring membership to Depositors.-

(1) Every person or group holding a

minimum deposit of rupees five thousand for a continuous period of one year in a primary

agricultural credit co-operat"
KA_ACT_1959_SEC_98E,KA_ACT_1959,child,141,143,144,98E,,,Freedom in all financial and internal administrative matters,,METADATA_REVIEW;TOPIC_TAG_REVIEW,REVIEW,,"98E. Freedom in all financial and internal administrative matters.– A Co-

operative society under Co-operative Credit Structure shall have freedom to decide its

financial and internal administrative"
KA_ACT_1959_SEC_98F,KA_ACT_1959,child,87,144,144,98F,,,Limit on State Government's subscription,,METADATA_REVIEW;TOPIC_TAG_REVIEW,REVIEW,,"98F. Limit on State Government's subscription.- The State Government's

subscription in the share capital of any Society under the Co-operative Credit Structure shall

not exceed twenty-five percent o"
KA_ACT_1959_SEC_98G,KA_ACT_1959,child,91,144,144,98G,,,Restriction on number of Government Nominees,,METADATA_REVIEW;TOPIC_TAG_REVIEW,REVIEW,,"98G. Restriction on number of Government Nominees.-

(1) Where the

Government has subscribed to share capital, there shall be only one nominee of the State

Government in the *board* of the State Coo"
KA_ACT_1959_SEC_98H,KA_ACT_1959,child,181,144,145,98H,,,Freedom for affiliation or disaffiliation with a federal society,,METADATA_REVIEW;TOPIC_TAG_REVIEW,REVIEW,,"98H. Freedom for affiliation or disaffiliation with a federal society.-

(1) A Co-

operative Credit Structure society registered under Karnataka Co-operative Societies Act,

1959 shall be eligible to"
KA_ACT_1959_SEC_98I,KA_ACT_1959,child,42,145,145,98I,,,Restriction regarding area of operation,,METADATA_REVIEW;TOPIC_TAG_REVIEW,REVIEW,,"98I. Restriction regarding area of operation.- A co-operative society under Co-

operative Credit Structure shall have the freedom of entry and exit at any tier and there shall

be no mandatory restri"
KA_ACT_1959_SEC_98J,KA_ACT_1959,child,54,145,145,98J,,,Freedom of investment and deposit,,METADATA_REVIEW;TOPIC_TAG_REVIEW,REVIEW,,"98J. Freedom of investment and deposit.- A co-operative Society under the Co-

operative Credit Structure may, subject to the guidelines of the Reserve Bank, if any, invest

or deposit its funds in an"
KA_ACT_1959_SEC_98K,KA_ACT_1959,child,56,145,145,98K,,,Freedom of borrowings,,METADATA_REVIEW;TOPIC_TAG_REVIEW,REVIEW,,"98K. Freedom of borrowings.- A co-operative society under Co-operative Credit

Structure may obtain loans from any Bank or financial institution regulated by the Reserve

Bank and refinance from Natio"
KA_ACT_1959_SEC_98L,KA_ACT_1959,child,30,145,145,98L,,,Guidelines for payment of dividend,,METADATA_REVIEW;TOPIC_TAG_REVIEW,REVIEW,,"98L. Guidelines for payment of dividend.- A primary agricultural credit

cooperative society may pay dividend in accordance with the guidelines framed by the

Registrar in consultation with the Nation"
KA_ACT_1959_SEC_98M,KA_ACT_1959,child,37,145,145,98M,,,Contribution to any fund,,METADATA_REVIEW;TOPIC_TAG_REVIEW,REVIEW,,"98M. Contribution to any fund.- The Registrar shall have no powers to direct any

co-operative society in Co-operative Credit Structure to contribute to any funds other than

those required for improv"
KA_ACT_1959_SEC_98N,KA_ACT_1959,child,351,145,146,98N,,,Disqualification of members of the *board* of Co-operative Credit,,METADATA_REVIEW;TOPIC_TAG_REVIEW,REVIEW,,"98N. Disqualification of members of the *board* of Co-operative Credit

Structure.-

(1) No person shall be nominated or co-opted or allowed to continue as a

member of the *board* of a society in co-"
KA_ACT_1959_SEC_98O,KA_ACT_1959,child,41,146,146,98O,,,Applicability of Section 20 and Section 29C to the election of a new,,METADATA_REVIEW;TOPIC_TAG_REVIEW,REVIEW,,"98O. Applicability of Section 20 and Section 29C to the election of a new

*board*.- The provisions of section 20 and section 29C shall be applicable for election of a

new *board* of a society in co-"
KA_ACT_1959_SEC_98P,KA_ACT_1959,child,11,146,146,98P,,,[XXX],SHORT_CHUNK,METADATA_REVIEW;TOPIC_TAG_REVIEW,REVIEW,B_SHORT,"98P. [XXX]

1. Omitted by Act, 3 of 2013 w.e.f. 11.02.2013."
KA_ACT_1959_SEC_98Q,KA_ACT_1959,child,165,146,147,98Q,,,Elections,,METADATA_REVIEW;TOPIC_TAG_REVIEW,REVIEW,,"98Q. Elections.-

(1) The election to the *board* of a co-operative society under the

Co-operative Credit Structure shall be conducted 1[in accordance with the provisions of the

sub-section (2) of s"
KA_ACT_1959_SEC_98R,KA_ACT_1959,child,34,147,147,98R,,,The Prudential norms,,METADATA_REVIEW;TOPIC_TAG_REVIEW,REVIEW,,"98R. The Prudential norms.- The prudential norms including Capital to Risk

Weighted Assets Ratio shall be prescribed by the Registrar for all the Primary Agricultural

Credit Cooperative Societies in"
KA_ACT_1959_SEC_98S,KA_ACT_1959,child,181,147,147,98S,,,Removal of Directors and Chief Executive Officers,,METADATA_REVIEW;TOPIC_TAG_REVIEW,REVIEW,,"98S. Removal of Directors and Chief Executive Officers.-

(1) The members of

the *board* or chief executive officers of the State Co-operative Bank and Central Co-

operative Banks shall fulfill the "
KA_ACT_1959_SEC_98U,KA_ACT_1959,child,36,147,147,98U,,,Audit of accounts,,METADATA_REVIEW;TOPIC_TAG_REVIEW,REVIEW,,"98U. Audit of accounts.- The State Co-operative Bank and a Central Co-operative

Bank shall cause audit and certification of its accounts by a Chartered Accountant selected

by it from the panel appro"
KA_ACT_1959_SEC_98V,KA_ACT_1959,child,89,147,148,98V,,,Special audit of Co-operative Credit Structure,,METADATA_REVIEW;TOPIC_TAG_REVIEW,REVIEW,,"98V. Special audit of Co-operative Credit Structure.- The Director of Co-

operative Audit shall arrange to conduct the special audit of the State Cooperative Bank or Central Co-operative Banks on the"
KA_ACT_1959_SEC_98W,KA_ACT_1959,child,223,148,148,98W,,,Restriction for using the word 'Bank',,METADATA_REVIEW,REVIEW,,"98W. Restriction for using the word 'Bank'. - No primary agricultural credit society

or its federation or association shall, except those which are permitted to act as a Bank

under the Banking Regul"
KA_ACT_1959_SEC_98X,KA_ACT_1959,child,320,148,149,98X,,,Implementation of regulatory prescriptions of Reserve Bank,,METADATA_REVIEW;TOPIC_TAG_REVIEW,REVIEW,,"98X. Implementation of regulatory prescriptions of Reserve Bank.-

(1) The

Registrar shall ensure the implementation of regulatory prescription given by the Reserve

Bank, including recommendation fo"
KA_ACT_1959_SEC_99,KA_ACT_1959,child,161,149,149,99,,,Enforcement of charge,,METADATA_REVIEW;TOPIC_TAG_REVIEW,REVIEW,,"CHAPTER XII

EXECUTION OF AWARDS, DECREES, ORDERS AND DECISIONS.

99. Enforcement of charge.- Notwithstanding anything contained in Chapter IX, or any

other law for the time being in force, but witho"
KA_ACT_1959_SEC_100,KA_ACT_1959,child,12,149,149,100,,,Recovery of moneys due to Societies,SHORT_CHUNK,METADATA_REVIEW;TOPIC_TAG_REVIEW,REVIEW,B_SHORT,"100. Recovery of moneys due to Societies.-

(1) Notwithstanding anything contained in"
KA_ACT_1959_CONTEXT_178,KA_ACT_1959,child,434,149,150,,,,,SECTION_IDENTIFIER_MISSING;STRUCTURE_UNCERTAIN,METADATA_REVIEW;MISSING_STRUCTURAL_ID;TOPIC_TAG_REVIEW,REVIEW,E_STRUCTURE,"Chapter IX or any other law for the time being in force, on an application made by an

approved society for the recovery of arrears of any sum advanced by it to any of its

members on account of the f"
KA_ACT_1959_SEC_101,KA_ACT_1959,child,834,150,152,101,,,"Execution of orders, etc",,METADATA_REVIEW;TOPIC_TAG_REVIEW,REVIEW,,"101. Execution of orders, etc.- [(1)] Every order made by the Registrar under sub-

1 1

section [(1)] of section 69 or under section 99, every decision or award made under section

71, every order ma"
KA_ACT_1959_SEC_101A,KA_ACT_1959,child,82,152,152,101A,,,Transfer of property made after issue of certificate void against co,,METADATA_REVIEW;TOPIC_TAG_REVIEW,REVIEW,,"[101A. Transfer of property made after issue of certificate void against co-

operative society.- Any private transfer or delivery of, or encumbrance or charge on,

property made or created after the "
KA_ACT_1959_SEC_101B,KA_ACT_1959,child,338,152,153,101B,,,Transfer of property which cannot be sold,,METADATA_REVIEW;TOPIC_TAG_REVIEW,REVIEW,,"101B. Transfer of property which cannot be sold.-

(1) When in any execution of an

order sought to be executed under section 101, any property cannot be sold for want of

buyers, if such property is "
KA_ACT_1959_SEC_102,KA_ACT_1959,child,113,153,153,102,,,Registrar or person empowered by him to be a civil court for certain purposes,,METADATA_REVIEW;TOPIC_TAG_REVIEW,REVIEW,,"102. Registrar or person empowered by him to be a civil court for certain purposes.-

The Registrar or any person empowered by him in this behalf shall be deemed, when

exercising any powers under thi"
KA_ACT_1959_SEC_103,KA_ACT_1959,child,298,153,154,103,,,Attachment of property before award or order,,METADATA_REVIEW;TOPIC_TAG_REVIEW,REVIEW,,"103. Attachment of property before award or order.- [(1)] If the Registrar is satisfied

on an application, report, enquiry or otherwise, that any person with intent to delay or

obstruct the enforcem"
KA_ACT_1959_SEC_104,KA_ACT_1959,child,247,154,154,104,,,Recovery of sums due to Government,,METADATA_REVIEW;TOPIC_TAG_REVIEW,REVIEW,,"104. Recovery of sums due to Government.-

(1) All sums due from a co-operative

2

2

society or from an [office bearer] or member or past member of a co-operative society as

such to Government incl"
KA_ACT_1959_SEC_104A,KA_ACT_1959,child,136,154,155,104A,,,Application of this Chapter to Co-operative Societies in other States,,METADATA_REVIEW,REVIEW,,"[104A. Application of this Chapter to Co-operative Societies in other States.- The

provisions of this Chapter and all rules made under this Act relating to, or in any manner

connected with the recov"
KA_ACT_1959_SEC_105,KA_ACT_1959,child,293,155,155,105,,,Appeals to the Tribunal,,METADATA_REVIEW;TOPIC_TAG_REVIEW,REVIEW,,"CHAPTER XIII

APPEALS, REVISION AND REVIEW.

105. Appeals to the Tribunal.- 2[(1)]2 Any person aggrieved by,—

(a) any decision of the Registrar made under clause (a) of sub-section (1) of section 71;"
KA_ACT_1959_SEC_105A,KA_ACT_1959,child,267,155,156,105A,,,Appeals relating to admission of members to societies,,METADATA_REVIEW;TOPIC_TAG_REVIEW,REVIEW,,"[105A. Appeals relating to admission of members to societies.-

(1) Any person who

has made an application for admission as a member under sub-section (3) of section 16 may

2

2

[3[Registrar]3]

ap"
KA_ACT_1959_SEC_106,KA_ACT_1959,child,866,156,159,106,,,Appeals to other authorities,STRUCTURE_UNCERTAIN,METADATA_REVIEW;TOPIC_TAG_REVIEW,REVIEW,E_STRUCTURE,"106. Appeals to other authorities.-

(1) [Subject to the provisions of section 108A, an

1

appeal shall lie under this section] against,—

1. Substituted by Act 39 of 1975 w.e.f. 23.09.1975.

1[(a) a"
KA_ACT_1959_SEC_107,KA_ACT_1959,child,103,159,159,107,,,Revision by Tribunal,,METADATA_REVIEW;TOPIC_TAG_REVIEW,REVIEW,,"107. Revision by Tribunal.- [Subjects to the provisions of section 108A, the Tribunal

1

may] suo motu or on application of any person aggrieved call for and examine the record of

any proceedings in"
KA_ACT_1959_SEC_108,KA_ACT_1959,child,180,159,159,108,,,Powers of revision of State Government,,METADATA_REVIEW;TOPIC_TAG_REVIEW,REVIEW,,"108. Powers of revision of State Government.- [Subject to the provisions of section

1 108A, the State Government] suo motu at any time, and, on application of any person

aggrieved, within a period o"
KA_ACT_1959_SEC_108A,KA_ACT_1959,child,140,159,159,108A,,,No appeal or revision in certain cases,,METADATA_REVIEW;TOPIC_TAG_REVIEW,REVIEW,,"[108A. No appeal or revision in certain cases.- Notwithstanding anything contained in

this Act, where with the previous sanction in writing or on the requisition of the Reserve

Bank,—

(i) a co-oper"
KA_ACT_1959_SEC_109,KA_ACT_1959,parent,7,160,165,109,,,Offences,CONTEXT_PARENT;SHORT_CHUNK,METADATA_REVIEW;TOPIC_TAG_REVIEW,REVIEW,B_SHORT,"CHAPTER XIV

OFFENCES AND PENALTIES.

109. Offences.-"
KA_ACT_1959_SEC_109_SUB_1,KA_ACT_1959,child,155,160,160,109,,,Offences,,METADATA_REVIEW;TOPIC_TAG_REVIEW,REVIEW,,"(1) Any person other than a co-operative society carrying on business

under any name or title of which the word ―Co-operative‖ or its equivalent in any Indian

language, is part, without the sanction"
KA_ACT_1959_SEC_109_SUB_2,KA_ACT_1959,child,87,160,160,109,,,Offences,,METADATA_REVIEW;TOPIC_TAG_REVIEW,REVIEW,,"(2) Any member or past member or the nominee, heir or legal representative of a

deceased member of a co-operative society who contravenes the provisions of section 32 or

33 by disposing of any prope"
KA_ACT_1959_SEC_109_SUB_3,KA_ACT_1959,child,136,160,160,109,,,Offences,,METADATA_REVIEW;TOPIC_TAG_REVIEW,REVIEW,,"(3) A co-operative society or an [office bearer] or member thereof willfully making a false

return or furnishing false information, or any person willfully or without any reasonable

excuse disobeyin"
KA_ACT_1959_SEC_109_SUB_4,KA_ACT_1959,child,110,160,161,109,,,Offences,,METADATA_REVIEW;TOPIC_TAG_REVIEW,REVIEW,,"(4) Any employer, who without sufficient cause, fails to make the deduction under sub-

section (2) of section 34, or fails to pay to a co-operative society the amount deducted by

him under sub-secti"
KA_ACT_1959_SEC_109_SUB_5,KA_ACT_1959,child,104,161,161,109,,,Offences,,METADATA_REVIEW;TOPIC_TAG_REVIEW,REVIEW,,"(5) If default is made in complying with provisions of [sub-section (4)] of section 16, sub-

clause (ii) of clause (b) of sub-section (1) of section 24, sub-section (1) of section 28, section

56, se"
KA_ACT_1959_SEC_109_SUB_6,KA_ACT_1959,child,307,161,162,109,,,Offences,,METADATA_REVIEW;TOPIC_TAG_REVIEW,REVIEW,,"(6) If any person,—

(i) not eligible to become a member under section 17 applies to a co-operative society for

admission as a member, or becomes a member, or after ceasing to be a member

1 [under s"
KA_ACT_1959_SEC_109_SUB_9,KA_ACT_1959,child,94,162,162,109,,,Offences,,METADATA_REVIEW;TOPIC_TAG_REVIEW,REVIEW,,"(9) Any [office bearer] or member of a co-operative society who is in possession of any

information, books and records fails to furnish such information or produce such books or

records or to give a"
KA_ACT_1959_SEC_109_SUB_10,KA_ACT_1959,child,93,162,162,109,,,Offences,,METADATA_REVIEW;TOPIC_TAG_REVIEW,REVIEW,,"(10) Any [office bearer] of a co-operative society or other person who fails to hand over

the custody of books, records, cash, securities and other property belonging to the co-

1 1

operative socie"
KA_ACT_1959_SEC_109_SUB_11,KA_ACT_1959,child,350,162,163,109,,,Offences,,METADATA_REVIEW;TOPIC_TAG_REVIEW,REVIEW,,"(11) Any [office bearer] or member of a co-operative society who willfully fails to comply

with any decision, award or order passed by the Registrar or arbitrator or the tribunal shall

be punishable"
KA_ACT_1959_SEC_109_SUB_13,KA_ACT_1959,child,128,163,163,109,,,Offences,,METADATA_REVIEW;TOPIC_TAG_REVIEW,REVIEW,,"(13) Any co-operative society or any [office bearer] or employee or paid servant thereof

who fails to give effect to any decision or award under section 71 including order if any,

passed by the appr"
KA_ACT_1959_SEC_109_SUB_14,KA_ACT_1959,child,56,163,163,109,,,Offences,,METADATA_REVIEW;TOPIC_TAG_REVIEW,REVIEW,,"(14) A member of the *board* of a co-operative society who uses or allows the use of

properties or funds of any co-operative society otherwise than in accordance with the

provisions of this Act, the"
KA_ACT_1959_SEC_109_SUB_15,KA_ACT_1959,child,256,163,164,109,,,Offences,,METADATA_REVIEW;TOPIC_TAG_REVIEW,REVIEW,,"(15) Where an [office bearer] , an employee, a paid servant or a member of a co-

operative society, receives or sanctions a benami loan, accepts or obtains or agrees to

accept or attempts to obtain "
KA_ACT_1959_SEC_109_SUB_16,KA_ACT_1959,child,121,164,164,109,,,Offences,,METADATA_REVIEW;TOPIC_TAG_REVIEW,REVIEW,,"(16) Any co-operative society or a member of its *board* or any employee thereof guilty of

any contravention of the provisions of this Act for which no penalty is provided elsewhere,

shall be punish"
KA_ACT_1959_SEC_109_SUB_18,KA_ACT_1959,child,68,164,164,109,,,Offences,,METADATA_REVIEW;TOPIC_TAG_REVIEW,REVIEW,,"(18) Every member of the board who fails and the chief executive who fails to get its

accounts for the previous year audited as per section 63 within the stipulated time and

present the same before "
KA_ACT_1959_SEC_109_SUB_19,KA_ACT_1959,child,51,164,164,109,,,Offences,,METADATA_REVIEW;TOPIC_TAG_REVIEW,REVIEW,,"(19) Every member of the board who and the chief executive who fail to file annual

returns with the Registrar as per section 27B shall be punishable with imprisonment for a

term which may extend to "
KA_ACT_1959_SEC_109_SUB_20,KA_ACT_1959,child,61,164,164,109,,,Offences,,METADATA_REVIEW;TOPIC_TAG_REVIEW,REVIEW,,"(20)Every member of the board which fails and the chief executive who fails to provide

necessary books, records and information within time and assist the cooperative election

commission for the con"
KA_ACT_1959_SEC_109_SUB_21,KA_ACT_1959,child,69,164,165,109,,,Offences,,METADATA_REVIEW;TOPIC_TAG_REVIEW,REVIEW,,"(21)Any person who, before, during or after the election of the members of the board or

office-bearers, adopts any corrupt practice under section 39C or commits any electoral offences under section 3"
KA_ACT_1959_SEC_110,KA_ACT_1959,child,260,165,165,110,,,Offences by Companies,,METADATA_REVIEW;TOPIC_TAG_REVIEW,REVIEW,,"110. Offences by Companies.-

(1) Where an offence under sub-section (1) or sub-

section (4) of section 109 or under any rule has been committed by a company, every

person who, at the time the offen"
KA_ACT_1959_SEC_110A,KA_ACT_1959,child,228,165,166,110A,,,Power to compound offences,,METADATA_REVIEW;TOPIC_TAG_REVIEW,REVIEW,,"[110A. Power to compound offences.-

(1) The Registrar may accept from any person

against whom a reasonable suspicion exists that he has committed any offence punishable

2

under sub-sections (1), ("
KA_ACT_1959_SEC_111,KA_ACT_1959,child,207,166,166,111,,,Cognizance of offences,,METADATA_REVIEW;TOPIC_TAG_REVIEW,REVIEW,,"111. Cognizance of offences.-

(1) No court inferior to that of a Magistrate of the First

Class shall try any offence under this Act.

1[(2) No prosecution shall be instituted under this Act without "
KA_ACT_1959_SEC_111_B,KA_ACT_1959,child,93,166,167,111-B,,,Preservation of records,,METADATA_REVIEW;TOPIC_TAG_REVIEW,REVIEW,,"CHAPTER XV

MISCELLANEOUS

1 2

2

[ [111-A. x x x]

1. Sections 111A & 111B inserted by Act 19 of 1976 w.e.f. 20.01.1976.

2. Omitted by Act 25 of 1998 w.e.f. 27.10.1998. 111-B. Preservation of recor"
KA_ACT_1959_SEC_112,KA_ACT_1959,child,91,167,167,112,,,"Prohibition against the use of the word ""Co-operative""",,METADATA_REVIEW;TOPIC_TAG_REVIEW,REVIEW,,"112. Prohibition against the use of the word ""Co-operative"".- No person other than a

co-operative society shall trade or carry on business under any name or title of which the

word ―co-operative‖ or"
KA_ACT_1959_SEC_113,KA_ACT_1959,child,150,167,167,113,,,Address of a co-operative society,,METADATA_REVIEW;TOPIC_TAG_REVIEW,REVIEW,,"113. Address of a co-operative society.- [(1)] Every co-operative society shall have an

1

1

[office and address registered] in accordance with the rules to which all notices and

communications may"
KA_ACT_1959_SEC_114,KA_ACT_1959,child,69,167,167,114,,,"Copy of Act, rules and bye-laws to be open to inspection",,METADATA_REVIEW;TOPIC_TAG_REVIEW,REVIEW,,"114. Copy of Act, rules and bye-laws to be open to inspection.-Every co-operative

society shall keep a copy of this Act, the rules and its bye-laws open to inspection free of

1

1

charge at all rea"
KA_ACT_1959_SEC_116,KA_ACT_1959,child,57,167,168,116,,,Orders to be pronounced,,METADATA_REVIEW;TOPIC_TAG_REVIEW,REVIEW,,"116. Orders to be pronounced.- Every order, decision or award made or given by the

Registrar, or any officer or other person or a Liquidator, under this Act, shall be pronounced

on the day on which "
KA_ACT_1959_SEC_117,KA_ACT_1959,child,562,168,169,117,,,Procedure for settlement of disputes and power of the Registrar or any other,,METADATA_REVIEW;TOPIC_TAG_REVIEW,REVIEW,,"[117. Procedure for settlement of disputes and power of the Registrar or any other

person to whom a dispute is referred for decision under section 70.-

(1) The Registrar

or any other person to whom"
KA_ACT_1959_SEC_118,KA_ACT_1959,child,228,169,169,118,,,Bar of jurisdiction of courts,,METADATA_REVIEW;TOPIC_TAG_REVIEW,REVIEW,,"118. Bar of jurisdiction of courts.-

(1) Save as provided in this Act, no [civil, labour or

1

revenue court or Industrial Tribunal] shall have any jurisdiction in respect of,—

1. Substituted by Ac"
KA_ACT_1959_SEC_119,KA_ACT_1959,child,36,169,169,119,,,Application of Limitation Act,,METADATA_REVIEW;TOPIC_TAG_REVIEW,REVIEW,,"119. Application of Limitation Act.- The provisions of sections 4, 5, 12 and 14 of the

Indian Limitation Act, 1908, shall be applicable to the filing of any appeal or application for

revision under "
KA_ACT_1959_SEC_120,KA_ACT_1959,child,57,169,169,120,,,Power to exempt societies from conditions of registration,,METADATA_REVIEW;TOPIC_TAG_REVIEW,REVIEW,,"120. Power to exempt societies from conditions of registration.- Notwithstanding

anything contained in this Act, the State Government may, by special order published in the

official Gazette in each "
KA_ACT_1959_SEC_121,KA_ACT_1959,child,81,169,169,121,,,Power to exempt societies,,METADATA_REVIEW;TOPIC_TAG_REVIEW,REVIEW,,"[121. Power to exempt societies.- The State Government may, by general or special

order published in the Official Gazette, exempt any co-operative society or any class of

societies from any of the p"
KA_ACT_1959_SEC_122,KA_ACT_1959,child,64,170,170,122,,,Register of Members,,METADATA_REVIEW;TOPIC_TAG_REVIEW,REVIEW,,"122. Register of Members.- Any register or list of members or shares kept by any co-

operative society shall be prima facie evidence of any of the following particulars entered

therein:—

(a) the da"
KA_ACT_1959_SEC_123,KA_ACT_1959,child,258,170,170,123,,,"Proof of entries in co-operative societies, books",,METADATA_REVIEW;TOPIC_TAG_REVIEW,REVIEW,,"123. Proof of entries in co-operative societies, books.-

(1) A copy of any entry in a

book of a co-operative society regularly kept in the course of its business, shall, if certified in

such manner"
KA_ACT_1959_SEC_124,KA_ACT_1959,child,239,170,171,124,,,Service of notice under the Act,,METADATA_REVIEW;TOPIC_TAG_REVIEW,REVIEW,,"124. Service of notice under the Act.- Every notice or order issued or made under this

Act may be served on any person, by properly addressing it to the last known place of

residence or business of "
KA_ACT_1959_SEC_125,KA_ACT_1959,child,93,171,171,125,,,Notice necessary in suits,,METADATA_REVIEW;TOPIC_TAG_REVIEW,REVIEW,,"125. Notice necessary in suits.- No suit shall be instituted against a co-operative society

or any of its officers in respect of any act touching the constitution, management or the

business of the "
KA_ACT_1959_SEC_126,KA_ACT_1959,child,94,171,171,126,,,Acts of co-operative societies not to be invalidated by certain defects,,METADATA_REVIEW;TOPIC_TAG_REVIEW,REVIEW,,"126. Acts of co-operative societies not to be invalidated by certain defects.- No act

of a co-operative society or any *board* or of any officer shall be deemed to be invalid by

reason only of the e"
KA_ACT_1959_SEC_127,KA_ACT_1959,child,119,171,171,127,,,Indemnity,,METADATA_REVIEW;TOPIC_TAG_REVIEW,REVIEW,,"127. Indemnity.- No suit, prosecution or other legal proceedings shall lie against the

2 3

Registrar or any person subordinate to him or acting on his authority [or the [Director of Co-

3

2 1

ope"
KA_ACT_1959_SEC_127A,KA_ACT_1959,child,76,171,172,127A,,,"[Office bearers, members and employees] of co-operative societies to be",,METADATA_REVIEW;TOPIC_TAG_REVIEW,REVIEW,,"[127A. [Office bearers, members and employees] of co-operative societies to be

2

public servants.-

[Every office bearer of a co-operative society, every member of a *board* 2

and every employee] o"
KA_ACT_1959_SEC_128,KA_ACT_1959,child,25,172,172,128,,,"Companies Act, 1956, not to apply",,METADATA_REVIEW;TOPIC_TAG_REVIEW,REVIEW,,"128. Companies Act, 1956, not to apply.- The provisions of the Companies Act, 1956

(Central Act 1 of 1956), shall not apply to co-operative societies."
KA_ACT_1959_SEC_128A,KA_ACT_1959,child,14,172,172,128A,,,XXX]1,SHORT_CHUNK,METADATA_REVIEW;TOPIC_TAG_REVIEW,REVIEW,B_SHORT,"1[128A. XXX]1

1. Inserted and Omitted by Act 6 of 2010 w.e.f. 01.07.2010.

1"
KA_ACT_1959_SEC_128B,KA_ACT_1959,child,63,172,172,128B,,,Duties of police officer,,METADATA_REVIEW;TOPIC_TAG_REVIEW,REVIEW,,"[128B. Duties of police officer.- It shall be the duty of every police officer to assist the

Registrar or any person subordinate to the Registrar reasonably demanding his aid for the

lawful exercise"
KA_ACT_1959_SEC_129,KA_ACT_1959,parent,5,172,175,129,,,Powers to make rules,CONTEXT_PARENT;SHORT_CHUNK,METADATA_REVIEW;TOPIC_TAG_REVIEW,REVIEW,B_SHORT,129. Powers to make rules.-
KA_ACT_1959_SEC_129_SUB_1,KA_ACT_1959,child,40,172,172,129,,,Powers to make rules,,METADATA_REVIEW;TOPIC_TAG_REVIEW,REVIEW,,"(1) The State Government may, for the whole or any part of

the State and for any class of co-operative societies, after previous publication, by

notification in the official Gazette, make rules to c"
KA_ACT_1959_SEC_129_SUB_2,KA_ACT_1959,child,1185,172,175,129,,,Powers to make rules,LONG_CHUNK_NO_SAFE_SPLIT,METADATA_REVIEW;TOPIC_TAG_REVIEW,REVIEW,A_LONG,"(2) In particular, and without prejudice to the generality of the foregoing power, such rules

may provide for all or any of the following matters, namely:—

(a) the applicant to whom the order refusi"
KA_ACT_1959_CONTEXT_217,KA_ACT_1959,child,281,175,176,,,,,SECTION_IDENTIFIER_MISSING;STRUCTURE_UNCERTAIN,METADATA_REVIEW;MISSING_STRUCTURAL_ID;TOPIC_TAG_REVIEW,REVIEW,E_STRUCTURE,"Chapter XI shall be disposed of by the Bank;]

1. Substituted by Act 25 of 1998 w.e.f. 15.08.1998.

(ee) the manner of registering the address of a co-operative society;

1

1

(ff) the [account books"
KA_ACT_1959_SEC_129A,KA_ACT_1959,child,162,176,176,129A,,,Model bye-laws,,METADATA_REVIEW;TOPIC_TAG_REVIEW,REVIEW,,"[129A. Model bye-laws.-

(1) In respect of any of the matters specified in the rules made

in accordance with clause (c) of sub-section (2) of section 129, the Registrar may by

notification, make mod"
KA_ACT_1959_SEC_130,KA_ACT_1959,child,153,176,177,130,,,Rules and orders to be laid before State Legislature,,METADATA_REVIEW;TOPIC_TAG_REVIEW,REVIEW,,"130. Rules and orders to be laid before State Legislature.- Every notification issued

under sections 37, 54 and 132, every order made under sections 120 and 121, and every

rule made under section 12"
KA_ACT_1959_SEC_131,KA_ACT_1959,child,312,177,177,131,,,Repeal and savings,,METADATA_REVIEW,REVIEW,,"131. Repeal and savings.- The Bombay Co-operative Societies Act, 1925 (Bombay Act

1

1

VII of 1925) as in force in the [Belgaum Area] , the Madras Co-operative Societies Act,

1932 (Madras Act IV of"
KA_ACT_1959_SEC_132,KA_ACT_1959,child,261,177,179,132,,,Power to remove difficulties,,METADATA_REVIEW,REVIEW,,"132. Power to remove difficulties.-

(1) If any difficulty arises in giving effect to the

provisions of this Act 1[or clarifications if any]1 in consequence of the transition to the said

provisions "
KA_ACT_1959_SEC_1_002,KA_ACT_1959,child,128,179,179,1,,,Short title and commencement,MALFORMED_NUMBERING_HIERARCHY,METADATA_REVIEW,REVIEW,,"1. Short title and commencement.-

(1) This Act may be called the Karnataka Co-

operative Societies (Amendment) Act, 2010.

(2) Sections 2, 3, 4, 6, 8, 9, 12, 13, 14, 15, 16, 17, 18, 19, 21, 28, 29, "
KA_ACT_1959_SEC_36_002,KA_ACT_1959,child,108,179,179,36,,,Power to remove difficulty,,METADATA_REVIEW,REVIEW,,"36. Power to remove difficulty.-

(1) If any difficulty arises in giving effect to the

provisions of the Principal Act as amended by this Act, the State Government may, by

notification in the Offici"
KA_ACT_1959_SEC_37_002,KA_ACT_1959,child,1355,179,185,37,,,Repeal and Savings,LONG_CHUNK_NO_SAFE_SPLIT;STRUCTURE_UNCERTAIN,METADATA_REVIEW,REVIEW,A_LONG;E_STRUCTURE,"37. Repeal and Savings.-

(1) The Karnataka Co-operative Societies (Amendment)

Ordinance, 2009 (Karnataka Ordinance No. 8 of 2009) is hereby repealed.

(2) Notwithstanding such repeal anything done o"
KA_ACT_1959_SEC_1_003,KA_ACT_1959,child,386,185,187,1,,,Short title and commencement,MALFORMED_NUMBERING_HIERARCHY,METADATA_REVIEW,REVIEW,,"1. Short title and commencement.-

(1) This Act may be called the Karnataka Co-

operative Societies (Second Amendment) Act, 2010.

(2) It shall come into force on such date as the State Government ma"
KA_ACT_1959_SEC_1_004,KA_ACT_1959,child,93,187,187,1,,,Short title and commencement,,METADATA_REVIEW,REVIEW,,"1. Short title and commencement.-This Act may be called the Karnataka Co-

operative Societies (Amendment) Act, 2012.

(2) It shall come into force on such date as the State Government may, by

notifi"
KA_ACT_1959_SEC_54_002,KA_ACT_1959,child,228,188,188,54,,,Power to remove difficulties,,METADATA_REVIEW,REVIEW,,"54. Power to remove difficulties.-

(1) If any difficulty arises in giving effect to the

amendments made by this Act, the State Government may, by order published in the official

Gazette, make such "
KA_ACT_1959_SEC_1_005,KA_ACT_1959,child,180,188,189,1,,,Short title and commencement,MALFORMED_NUMBERING_HIERARCHY,METADATA_REVIEW,REVIEW,,"1. Short title and commencement.-

(1) This Act may be called the Karnataka Co-

operative Societies (Amendment) Act, 2014.

(2) It shall come into force at once.

Sections 2,12,16,17, 18, 18B, 20, 21"
KA_ACT_1959_SEC_1_006,KA_ACT_1959,child,36,189,189,1,,,Short title and commencement,,METADATA_REVIEW,REVIEW,,"1. Short title and commencement.-

(1) This Act may be called the Karnataka Co-

operative Societies (Second Amendment) Act, 2016

(2) It shall come into force at once.

Sections 57 is Incorporated In"
MH_ACT_1960_DOC,MH_ACT_1960,parent,2,1,125,,,,,CONTEXT_PARENT;SHORT_CHUNK,METADATA_REVIEW;TOPIC_TAG_REVIEW,REVIEW,B_SHORT;D_TOP20_SHORT,¨É½þÉ®úÉ¹]Åõ ¶ÉÉºÉxÉ
MH_ACT_1960_CONTEXT_001,MH_ACT_1960,child,3546,1,14,,,,,LEGACY_FONT_ENCODING_REVIEW;LONG_CHUNK_NO_SAFE_SPLIT;SECTION_IDENTIFIER_MISSING;STRUCTURE_UNCERTAIN;TABLE_REVIEW,METADATA_REVIEW;MISSING_STRUCTURAL_ID,REVIEW,A_LONG;E_STRUCTURE;F_TABLE;C_TOP20_LONG,"¨É½þÉ®úÉ¹]Åõ ¶ÉÉºÉxÉ

Ê´ÉÊvÉ ´É xªÉÉªÉ Ê´É¦ÉÉMÉ

ºÉxÉ 1961 SÉÉ ¨É½þÉ®úÉ¹]Åõ +ÊvÉÊxÉªÉ¨É Gò¨ÉÉÆEò 24

¨É½þÉ®úÉ¹]Åõ ºÉ½þEòÉ®úÒ ºÉÆºlÉÉ

+ÊvÉÊxÉªÉ¨É, 1960

( ÊnùxÉÉÆEò 20 VÉÖ±Éè 2016 {ÉªÉÈiÉ ºÉÖvÉÉÊ®úiÉ "
MH_ACT_1960_SEC_1,MH_ACT_1960,child,35,14,14,1,,,,LEGACY_FONT_ENCODING_REVIEW;STRUCTURE_UNCERTAIN,METADATA_REVIEW;TOPIC_TAG_REVIEW,REVIEW,E_STRUCTURE,"1.

(1) ªÉÉ +ÊvÉÊxÉªÉ¨ÉÉºÉ, ¨É½þÉ®úÉ¹]Åõ ºÉ½þEòÉ®úÒ ºÉÆºlÉÉ +ÊvÉÊxÉªÉ¨É, 1960 +ºÉä ¨½þhÉÉ´Éä.

ºÉÆÊIÉ{iÉ xÉÉ´É, ´ªÉÉ{iÉÒ ´É |ÉÉ®Æú¦É.

(2) iÉÉä ºÉÆ{ÉÚhÉÇ ¨É½þÉ®úÉ¹]Åõ ®úÉVªÉÉºÉ ±ÉÉMÉÚ +É½äþ.

(3) iÉÉä"
MH_ACT_1960_SEC_2,MH_ACT_1960,child,2609,14,18,2,,,"ºÉÆnù¦ÉÉÇxÉÖºÉÉ®ú nÖùºÉ®úÉ +lÉÇ +Ê¦É|ÉäiÉ xÉºÉä±É iÉ®ú, ªÉÉ +ÊvÉÊxÉªÉ¨ÉÉiÉ,",LEGACY_FONT_ENCODING_REVIEW;LONG_CHUNK_NO_SAFE_SPLIT,METADATA_REVIEW;TOPIC_TAG_REVIEW,REVIEW,A_LONG;C_TOP20_LONG,"2. ºÉÆnù¦ÉÉÇxÉÖºÉÉ®ú nÖùºÉ®úÉ +lÉÇ +Ê¦É|ÉäiÉ xÉºÉä±É iÉ®ú, ªÉÉ +ÊvÉÊxÉªÉ¨ÉÉiÉ,--

´ªÉÉJªÉÉ.

(1) “ EÞòÊ¹É {ÉhÉxÉ ºÉÆºlÉÉ ” ªÉÉSÉÉ +lÉÇ,---

(+) VªÉÉ ºÉÆºlÉäSÉä =Êqù¹]õ ¶ÉäiÉÒSªÉÉ =i{ÉzÉÉSÉÒ JÉ®äúnùÒ-Ê"
MH_ACT_1960_SEC_4,MH_ACT_1960,child,93,18,18,4,,,VªÉÉ ºÉÆºlÉäSÉÒ =Êqù¹]äõ ºÉ½þEòÉ®úÒ iÉk´ÉÉxÉÖºÉÉ®ú +É{É±ªÉÉ ºÉnùºªÉÉÆSªÉÉ ËEò´ÉÉ VÉxÉiÉäSªÉÉ +ÉÌlÉEò Ê½þiÉÉSÉä ËEò´ÉÉ ºÉ´ÉÇºÉÉvÉÉ®úhÉ,LEGACY_FONT_ENCODING_REVIEW,METADATA_REVIEW;TOPIC_TAG_REVIEW,REVIEW,,"4. VªÉÉ ºÉÆºlÉäSÉÒ =Êqù¹]äõ ºÉ½þEòÉ®úÒ iÉk´ÉÉxÉÖºÉÉ®ú +É{É±ªÉÉ ºÉnùºªÉÉÆSªÉÉ ËEò´ÉÉ VÉxÉiÉäSªÉÉ +ÉÌlÉEò Ê½þiÉÉSÉä ËEò´ÉÉ ºÉ´ÉÇºÉÉvÉÉ®úhÉ

VªÉÉÆSÉÒ xÉÉånùhÉÒ Eò®úiÉÉ ªÉä<Ç±É

Eò±ªÉÉhÉÉSÉä ºÉÆ´ÉvÉÇxÉ Eò"
MH_ACT_1960_SEC_5,MH_ACT_1960,child,14,18,18,5,,,ºÉÆºlÉäSÉÒ ¨ÉªÉÉÇÊnùiÉ ËEò´ÉÉ +¨ÉªÉÉÇÊnùiÉ nùÉÊªÉi´ÉÉºÉ½þ xÉÉånùhÉÒ Eò®úiÉÉ ªÉä<Ç±É,LEGACY_FONT_ENCODING_REVIEW;SHORT_CHUNK,METADATA_REVIEW;TOPIC_TAG_REVIEW,REVIEW,B_SHORT,"5. ºÉÆºlÉäSÉÒ ¨ÉªÉÉÇÊnùiÉ ËEò´ÉÉ +¨ÉªÉÉÇÊnùiÉ nùÉÊªÉi´ÉÉºÉ½þ xÉÉånùhÉÒ Eò®úiÉÉ ªÉä<Ç±É.

¨ÉªÉÉÇÊnùiÉ ËEò´ÉÉ +¨ÉªÉÉÇÊnùiÉ nùÉÊªÉi´ÉÉºÉ½þ xÉÉånùhÉÒ."
MH_ACT_1960_SEC_6,MH_ACT_1960,child,803,18,20,6,,,,LEGACY_FONT_ENCODING_REVIEW;STRUCTURE_UNCERTAIN,METADATA_REVIEW;TOPIC_TAG_REVIEW,REVIEW,E_STRUCTURE,"6.

(1) ºÉÆPÉÒªÉ ºÉÆºlÉä´ªÉÊiÉÊ®úCiÉ <iÉ®ú EòÉähÉiªÉÉ½þÒ ºÉÆºlÉäSÉÒ, ªÉÉ +ÊvÉÊxÉªÉ¨ÉÉx´ÉªÉä +¶ÉÉ ºÉÆºlÉäSÉä ºÉnùºªÉ ½þÉähªÉÉºÉ {ÉÉjÉ +ºÉhÉÉ-ªÉÉ

xÉÉånùhÉÒSªÉÉ ¶ÉiÉÔ.

´É ºÉÆºlÉäSªÉÉ EòÉªÉÇIÉäjÉÉiÉ ®úÉ"
MH_ACT_1960_SEC_8,MH_ACT_1960,child,387,20,20,8,,,,LEGACY_FONT_ENCODING_REVIEW,METADATA_REVIEW;TOPIC_TAG_REVIEW,REVIEW,,"8.

(1) xÉÉånùhÉÒSªÉÉ |ÉªÉÉäVÉxÉÉÆºÉÉ`öÒ, ÊxÉ¤ÉÆvÉEòÉEòbä÷ Ê´ÉÊ½þiÉ xÉ¨ÉÖxªÉÉiÉ +VÉÇ Eò®úhªÉÉiÉ ªÉä<Ç±É ´É iªÉÉºÉÉä¤ÉiÉ ºÉÆºlÉäSªÉÉ |ÉºiÉÉÊ´ÉiÉ ={ÉÊ´ÉËvÉSªÉÉ SÉÉ®ú |ÉiÉÒ VÉÉäb÷hªÉÉiÉ ªÉäiÉÒ±É 1 [ ´É Ê"
MH_ACT_1960_SEC_10,MH_ACT_1960,child,266,20,21,10,,,"ºÉÆºlÉÉÆSÉÒ xÉÉånùhÉÒ ®úqù Eäò±ªÉÉSÉä ÊºÉvnù Eò®úhªÉÉiÉ +É±Éä +ºÉä±É iªÉÉ´ªÉÊiÉÊ®úCiÉ, ÊxÉ¤ÉÆvÉEòÉxÉä ºÉ½þÒ Eäò±Éä±Éä xÉÉånùhÉÒSÉä |É¨ÉÉhÉ{ÉjÉ",LEGACY_FONT_ENCODING_REVIEW,METADATA_REVIEW;TOPIC_TAG_REVIEW,REVIEW,,"10. ºÉÆºlÉÉÆSÉÒ xÉÉånùhÉÒ ®úqù Eäò±ªÉÉSÉä ÊºÉvnù Eò®úhªÉÉiÉ +É±Éä +ºÉä±É iªÉÉ´ªÉÊiÉÊ®úCiÉ, ÊxÉ¤ÉÆvÉEòÉxÉä ºÉ½þÒ Eäò±Éä±Éä xÉÉånùhÉÒSÉä |É¨ÉÉhÉ{ÉjÉ iªÉÉiÉ xÉ¨ÉÚnù Eäò±Éä±ÉÒ ºÉÆºlÉÉ ªÉlÉÉäÊSÉiÉ®úÒiªÉÉ x"
MH_ACT_1960_SEC_12,MH_ACT_1960,child,103,21,21,12,,,,LEGACY_FONT_ENCODING_REVIEW,METADATA_REVIEW;TOPIC_TAG_REVIEW,REVIEW,,"12.

(1) ÊxÉ¤ÉÆvÉEò Eò±É¨É 2 ¨ÉvªÉä ´ªÉÉJªÉÉ Eò®úhªÉÉiÉ +É±Éä±ªÉÉ ºÉÆºlÉÉÆSªÉÉ ´ÉMÉÉÇ{ÉèEòÒ EòÉähÉiªÉÉ½þÒ BEòÉ ËEò´ÉÉ nÖºÉ-ªÉÉ ´ÉMÉÉÇiÉ iÉºÉäSÉ

´ÉMÉÔEò®úhÉ.

ÊxÉªÉ¨ÉÉÆuùÉ®äú Ê´ÉÊ½þiÉ Eò®úhªÉÉiÉ ªÉä<Ç"
MH_ACT_1960_SEC_13,MH_ACT_1960,child,861,21,22,13,,,,LEGACY_FONT_ENCODING_REVIEW;STRUCTURE_UNCERTAIN,METADATA_REVIEW;TOPIC_TAG_REVIEW,REVIEW,E_STRUCTURE,"13.

(1) BJÉÉtÉ ºÉÆºlÉäSªÉÉ ={ÉÊ´ÉvÉÒiÉ Eäò±Éä±ÉÒ EòÉähÉiÉÒ½þÒ ºÉÖvÉÉ®úhÉÉ, ªÉÉ +ÊvÉÊxÉªÉ¨ÉÉx´ÉªÉä ÊiÉSÉÒ xÉÉånùhÉÒ ½þÉä<Ç{ÉªÉÈiÉ, Ê´ÉÊvÉOÉÉÁ

ºÉÆºlÉäSªÉÉ ={ÉÊ´ÉÊvÉSÉÒ

+ºÉhÉÉ®ú xÉÉ½þÒ. ={ÉÊ´ÉÊvÉiÉ Eä"
MH_ACT_1960_SEC_17,MH_ACT_1960,child,4941,22,30,17,,,,LEGACY_FONT_ENCODING_REVIEW;LONG_CHUNK_NO_SAFE_SPLIT;STRUCTURE_UNCERTAIN,METADATA_REVIEW;TOPIC_TAG_REVIEW,REVIEW,A_LONG;E_STRUCTURE;C_TOP20_LONG,"17.

(1) ºÉÆºlÉäºÉ ÊxÉ¤ÉÆvÉEòÉSªÉÉ {ÉÚ´ÉÇ¨ÉÉxªÉiÉäxÉä, iªÉÉ |ÉªÉÉäVÉxÉÉºÉÉ`öÒ ¦É®úÊ´É±Éä±ªÉÉ Ê´É¶Éä¹É ËEò´ÉÉ ºÉ´ÉÇºÉÉvÉÉ®úhÉ ¤Éè`öEòÒºÉ ½þVÉ®ú +ºÉ±Éä±ªÉÉ

ºÉÆºlÉÉSÉä BEòÊjÉEò®úhÉ

´É ¨ÉiÉ näùhÉÉ-ªÉÉ º"
MH_ACT_1960_SEC_25,MH_ACT_1960,parent,869,30,34,25,,,"BJÉÉtÉ ´ªÉCiÉÒxÉä, ºÉÆºlÉäSªÉÉ ºÉnùºªÉi´ÉÉSÉÉ Ênù±Éä±ÉÉ ®úÉVÉÒxÉÉ¨ÉÉ º´ÉÒEòÉ®úhªÉÉiÉ +É±ªÉÉ´É®ú ËEò´ÉÉ ºÉÆºlÉäiÉÒ±É ÊiÉSÉÉ ºÉÆ{ÉÚhÉÇ",CONTEXT_PARENT;LEGACY_FONT_ENCODING_REVIEW,METADATA_REVIEW;TOPIC_TAG_REVIEW,REVIEW,,"25. BJÉÉtÉ ´ªÉCiÉÒxÉä, ºÉÆºlÉäSªÉÉ ºÉnùºªÉi´ÉÉSÉÉ Ênù±Éä±ÉÉ ®úÉVÉÒxÉÉ¨ÉÉ º´ÉÒEòÉ®úhªÉÉiÉ +É±ªÉÉ´É®ú ËEò´ÉÉ ºÉÆºlÉäiÉÒ±É ÊiÉSÉÉ ºÉÆ{ÉÚhÉÇ

¤ÉÆnù ½þÉähÉä.

¦ÉÉMÉ ËEò´ÉÉ Ê½þiÉºÉÆ¤ÉÆvÉ nÖùºÉ-ªÉÉ ºÉnùºªÉÉE"
MH_ACT_1960_SEC_25_SUB_3,MH_ACT_1960,child,140,32,32,25,,,"BJÉÉtÉ ´ªÉCiÉÒxÉä, ºÉÆºlÉäSªÉÉ ºÉnùºªÉi´ÉÉSÉÉ Ênù±Éä±ÉÉ ®úÉVÉÒxÉÉ¨ÉÉ º´ÉÒEòÉ®úhªÉÉiÉ +É±ªÉÉ´É®ú ËEò´ÉÉ ºÉÆºlÉäiÉÒ±É ÊiÉSÉÉ ºÉÆ{ÉÚhÉÇ",LEGACY_FONT_ENCODING_REVIEW,METADATA_REVIEW;TOPIC_TAG_REVIEW,REVIEW,,"3[(3) VªÉÉ ºÉÆºlÉäxÉä +É{É±ªÉÉ ÊxÉvÉÒSÉÉ EòÉähÉiÉÉ½þÒ ¦ÉÉMÉ ºÉÆPÉÒªÉ ºÉÆºlÉäSªÉÉ ¦ÉÉMÉÉÆ¨ÉvªÉä (¶Éä+ºÉÇ¨ÉvªÉä) MÉÖÆiÉÊ´É±ÉÉ +ºÉä±É iªÉÉ ºÉÆºlÉäºÉ, iªÉÉ ºÉÆPÉÒªÉ ºÉÆºlÉäSªÉÉ EòÉ¨ÉEòÉVÉÉ¨ÉvªÉä +É{É±ªÉÉ "
MH_ACT_1960_SEC_25_SUB_4,MH_ACT_1960,child,60,32,32,25,,,"BJÉÉtÉ ´ªÉCiÉÒxÉä, ºÉÆºlÉäSªÉÉ ºÉnùºªÉi´ÉÉSÉÉ Ênù±Éä±ÉÉ ®úÉVÉÒxÉÉ¨ÉÉ º´ÉÒEòÉ®úhªÉÉiÉ +É±ªÉÉ´É®ú ËEò´ÉÉ ºÉÆºlÉäiÉÒ±É ÊiÉSÉÉ ºÉÆ{ÉÚhÉÇ",LEGACY_FONT_ENCODING_REVIEW,METADATA_REVIEW;TOPIC_TAG_REVIEW,REVIEW,,(4) iªÉÉ´Éä³ýÒ +Æ¨É±ÉÉiÉ +ºÉ±Éä±ªÉÉ EòÉähÉiªÉÉ½þÒ EòÉªÉtÉx´ÉªÉä ®úSÉxÉÉ Eò®úhªÉÉiÉ +É±Éä±ªÉÉ EòÉähÉiªÉÉ½þÒ EÆò{ÉxÉÒxÉä +lÉ´ÉÉ <iÉ®ú ÊxÉMÉ¨É ÊxÉEòÉªÉÉxÉä +É{É±ªÉÉ ÊxÉvÉÒSÉÉ EòÉähÉiÉÉ½þÒ ¦ÉÉMÉ BJÉÉtÉ ºÉ
MH_ACT_1960_SEC_25_SUB_5,MH_ACT_1960,child,33,32,32,25,,,"BJÉÉtÉ ´ªÉCiÉÒxÉä, ºÉÆºlÉäSªÉÉ ºÉnùºªÉi´ÉÉSÉÉ Ênù±Éä±ÉÉ ®úÉVÉÒxÉÉ¨ÉÉ º´ÉÒEòÉ®úhªÉÉiÉ +É±ªÉÉ´É®ú ËEò´ÉÉ ºÉÆºlÉäiÉÒ±É ÊiÉSÉÉ ºÉÆ{ÉÚhÉÇ",LEGACY_FONT_ENCODING_REVIEW,METADATA_REVIEW;TOPIC_TAG_REVIEW,REVIEW,,"(5) BJÉÉtÉ ¦ÉÉMÉÒnùÉ®úÒ ºÉÆºlÉäxÉä +É{É±ªÉÉ ÊxÉvÉÒSÉÉ EòÉähÉiÉÉ½þÒ ¦ÉÉMÉ BJÉÉtÉ ºÉÆºlÉäSªÉÉ ¦ÉÉMÉÉÆ¨ÉvªÉä MÉÖÆiÉÊ´É±Éä±ÉÉ +ºÉä±É iªÉÉ¤ÉÉ¤ÉiÉÒiÉ

6[iªÉÉ ¦ÉÉMÉÒnùÉ®úÒ ºÉÆºlÉäxÉä ÊxÉªÉÖCiÉ Eäò±Éä±ªÉÉ] Êi"
MH_ACT_1960_SEC_25_SUB_6,MH_ACT_1960,child,54,32,32,25,,,"BJÉÉtÉ ´ªÉCiÉÒxÉä, ºÉÆºlÉäSªÉÉ ºÉnùºªÉi´ÉÉSÉÉ Ênù±Éä±ÉÉ ®úÉVÉÒxÉÉ¨ÉÉ º´ÉÒEòÉ®úhªÉÉiÉ +É±ªÉÉ´É®ú ËEò´ÉÉ ºÉÆºlÉäiÉÒ±É ÊiÉSÉÉ ºÉÆ{ÉÚhÉÇ",LEGACY_FONT_ENCODING_REVIEW,METADATA_REVIEW;TOPIC_TAG_REVIEW,REVIEW,,"(6) VªÉÉ ºlÉÉÊxÉEò |ÉÉÊvÉEò®úhÉÉxÉä ËEò´ÉÉ ºÉÉ´ÉÇVÉÊxÉEò Ê´É·ÉºiÉ´ªÉ´ÉºlÉäxÉä +É{É±ªÉÉ ÊxÉvÉÒSÉÉ EòÉähÉiÉÉ½þÒ ¦ÉÉMÉ BJÉÉtÉ ºÉÆºlÉäSªÉÉ ¦ÉÉMÉÉÆ¨ÉvªÉä MÉÆÖiÉÊ´É±Éä±ÉÉ +ºÉä±É, iªÉÉ ºlÉÉÊxÉEò |ÉÉÊvÉEò®úhÉ"
MH_ACT_1960_SEC_25_SUB_7,MH_ACT_1960,child,654,32,34,25,,,"BJÉÉtÉ ´ªÉCiÉÒxÉä, ºÉÆºlÉäSªÉÉ ºÉnùºªÉi´ÉÉSÉÉ Ênù±Éä±ÉÉ ®úÉVÉÒxÉÉ¨ÉÉ º´ÉÒEòÉ®úhªÉÉiÉ +É±ªÉÉ´É®ú ËEò´ÉÉ ºÉÆºlÉäiÉÒ±É ÊiÉSÉÉ ºÉÆ{ÉÚhÉÇ",LEGACY_FONT_ENCODING_REVIEW,METADATA_REVIEW;TOPIC_TAG_REVIEW,REVIEW,,"(7) ºÉÆPÉÒªÉ ºÉÆºlÉäSªÉÉ ¤ÉÉ¤ÉiÉÒiÉ, +¶ÉÉ ºÉÆºlÉäSªÉÉ |ÉiªÉäEò ºÉnùºªÉÉSÉä ¨ÉiÉnùÉxÉÉSÉä ½þCEò ½äþ, ªÉÉ +ÊvÉÊxÉªÉ¨ÉÉx´ÉªÉä Eäò±Éä±ªÉÉ ÊxÉªÉ¨ÉÉÆ´nùÉ®äú +ÉÊhÉ iªÉÉ ºÉÆºlÉäSªÉÉ ={ÉÊ´ÉÊvÉ´nùÉ®äú Ê´ÉÊxÉªÉÊ"
MH_ACT_1960_SEC_29,MH_ACT_1960,child,334,34,34,29,,,,LEGACY_FONT_ENCODING_REVIEW,METADATA_REVIEW;TOPIC_TAG_REVIEW,REVIEW,,"29.

(1) VÉÉºiÉÒiÉ VÉÉºiÉ ¦ÉÉMÉ vÉÉ®úhÉ Eò®úhªÉÉ¤ÉÉ¤ÉiÉ ±ÉMÉiÉ{ÉÚ´ÉÇ´ÉiÉÔ Eò±É¨ÉÉSªÉÉ iÉ®úiÉÖnùÓxÉÉ ´É ªÉÉ¤ÉÉ¤ÉiÉ Eäò±Éä±ªÉÉ EòÉähÉiªÉÉ½þÒ

Ê½þiÉºÉÆ¤ÉÆvÉ ªÉÉÆSÉä

ÊxÉªÉ¨ÉÉÆxÉÉ +vÉÒxÉ ®úÉ½ÚþxÉ, BJÉÉtÉ "
MH_ACT_1960_SEC_30,MH_ACT_1960,child,349,34,35,30,,,,LEGACY_FONT_ENCODING_REVIEW,METADATA_REVIEW;TOPIC_TAG_REVIEW,REVIEW,,"30.

(1) ºÉÆºlÉäSÉÉ BJÉÉtÉ ºÉnùºªÉ ¨É®úhÉ {ÉÉ´É±ÉÉ +ºÉiÉÉ, ºÉÆºlÉÉ +¶ÉÉ ¨ÉÞiÉ ºÉnùºªÉÉSÉÉ ¦ÉÉMÉ ËEò´ÉÉ Ê½þiÉºÉÆ¤ÉÆvÉ ÊxÉªÉ¨ÉÉxÉÖºÉÉ®ú

ºÉnùºªÉÉSªÉÉ ¨ÉÞiªÉÚxÉÆiÉ®ú

xÉÉ¨ÉÊxÉnæùÊ¶ÉiÉ Eäò±Éä±ªÉÉ BEòÉ ËEò"
MH_ACT_1960_SEC_32,MH_ACT_1960,child,240,35,35,32,,,,LEGACY_FONT_ENCODING_REVIEW;STRUCTURE_UNCERTAIN,METADATA_REVIEW;TOPIC_TAG_REVIEW,REVIEW,E_STRUCTURE,"32.

(1) ºÉÆºlÉäSªÉÉ |ÉiªÉäEò ºÉnùºªÉÉºÉ, ºÉÆºlÉäSªÉÉ EòÉªÉÉÇ±ÉªÉÉiÉ, EòÉ¨ÉEòÉVÉÉSªÉÉ ´Éä³ýÉiÉ ËEò´ÉÉ iªÉÉ |ÉªÉÉäVÉxÉÉºÉÉ`öÒ `ö®úÊ´É±Éä±ªÉÉ

{ÉÖºiÉEäò <iªÉÉnùÒ

{ÉÉ½þhªÉÉSÉä

EòÉähÉiªÉÉ½þÒ ´Éä³ýÒ +ÊvÉ"
MH_ACT_1960_SEC_33,MH_ACT_1960,child,130,35,35,33,,,,LEGACY_FONT_ENCODING_REVIEW,METADATA_REVIEW;TOPIC_TAG_REVIEW,REVIEW,,"33.

(1) {ÉÉä]õ-Eò±É¨É (2) SªÉÉ iÉ®úiÉÖnùÓxÉÉ +vÉÒxÉ ®úÉ½ÚþxÉ, ºÉÆºlÉäSªÉÉ ¨ÉÉVÉÒ ºÉnùºªÉÉ´É®ú ËEò´ÉÉ ¨ÉÞiÉ ºÉnùºªÉÉSªÉÉ ºÉÆ{Énäù´É®ú

ºÉnùºªÉÉ´É®ú ´É

ºÉÆºlÉäSÉÒ VÉÒ @ñhÉä,---

¨ÉÞiÉ ºÉÆnùºªÉÉSÉÉ

(+"
MH_ACT_1960_SEC_34,MH_ACT_1960,child,52,35,35,34,,,"<±ÉÉJÉÉ ¶É½þ®ú xÉÉnùÉ®úÒ +ÊvÉÊxÉªÉ¨É, 1909, |ÉÉÆÊiÉEò xÉÉnùÉ®úÒ +ÊvÉÊxÉªÉ¨É, 1920 ËEò´ÉÉ iªÉÉ iªÉÉ´Éä³ýÒ +Æ¨É±ÉÉiÉ +ºÉ±Éä±ÉÉ",LEGACY_FONT_ENCODING_REVIEW,METADATA_REVIEW;TOPIC_TAG_REVIEW,REVIEW,,"34. <±ÉÉJÉÉ ¶É½þ®ú xÉÉnùÉ®úÒ +ÊvÉÊxÉªÉ¨É, 1909, |ÉÉÆÊiÉEò xÉÉnùÉ®úÒ +ÊvÉÊxÉªÉ¨É, 1920 ËEò´ÉÉ iªÉÉ iªÉÉ´Éä³ýÒ +Æ¨É±ÉÉiÉ +ºÉ±Éä±ÉÉ

1909

ºÉnùºªÉÉÆSÉÒ

SÉÉ 3.

xÉÉnùÉ®úÒ.

EòÉähÉiÉÉ½þÒ iÉiºÉ¨É EòÉªÉnùÉ "
MH_ACT_1960_SEC_35,MH_ACT_1960,child,225,35,36,35,,,,LEGACY_FONT_ENCODING_REVIEW;STRUCTURE_UNCERTAIN,METADATA_REVIEW;TOPIC_TAG_REVIEW,REVIEW,E_STRUCTURE,"35.

(1) ºÉÆºlÉäiÉ iªÉÉ |ÉªÉÉäVÉxÉÉºÉÉ`öÒ ¦É®úÊ´É±Éä±ªÉÉ ºÉ´ÉÇºÉÉvÉÉ®úhÉ ¤Éè`öEòÒiÉ ={ÉÎºlÉiÉ +ºÉiÉÒ±É +¶ÉÉ, ¨ÉiÉnùÉxÉÉSÉÉ ½þCEò +ºÉ±Éä±ªÉÉ ºÉnùºªÉÉÆ{ÉèEòÒ 4[Eò¨ÉÒiÉEò¨ÉÒ iÉÒxÉ SÉiÉÖlÉÉÇÆ¶É ºÉnùºªÉÉÆS"
MH_ACT_1960_SEC_36,MH_ACT_1960,child,75,36,36,36,,,"ºÉÆºlÉäSÉÒ xÉÉånùhÉÒ ZÉÉ±ªÉÉxÉÆiÉ®ú, VªÉÉ xÉÉ´ÉÉxÉä ÊiÉSÉÒ xÉÉånùhÉÒ ZÉÉ±ÉÒ +ºÉä±É, iªÉÉ xÉÉ´ÉÉSÉÉ iÉÉä BEò ÊxÉMÉ¨É ÊxÉEòÉªÉ",LEGACY_FONT_ENCODING_REVIEW,METADATA_REVIEW;TOPIC_TAG_REVIEW,REVIEW,,"36. ºÉÆºlÉäSÉÒ xÉÉånùhÉÒ ZÉÉ±ªÉÉxÉÆiÉ®ú, VªÉÉ xÉÉ´ÉÉxÉä ÊiÉSÉÒ xÉÉånùhÉÒ ZÉÉ±ÉÒ +ºÉä±É, iªÉÉ xÉÉ´ÉÉSÉÉ iÉÉä BEò ÊxÉMÉ¨É ÊxÉEòÉªÉ

ºÉÆºlÉÉ ½þÉ ÊxÉMÉ¨É ÊxÉEòÉªÉ

½þÉä<Ç±É. ÊiÉSÉÒ {É®Æú{É®úÉ +JÉÆb÷ +ºÉä±"
MH_ACT_1960_SEC_37,MH_ACT_1960,child,42,36,36,37,,,"VªÉÉ {ÉkªÉÉ´É®ú ºÉ´ÉÇ xÉÉä]õÒºÉÉ {ÉÉ`öÊ´ÉiÉÉ ªÉäiÉÒ±É ´É ºÉ´ÉÇ {ÉjÉ´ªÉ´É½þÉ®ú Eò®úiÉÉ ªÉä<Ç±É, +¶ÉÉ +É{É±ªÉÉ {ÉkªÉÉSÉÒ |ÉiªÉäEò ºÉÆºlÉÉ",LEGACY_FONT_ENCODING_REVIEW,METADATA_REVIEW;TOPIC_TAG_REVIEW,REVIEW,,"37. VªÉÉ {ÉkªÉÉ´É®ú ºÉ´ÉÇ xÉÉä]õÒºÉÉ {ÉÉ`öÊ´ÉiÉÉ ªÉäiÉÒ±É ´É ºÉ´ÉÇ {ÉjÉ´ªÉ´É½þÉ®ú Eò®úiÉÉ ªÉä<Ç±É, +¶ÉÉ +É{É±ªÉÉ {ÉkªÉÉSÉÒ |ÉiªÉäEò ºÉÆºlÉÉ

{ÉkÉÉ.

ÊxÉªÉ¨ÉÉxÉÖºÉÉ®ú xÉÉånùhÉÒ Eò°üxÉ PÉä<Ç±É, +ÉÊhÉ +¶"
MH_ACT_1960_SEC_38,MH_ACT_1960,child,138,36,36,38,,,,LEGACY_FONT_ENCODING_REVIEW,METADATA_REVIEW;TOPIC_TAG_REVIEW,REVIEW,,"38.

(1) |ÉiªÉäEò ºÉÆºlÉÉ +É{É±ªÉÉ ºÉnùºªÉÉÆSÉÒ BEò xÉÉånù´É½þÒ `äö´ÉÒ±É ´É iÉÒiÉ {ÉÖføÒ±É iÉ{É¶ÉÒ±É xÉÉånù´ÉhªÉÉiÉ ªÉä<Ç±É, iÉÉä +ºÉÉ,----

ºÉnùºªÉÉÆSÉÒ xÉÉånù´É½þÒ.

(+) |ÉiªÉäEò ºÉnùºªÉÉSÉä xÉÉ´É, "
MH_ACT_1960_SEC_39,MH_ACT_1960,child,187,36,37,39,,,"|ÉiªÉäEò ºÉÆºlÉÉ ÊiÉSªÉÉ xÉÉånù±Éä±ªÉÉ {ÉkªÉÉ´É®ú ªÉÉ +ÊvÉÊxÉªÉ¨ÉÉSÉÒ, ÊxÉªÉ¨ÉÉSÉÒ ´É ÊiÉSªÉÉ ={ÉÊ´ÉÊvÉSÉÒ +ÉÊhÉ ºÉnùºªÉÉÆSªÉÉ ªÉÉnùÒSÉÒ",LEGACY_FONT_ENCODING_REVIEW,METADATA_REVIEW;TOPIC_TAG_REVIEW,REVIEW,,"39. |ÉiªÉäEò ºÉÆºlÉÉ ÊiÉSªÉÉ xÉÉånù±Éä±ªÉÉ {ÉkªÉÉ´É®ú ªÉÉ +ÊvÉÊxÉªÉ¨ÉÉSÉÒ, ÊxÉªÉ¨ÉÉSÉÒ ´É ÊiÉSªÉÉ ={ÉÊ´ÉÊvÉSÉÒ +ÉÊhÉ ºÉnùºªÉÉÆSªÉÉ ªÉÉnùÒSÉÒ

<iªÉÉnùÓSÉÒ |ÉiÉ

BEò |ÉiÉ EòÉ¨ÉÉSªÉÉ ´Éä³ýÉiÉ ËEò´ÉÉ ºÉÆº"
MH_ACT_1960_SEC_41,MH_ACT_1960,child,1550,37,39,41,,,"¦ÉÉ®úiÉÒªÉ xÉÉånùhÉÒ +ÊvÉÊxÉªÉ¨É, 1908 ªÉÉiÉÒ±É Eò±É¨É 17, {ÉÉä]õ-Eò±É¨É (1), JÉÆb÷ (¤É) ´É (Eò) ¨ÉvÉÒ±É EòÉähÉiÉÒ½þÒ MÉÉä¹]õ",LEGACY_FONT_ENCODING_REVIEW;LONG_CHUNK_NO_SAFE_SPLIT,METADATA_REVIEW;TOPIC_TAG_REVIEW,REVIEW,A_LONG,"41. ¦ÉÉ®úiÉÒªÉ xÉÉånùhÉÒ +ÊvÉÊxÉªÉ¨É, 1908 ªÉÉiÉÒ±É Eò±É¨É 17, {ÉÉä]õ-Eò±É¨É (1), JÉÆb÷ (¤É) ´É (Eò) ¨ÉvÉÒ±É EòÉähÉiÉÒ½þÒ MÉÉä¹]õ

´É @ñhÉ{ÉjÉä ªÉÉ

SÉÉ 16.

{ÉÖføÒ±É ¤ÉÉ¤ÉiÉÒiÉ ±ÉÉMÉÚ +ºÉhÉÉ®ú xÉÉ½þÒ"
MH_ACT_1960_SEC_47,MH_ACT_1960,child,2529,39,43,47,,,,LEGACY_FONT_ENCODING_REVIEW;LONG_CHUNK_NO_SAFE_SPLIT;STRUCTURE_UNCERTAIN,METADATA_REVIEW;TOPIC_TAG_REVIEW,REVIEW,A_LONG;E_STRUCTURE;C_TOP20_LONG,"47.

(1) iªÉÉ iªÉÉ´Éä³ýÒ +Æ¨É±ÉÉiÉ +ºÉ±Éä±ªÉÉ <iÉ®ú EòÉähÉiªÉÉ½þÒ EòÉªÉtÉiÉ EòÉ½þÒ½þÒ +ÆiÉ¦ÉÚÈiÉ +ºÉ±Éä iÉ®úÒ {É®ÆúiÉÖ, VÉ¨ÉÒxÉ

1908

+OÉ½þCEò.

SÉÉ 5.

¨É½þºÉÖ±ÉÉºÉÆ¤ÉÆvÉÒSªÉÉ ËEò´ÉÉ VÉ¨ÉÒxÉ ¨É½þºÉÖ"
MH_ACT_1960_SEC_53,MH_ACT_1960,child,161,43,43,53,,,,LEGACY_FONT_ENCODING_REVIEW,METADATA_REVIEW;TOPIC_TAG_REVIEW,REVIEW,,"53.

(1) |É¨ÉÖJÉ ®úÉVªÉ ¦ÉÉMÉÒnùÉ®úÒ ÊxÉvÉÒiÉÚxÉ Ê¶ÉJÉ®ú ºÉÆºlÉäxÉä VªÉÉ ¨ÉvªÉ´ÉiÉÔ ºÉÆºlÉä±ÉÉ {ÉèºÉÉ {ÉÖ®úÊ´É±ÉÉ +ºÉä±É iÉÒ ¨ÉvªÉ´ÉiÉÔ ºÉÆºlÉÉ

¦ÉÉMÉÒnùÉ®úÒ

+¶ÉÉ {Éè¶ÉÉSÉÉ “ nÖùªªÉ¨É ®úÉVªÉ ¦ÉÉMÉÒnù"
MH_ACT_1960_SEC_56,MH_ACT_1960,child,100,43,43,56,,,"VªÉÉ Ê¶ÉJÉ®ú ºÉÆºlÉäSÉä |É¨ÉÖJÉ ®úÉVªÉ ¦ÉÉMÉÒnùÉ®úÒ ÊxÉvÉÒiÉÒ±É {Éè¶ÉÉiÉÚxÉ <iÉ®ú ºÉÆºlÉÉSÉä ¦ÉÉMÉ JÉ®äúnùÒ Eäò±Éä +ºÉiÉÒ±É, iªÉÉ Ê¶ÉJÉ®ú",LEGACY_FONT_ENCODING_REVIEW,METADATA_REVIEW;TOPIC_TAG_REVIEW,REVIEW,,"56. VªÉÉ Ê¶ÉJÉ®ú ºÉÆºlÉäSÉä |É¨ÉÖJÉ ®úÉVªÉ ¦ÉÉMÉÒnùÉ®úÒ ÊxÉvÉÒiÉÒ±É {Éè¶ÉÉiÉÚxÉ <iÉ®ú ºÉÆºlÉÉSÉä ¦ÉÉMÉ JÉ®äúnùÒ Eäò±Éä +ºÉiÉÒ±É, iªÉÉ Ê¶ÉJÉ®ú

®úEò¨Éä´É®ú

ºÉÆºlÉäºÉ +ÉÊhÉ VªÉÉ ¨ÉvªÉ´ÉiÉÔ ºÉÆºlÉäxÉä n"
MH_ACT_1960_SEC_57,MH_ACT_1960,child,168,44,44,57,,,,LEGACY_FONT_ENCODING_REVIEW,METADATA_REVIEW;TOPIC_TAG_REVIEW,REVIEW,,"57.

(1) VªÉÉ ºÉÆºlÉäiÉÒ±É ¦ÉÉMÉ |É¨ÉÖJÉ ®úÉVªÉ ¦ÉÉMÉÒnùÉ®úÒ ÊxÉvÉÒiÉÚxÉ JÉ®äúnùÒ Eäò±Éä +ºÉiÉÒ±É +¶ÉÒ ºÉÆºlÉÉ ºÉ¨ÉÉÊ{ÉiÉ Eò®úhªÉÉiÉ

Ê¶ÉJÉ®ú

+É±Éä±ÉÒ +ºÉä±É ËEò´ÉÉ Ê´ÉºÉÌVÉiÉ Eò®úhªÉÉiÉ +É±ÉÒ +ºÉä±É"
MH_ACT_1960_SEC_58,MH_ACT_1960,child,157,44,44,58,,,,LEGACY_FONT_ENCODING_REVIEW,METADATA_REVIEW;TOPIC_TAG_REVIEW,REVIEW,,"58.

(1) <iÉ®ú ºÉÆºlÉÉÆSÉä VÉä ¦ÉÉMÉ |É¨ÉÖJÉ ®úÉVªÉ ¦ÉÉMÉÒnùÉ®úÒ ÊxÉvÉÒiÉÒ±É {Éè¶ÉÉiÉÚxÉ JÉ®äúnùÒ Eò®úhªÉÉiÉ +É±Éä +ºÉiÉÒ±É iªÉÉ ¦ÉÉMÉÉÆSªÉÉ

¦ÉÉMÉ ¦ÉÉÆb÷´É±É +ÉÊhÉ ±ÉÉ¦ÉÉÆ¶É,

ºÉÆ¤ÉÆvÉÉiÉ Ê¶ÉJÉ®ú ºÉÆ"
MH_ACT_1960_SEC_59,MH_ACT_1960,child,108,44,44,59,,,,LEGACY_FONT_ENCODING_REVIEW,METADATA_REVIEW;TOPIC_TAG_REVIEW,REVIEW,,"59.

(1) VªÉÉ Ê¶ÉJÉ®ú ºÉÆºlÉäxÉä |É¨ÉÖJÉ ®úÉVªÉ ¦ÉÉMÉÒnùÉ®úÒ ÊxÉvÉÒ ºlÉÉ{ÉxÉ Eäò±ÉÉ +ºÉä±É iÉÒ Ê¶ÉJÉ®ú ºÉÆºlÉÉ ºÉ¨ÉÉÊ{ÉiÉ ËEò´ÉÉ

Ê¶ÉJÉ®ú ºÉÆºlÉÉ ËEò´ÉÉ ¨ÉvªÉ´ÉiÉÔ

Ê´ÉºÉÌVÉiÉ Eò®úhªÉÉiÉ +É±ÉÒ iÉ®ú iª"
MH_ACT_1960_SEC_60,MH_ACT_1960,child,37,44,44,60,,,"|É¨ÉÖJÉ ®úÉVªÉ ¦ÉÉMÉÒnùÉ®úÒ ÊxÉvÉÒiÉ ËEò´ÉÉ nÖùªªÉ¨É ®úÉVªÉ ¦ÉÉMÉÒnùÉ®úÒ ÊxÉvÉÒiÉ VÉ¨ÉÉ +ºÉ±Éä±ÉÒ EòÉähÉiÉÒ½þÒ ®úCEò¨É ªÉlÉÉÎºlÉÊiÉ,",LEGACY_FONT_ENCODING_REVIEW,METADATA_REVIEW;TOPIC_TAG_REVIEW,REVIEW,,"60. |É¨ÉÖJÉ ®úÉVªÉ ¦ÉÉMÉÒnùÉ®úÒ ÊxÉvÉÒiÉ ËEò´ÉÉ nÖùªªÉ¨É ®úÉVªÉ ¦ÉÉMÉÒnùÉ®úÒ ÊxÉvÉÒiÉ VÉ¨ÉÉ +ºÉ±Éä±ÉÒ EòÉähÉiÉÒ½þÒ ®úCEò¨É ªÉlÉÉÎºlÉÊiÉ,

|É¨ÉÖJÉ ËEò´ÉÉ nÖùªªÉ¨É ®úÉVªÉ

Ê¶ÉJÉ®ú ºÉÆºlÉäSªÉÉ ËEò´ÉÉ ¨Év"
MH_ACT_1960_SEC_61,MH_ACT_1960,child,244,44,44,61,,,"ªÉÉ |ÉEò®úhÉÉSªÉÉ {ÉÚ´ÉÇMÉÉ¨ÉÒ iÉ®úiÉÖnùÓxÉÉ +vÉÒxÉ ®úÉ½ÚþxÉ,",LEGACY_FONT_ENCODING_REVIEW,METADATA_REVIEW;TOPIC_TAG_REVIEW,REVIEW,,"61. ªÉÉ |ÉEò®úhÉÉSªÉÉ {ÉÚ´ÉÇMÉÉ¨ÉÒ iÉ®úiÉÖnùÓxÉÉ +vÉÒxÉ ®úÉ½ÚþxÉ,---

+ÉÊhÉ Ê¶ÉJÉ®ú

(+) ®úÉVªÉ ¶ÉÉºÉxÉ Ê¶ÉJÉ®ú ºÉÆºlÉäºÉ VªÉÉ +]õÓ´É®ú ´É ¶ÉiÉÔ´É®ú {ÉèºÉä {ÉÖ®ú´ÉÒ±É, iªÉÉ +]õÒ ´É ¶ÉiÉÔ xÉ¨ÉÖnù Eò°üx"
MH_ACT_1960_SEC_63,MH_ACT_1960,child,448,45,46,63,,,ªÉÉ |ÉEò®úhÉÉiÉÒ±É Eò±É¨Éä 51 iÉä 61 (nùÉäx½þÒ vÉ°üxÉ) ªÉÉiÉÒ±É iªÉÉ iÉ®úiÉÖnùÒ iªÉÉ´Éä³ýÒ +Æ¨É±ÉÉiÉ +ºÉ±Éä±ªÉÉ <iÉ®ú EòÉähÉiªÉÉ½þÒ,LEGACY_FONT_ENCODING_REVIEW;STRUCTURE_UNCERTAIN,METADATA_REVIEW;TOPIC_TAG_REVIEW,REVIEW,E_STRUCTURE,"63. ªÉÉ |ÉEò®úhÉÉiÉÒ±É Eò±É¨Éä 51 iÉä 61 (nùÉäx½þÒ vÉ°üxÉ) ªÉÉiÉÒ±É iªÉÉ iÉ®úiÉÖnùÒ iªÉÉ´Éä³ýÒ +Æ¨É±ÉÉiÉ +ºÉ±Éä±ªÉÉ <iÉ®ú EòÉähÉiªÉÉ½þÒ

ªÉÉ |ÉEò®úhÉÉiÉÒ±É

iÉ®úiÉÖnùÒ <iÉ®ú

EòÉªÉtÉiÉ +¶ÉÉ iÉ®úiÉÖnùÒ"
MH_ACT_1960_SEC_67,MH_ACT_1960,child,42,46,46,67,,,"EòÉähÉiÉÒ½þÒ ºÉÆºlÉÉ 5[ÊxÉ¤ÉÆvÉEòÉSªÉÉ {ÉÚ´ÉÇ¨ÉÆVÉÖ®úÒxÉä +ºÉä±É iÉä JÉä®úÒVÉ Eò°üxÉ] B®ú´½þÒ, +É{É±ªÉÉ ºÉnùºªÉÉÆxÉÉ 5[{ÉÆvÉ®úÉ",LEGACY_FONT_ENCODING_REVIEW,METADATA_REVIEW;TOPIC_TAG_REVIEW,REVIEW,,"4[67. EòÉähÉiÉÒ½þÒ ºÉÆºlÉÉ 5[ÊxÉ¤ÉÆvÉEòÉSªÉÉ {ÉÚ´ÉÇ¨ÉÆVÉÖ®úÒxÉä +ºÉä±É iÉä JÉä®úÒVÉ Eò°üxÉ] B®ú´½þÒ, +É{É±ªÉÉ ºÉnùºªÉÉÆxÉÉ 5[{ÉÆvÉ®úÉ

±ÉÉ¦ÉÉÆ¶ÉÉ´É®ú ÊxÉ¤ÉÈvÉ.

]õCCªÉÉÆ{ÉäIÉÉ] +ÊvÉEò nù®úÉxÉä ±ÉÉ¦ÉÉÆ"
MH_ACT_1960_SEC_68,MH_ACT_1960,parent,602,46,47,68,,,,LEGACY_FONT_ENCODING_REVIEW,METADATA_REVIEW;TOPIC_TAG_REVIEW,REVIEW,,"7[68.

(1) 8[ºÉ½þEòÉ®úÒ {ÉiÉ ºÉÆ®úSÉxÉÉ ºÉÆºlÉÉ xÉºÉhÉÉ®úÒ |ÉiªÉäEò ºÉÆºlÉÉ] ®úÉVªÉ ¶ÉÉºÉxÉ ªÉÉ ¤ÉÉ¤ÉiÉÒiÉ +ÊvÉºÉÚÊSÉiÉ Eò®úÒ±É, +¶ÉÉ

®úÉVªÉ ºÉÆPÉÒªÉ ºÉÆºlÉäSÉä Ê¶ÉIÉhÉ

®úÉVªÉ ºÉÆPÉÒªÉ ºÉÆºlÉäSªÉÉ Ê"
MH_ACT_1960_SEC_68_SUB_1,MH_ACT_1960,child,56,46,46,68,,,,LEGACY_FONT_ENCODING_REVIEW,METADATA_REVIEW;TOPIC_TAG_REVIEW,REVIEW,,"(1) 8[ºÉ½þEòÉ®úÒ {ÉiÉ ºÉÆ®úSÉxÉÉ ºÉÆºlÉÉ xÉºÉhÉÉ®úÒ |ÉiªÉäEò ºÉÆºlÉÉ] ®úÉVªÉ ¶ÉÉºÉxÉ ªÉÉ ¤ÉÉ¤ÉiÉÒiÉ +ÊvÉºÉÚÊSÉiÉ Eò®úÒ±É, +¶ÉÉ

®úÉVªÉ ºÉÆPÉÒªÉ ºÉÆºlÉäSÉä Ê¶ÉIÉhÉ

®úÉVªÉ ºÉÆPÉÒªÉ ºÉÆºlÉäSªÉÉ Ê¶ÉIÉhÉ "
MH_ACT_1960_SEC_68_SUB_2,MH_ACT_1960,child,38,46,46,68,,,,LEGACY_FONT_ENCODING_REVIEW,METADATA_REVIEW;TOPIC_TAG_REVIEW,REVIEW,,(2) |ÉiªÉäEò ºÉÆºlÉÉ 10[ºÉ½þEòÉ®úÒ ´É¹ÉÉÇSªÉÉ ºÉ¨ÉÉ{iÉÒxÉÆiÉ®ú iÉÒxÉ ¨ÉÊ½þxªÉÉÆSªÉÉ +ÉiÉ] =CiÉ ÊxÉvÉÒiÉ +É{É±Éä +Æ¶ÉnùÉxÉ näù<Ç±É. ªÉÉ Eò±É¨ÉÉx´ÉªÉä +É´É¶ªÉEò +ºÉ±Éä±ªÉÉ MÉÉä¹]õÓSÉä {ÉÉ±ÉxÉ Eò®úhªÉÉiÉ
MH_ACT_1960_SEC_68_SUB_3,MH_ACT_1960,child,507,46,47,68,,,,LEGACY_FONT_ENCODING_REVIEW,METADATA_REVIEW;TOPIC_TAG_REVIEW,REVIEW,,"11[(3) VÉ®ú EòÉähÉiÉÒ½þÒ ºÉÆºlÉÉ {ÉÉä]õ-Eò±É¨É (2) ¨ÉvªÉä Ê´ÉÊxÉÌnù¹]õ Eò®úhªÉÉiÉ +É±Éä±ªÉÉ EòÉ±ÉÉ´ÉvÉÒiÉ +Æ¶ÉnùÉxÉ, näùhªÉÉºÉ SÉÖEò±ÉÒ +ºÉä±É, iÉ®ú iªÉÉ ¤ÉÉ¤ÉiÉÒiÉ näùªÉ +ºÉ±Éä±ªÉÉ +Æ¶ÉnùÉxÉÉSÉÒ ®úCE"
MH_ACT_1960_SEC_70,MH_ACT_1960,child,234,47,48,70,,,ºÉÆºlÉÉ +É{É±Éä ÊxÉvÉÒ {ÉÖføÒ±É{ÉèEòÒ BEòÉ ËEò´ÉÉ +xÉäEò Ê`öEòÉhÉÒ ¨½þhÉVÉäSÉ:,LEGACY_FONT_ENCODING_REVIEW,METADATA_REVIEW;TOPIC_TAG_REVIEW,REVIEW,,"5[70. ºÉÆºlÉÉ +É{É±Éä ÊxÉvÉÒ {ÉÖføÒ±É{ÉèEòÒ BEòÉ ËEò´ÉÉ +xÉäEò Ê`öEòÉhÉÒ ¨½þhÉVÉäSÉ:-----

MÉÖÆiÉ´ÉhÉÚEò.

6[ (+) ¨ÉÉMÉÒ±É ±ÉÉMÉÉä{ÉÉ`ö iÉÒxÉ ´É¹ÉÉÈiÉ ±ÉäJÉÉ{É®úÒIÉäiÉ ÊxÉnùÉxÉ “ + ” ´ÉMÉÇ Ê¨É³ýÉ±Éä±É"
MH_ACT_1960_SEC_71,MH_ACT_1960,child,272,48,48,71,,,,LEGACY_FONT_ENCODING_REVIEW,METADATA_REVIEW;TOPIC_TAG_REVIEW,REVIEW,,"71.

(1) EòÉähÉiªÉÉ½þÒ ºÉÆºlÉäºÉ +É{É±ªÉÉ Eò¨ÉÇSÉÉ-ªÉÉÆºÉÉ`öÒ BEò ¦ÉÊ´É¹ªÉ ÊxÉ´ÉÉÇ½þ ÊxÉvÉÒ ºlÉÉ{ÉxÉ Eò®úiÉÉ ªÉä<Ç±É +ÉÊhÉ iªÉÉiÉ ºÉÆºlÉäxÉä

¦ÉÊ´É¹ªÉ ÊxÉ´ÉÉÇ½þ

+ÉÊhÉ ÊiÉSªÉÉ Eò¨ÉÇSÉÉ-ªÉÉÆxÉÒ Ênù±Éä±"
MH_ACT_1960_SEC_72,MH_ACT_1960,child,2123,48,51,72,,,ªÉÉ +ÊvÉÊxÉªÉ¨ÉÉiÉÒ±É +ÉÊhÉ ÊxÉªÉ¨ÉÉÆiÉÒ±É iÉ®úiÉÖnùÒºÉ +vÉÒxÉ ®úÉ½ÚþxÉ |ÉiªÉäEò ºÉÆºlÉäºÉÆ¤ÉÆvÉÒSÉÉ +ÆÊiÉ¨É |ÉÉÊvÉEòÉ®ú ={ÉÊ´ÉÊvÉiÉ,LEGACY_FONT_ENCODING_REVIEW;LONG_CHUNK_NO_SAFE_SPLIT;STRUCTURE_UNCERTAIN;TABLE_REVIEW,METADATA_REVIEW;TOPIC_TAG_REVIEW,REVIEW,A_LONG;E_STRUCTURE;F_TABLE,"72. ªÉÉ +ÊvÉÊxÉªÉ¨ÉÉiÉÒ±É +ÉÊhÉ ÊxÉªÉ¨ÉÉÆiÉÒ±É iÉ®úiÉÖnùÒºÉ +vÉÒxÉ ®úÉ½ÚþxÉ |ÉiªÉäEò ºÉÆºlÉäºÉÆ¤ÉÆvÉÒSÉÉ +ÆÊiÉ¨É |ÉÉÊvÉEòÉ®ú ={ÉÊ´ÉÊvÉiÉ

ºÉÆºlÉäºÉÆ¤ÉÆvÉÒSÉÉ +ÆÊiÉ¨É

4[ºÉÆºlÉäSªÉÉ Ê´ÉÊxÉÌnù¹]õ Eò®úhª"
MH_ACT_1960_SEC_73,MH_ACT_1960,child,3959,52,59,73,,,+++,LEGACY_FONT_ENCODING_REVIEW;LONG_CHUNK_NO_SAFE_SPLIT;STRUCTURE_UNCERTAIN;TABLE_REVIEW,METADATA_REVIEW;TOPIC_TAG_REVIEW,REVIEW,A_LONG;E_STRUCTURE;F_TABLE;C_TOP20_LONG,"1[ 73.+++.

(1) ={ÉÊ´ÉvÉÒ¨ÉvªÉä iÉ®úiÉÚnù Eò®úhªÉÉiÉ ªÉä<Ç±É <iÉCªÉÉ ºÉnùºªÉ ºÉÆJªÉäSÉÉ ºÉÊ¨ÉiÉÒiÉ +ÆiÉ¦ÉÉÇ´É +ºÉä±É ;

ºÉÊ¨ÉiÉÒSÉÒ ®úSÉxÉÉ Eò®úhÉä.

{É®ÆúiÉÖ, ºÉÊ¨ÉiÉÒSªÉÉ ºÉnùºªÉÉÆSÉÒ Eò¨ÉÉ±É ºÉÆJªÉ"
MH_ACT_1960_SEC_74,MH_ACT_1960,parent,685,59,61,74,,,,CONTEXT_PARENT;LEGACY_FONT_ENCODING_REVIEW,METADATA_REVIEW;TOPIC_TAG_REVIEW,REVIEW,,"1[74.

(1) ºÉÆºlÉäSªÉÉ ËEò´ÉÉ ºÉÆºlÉÉ´ÉMÉÉÇSÉÉ ¨ÉÖJªÉ EòÉªÉÇEòÉ®úÒ +ÊvÉEòÉ®úÒ, Ê´ÉkÉ +ÊvÉEòÉ®úÒ, ´ªÉ´ÉºlÉÉ{ÉEò, ºÉÊSÉ´É, ±ÉäJÉ{ÉÉ±É ËEò´ÉÉ

ºÉÆºlÉÉSÉÉ ´ªÉ´ÉºlÉÉ{ÉEò

<iÉ®ú EòÉähÉiÉÉ½þÒ +ÊvÉEòÉ®úÒ ªÉÉÆ"
MH_ACT_1960_SEC_74_SUB_3,MH_ACT_1960,child,101,60,60,74,,,,LEGACY_FONT_ENCODING_REVIEW,METADATA_REVIEW;TOPIC_TAG_REVIEW,REVIEW,,(3) ºÉÆºlÉäSªÉÉ ºÉ´ÉÇºÉÉvÉÉ®úhÉ ¤Éè`öEòÒiÉ `äö´ÉhªÉÉiÉ +É±Éä±ªÉÉ |ÉiªÉäEò iÉÉ³äý¤ÉÆnùÉ¤É®úÉä¤É®ú ºÉÆºlÉäSªÉÉ ºÉÊ¨ÉiÉÒSÉÉ {ÉÖføÒ±É MÉÉä¹]õÒºÉÆ¤ÉÆvÉÉiÉÒ±É +½þ´ÉÉ±É VÉÉäb÷hªÉÉiÉ ªÉä<Ç±É. (+) ºÉÆºlÉäSªÉÉ 
MH_ACT_1960_SEC_74_SUB_4,MH_ACT_1960,child,51,60,60,74,,,,LEGACY_FONT_ENCODING_REVIEW,METADATA_REVIEW;TOPIC_TAG_REVIEW,REVIEW,,"2[(4) ±ÉäJÉÉ{É®úÒÊIÉiÉ iÉÉ³äý¤ÉÆnù, ±ÉäJÉÉ{É®úÒÊIÉiÉ xÉ¡òÉ +ÉÊhÉ iÉÉä]õÉ ªÉÉÆSÉÉ Ê½þ¶Éä¤É, Eò±É¨É81 +x´ÉªÉä xÉä¨ÉhÉÚEò Eäò±Éä±ªÉÉ ±ÉäJÉÉ{É®úÒIÉEòÉxÉä ºÉÉnù®ú Eäò±Éä±ÉÉ, ¨ÉÉMÉÒ±É Ê´ÉkÉÒªÉ ´É¹ÉÉÇSÉÉ ±Éä"
MH_ACT_1960_SEC_74_SUB_5,MH_ACT_1960,child,545,60,61,74,,,,LEGACY_FONT_ENCODING_REVIEW,METADATA_REVIEW;TOPIC_TAG_REVIEW,REVIEW,,"(5) ´É®ú {ÉÉä]õ-Eò±É¨É (1) ¨ÉvªÉä Ê´ÉÊ½þiÉ Eäò±Éä±ªÉÉ 3[EòÉ±ÉÉ´ÉvÉÒiÉ ºÉ´ÉÇºÉÉvÉÉ®úhÉ ¤Éè`öEò] ¤ÉÉä±ÉÉÊ´ÉhªÉÉiÉ ËEò´ÉÉ {ÉÉä]õ-Eò±É¨É 4[(2), (2+)], (3) ËEò´ÉÉ (4) ªÉÉÆSÉä {ÉÉ±ÉxÉ Eò®úhªÉÉiÉ EòºÉÚ®ú Eò®"
MH_ACT_1960_SEC_77,MH_ACT_1960,child,934,61,63,77,,,,LEGACY_FONT_ENCODING_REVIEW;LONG_CHUNK_NO_SAFE_SPLIT;STRUCTURE_UNCERTAIN,METADATA_REVIEW;TOPIC_TAG_REVIEW,REVIEW,A_LONG;E_STRUCTURE,"77.

(1) BJÉÉtÉ ºÉÆºlÉäxÉä ËEò´ÉÉ ºÉÊ¨ÉiÉÒxÉä EòÉähÉiªÉÉ½þÒ +ÊvÉEòÉ-ªÉÉxÉä ºÉÆºlÉäSªÉÉ EòÉ¨ÉEòÉVÉÉºÉ +xÉÖºÉ°üxÉ ºÉnÂù¦ÉÉ´É{ÉÚ´ÉÇEò Eäò±Éä±Éä

ºÉÆºlÉÉ, ´ÉMÉè®åúxÉÒ

Eäò±Éä±ÉÒ EÞòiªÉä

EòÉähÉiÉä½þÒ EÞòi"
MH_ACT_1960_SEC_78,MH_ACT_1960,parent,454,63,65,78,,,,CONTEXT_PARENT;LEGACY_FONT_ENCODING_REVIEW,METADATA_REVIEW;TOPIC_TAG_REVIEW,REVIEW,,"9[78.

(1) ÊxÉ¤ÉÆvÉEòÉSªÉÉ ¨ÉiÉä, ºÉÊ¨ÉiÉÒ ½þÒ ÊiÉSÉÒ EòiÉÇ´ªÉä {ÉÉ®ú {ÉÉb÷hªÉÉiÉ ºÉiÉiÉ EòºÉÚ®ú Eò®úÒiÉ +ºÉä±É ËEò´ÉÉ ÊiÉSÉÒ EòiÉÇ´ªÉÂä {ÉÉ®ú

ºÉÊ¨ÉiÉÒºÉ EòÉ¨É

Eò®úhªÉÉ{ÉÉºÉÚxÉ

{ÉÉb÷hªÉÉiÉ ÊxÉ¹EòÉ³"
MH_ACT_1960_SEC_78_SUB_2,MH_ACT_1960,child,80,64,64,78,,,,LEGACY_FONT_ENCODING_REVIEW,METADATA_REVIEW;TOPIC_TAG_REVIEW,REVIEW,,"(2) {ÉÉä]õ-Eò±É¨É (1) SªÉÉ JÉÆb÷ (nùÉäxÉ) +x´ÉªÉä +¶ÉÉ|ÉEòÉ®äú xÉä¨ÉhÉÚEò Eäò±Éä±ÉÉ |É¶ÉÉºÉEò ËEò´ÉÉ ªÉlÉÉÎºlÉiÉÒ, |É¶ÉÉºÉEòÉÆSÉÒ ºÉÊ¨ÉiÉÒ, ºÉÖvÉÉ®úÉi¨ÉEò ={ÉÉªÉªÉÉäVÉxÉÉ Eò®úhªÉÉSªÉÉ où¹]õÒxÉä, +Énäù"
MH_ACT_1960_SEC_78_SUB_3,MH_ACT_1960,child,50,64,64,78,,,,LEGACY_FONT_ENCODING_REVIEW,METADATA_REVIEW;TOPIC_TAG_REVIEW,REVIEW,,"(3) {ÉÉä]õ-Eò±É¨É (1) +x´ÉªÉä EòÉähÉiªÉÉ½þÒ ºÉÊ¨ÉiÉÒÊ´É°ür ËEò´ÉÉ ºÉnùºªÉÉÊ´É°ür xÉÉä]õÒºÉ näùhªÉÉiÉ +É±ÉÒ +ºÉä±É iÉä´½þÉ, ºÉÊ¨ÉiÉÒxÉä ËEò´ÉÉ ºÉnùºªÉÉxÉä EòÉähÉiªÉÉ½þÒ {ÉnùÉSÉÉ ®úÉVÉÒxÉÉ¨ÉÉ ºÉÉnù®ú Eä"
MH_ACT_1960_SEC_78_SUB_4,MH_ACT_1960,child,111,64,64,78,,,,LEGACY_FONT_ENCODING_REVIEW,METADATA_REVIEW;TOPIC_TAG_REVIEW,REVIEW,,"(4) +¶ÉÉ|ÉEòÉ®äú xÉä¨ÉhªÉÉiÉ +É±Éä±ªÉÉ |É¶ÉÉºÉEòÉºÉ ËEò´ÉÉ |É¶ÉÉºÉEòÉÆSªÉÉ ºÉÊ¨ÉiÉÒºÉ, ÊxÉ¤ÉÆvÉEòÉSªÉÉ ÊxÉªÉÆjÉhÉÉºÉ, +ÉÊhÉ iÉÉä ´Éä³ýÉä´Éä³ýÒ näù<Ç±É, +¶ÉÉ +xÉÖnäù¶ÉÉºÉ +ÊvÉxÉ ®úÉ½ÚþxÉ, ºÉÊ¨ÉiÉÒSªÉÉ "
MH_ACT_1960_SEC_78_SUB_5,MH_ACT_1960,child,111,64,64,78,,,,LEGACY_FONT_ENCODING_REVIEW,METADATA_REVIEW;TOPIC_TAG_REVIEW,REVIEW,,"(5) |É¶ÉÉºÉEòÉSªÉÉ ºÉä´ÉäSªÉÉ ¶ÉiÉÔ ÊxÉ¤ÉÆvÉEòÉEòbÚ÷xÉ ÊxÉÎ¶SÉiÉ Eò®úhªÉÉiÉ ªÉäiÉÒ±É, iªÉÉ¨ÉvªÉä iªÉÉ±ÉÉ näùªÉ +ºÉ±Éä±ªÉÉ {ÉÉÊ®ú¸ÉÊ¨ÉEòÉSÉÉ +ÉÊhÉ ´ªÉ´ÉºlÉÉ{ÉxÉÉSªÉÉ JÉSÉÉÇSÉÉ ºÉ¨ÉÉ´Éä¶É +ºÉä±É. ÊxÉ¤ÉÆ"
MH_ACT_1960_SEC_78_SUB_6,MH_ACT_1960,child,558,64,65,78,,,,LEGACY_FONT_ENCODING_REVIEW,METADATA_REVIEW;TOPIC_TAG_REVIEW,REVIEW,,(6) |É¶ÉÉºÉEòÒªÉ ËEò´ÉÉ |É¶ÉÉºÉEòÉSªÉÉ ºÉÊ¨ÉiÉÒxÉä {ÉÉä]õ-Eò±É¨É (1) +x´ÉªÉä ÊxÉªÉÖCiÉ Eäò±Éä±ªÉÉ iªÉÉÆSªÉÉ {ÉnùÉ´ÉvÉÒiÉ Eäò±Éä±ªÉÉ ºÉ´ÉÇ EÞòiÉÒ ´É EòÉ®ú´ÉÉ<Ç ½þÒ xÉ´ÉÒxÉ ºÉÊ¨ÉiÉÒ´É®ú ¤ÉÆvÉxÉEòÉ®úEò +
MH_ACT_1960_SEC_79,MH_ACT_1960,child,1184,65,67,79,,,,LEGACY_FONT_ENCODING_REVIEW;LONG_CHUNK_NO_SAFE_SPLIT;STRUCTURE_UNCERTAIN,METADATA_REVIEW;TOPIC_TAG_REVIEW,REVIEW,A_LONG;E_STRUCTURE,"79.

(1) ÊxÉ¤ÉÆvÉEòÉºÉ, EòÉähÉiªÉÉ½þÒ ºÉÆºlÉäiÉ ËEò´ÉÉ ºÉÆºlÉÉÆSªÉÉ ´ÉMÉÉÇºÉ Ê¨É³ýÉ±Éä±ªÉÉ +ÉÊhÉ ÊiÉxÉä JÉSÉÇ Eäò±Éä±ªÉÉ ºÉ´ÉÇ ®úEò¨ÉÉ +ÉÊhÉ

Ê´É´É®úhÉ{ÉjÉä

VªÉÉ ¤ÉÉ¤ÉÒºÉÆ¤ÉÆvÉÒ ®úEò¨ÉÉ Ê¨É³ýiÉÒ±É +É"
MH_ACT_1960_SEC_80,MH_ACT_1960,child,3141,67,72,80,,,,LEGACY_FONT_ENCODING_REVIEW;LONG_CHUNK_NO_SAFE_SPLIT;STRUCTURE_UNCERTAIN,METADATA_REVIEW;TOPIC_TAG_REVIEW,REVIEW,A_LONG;E_STRUCTURE;C_TOP20_LONG,"80.

(1) ºÉÆºlÉäSÉÒ {ÉÖºiÉEäò +ÉÊhÉ +Ê¦É±ÉäJÉ nùb÷´ÉÚxÉ ]õÉEòhªÉÉiÉ ªÉähªÉÉSÉÉ, iªÉÉiÉ +xÉÊvÉEÞòiÉ Ê¡ò®ú´ÉÉÊ¡ò®ú´É Eò®úhªÉÉSÉÉ ËEò´ÉÉ iÉÒ

+Ê¦É±ÉäJÉ, ´ÉMÉè®äú

VÉ{iÉ Eò®úhªÉÉSÉÉ

xÉ¹]õ Eäò±ÉÒ VÉÉhªÉÉS"
MH_ACT_1960_SEC_84,MH_ACT_1960,child,273,72,73,84,,,,LEGACY_FONT_ENCODING_REVIEW,METADATA_REVIEW;TOPIC_TAG_REVIEW,REVIEW,,"84.

(1) ºÉÆºlÉäSÉÒ vÉxÉEòÉä +ºÉ±Éä±ÉÒ VÉÒ ´ªÉCiÉÒ----

@ñhÉOÉºiÉ ºÉÆºlÉäSªÉÉ

(+) +É{É±Éä @ñhÉ ½äþ iªÉÉ´Éä³ýÒ ªÉähÉä +ºÉ±Éä±ÉÒ ®úCEò¨É +ºÉÚxÉ, +É{ÉhÉ +É{É±ªÉÉ @ñhÉÉSªÉÉ ¡äòb÷ÒSÉÒ ¨ÉÉMÉhÉÒ Eäò±ÉÒ ½þÉä"
MH_ACT_1960_SEC_85,MH_ACT_1960,child,155,73,73,85,,,,LEGACY_FONT_ENCODING_REVIEW,METADATA_REVIEW;TOPIC_TAG_REVIEW,REVIEW,,"85.

(1) Eò±É¨É 83 +x´ÉªÉä SÉÉèEò¶ÉÒ Eò®úhªÉÉiÉ ªÉä<Ç±É iªÉÉ¤ÉÉ¤ÉiÉÒiÉ ËEò´ÉÉ ÊxÉEò]õ{ÉÚ´ÉÇ´ÉiÉÔ Eò±É¨ÉÉx´ÉªÉä ÊxÉ®úÒIÉhÉ Eò®úhªÉÉiÉ ªÉä<Ç±É

SÉÉèEò¶ÉÒSÉÉ +ÉÊhÉ

ÊxÉ®úÒIÉhÉÉSÉÉ

iÉä´½þÉ, ÊxÉ¤ÉÆvÉEòÉºÉ"
MH_ACT_1960_SEC_86,MH_ACT_1960,child,61,73,73,86,,,"ÊxÉEò]õ{ÉÚ´ÉÇ´ÉiÉÔ Eò±É¨ÉÉx´ÉªÉä JÉSÉÉÇnùÉJÉ±É ¨½þhÉÚxÉ ÊxÉ´ÉÉb÷¬ÉuùÉ®äú Ênù±Éä±ÉÒ ®úCEò¨É, VªÉÉ ´ªÉCiÉÒEòbÚ÷xÉ iÉÒ ¨ÉÉMÉhªÉÉiÉ +É±ÉÒ +ºÉä±É",LEGACY_FONT_ENCODING_REVIEW,METADATA_REVIEW;TOPIC_TAG_REVIEW,REVIEW,,"86. ÊxÉEò]õ{ÉÚ´ÉÇ´ÉiÉÔ Eò±É¨ÉÉx´ÉªÉä JÉSÉÉÇnùÉJÉ±É ¨½þhÉÚxÉ ÊxÉ´ÉÉb÷¬ÉuùÉ®äú Ênù±Éä±ÉÒ ®úCEò¨É, VªÉÉ ´ªÉCiÉÒEòbÚ÷xÉ iÉÒ ¨ÉÉMÉhªÉÉiÉ +É±ÉÒ +ºÉä±É

JÉSÉÉÇSÉÒ ´ÉºÉÖ±ÉÒ.

+¶ÉÒ ´ªÉCiÉÒ VªÉÉ VÉÉMÉÒ ®úÉ½þiÉ "
MH_ACT_1960_SEC_87,MH_ACT_1960,child,210,73,73,87,,,,LEGACY_FONT_ENCODING_REVIEW,METADATA_REVIEW;TOPIC_TAG_REVIEW,REVIEW,,"87.

(1) VÉ®ú Eò±É¨É 83 +x´ÉªÉä Eäò±Éä±ªÉÉ EòÉähÉiªÉÉ½þÒ SÉÉèEò¶ÉÒSªÉÉ ËEò´ÉÉ Eò±É¨É 84 +x´ÉªÉä Eäò±Éä±ªÉÉ ÊxÉ®ÒúIÉhÉÉSªÉÉ ÊxÉ¹Eò¹ÉÉÇ´É°üxÉ

ÊxÉ¤ÉÆvÉEòÉxÉä SÉÉèEò¶ÉÒiÉ +lÉ´ÉÉ

ºÉÆºlÉäSªÉÉ PÉ]õxÉäiÉ, E"
MH_ACT_1960_SEC_88,MH_ACT_1960,parent,491,73,74,88,,,,LEGACY_FONT_ENCODING_REVIEW,METADATA_REVIEW;TOPIC_TAG_REVIEW,REVIEW,,"88.

(1) BJÉÉtÉ ºÉÆºlÉäSÉÒ Eò±É¨É 81 +x´ÉªÉä ±ÉäJÉÉ{É®úÒIÉÉ ËEò´ÉÉ Eò±É¨É 83 +x´ÉªÉä SÉÉèEò¶ÉÒ ËEò´ÉÉ Eò±É¨É 84 +x´ÉªÉä ÊxÉ®úÒúIÉhÉ

+{ÉSÉÉ®úÒ |É´ÉiÉÇEò

´ÉMÉè®åúÊ´É¯ûr

SÉÉ±ÉÚ +ºÉiÉÉxÉÉ ËEò´ÉÉ iªÉÉ º"
MH_ACT_1960_SEC_88_SUB_2,MH_ACT_1960,child,49,74,74,88,,,,LEGACY_FONT_ENCODING_REVIEW,METADATA_REVIEW;TOPIC_TAG_REVIEW,REVIEW,,"(2) ÊxÉ¤ÉÆvÉEòÉºÉ ËEò´ÉÉ {ÉÉä]õ-Eò±É¨É (1) +x´ÉªÉä |ÉÉÊvÉEÞòiÉ Eäò±Éä±ªÉÉ ´ªÉCiÉÒºÉ, ªÉÉ Eò±É¨ÉÉx´ÉªÉä EòÉähÉiÉÉ½þÒ +Énäù¶É näùiÉÉxÉÉ, iªÉÉ +Énäù¶ÉÉiÉ iªÉÉºÉ xªÉÉªÉ ´ÉÉ]äõ±É iªÉÉ|É¨ÉÉhÉä JÉSÉÇ ËEò´ÉÉ "
MH_ACT_1960_SEC_88_SUB_3,MH_ACT_1960,child,108,74,74,88,,,,LEGACY_FONT_ENCODING_REVIEW,METADATA_REVIEW;TOPIC_TAG_REVIEW,REVIEW,,"(3) VªÉÉ¤Éqù±É ºÉÆ¤ÉÆÊvÉiÉ ´ªÉCiÉÒÊ´É¯ûr ¡òÉèVÉnùÉ®úÒ EòÉªÉÇ´ÉÉ½þÒ Eò®úiÉÉ ªÉä<Ç±É, +ºÉä ½äþ EÞòiªÉ +ºÉ±Éä iÉ®úÒ½þÒ iªÉÉºÉ ½äþ Eò±É¨É ±ÉÉMÉÚ ½þÉä<Ç±É.

2[88+. ÊxÉ¤ÉÆvÉEò, Eò±É¨É 83 JÉÉ±ÉÒ º´ÉiÉ:½þÉä>ð"
MH_ACT_1960_SEC_89,MH_ACT_1960,child,455,74,75,89,,,"Eò±É¨É 83, 84 ËEò´ÉÉ 88 +x´ÉªÉä EòÉªÉÇ Eò®úiÉÉxÉÉ, ÊxÉ¤ÉÆvÉEòÉºÉ ËEò´ÉÉ iªÉÉxÉä |ÉÉÊvÉEÞòiÉ Eäò±Éä±ªÉÉ ´ªÉCiÉÒºÉ Ênù´ÉÉhÉÒ |ÉÊGòªÉÉ",LEGACY_FONT_ENCODING_REVIEW;STRUCTURE_UNCERTAIN,METADATA_REVIEW;TOPIC_TAG_REVIEW,REVIEW,E_STRUCTURE,"89. Eò±É¨É 83, 84 ËEò´ÉÉ 88 +x´ÉªÉä EòÉªÉÇ Eò®úiÉÉxÉÉ, ÊxÉ¤ÉÆvÉEòÉºÉ ËEò´ÉÉ iªÉÉxÉä |ÉÉÊvÉEÞòiÉ Eäò±Éä±ªÉÉ ´ªÉCiÉÒºÉ Ênù´ÉÉhÉÒ |ÉÊGòªÉÉ

={ÉÎºlÉiÉ ´ÉMÉè®äú ®úÉ½þhªÉÉºÉ ¦ÉÉMÉ

ºÉÆÊ½þiÉÉ, 1908 +x´ÉªÉä Ê"
MH_ACT_1960_SEC_90,MH_ACT_1960,child,1431,75,77,90,,,,LEGACY_FONT_ENCODING_REVIEW;LONG_CHUNK_NO_SAFE_SPLIT;STRUCTURE_UNCERTAIN,METADATA_REVIEW;TOPIC_TAG_REVIEW,REVIEW,A_LONG;E_STRUCTURE,"90.

(1) ®úÉVªÉ ¶ÉÉºÉxÉÉºÉ BJÉÉtÉ ºÉÆºlÉä´É®ú ËEò´ÉÉ ºÉÆºlÉÉ´ÉMÉÉÇ´É®ú {ÉªÉÇ´ÉäIÉhÉ Eò®úhªÉÉºÉÉ`öÒ Ê´É½þÒiÉ Eò®úhªÉÉiÉ ªÉä<Ç±É +¶ÉÉ ®úÒiÉÒxÉä

ºÉÆºlÉäSªÉÉ EòÉ¨ÉEòÉVÉÉ´É®ú

+ÉÊhÉ ®úÉVªÉ ¶ÉÉºÉxÉ ¤ÉºÉ´ÉÒ"
MH_ACT_1960_SEC_92,MH_ACT_1960,child,443,77,78,92,,,,LEGACY_FONT_ENCODING_REVIEW,METADATA_REVIEW;TOPIC_TAG_REVIEW,REVIEW,,"92.

(1)

1963

¨ÉÖnùiÉ.

+vÉÒxÉ ®úÉ½ÚþxÉ ÊxÉEò]õ{ÉÚ´ÉÇ´ÉiÉÔ Eò±É¨ÉÉx´ÉªÉä 6[ºÉ½þEòÉ®úÒ xªÉÉªÉÉ±ÉªÉÉEòbä÷] ÊxÉnæùÊ¶ÉiÉ Eäò±Éä±ªÉÉ Ê´É´ÉÉnùÉÆSªÉÉ ¤ÉÉ¤ÉiÉÒiÉÒ±É ¨ÉÖnùiÉ¨ÉªÉÉÇnùÉ.----

SÉÉ 36.

(+) VÉä´½"
MH_ACT_1960_SEC_93,MH_ACT_1960,parent,1,78,80,93,,,,CONTEXT_PARENT;LEGACY_FONT_ENCODING_REVIEW;SHORT_CHUNK,METADATA_REVIEW;TOPIC_TAG_REVIEW,REVIEW,B_SHORT;D_TOP20_SHORT,6[93.
MH_ACT_1960_SEC_93_SUB_1,MH_ACT_1960,child,47,78,78,93,,,,LEGACY_FONT_ENCODING_REVIEW,METADATA_REVIEW;TOPIC_TAG_REVIEW,REVIEW,,"(1) EòÉähÉiªÉÉ½þÒ ºÉ½þEòÉ®úÒ xªÉÉªÉÉ±ÉªÉÉEòbä÷ EòÉähÉiÉÉ½þÒ Ê´É´ÉÉnù Ê´ÉÊxÉÌnù¹]õ Eò®úhªÉÉiÉ ªÉä<Ç±É iªÉÉ ¤ÉÉ¤ÉiÉÒiÉ ºÉ½þEòÉ®úÒ +{ÉÒ±É

BEò ºÉ½þEòÉ®úÒ xªÉÉªÉÉ±ÉªÉÉEòbÚ÷xÉ

xªÉÉªÉÉ±ÉªÉÉSªÉÉ +vªÉIÉÉºÉ E"
MH_ACT_1960_SEC_93_SUB_2,MH_ACT_1960,child,100,78,78,93,,,,LEGACY_FONT_ENCODING_REVIEW,METADATA_REVIEW;TOPIC_TAG_REVIEW,REVIEW,,"(2) ªÉÉ +ÊvÉÊxÉªÉ¨ÉÉiÉ EòÉ½þÒ½þÒ +ÆiÉ¦ÉÚÇiÉ +ºÉ±Éä iÉ®úÒ, BJÉÉnùÒ ºÉÆºlÉÉ +ÉÊhÉ nùÉ´ÉÉEòÉ®ú ªÉÉÆSªÉÉ¨ÉvÉÒ±É ËEò´ÉÉ ÊxÉ®úÊxÉ®úÉ²ªÉÉ nùÉ´ÉÉEòÉ®úÉÆ¨ÉvÉÒ±É

½þºiÉÉÆiÉÊ®úiÉ Eò®úhÉä

´ÉÉnù|É¶xÉ ½þÉ, EòÉªÉnù"
MH_ACT_1960_SEC_93_SUB_3,MH_ACT_1960,child,1136,78,80,93,,,,LEGACY_FONT_ENCODING_REVIEW;LONG_CHUNK_NO_SAFE_SPLIT,METADATA_REVIEW;TOPIC_TAG_REVIEW,REVIEW,A_LONG,"7[(3) ªÉÉ +ÊvÉÊxÉªÉ¨ÉÉiÉ EòÉ½þÒ½þÒ +ÆiÉ¦ÉÚÇiÉ +ºÉ±Éä iÉ®úÒ, ºÉ¨ÉZÉÉäiªÉÉSÉä PÉ]õEò {ÉIÉEòÉ®úÉÆxÉÉ º´ÉÒEòÉªÉÇ +ºÉiÉÒ±É +ºÉä ºÉ¨ÉZÉÉäiªÉÉSÉä PÉ]õEò +ÎºiÉi´ÉÉiÉ +ºÉ±ªÉÉSÉä ºÉ½þEòÉ®úÒ xªÉÉªÉÉ±ÉªÉÉºÉ ÊnùºÉ"
MH_ACT_1960_SEC_93_SUB_4,MH_ACT_1960,child,31,80,80,93,,,,LEGACY_FONT_ENCODING_REVIEW,METADATA_REVIEW;TOPIC_TAG_REVIEW,REVIEW,,"6[(4) EòÉähÉiªÉÉ½þÒ |ÉEò®úhÉÉiÉ ËEò´ÉÉ |ÉEò®úhÉÉSªÉÉ ´ÉMÉÉÇSªÉÉ ¤ÉÉ¤ÉiÉÒiÉ ®úÉVªÉ ¶ÉÉºÉxÉÉxÉä +xªÉlÉÉ ÊxÉnäù¶É Ênù±ÉÉ +ºÉä±É iªÉÉ JÉä®úÒVÉ, |ÉiªÉäEò Ê´É´ÉÉnùÉSÉÉ ÊxÉhÉÇªÉ ½þÉ Ê´ÉÊ½þiÉ Eò®úhªÉÉiÉ ªÉä<Ç"
MH_ACT_1960_SEC_95,MH_ACT_1960,child,515,80,81,95,,,,LEGACY_FONT_ENCODING_REVIEW;STRUCTURE_UNCERTAIN,METADATA_REVIEW;TOPIC_TAG_REVIEW,REVIEW,E_STRUCTURE,"7[95.

(1) BJÉÉnùÉ Ê´É´ÉÉnù 8[Eò±É¨Éä 91, 93 ËEò´ÉÉ 105 ªÉÉ +x´ÉªÉä] ºÉ½þEòÉ®úÒ xªÉÉªÉÉ±ÉªÉÉEòbä÷ ÊxÉnæùÊ¶ÉiÉ Eò®úhªÉÉiÉ +É±ÉÉ +ºÉä±É

ÊxÉ´ÉÉb÷¬É{ÉÚ´ÉÔSÉÒ ËEò´ÉÉ

ËEò´ÉÉ Eò±É¨É 8 +x´ÉªÉä ÊVÉSªÉÉÊ´É¯ûr"
MH_ACT_1960_SEC_96,MH_ACT_1960,parent,767,81,84,96,,,"BJÉÉnùÉ Ê´É´ÉÉnù 3[ºÉ½þEòÉ®úÒ xªÉÉªÉÉ±ÉªÉÉEòbä÷ ÊxÉhÉÇªÉÉlÉÇ ÊxÉnæùÊ¶ÉiÉ Eò®úhªÉÉiÉ +É±ÉÉ +ºÉä±É iÉä´½þÉ iªÉÉºÉ, Ê´É´ÉÉnùÉiÉÒ±É",CONTEXT_PARENT;LEGACY_FONT_ENCODING_REVIEW,METADATA_REVIEW;TOPIC_TAG_REVIEW,REVIEW,,"2[96. BJÉÉnùÉ Ê´É´ÉÉnù 3[ºÉ½þEòÉ®úÒ xªÉÉªÉÉ±ÉªÉÉEòbä÷ ÊxÉhÉÇªÉÉlÉÇ ÊxÉnæùÊ¶ÉiÉ Eò®úhªÉÉiÉ +É±ÉÉ +ºÉä±É iÉä´½þÉ iªÉÉºÉ, Ê´É´ÉÉnùÉiÉÒ±É

ºÉ½þEòÉ®úÒ

{ÉIÉEòÉ®úÉÆxÉÉ +É{É±Éä ¨½þhÉhÉä ¨ÉÉÆb÷hªÉÉSÉÒ ´ÉÉVÉ´É"
MH_ACT_1960_SEC_96_SUB_2,MH_ACT_1960,child,47,82,82,96,,,"BJÉÉnùÉ Ê´É´ÉÉnù 3[ºÉ½þEòÉ®úÒ xªÉÉªÉÉ±ÉªÉÉEòbä÷ ÊxÉhÉÇªÉÉlÉÇ ÊxÉnæùÊ¶ÉiÉ Eò®úhªÉÉiÉ +É±ÉÉ +ºÉä±É iÉä´½þÉ iªÉÉºÉ, Ê´É´ÉÉnùÉiÉÒ±É",LEGACY_FONT_ENCODING_REVIEW,METADATA_REVIEW;TOPIC_TAG_REVIEW,REVIEW,,"(2) {ÉÚ´ÉÇMÉÉ¨ÉÒ {ÉÉä]õ-Eò±É¨ÉÉx´ÉªÉä ¨ÉÉ±É¨ÉkÉÉ ºÉÆºlÉäEòbä÷ ½þºiÉÉÆiÉÊ®úiÉ Eò®úhªÉÉiÉ +É±ÉÒ +ºÉä±É iÉ®ú, ËEò´ÉÉ Eò±É¨É 98, 8[101 ËEò´ÉÉ 137] +x´ÉªÉä ¨ÉÉ±É¨ÉkÉäSÉÒ Ê´ÉGòÒ Eò®úhªÉÉiÉ +É±ÉÒ +ºÉä±É iÉ®ú"
MH_ACT_1960_SEC_96_SUB_3,MH_ACT_1960,child,1190,82,84,96,,,"BJÉÉnùÉ Ê´É´ÉÉnù 3[ºÉ½þEòÉ®úÒ xªÉÉªÉÉ±ÉªÉÉEòbä÷ ÊxÉhÉÇªÉÉlÉÇ ÊxÉnæùÊ¶ÉiÉ Eò®úhªÉÉiÉ +É±ÉÉ +ºÉä±É iÉä´½þÉ iªÉÉºÉ, Ê´É´ÉÉnùÉiÉÒ±É",LEGACY_FONT_ENCODING_REVIEW;LONG_CHUNK_NO_SAFE_SPLIT,METADATA_REVIEW;TOPIC_TAG_REVIEW,REVIEW,A_LONG,"(3) ªÉÉ¤ÉÉ¤ÉiÉÒiÉ VÉä ÊxÉªÉ¨É Eò®úhªÉÉiÉ ªÉäiÉÒ±É iªÉÉ ÊxÉªÉ¨ÉÉÆºÉ, iÉºÉäSÉ EòÉähÉiªÉÉ½þÒ ´ªÉCiÉÒSªÉÉ ´ÉiÉÒxÉä EòÉähÉiÉä½þÒ ½þCEò, ¤ÉÉäVÉä, ¦ÉÉ®ú ËEò´ÉÉ ºÉ¨ÉxªÉÉÊªÉEäò EòÉªÉnäù¶ÉÒ®ú®úÒiªÉÉ +ÎºiÉi´ÉÉiÉ"
MH_ACT_1960_SEC_102,MH_ACT_1960,child,189,84,84,102,,,,LEGACY_FONT_ENCODING_REVIEW,METADATA_REVIEW;TOPIC_TAG_REVIEW,REVIEW,,"102.

(1) VÉ®ú ÊxÉ¤ÉÆvÉEòÉºÉ,---

ºÉ¨ÉÉ{ÉxÉ.

(+) Eò±É¨É 83 +x´ÉªÉä SÉÉèEò¶ÉÒ Eäò±ªÉÉ´É®ú ËEò´ÉÉ Eò±É¨É 84 +x´ÉªÉä 1[ËEò´ÉÉ Eò±É¨É 89-+ +x´ÉªÉä] ÊxÉ®úÒIÉhÉ Eäò±ªÉÉ´É®ú ËEò´ÉÉ ºÉÆºlÉäSªÉÉ ±ÉäJªÉÉÆSÉÒ ±"
MH_ACT_1960_SEC_103,MH_ACT_1960,parent,1,84,86,103,,,,CONTEXT_PARENT;LEGACY_FONT_ENCODING_REVIEW;SHORT_CHUNK,METADATA_REVIEW;TOPIC_TAG_REVIEW,REVIEW,B_SHORT;D_TOP20_SHORT,103.
MH_ACT_1960_SEC_103_SUB_1,MH_ACT_1960,child,39,84,84,103,,,,LEGACY_FONT_ENCODING_REVIEW,METADATA_REVIEW;TOPIC_TAG_REVIEW,REVIEW,,"(1) BJÉÉtÉ ºÉÆºlÉäSªÉÉ ºÉ¨ÉÉ{ÉxÉÉºÉÉ`öÒ ÊxÉEò]õ{ÉÚ´ÉÇ´ÉiÉÔ Eò±É¨ÉÉx´ÉªÉä +ÆiÉÊ®ú¨É +Énäù¶É näùhªÉÉiÉ +É±ÉÉ +ºÉä±É ËEò´ÉÉ iªÉÉºÉÉ`öÒ

{ÉÊ®úºÉ¨ÉÉ{ÉEòÉSÉÒ ÊxÉªÉÖCiÉÒ.

iªÉÉ Eò±É¨ÉÉx´ÉªÉä +ÆÊiÉ¨É +Énäù¶É "
MH_ACT_1960_SEC_103_SUB_2,MH_ACT_1960,child,56,84,84,103,,,,LEGACY_FONT_ENCODING_REVIEW,METADATA_REVIEW;TOPIC_TAG_REVIEW,REVIEW,,"(2) +ÆiÉÊ®ú¨É +Énäù¶É näùhªÉÉiÉ +É±ªÉÉ´É®ú ºÉÆºlÉäSÉä +ÊvÉEòÉ®úÒ VªÉÉ ¨ÉÉ±É¨ÉkÉä´É®ú, SÉÒVÉ´ÉºiÉÚÆ´É®ú +ÉÊhÉ EòÉ®ú´ÉÉ<ÇªÉÉäMªÉ nùÉ´ªÉÉÆ´É®ú ºÉÆºlÉäSÉÉ ½þCEò +ºÉä±É ËEò´ÉÉ ÊiÉ±ÉÉ ½þCEò +ºÉ±ªÉÉSÉä +Éfø³"
MH_ACT_1960_SEC_103_SUB_3,MH_ACT_1960,child,27,84,84,103,,,,LEGACY_FONT_ENCODING_REVIEW,METADATA_REVIEW;TOPIC_TAG_REVIEW,REVIEW,,(3) +ÆiÉÊ®ú¨É +Énäù¶É EòÉªÉ¨É Eò®úhÉÉ®úÉ +ÆÊiÉ¨É +Énäù¶É näùhªÉÉiÉ +É±ªÉÉ´É®ú ºÉÆºlÉäSÉä +ÊvÉEòÉ®úÒ +É{É±ÉÒ {Énäù ºÉÉäb÷iÉÒ±É +ÉÊhÉ ºÉ¨ÉÉ{ÉxÉÉSÉÉ +Énäù¶É +Æ¨É±ÉÉiÉ +ºÉä{ÉªÉÈiÉ ºÉÆºlÉäSÉä +Ê¦ÉvÉ¨ÉÆb÷³ý
MH_ACT_1960_SEC_103_SUB_4,MH_ACT_1960,child,42,84,84,103,,,,LEGACY_FONT_ENCODING_REVIEW,METADATA_REVIEW;TOPIC_TAG_REVIEW,REVIEW,,"(4) ªÉÉ Eò±É¨ÉÉx´ÉªÉä {ÉÊ®úºÉ¨ÉÉ{ÉEò ¨½þhÉÚxÉ xÉä¨ÉhªÉÉiÉ +É±Éä±ÉÒ ´ªÉCiÉÒ ÊxÉ¤ÉÆvÉEòÉSªÉÉ ºÉ´ÉÇºÉÉvÉÉ®úhÉ ÊxÉªÉÆjÉhÉÉ±ÉÉ +vÉÒxÉ ®úÉ½ÚþxÉ, Eò±É¨É 105 ¨ÉvªÉä xÉ¨ÉÚnù Eäò±Éä±ªÉÉ +ÊvÉEòÉ®úÉÆ{ÉèEòÒ ºÉ´ÉÇ "
MH_ACT_1960_SEC_103_SUB_5,MH_ACT_1960,child,73,84,84,103,,,,LEGACY_FONT_ENCODING_REVIEW,METADATA_REVIEW;TOPIC_TAG_REVIEW,REVIEW,,(5) ªÉÉ Eò±É¨ÉÉx´ÉªÉä {ÉÊ®úºÉ¨ÉÉ{ÉEòÉSÉÒ xÉä¨ÉhÉÚEò Eò®úhªÉÉiÉ +É±ªÉÉ´É®ú ºÉÆºlÉäSÉÒ ºÉÆ{ÉÚhÉÇ ¨ÉkÉÉ +¶ÉÉ {ÉÊ®úºÉ¨ÉÉ{ÉEòÉEòbä÷ ÊxÉÊ½þiÉ ½þÉä<Ç±É +ÉÊhÉ iªÉÉ iªÉÉ´Éä³ýÒ +Æ¨É±ÉÉiÉ +ºÉ±Éä±ªÉÉ EòÉähÉiªÉÉ½þ
MH_ACT_1960_SEC_103_SUB_6,MH_ACT_1960,child,909,84,86,103,,,,LEGACY_FONT_ENCODING_REVIEW;LONG_CHUNK_NO_SAFE_SPLIT,METADATA_REVIEW;TOPIC_TAG_REVIEW,REVIEW,A_LONG,"(6) +ÆiÉÊ®ú¨É +Énäù¶É Ê´É±ÉÉäÊ{ÉiÉ Eò®úhªÉÉiÉ +É±ÉÉ +ºÉiÉÉ {ÉÊ®úºÉ¨ÉÉ{ÉEò ¨½þhÉÚxÉ xÉä¨ÉhªÉÉiÉ +É±Éä±ÉÒ ´ªÉCiÉÒ, ºÉÆºlÉäSÉÒ ¨ÉÉ±É¨ÉkÉÉ, SÉÒVÉ´ÉºiÉÚ ´É EòÉ®ú´ÉÉ<ÇªÉÉäMªÉ nùÉ´Éä +ÉÊhÉ {ÉÖºiÉEäò, EòÉMÉnù"
MH_ACT_1960_SEC_106,MH_ACT_1960,child,131,86,86,106,,,"Eò±É¨É 102, {ÉÉä]õ-Eò±É¨É (1) +x´ÉªÉä Ênù±Éä±ªÉÉ +Énäù¶ÉÉÊ´É°ür +{ÉÒ±É Eò®úhªÉÉSÉÒ ¨ÉÖnùiÉ ºÉÆ{É±ªÉÉ´É®ú ËEò´ÉÉ +{ÉÒ±É",LEGACY_FONT_ENCODING_REVIEW,METADATA_REVIEW;TOPIC_TAG_REVIEW,REVIEW,,"106. Eò±É¨É 102, {ÉÉä]õ-Eò±É¨É (1) +x´ÉªÉä Ênù±Éä±ªÉÉ +Énäù¶ÉÉÊ´É°ür +{ÉÒ±É Eò®úhªÉÉSÉÒ ¨ÉÖnùiÉ ºÉÆ{É±ªÉÉ´É®ú ËEò´ÉÉ +{ÉÒ±É

ºÉ¨ÉÉ{ÉxÉÉSªÉÉ +Énäù¶ÉÉSÉä

¡äò]õÉ³ýhªÉÉiÉ +É±Éä +ºÉä±É, iªÉÉ¤ÉÉ¤ÉiÉÒiÉ ºÉ¨"
MH_ACT_1960_SEC_107,MH_ACT_1960,child,110,86,86,107,,,"ªÉÉ +ÊvÉÊxÉªÉ¨ÉÉiÉ º{É¹]õ{ÉhÉä iÉ®úiÉÚnù Eäò±ÉÒ +ºÉä±É iÉä JÉä®úÒVÉ Eò°üxÉ, ªÉÉ +ÊvÉÊxÉªÉ¨ÉÉJÉÉ±ÉÒ±É ºÉÆºlÉäSªÉÉ ºÉ¨ÉÉ{ÉxÉÉ¶ÉÒ ËEò´ÉÉ",LEGACY_FONT_ENCODING_REVIEW,METADATA_REVIEW;TOPIC_TAG_REVIEW,REVIEW,,"107. ªÉÉ +ÊvÉÊxÉªÉ¨ÉÉiÉ º{É¹]õ{ÉhÉä iÉ®úiÉÚnù Eäò±ÉÒ +ºÉä±É iÉä JÉä®úÒVÉ Eò°üxÉ, ªÉÉ +ÊvÉÊxÉªÉ¨ÉÉJÉÉ±ÉÒ±É ºÉÆºlÉäSªÉÉ ºÉ¨ÉÉ{ÉxÉÉ¶ÉÒ ËEò´ÉÉ

ºÉ¨ÉÉ{ÉxÉÉSªÉÉ ËEò´ÉÉ

Ê´ÉºÉVÉÇxÉÉ¶ÉÒ ºÉÆ¤ÉÆvÉ +ºÉ±Éä±ªÉÉ Eò"
MH_ACT_1960_SEC_108,MH_ACT_1960,child,567,86,87,108,,,,LEGACY_FONT_ENCODING_REVIEW,METADATA_REVIEW;TOPIC_TAG_REVIEW,REVIEW,,"108.

(1) {ÉÊ®úºÉ¨ÉÉ{ÉEò +É{É±ªÉÉ {ÉnùÉ´ÉvÉÒiÉ Ê´ÉÊ½þiÉ Eò®úhªÉÉiÉ ªÉäiÉÒ±É iªÉÉ iªÉÉ ´Éä³ýÒ, {É®ÆúiÉÖ nù®ú´É¹ÉÔ Eò¨ÉÒiÉEò¨ÉÒ nùÉäxÉ ´Éä³ýÉ

{ÉÊ®úºÉ¨ÉÉ{ÉEòÉSªÉÉ ±ÉäJªÉÉSÉÒ

{ÉÊ®úºÉ¨ÉÉ{ÉEò ¨½þhÉÚxÉ iªÉ"
MH_ACT_1960_SEC_110,MH_ACT_1960,child,3670,87,94,110,,,"ºÉ¨ÉÉÊ{ÉiÉ Eò®úhªÉÉiÉ +É±Éä±ªÉÉ ºÉÆºlÉäSªÉÉ {ÉÊ®úºÉ¨ÉÉ{ÉEòÉSªÉÉ +ÆÊiÉ¨É +½þ´ÉÉ±ÉÉiÉ nù¶ÉÇÊ´É±Éä±ÉÒ +ÊvÉ¶Éä¹É ¨ÉkÉÉ, ÊxÉ¤ÉÆvÉEòÉºÉ ®úÉVªÉ",LEGACY_FONT_ENCODING_REVIEW;LONG_CHUNK_NO_SAFE_SPLIT;STRUCTURE_UNCERTAIN,METADATA_REVIEW;TOPIC_TAG_REVIEW,REVIEW,A_LONG;E_STRUCTURE;C_TOP20_LONG,"110. ºÉ¨ÉÉÊ{ÉiÉ Eò®úhªÉÉiÉ +É±Éä±ªÉÉ ºÉÆºlÉäSªÉÉ {ÉÊ®úºÉ¨ÉÉ{ÉEòÉSªÉÉ +ÆÊiÉ¨É +½þ´ÉÉ±ÉÉiÉ nù¶ÉÇÊ´É±Éä±ÉÒ +ÊvÉ¶Éä¹É ¨ÉkÉÉ, ÊxÉ¤ÉÆvÉEòÉºÉ ®úÉVªÉ

+ÊvÉ¶Éä¹É

¨ÉkÉäSÉÉ

¶ÉÉºÉxÉÉSÉÒ {ÉÚ´ÉÇ¨ÉÆVÉÚ®úÒ PÉä>ðxÉ,"
MH_ACT_1960_SEC_112,MH_ACT_1960,child,565,94,95,112,,,Eò,LEGACY_FONT_ENCODING_REVIEW;STRUCTURE_UNCERTAIN,METADATA_REVIEW;TOPIC_TAG_REVIEW,REVIEW,E_STRUCTURE,"112. Eò.

113.

(1) ÊxÉ¤ÉÆvÉEò ËEò´ÉÉ ®úÉVªÉ ¶ÉÉºÉxÉÉxÉä ªÉÉ ¤ÉÉ¤ÉiÉÒiÉ xÉä¨É±Éä±ÉÒ EòÉähÉiÉÒ½þÒ <iÉ®ú ´ªÉCiÉÒ ½þÒ 3[®úÉVªÉ ºÉ½þEòÉ®úÒ EÞòÊ¹É ´É OÉÉ¨ÉÒhÉ Ê´É·ÉºiÉÉSÉÒ ¤É½Öþ=qäù¶ÉÒªÉ Ê´ÉEòÉºÉ ¤ÉÄEäòxÉä"
MH_ACT_1960_SEC_115,MH_ACT_1960,child,120,95,95,115,,,"{ÉÚ´ÉÇ´ÉiÉÔ Eò±É¨ÉÉx´ÉªÉä EòÉfø±Éä±ªÉÉ @ñhÉ{ÉjÉÉÆSÉä ¨ÉÖqù±É ´É iªÉÉ´É®úÒ±É ´ªÉÉVÉ ËEò´ÉÉ iªÉÉÆSÉÉ EòÉähÉiÉÉ½þÒ Ê´ÉÊxÉÌnù¹]õ ¦ÉÉMÉ ªÉÉ¤ÉÉ¤ÉiÉ,",LEGACY_FONT_ENCODING_REVIEW,METADATA_REVIEW;TOPIC_TAG_REVIEW,REVIEW,,"115. {ÉÚ´ÉÇ´ÉiÉÔ Eò±É¨ÉÉx´ÉªÉä EòÉfø±Éä±ªÉÉ @ñhÉ{ÉjÉÉÆSÉä ¨ÉÖqù±É ´É iªÉÉ´É®úÒ±É ´ªÉÉVÉ ËEò´ÉÉ iªÉÉÆSÉÉ EòÉähÉiÉÉ½þÒ Ê´ÉÊxÉÌnù¹]õ ¦ÉÉMÉ ªÉÉ¤ÉÉ¤ÉiÉ,

½þ¨ÉÒ näùhÉä.

®úÉVªÉ ¶ÉÉºÉxÉÉºÉ, iÉä ÊxÉÎ¶SÉiÉ Eò®"
MH_ACT_1960_SEC_117,MH_ACT_1960,child,69,95,95,117,,,ªÉÉ +ÊvÉÊxÉªÉ¨ÉÉSªÉÉ +ÉÊhÉ iÉnÂùx´ÉªÉä Eäò±Éä±ªÉÉ ÊxÉªÉ¨ÉÉÆSªÉÉ iÉ®úiÉÖnùÓSªÉÉ +vÉÒxÉiÉäxÉä Eò±É¨É 111 ¨ÉvªÉä =±±ÉäÊJÉ±Éä±ªÉÉ,LEGACY_FONT_ENCODING_REVIEW,METADATA_REVIEW;TOPIC_TAG_REVIEW,REVIEW,,"117. ªÉÉ +ÊvÉÊxÉªÉ¨ÉÉSªÉÉ +ÉÊhÉ iÉnÂùx´ÉªÉä Eäò±Éä±ªÉÉ ÊxÉªÉ¨ÉÉÆSªÉÉ iÉ®úiÉÖnùÓSªÉÉ +vÉÒxÉiÉäxÉä Eò±É¨É 111 ¨ÉvªÉä =±±ÉäÊJÉ±Éä±ªÉÉ

EòVÉæ näùhªÉÉSÉä ´É

VÉÊ¨ÉxÉÒ vÉÉ®úhÉ

|ÉªÉÉäVÉxÉÉÆºÉÉ`öÒ EòVÉæ näùh"
MH_ACT_1960_SEC_118,MH_ACT_1960,child,1,95,95,118,,,119. VÉÊ¨ÉxÉÒSªÉÉ ¡òÉªÉtÉºÉÉ`öÒ ¨½þhÉÚxÉ ªÉÉ¨ÉvªÉä Ê´ÉÊxÉÌnù¹]õ Eò®úhªÉÉiÉ +É±Éä±ÉÒ EòÉ¨Éä {ÉÉ®ú {ÉÉb÷hªÉÉSªÉÉ |ÉªÉÉäVÉxÉÉlÉÇ ËEò´ÉÉ,SHORT_CHUNK,METADATA_REVIEW;TOPIC_TAG_REVIEW,REVIEW,B_SHORT;D_TOP20_SHORT,118.
MH_ACT_1960_SEC_119,MH_ACT_1960,child,642,95,96,119,,,VÉÊ¨ÉxÉÒSªÉÉ ¡òÉªÉtÉºÉÉ`öÒ ¨½þhÉÚxÉ ªÉÉ¨ÉvªÉä Ê´ÉÊxÉÌnù¹]õ Eò®úhªÉÉiÉ +É±Éä±ÉÒ EòÉ¨Éä {ÉÉ®ú {ÉÉb÷hªÉÉSªÉÉ |ÉªÉÉäVÉxÉÉlÉÇ ËEò´ÉÉ,LEGACY_FONT_ENCODING_REVIEW;STRUCTURE_UNCERTAIN,METADATA_REVIEW;TOPIC_TAG_REVIEW,REVIEW,E_STRUCTURE,"119. VÉÊ¨ÉxÉÒSªÉÉ ¡òÉªÉtÉºÉÉ`öÒ ¨½þhÉÚxÉ ªÉÉ¨ÉvªÉä Ê´ÉÊxÉÌnù¹]õ Eò®úhªÉÉiÉ +É±Éä±ÉÒ EòÉ¨Éä {ÉÉ®ú {ÉÉb÷hªÉÉSªÉÉ |ÉªÉÉäVÉxÉÉlÉÇ ËEò´ÉÉ

EòVÉæ ¨ÉÆVÉÚ®ú Eò®úhÉÉ®úÉ +Énäù¶É

+Énäù¶ÉÉiÉ Ê´ÉÊxÉÌnù¹]õ Eò®úhªÉ"
MH_ACT_1960_SEC_122,MH_ACT_1960,child,246,96,97,122,,,"¦ÉÉ®úiÉÒªÉ xÉÉånùhÉÒ +ÊvÉÊxÉªÉ¨É, 1908 ªÉÉiÉ EòÉ½þÒ½þÒ +ÆiÉ¦ÉÚÇiÉ +ºÉ±Éä iÉ®úÒ, 3[ºÉ½þEòÉ®úÒ EÞòÊ¹É +ÉÊhÉ OÉÉ¨ÉÒhÉ ¤É½Öþ=qäù¶ÉÒªÉ",LEGACY_FONT_ENCODING_REVIEW,METADATA_REVIEW;TOPIC_TAG_REVIEW,REVIEW,,"6[122. ¦ÉÉ®úiÉÒªÉ xÉÉånùhÉÒ +ÊvÉÊxÉªÉ¨É, 1908 ªÉÉiÉ EòÉ½þÒ½þÒ +ÆiÉ¦ÉÚÇiÉ +ºÉ±Éä iÉ®úÒ, 3[ºÉ½þEòÉ®úÒ EÞòÊ¹É +ÉÊhÉ OÉÉ¨ÉÒhÉ ¤É½Öþ=qäù¶ÉÒªÉ

1908 SÉÉ 16.

Ê´ÉEòÉºÉ ¤ÉÄEäòSªÉÉ] xÉÉ´Éä Eò°üxÉ Ênù±Éä±ªÉÉ MÉ"
MH_ACT_1960_SEC_123,MH_ACT_1960,child,93,97,97,123,,,"<±ÉÉJÉÉ ¶É½þ®ú xÉÉnùÉ®úÒ +ÊvÉÊxÉªÉ¨É, 1909 ËEò´ÉÉ |ÉÉÆÊiÉEò xÉÉnùÉ®úÒ +ÊvÉÊxÉªÉ¨É, 1920 ªÉÉiÉ ËEò´ÉÉ iªÉÉ´Éä³ýÒ +Æ¨É±ÉÉiÉ",LEGACY_FONT_ENCODING_REVIEW,METADATA_REVIEW;TOPIC_TAG_REVIEW,REVIEW,,"123. <±ÉÉJÉÉ ¶É½þ®ú xÉÉnùÉ®úÒ +ÊvÉÊxÉªÉ¨É, 1909 ËEò´ÉÉ |ÉÉÆÊiÉEò xÉÉnùÉ®úÒ +ÊvÉÊxÉªÉ¨É, 1920 ªÉÉiÉ ËEò´ÉÉ iªÉÉ´Éä³ýÒ +Æ¨É±ÉÉiÉ

1909

MÉ½þÉhÉEòÉ®ú

4[ËEò´ÉÉ

SÉÉ 3.

+ºÉ±Éä±ªÉÉ EòÉähÉiªÉÉ½þÒ iÉiºÉ¨É E"
MH_ACT_1960_SEC_124,MH_ACT_1960,child,1,97,97,124,,,125,SHORT_CHUNK,METADATA_REVIEW;TOPIC_TAG_REVIEW,REVIEW,B_SHORT;D_TOP20_SHORT,124.
MH_ACT_1960_SEC_125,MH_ACT_1960,parent,474,97,98,125,,,,LEGACY_FONT_ENCODING_REVIEW,METADATA_REVIEW;TOPIC_TAG_REVIEW,REVIEW,,"125.

(1) ¶ÉäiÉVÉÊ¨ÉxÉÒiÉ ËEò´ÉÉ ±ÉÉMÉ´Éb÷ÒSªÉÉ {ÉvnùiÉÒiÉ ºÉÖvÉÉ®úhÉÉ Eò®úhªÉÉºÉÉ`öÒ ËEò´ÉÉ VÉÊ¨ÉxÉÒSÉÒ =i{ÉÉnùxÉIÉ¨ÉiÉÉ ´ÉÉfø´ÉhªÉÉSªÉÉ

ºÉÆªÉÖCiÉ Ë½þnÚù

<iÉ®ú EòÉähÉiªÉÉ½þÒ ={ÉÉªÉÉÆEò®úÒiÉÉ Ê´ÉkÉº"
MH_ACT_1960_SEC_125_SUB_1,MH_ACT_1960,child,106,97,97,125,,,,LEGACY_FONT_ENCODING_REVIEW,METADATA_REVIEW;TOPIC_TAG_REVIEW,REVIEW,,"(1) ¶ÉäiÉVÉÊ¨ÉxÉÒiÉ ËEò´ÉÉ ±ÉÉMÉ´Éb÷ÒSªÉÉ {ÉvnùiÉÒiÉ ºÉÖvÉÉ®úhÉÉ Eò®úhªÉÉºÉÉ`öÒ ËEò´ÉÉ VÉÊ¨ÉxÉÒSÉÒ =i{ÉÉnùxÉIÉ¨ÉiÉÉ ´ÉÉfø´ÉhªÉÉSªÉÉ

ºÉÆªÉÖCiÉ Ë½þnÚù

<iÉ®ú EòÉähÉiªÉÉ½þÒ ={ÉÉªÉÉÆEò®úÒiÉÉ Ê´ÉkÉºÉ½þÉªª"
MH_ACT_1960_SEC_125_SUB_2,MH_ACT_1960,child,367,97,98,125,,,,LEGACY_FONT_ENCODING_REVIEW,METADATA_REVIEW;TOPIC_TAG_REVIEW,REVIEW,,"(2) <iÉ®ú ¤ÉÉ¤ÉiÉÒiÉ, 1[ºÉ½þEòÉ®úÒ EÞòÊ¹É +ÉÊhÉ OÉÉ¨ÉÒhÉ ¤É½Öþ=qäù¶ÉÒªÉ Ê´ÉEòÉºÉ ¤ÉÄEäòSªÉÉ] ËEò´ÉÉ 1[ ®úÉVªÉ ºÉ½þEòÉ®úÒ EÞòÊ¹É +ÉÊhÉ OÉÉ¨ÉÒhÉ ¤É½Öþ=qäù¶ÉÒªÉ Ê´ÉEòÉºÉ ¤ÉÄEäòSªÉÉ] xÉÉ´Éä ªÉÉ +ÊvÉÊxÉªÉ¨"
MH_ACT_1960_SEC_127,MH_ACT_1960,child,281,98,98,127,,,,LEGACY_FONT_ENCODING_REVIEW,METADATA_REVIEW;TOPIC_TAG_REVIEW,REVIEW,,"127.

(1) ºÉÆ{ÉkÉÒ ½þºiÉÉÆiÉ®úhÉ +ÊvÉÊxÉªÉ¨É, 1882 ªÉÉiÉ ËEò´ÉÉ iªÉÉ´Éä³ýÒ +Æ¨É±ÉÉiÉ +ºÉ±Éä±ªÉÉ <iÉ®ú EòÉähÉiªÉÉ½þÒ EòÉªÉtÉiÉ

1882

¦ÉÉbä÷{É]Âõ]õ¬É´É®ú

SÉÉ 4.

ÊxÉ¤ÉÈvÉ.

EòÉ½þÒ½þÒ +ÆiÉ¦ÉÚÇiÉ +ºÉ±Éä"
MH_ACT_1960_SEC_129,MH_ACT_1960,child,257,98,99,129,,,1[ºÉ½þEòÉ®úÒ EÞòÊ¹É +ÉÊhÉ OÉÉ¨ÉÒhÉ ¤É½Öþ=qäù¶ÉÒªÉ Ê´ÉEòÉºÉ ¤ÉÄEäòEòbä÷] MÉ½þÉhÉ `äö´É±Éä±ÉÒ ËEò´ÉÉ EòÉähÉiªÉÉ½þÒ <iÉ®ú |ÉEòÉ®äú,LEGACY_FONT_ENCODING_REVIEW,METADATA_REVIEW;TOPIC_TAG_REVIEW,REVIEW,,"3[129. 1[ºÉ½þEòÉ®úÒ EÞòÊ¹É +ÉÊhÉ OÉÉ¨ÉÒhÉ ¤É½Öþ=qäù¶ÉÒªÉ Ê´ÉEòÉºÉ ¤ÉÄEäòEòbä÷] MÉ½þÉhÉ `äö´É±Éä±ÉÒ ËEò´ÉÉ EòÉähÉiªÉÉ½þÒ <iÉ®ú |ÉEòÉ®äú

MÉ½þÉhÉ `äö´É±Éä±ÉÒ ¨ÉÉ±É¨ÉkÉÉ xÉ¹]õ

¦ÉÉ®úOÉºiÉ +ºÉ±Éä±ÉÒ EòÉäh"
MH_ACT_1960_SEC_130,MH_ACT_1960,parent,385,99,100,130,,,,CONTEXT_PARENT;LEGACY_FONT_ENCODING_REVIEW,METADATA_REVIEW;TOPIC_TAG_REVIEW,REVIEW,,"130.

(1)

¨ÉÉ±É¨ÉkÉÉ Ê´ÉEòiÉ

+ÉÊhÉ Eò±É¨É 100 +x´ÉªÉä =CiÉ ¤ÉÄEäòEòbä÷ ½þºiÉÉÆiÉÊ®úiÉ Eäò±Éä±ªÉÉ ¨ÉÉ±É¨ÉkÉäSÉÉ +¶ÉÉ ¤ÉÄEòÉÆxÉÉ, Ê´É¶´ÉºiÉÉEòbÚ÷xÉ ÊxÉÎ¶SÉiÉ Eò®úhªÉÉiÉ ªÉä<Ç±É

PÉähªÉÉSÉÉ

¨ÉÉjÉ +¶ÉÒ"
MH_ACT_1960_SEC_130_SUB_1,MH_ACT_1960,child,403,99,100,130,,,,LEGACY_FONT_ENCODING_REVIEW,METADATA_REVIEW;TOPIC_TAG_REVIEW,REVIEW,,"(1) ¨ÉvªÉä ÊxÉnæùÊ¶É±Éä±ªÉÉ =i{ÉzÉÉSÉÒ ËEò´ÉÉ ¨ÉÉ±É¨ÉkÉäSÉÒ +]õEòÉ´ÉhÉÒ +ÉÊhÉ Ê´ÉGòÒ Eò®úhªÉÉSªÉÉ |ÉªÉÉäVÉxÉÉlÉÇ Ê´ÉÊ½þiÉ Eäò±Éä±ªÉÉ {ÉrùiÉÒxÉä EòÉ®ú´ÉÉ<Ç Eò®úÒ±É :

{É®ÆúiÉÖ, VªÉÉ ÊnùxÉÉÆEòÉºÉ ½þ{iÉÉ"
MH_ACT_1960_SEC_130_SUB_2,MH_ACT_1960,child,74,100,100,130,,,,LEGACY_FONT_ENCODING_REVIEW,METADATA_REVIEW;TOPIC_TAG_REVIEW,REVIEW,,"(2) Eò±É¨É 129 ËEò´ÉÉ 132 +x´ÉªÉä ËEò´ÉÉ ªÉÉ Eò±É¨ÉÉx´ÉªÉä, EòºÉÚ®ú Eò®úhÉÉ-ªÉÉ ´ªÉCiÉÒÆÊ´É¯ûrù 1[ ºÉ½þEòÉ®úÒ EÞòÊ¹É +ÉÊhÉ OÉÉ¨ÉÒhÉ ¤É½Öþ=qäù¶ÉÒªÉ Ê´ÉEòÉºÉ ¤ÉÄEäòxÉä ] EòÉähÉiÉÒ½þÒ EòÉ®ú´ÉÉ<Ç Eò®úhªÉÉ"
MH_ACT_1960_SEC_130_SUB_3,MH_ACT_1960,child,115,100,100,130,,,,LEGACY_FONT_ENCODING_REVIEW,METADATA_REVIEW;TOPIC_TAG_REVIEW,REVIEW,,"(3) iªÉÉ´Éä³ýÒ +Æ¨É±ÉÉiÉ +ºÉ±Éä±ªÉÉ EòÉähÉiªÉÉ½þÒ EòÉªÉtÉiÉ EòÉ½þÒ½þÒ +ÆiÉ¦ÉÚÇiÉ +ºÉ±Éä iÉ®úÒ½þÒ, ªÉÉ |ÉEò®úhÉÉx´ÉªÉä Ê´ÉEò±Éä±ÉÒ EòÉähÉiÉÒ½þÒ MÉ½þÉhÉ ËEò´ÉÉ ¦ÉÉ®úOÉºiÉ ¨ÉÉ±É¨ÉkÉÉ 1[ ºÉ½þEòÉ®úÒ EÞòÊ¹É"
MH_ACT_1960_SEC_134,MH_ACT_1960,child,115,100,100,134,,,,LEGACY_FONT_ENCODING_REVIEW,METADATA_REVIEW;TOPIC_TAG_REVIEW,REVIEW,,"134.

(1) VªÉÉ ®úÒiÉÒxÉä Ê´ÉGòÒ Eò®úhªÉÉiÉ +É±ÉÒ +ºÉä±É iÉÒ ®úÒiÉ ´É Ê´ÉGòÒSÉÉ {ÉÊ®úhÉÉ¨É xÉ¨ÉÚnù Eò®úhÉÉ®úÉ +½þ´ÉÉ±É, Ê´ÉÊ½þiÉ Eäò±Éä±ªÉÉ ®úÒiÉÒxÉä, 1[ ®úÉVªÉ

Eò®úhÉä.

ºÉ½þEòÉ®úÒ EÞòÊ¹É +ÉÊhÉ OÉÉ¨É"
MH_ACT_1960_SEC_135,MH_ACT_1960,child,273,100,101,135,,,"Eò±É¨É 133 +x´ÉªÉä Eäò±Éä±ªÉÉ +ÉÊhÉ {ÉÖ´ÉÇ´ÉiÉÒÇ Eò±É¨ÉÉx´ÉªÉä EòÉªÉ¨É Eäò±Éä±ªÉÉ |ÉiªÉäEò Ê´ÉGòÒSªÉÉ =i{ÉzÉÉSÉÉ Ê´ÉÊxÉªÉÉäMÉ |ÉlÉ¨É,",LEGACY_FONT_ENCODING_REVIEW,METADATA_REVIEW;TOPIC_TAG_REVIEW,REVIEW,,"135. Eò±É¨É 133 +x´ÉªÉä Eäò±Éä±ªÉÉ +ÉÊhÉ {ÉÖ´ÉÇ´ÉiÉÒÇ Eò±É¨ÉÉx´ÉªÉä EòÉªÉ¨É Eäò±Éä±ªÉÉ |ÉiªÉäEò Ê´ÉGòÒSªÉÉ =i{ÉzÉÉSÉÉ Ê´ÉÊxÉªÉÉäMÉ |ÉlÉ¨É,

=i{ÉzÉÉSÉÉ

Ê´ÉGòÒSªÉÉ ËEò´ÉÉ Ê´ÉGòÒ Eò®úhªÉÉSªÉÉ |ÉªÉixÉÉSª"
MH_ACT_1960_SEC_136,MH_ACT_1960,child,1105,101,103,136,,,,LEGACY_FONT_ENCODING_REVIEW;LONG_CHUNK_NO_SAFE_SPLIT;STRUCTURE_UNCERTAIN,METADATA_REVIEW;TOPIC_TAG_REVIEW,REVIEW,A_LONG;E_STRUCTURE,"136.

(1) MÉ½þÉhÉ ¨ÉÉ±É¨ÉkÉäSÉÒ Ê´ÉGòÒ Eò±É¨É 134 +x´ÉªÉä {ÉÚhÉÇ ZÉÉ±ÉÒ +ºÉä±É +ÉÊhÉ

JÉ®äúnùÒnùÉ®úÉºÉ

¤É½Öþ=qäù¶ÉÒªÉ Ê´ÉEòÉºÉ ¤ÉÄEäò±ÉÉ ] Ê´ÉGòÒSÉä =i{ÉzÉ {ÉÚhÉÇ{ÉhÉä Ê¨É³ýÉ±Éä +ºÉä±É iÉä´½þÉ ¤ÉÄEò,"
MH_ACT_1960_SEC_141,MH_ACT_1960,child,191,103,103,141,,,,LEGACY_FONT_ENCODING_REVIEW,METADATA_REVIEW;TOPIC_TAG_REVIEW,REVIEW,,"141.

(1) ºlÉÉ´É®ú ¨ÉÉ±É¨ÉkÉä´É®úÒ±É VÉä ¨ÉÉ±ÉEòÒ ½þCEò ¨ÉÉMÉÉ½ÚþxÉ ºÉnùÉä¹É +ºÉ±ªÉÉSÉä +Éfø³ÚýxÉ ªÉäiÉÒ±É +¶ÉÉ ¨ÉÉ±ÉEòÒ ½þCEòÉÆSªÉÉ +ÉvÉÉ®äú 1[ ºÉ½þEòÉ®úÒ EÞòÊ¹É +ÉÊhÉ OÉÉ¨ÉÒhÉ ¤É½Öþ=qäù¶ÉÒªÉ Ê´ÉEòÉº"
MH_ACT_1960_SEC_143,MH_ACT_1960,child,1097,103,104,143,,,"ªÉÉ |ÉEò®úhÉÉx´ÉªÉä ¤ÉVÉÉ´ÉÉ´ÉªÉÉSªÉÉ ºÉ´ÉÇ xÉÉäÊ]õ¶ÉÓSªÉÉ ¤ÉÉ¤ÉiÉÒiÉ ºÉÆ{ÉkÉÒ ½þºiÉÉÆiÉ®úhÉ +ÊvÉÊxÉªÉ¨É, 1882 ªÉÉSÉÒ Eò±É¨Éä 102",LEGACY_FONT_ENCODING_REVIEW;LONG_CHUNK_NO_SAFE_SPLIT;STRUCTURE_UNCERTAIN,METADATA_REVIEW;TOPIC_TAG_REVIEW,REVIEW,A_LONG;E_STRUCTURE,"143. ªÉÉ |ÉEò®úhÉÉx´ÉªÉä ¤ÉVÉÉ´ÉÉ´ÉªÉÉSªÉÉ ºÉ´ÉÇ xÉÉäÊ]õ¶ÉÓSªÉÉ ¤ÉÉ¤ÉiÉÒiÉ ºÉÆ{ÉkÉÒ ½þºiÉÉÆiÉ®úhÉ +ÊvÉÊxÉªÉ¨É, 1882 ªÉÉSÉÒ Eò±É¨Éä 102

SÉÉ 4.

´É 103 ªÉÉÆSªÉÉ iÉ®úiÉÖnùÒ +ÉÊhÉ Eò±É¨É 104 +x´ÉªÉä Eäò±"
MH_ACT_1960_SEC_144,MH_ACT_1960,child,89,104,105,144,,,BEò ¤É 3 [ *,LEGACY_FONT_ENCODING_REVIEW,METADATA_REVIEW;TOPIC_TAG_REVIEW,REVIEW,,"144. BEò ¤É 3 [ * * * ]

4 [ * * * ]

1 ºÉxÉ 2005 SÉÉ ¨É½þÉ®úÉ¹]Åõ +ÊvÉÊxÉªÉ¨É Gò¨ÉÉÆEò 41, Eò±É¨É 8 +x´ÉªÉä ½þä ¶É¤nùþú nùÉJÉ±É Eò®úhªÉÉiÉ +É±Éä.ú 2 ºÉxÉ 1972 SÉÉ ¨É½þÉ®úÉ¹]Åõ +ÊvÉÊxÉªÉ¨É Gò¨ÉÉÆEò 43"
MH_ACT_1960_SEC_145,MH_ACT_1960,child,107,105,105,145,,,,LEGACY_FONT_ENCODING_REVIEW,METADATA_REVIEW;TOPIC_TAG_REVIEW,REVIEW,,"145.

(1) ªÉÉ +ÊvÉÊxÉªÉ¨ÉÉx´ÉªÉä xÉÉånùhÉÒ ZÉÉ±Éä±ÉÒ ËEò´ÉÉ xÉÉånùhÉÒ ZÉÉ±ÉÒ +É½äþ +ºÉä ºÉ¨ÉVÉhªÉÉiÉ ªÉähÉÉ®úÒ ºÉÆºlÉÉ +ÉÊhÉ ½þÉ

¶É¤nùÉSÉÉ ´ÉÉ{É®ú

+ÊvÉÊxÉªÉ¨É +Æ¨É±ÉÉiÉ ªÉähªÉÉSªÉÉ ÊnùxÉÉÆEòÉºÉ BJÉÉ"
MH_ACT_1960_SEC_146,MH_ACT_1960,child,3350,105,110,146,,,{ÉÖføÒ±É MÉÉä¹]õÒ ªÉÉ +ÊvÉÊxÉªÉ¨ÉÉx´ÉªÉä +{É®úÉvÉ `ö®úiÉÒ±É :,LEGACY_FONT_ENCODING_REVIEW;LONG_CHUNK_NO_SAFE_SPLIT;STRUCTURE_UNCERTAIN,METADATA_REVIEW;TOPIC_TAG_REVIEW,REVIEW,A_LONG;E_STRUCTURE;C_TOP20_LONG,"146. {ÉÖføÒ±É MÉÉä¹]õÒ ªÉÉ +ÊvÉÊxÉªÉ¨ÉÉx´ÉªÉä +{É®úÉvÉ `ö®úiÉÒ±É :-----

+{É®úÉvÉ.

(+) ºÉÆºlÉäSªÉÉ EòÉähÉiªÉÉ½þÒ ºÉnùºªÉÉxÉä Eò±É¨É 47 SªÉÉ {ÉÉä]õEò±É¨É (2) SÉä =±±ÉÆPÉxÉ Eò°üxÉ EòÉähÉiÉÒ½þÒ ¨ÉÉ±É¨Ék"
MH_ACT_1960_SEC_150,MH_ACT_1960,child,363,110,111,150,,,,LEGACY_FONT_ENCODING_REVIEW;STRUCTURE_UNCERTAIN,METADATA_REVIEW;TOPIC_TAG_REVIEW,REVIEW,E_STRUCTURE,"150.

(1)

+{ÉÒ±É

EòÉähÉiªÉÉ½þÒ |ÉEò®úhÉÉiÉ +É{É±ªÉÉ º´ÉiÉ:SªÉÉ +Énäù¶ÉÉÆSÉä {ÉÖxÉÌ´É±ÉÉäEòxÉ Eò®úiÉÉ ªÉä<Ç±É ´É iªÉÉºÉ +xÉÖ±ÉIÉÚxÉ iªÉÉºÉ ªÉÉäMªÉ ´ÉÉ]äõ±É +ºÉÉ +Énäù¶É

xªÉÉªÉÉ±ÉªÉÉSªÉÉ]

näùiÉÉ ªÉä"
MH_ACT_1960_SEC_152,MH_ACT_1960,child,644,111,112,152,,,,LEGACY_FONT_ENCODING_REVIEW;STRUCTURE_UNCERTAIN,METADATA_REVIEW;TOPIC_TAG_REVIEW,REVIEW,E_STRUCTURE,"152.

(1)

+Ê{É±Éä.

17, 18, 19, 21, 21+, 29, 35, 77+, 2 [78, 79, 85, 88 ´É 105 ] +x´ÉªÉä ] Ênù±Éä±ªÉÉ +Énäù¶ÉÉÊ´É°ürù ËEò´ÉÉ ÊxÉhÉÇªÉÉÊ´É°ürù Eò®úÉ´ÉªÉÉSÉä +{ÉÒ±É,----

(+) VÉ®ú +ºÉÉ +Énäù¶É ËEò´ÉÉ Ê"
MH_ACT_1960_SEC_153,MH_ACT_1960,parent,798,112,113,153,,,"EòÉähÉiªÉÉ½þÒ ÊxÉhÉÇªÉÉÆÊ´É¯ûrù ËEò´ÉÉ +Énäù¶ÉÉÊ´É¯ûrù Ê´ÉÊxÉÌnù¹]õ ¨ÉÖnùiÉÒiÉ +{ÉÒ±É Eò®úiÉÉ ªÉä<Ç±É, +¶ÉÒ VªÉÉ |ÉEò®úhÉÉiÉ ªÉÉ",LEGACY_FONT_ENCODING_REVIEW,METADATA_REVIEW;TOPIC_TAG_REVIEW,REVIEW,,"153. EòÉähÉiªÉÉ½þÒ ÊxÉhÉÇªÉÉÆÊ´É¯ûrù ËEò´ÉÉ +Énäù¶ÉÉÊ´É¯ûrù Ê´ÉÊxÉÌnù¹]õ ¨ÉÖnùiÉÒiÉ +{ÉÒ±É Eò®úiÉÉ ªÉä<Ç±É, +¶ÉÒ VªÉÉ |ÉEò®úhÉÉiÉ ªÉÉ

|ÉEò®úhÉÉiÉ +{ÉÒ±É

+ÊvÉÊxÉªÉ¨ÉÉx´ÉªÉä iÉ®úiÉÚnù Eäò±Éä±ÉÒ +ºÉä±É"
MH_ACT_1960_SEC_153_SUB_2,MH_ACT_1960,child,104,112,112,153,,,"EòÉähÉiªÉÉ½þÒ ÊxÉhÉÇªÉÉÆÊ´É¯ûrù ËEò´ÉÉ +Énäù¶ÉÉÊ´É¯ûrù Ê´ÉÊxÉÌnù¹]õ ¨ÉÖnùiÉÒiÉ +{ÉÒ±É Eò®úiÉÉ ªÉä<Ç±É, +¶ÉÒ VªÉÉ |ÉEò®úhÉÉiÉ ªÉÉ",LEGACY_FONT_ENCODING_REVIEW,METADATA_REVIEW;TOPIC_TAG_REVIEW,REVIEW,,"(2) ªÉÉ Eò±É¨ÉÉx´ÉªÉä ÊxÉ¤ÉÆvÉEòÉxÉä, +{É®ú ÊxÉ¤ÉÆvÉEòÉxÉä ËEò´ÉÉ ºÉ½þ ÊxÉ¤ÉÆvÉEòÉxÉä ÊxÉhÉÇªÉ ËEò´ÉÉ +Énäù¶É Ênù±ÉÉ +ºÉ±ªÉÉºÉ, ®úÉVªÉ ¶ÉÉºÉxÉÉEòbä÷ +ÉÊhÉ <iÉ®ú EòÉähÉiªÉÉ½þÒ +ÊvÉEòÉ-ªÉÉxÉä iÉÉä Ênù±É"
MH_ACT_1960_SEC_153_SUB_3,MH_ACT_1960,child,509,112,113,153,,,"EòÉähÉiªÉÉ½þÒ ÊxÉhÉÇªÉÉÆÊ´É¯ûrù ËEò´ÉÉ +Énäù¶ÉÉÊ´É¯ûrù Ê´ÉÊxÉÌnù¹]õ ¨ÉÖnùiÉÒiÉ +{ÉÒ±É Eò®úiÉÉ ªÉä<Ç±É, +¶ÉÒ VªÉÉ |ÉEò®úhÉÉiÉ ªÉÉ",LEGACY_FONT_ENCODING_REVIEW,METADATA_REVIEW;TOPIC_TAG_REVIEW,REVIEW,,"(3) ÊxÉhÉÇªÉ ËEò´ÉÉ +Énäù¶É Eò³ý´ÉhªÉÉiÉ +É±ªÉÉSªÉÉ ÊnùxÉÉÆEòÉ{ÉÉºÉÚxÉ nùÉäxÉ ¨ÉÊ½þxªÉÉxÉÆiÉ®ú {ÉÖxÉú®úÒIÉhÉÉºÉÉ`öÒ EòÉähÉiÉÉ½þÒ +VÉÇ Eò®úhªÉÉiÉ ªÉä<Ç±É iÉ®ú, iÉÉä nùÉJÉ±É Eò°üxÉ PÉäiÉ±ÉÉ VÉÉhÉÉ®ú xÉÉ"
MH_ACT_1960_SEC_155,MH_ACT_1960,child,144,113,114,155,,,,LEGACY_FONT_ENCODING_REVIEW,METADATA_REVIEW;TOPIC_TAG_REVIEW,REVIEW,,"155.

(1) ªÉÉ +ÊvÉÊxÉªÉ¨ÉÉuùÉ®äú +xªÉlÉÉ iÉ®úiÉÚnù Eäò±ÉÒ +ºÉä±É iªÉÉÊ¶É´ÉÉªÉ, ºÉÆºlÉäEòbÚ÷xÉ ËEò´ÉÉ ºÉÆºlÉäSÉÉ +ÊvÉEòÉ®úÒ, ºÉnùºªÉ

+ºÉ±Éä±ªÉÉ

ËEò´ÉÉ ¨ÉÉVÉÒ ºÉnùºªÉ ËEò´ÉÉ ¨ÉÞiÉ ºÉnùºªÉ ¨½þhÉÚxÉ iªÉ"
MH_ACT_1960_SEC_156,MH_ACT_1960,parent,601,114,115,156,,,,LEGACY_FONT_ENCODING_REVIEW,METADATA_REVIEW;TOPIC_TAG_REVIEW,REVIEW,,"156.

(1) ÊxÉ¤ÉÆvÉEòÉºÉ ËEò´ÉÉ iªÉÉºÉ nÖùªªÉ¨É +ºÉ±Éä±ÉÉ ´É ªÉÉ ¤ÉÉ¤ÉiÉÒiÉ iªÉÉxÉä VªÉÉºÉ +ÊvÉEòÉ®ú |ÉnùÉxÉ Eäò±Éä +É½äþiÉ, +¶ÉÉ EòÉähÉiªÉÉ½þÒ +ÊvÉEòÉ-ªÉÉºÉ 1 [ËEò´ÉÉ ªÉÉ ¤ÉÉ¤ÉiÉÒiÉ ÊxÉ¤ÉÆvÉEòÉxÉä VªÉ"
MH_ACT_1960_SEC_156_SUB_1,MH_ACT_1960,child,212,114,114,156,,,,LEGACY_FONT_ENCODING_REVIEW,METADATA_REVIEW;TOPIC_TAG_REVIEW,REVIEW,,"(1) ÊxÉ¤ÉÆvÉEòÉºÉ ËEò´ÉÉ iªÉÉºÉ nÖùªªÉ¨É +ºÉ±Éä±ÉÉ ´É ªÉÉ ¤ÉÉ¤ÉiÉÒiÉ iªÉÉxÉä VªÉÉºÉ +ÊvÉEòÉ®ú |ÉnùÉxÉ Eäò±Éä +É½äþiÉ, +¶ÉÉ EòÉähÉiªÉÉ½þÒ +ÊvÉEòÉ-ªÉÉºÉ 1 [ËEò´ÉÉ ªÉÉ ¤ÉÉ¤ÉiÉÒiÉ ÊxÉ¤ÉÆvÉEòÉxÉä VªÉÉ±ÉÉ +"
MH_ACT_1960_SEC_156_SUB_2,MH_ACT_1960,child,388,114,115,156,,,,LEGACY_FONT_ENCODING_REVIEW,METADATA_REVIEW;TOPIC_TAG_REVIEW,REVIEW,,(2) ÊxÉ¤ÉÆvÉEò ËEò´ÉÉ iªÉÉxÉä +ÊvÉEòÉ®ú |ÉnùÉxÉ Eäò±Éä±ÉÉ +ÊvÉEòÉ®úÒ ½äþ {ÉÚ´ÉÇMÉÉ¨ÉÒ {ÉÉä]õ-Eò±É¨ÉÉx´ÉªÉä +ÊvÉEòÉ®úÉÆSÉÉ ´ÉÉ{É®ú Eò®úiÉÉxÉÉ ËEò´ÉÉ +¶ÉÉ ´ÉºÉÖ±ÉÒºÉÉ`öÒ iªÉÉSªÉÉEòbä÷ Eò®úhªÉÉiÉ +É±Éä±ª
MH_ACT_1960_SEC_159,MH_ACT_1960,child,163,115,115,159,,,,LEGACY_FONT_ENCODING_REVIEW,METADATA_REVIEW;TOPIC_TAG_REVIEW,REVIEW,,"159.

(1) ÊxÉ¤ÉÆvÉEòÉSªÉÉ {É®ú´ÉÉxÉMÉÒÊ¶É´ÉÉªÉ EòÉähÉiªÉÉ½þÒ ºÉÆºlÉäºÉ ¨É½þÉ®úÉ¹]Åõ ®úÉVªÉÉ¤ÉÉ½äþ®ú +ÉÊhÉ EòÉähÉiªÉÉ½þÒ EòÉªÉtÉx´ÉªÉä +xªÉ

®úÉVªÉÉ¤ÉÉ½äþ®úÒ±É

ºÉÆºlÉÉÆSªÉÉ

EòÉähÉiªÉÉ½þÒ ®úÉVªÉÉiÉ xÉ"
MH_ACT_1960_SEC_160,MH_ACT_1960,parent,896,115,116,160,,,,LEGACY_FONT_ENCODING_REVIEW,METADATA_REVIEW;TOPIC_TAG_REVIEW,REVIEW,,"160.

(1) xÉ´ÉÒxÉ ºÉÊ¨ÉiÉÒ ´É ÊiÉSÉÉ ºÉ¦ÉÉ{ÉiÉÒ ªÉÉÆSÉÒ ÊxÉ´Éb÷hÉÚEò ZÉÉ±ªÉÉ´É®ú, xÉ´ÉÒxÉ ºÉ¦ÉÉ{ÉiÉÒ VªÉÉSªÉÉ VÉÉMÉÒ ÊxÉ´ÉbÚ÷xÉ

¨ÉÉ±É¨ÉkÉÉ

+É±ÉÉ +ºÉä±É, iÉÉä ¨ÉÉ´É³ýiªÉÉ ºÉ¦ÉÉ{ÉiÉÒ ºÉÊ¨ÉiÉÒSªÉÉ EòÉª"
MH_ACT_1960_SEC_160_SUB_2,MH_ACT_1960,child,43,116,116,160,,,,LEGACY_FONT_ENCODING_REVIEW,METADATA_REVIEW;TOPIC_TAG_REVIEW,REVIEW,,"(2) ºÉÆºlÉäSÉä ºÉ¨ÉÉ{ÉxÉ ½þÉäiÉ +ºÉiÉÉxÉÉ, ÊxÉ¤ÉÆvÉEòÉSªÉÉ {É®ú´ÉÉxÉMÉÒÊ¶É´ÉÉªÉ +ÉÊhÉ iÉÉä ±ÉÉnùÒ±É +¶ÉÉ +]õÓxÉÉ +vÉÒxÉ ®úÉ½ÚþxÉ, ºÉÆºlÉÉ ËEò´ÉÉ ÊiÉSÉÉ EòÉähÉiÉÉ½þÒ ºÉnùºªÉ ªÉÉÆSªÉÉÊ´É°ürù ËEò´ÉÉ ºÉÆº"
MH_ACT_1960_SEC_160_SUB_3,MH_ACT_1960,child,64,116,116,160,,,,LEGACY_FONT_ENCODING_REVIEW,METADATA_REVIEW;TOPIC_TAG_REVIEW,REVIEW,,"(3) ½þÉ +ÊvÉÊxÉªÉ¨É ËEò´ÉÉ ÊxÉªÉ¨É ªÉÉxÉÖºÉÉ®ú näùhªÉÉiÉ +É±Éä±Éä ºÉ´ÉÇ +Énäù¶É, ÊxÉhÉÇªÉ ËEò´ÉÉ ÊxÉ´ÉÉbä÷ ½äþ ªÉÉ +ÊvÉÊxÉªÉ¨ÉÉiÉÒ±É +{ÉÒ±É ËEò´ÉÉ {ÉÖxÉ®úÒIÉhÉ ªÉÉÊ´É¹ÉªÉÒSªÉÉ iÉ®úiÉÖnùÓxÉÉ +vÉÒxÉ ®úÉ"
MH_ACT_1960_SEC_164,MH_ACT_1960,child,195,116,117,164,,,"ºÉÆºlÉäÊ´É°ürù ËEò´ÉÉ ÊiÉSªÉÉ EòÉähÉiªÉÉ½þÒ +ÊvÉEòÉÆ-ªÉÉÊ´É°ürù, +¶ÉÉ ºÉÆºlÉäSªÉÉ EòÉ¨ÉEòÉVÉÉ¶ÉÒ ºÉÆ¤ÉÆvÉ +ºÉ±Éä±ªÉÉ EòÉähÉiªÉÉ½þÒ",LEGACY_FONT_ENCODING_REVIEW,METADATA_REVIEW;TOPIC_TAG_REVIEW,REVIEW,,"164. ºÉÆºlÉäÊ´É°ürù ËEò´ÉÉ ÊiÉSªÉÉ EòÉähÉiªÉÉ½þÒ +ÊvÉEòÉÆ-ªÉÉÊ´É°ürù, +¶ÉÉ ºÉÆºlÉäSªÉÉ EòÉ¨ÉEòÉVÉÉ¶ÉÒ ºÉÆ¤ÉÆvÉ +ºÉ±Éä±ªÉÉ EòÉähÉiªÉÉ½þÒ

¤ÉÉ¤ÉiÉÒiÉ xÉÉä]õÒºÉ

EÞòiªÉÉ¤Éqù±É EòÉähÉiÉÉ½þÒ ´ÉÉnù, iªÉÉ¤ÉÉ"
MH_ACT_1960_SEC_165,MH_ACT_1960,child,3590,117,124,165,,,,LEGACY_FONT_ENCODING_REVIEW;LONG_CHUNK_NO_SAFE_SPLIT,METADATA_REVIEW;TOPIC_TAG_REVIEW,REVIEW,A_LONG;C_TOP20_LONG,"165.

(1) ®úÉVªÉ ¶ÉÉºÉxÉÉºÉ ºÉÆ{ÉÚhÉÇ ®úÉVªÉÉºÉÉ`öÒ ËEò´ÉÉ iªÉÉSªÉÉ EòÉähÉiªÉÉ½þÒ ¦ÉÉMÉÉºÉÉ`öÒ ´É EòÉähÉiªÉÉ½þÒ ºÉÆºlÉäºÉÉ`öÒ ËEò´ÉÉ ºÉÆºlÉÉÆSªÉÉ ´ÉMÉÉÇºÉÉ`öÒ, +¶ÉÒ ºÉÆºlÉÉ ËEò´ÉÉ ºÉÆºlÉÉÆSÉä ´ÉMÉÇ ªÉ"
MH_ACT_1960_SEC_166,MH_ACT_1960,parent,586,124,125,166,,,,LEGACY_FONT_ENCODING_REVIEW,METADATA_REVIEW;TOPIC_TAG_REVIEW,REVIEW,,"166.

(1) ¨É½þÉ®úÉ¹]Åõ ®úÉVªÉÉºÉ ±ÉÉMÉÚ +ºÉ±Éä±ÉÉ ¨ÉÖÆ¤É<Ç ºÉ½þEòÉ®úÒ ºÉÆºlÉÉ +ÊvÉÊxÉªÉ¨É, 1925 ½þÉ ªÉÉuùÉ®äú ÊxÉ®úÊºÉiÉ Eò®úhªÉÉiÉ ªÉäiÉ

ÊxÉ®úºÉxÉ, ´ªÉÉ´ÉÞkÉÒ SÉÉ ¨ÉÖÆ¤É<Ç ´É +lÉÇ ±ÉÉ´ÉhÉä.

+É½äþ :"
MH_ACT_1960_SEC_166_SUB_1,MH_ACT_1960,child,158,124,124,166,,,,LEGACY_FONT_ENCODING_REVIEW,METADATA_REVIEW;TOPIC_TAG_REVIEW,REVIEW,,"(1) ¨É½þÉ®úÉ¹]Åõ ®úÉVªÉÉºÉ ±ÉÉMÉÚ +ºÉ±Éä±ÉÉ ¨ÉÖÆ¤É<Ç ºÉ½þEòÉ®úÒ ºÉÆºlÉÉ +ÊvÉÊxÉªÉ¨É, 1925 ½þÉ ªÉÉuùÉ®äú ÊxÉ®úÊºÉiÉ Eò®úhªÉÉiÉ ªÉäiÉ

ÊxÉ®úºÉxÉ, ´ªÉÉ´ÉÞkÉÒ SÉÉ ¨ÉÖÆ¤É<Ç ´É +lÉÇ ±ÉÉ´ÉhÉä.

+É½äþ :

7.

"
MH_ACT_1960_SEC_166_SUB_2,MH_ACT_1960,child,427,124,125,166,,,,LEGACY_FONT_ENCODING_REVIEW,METADATA_REVIEW;TOPIC_TAG_REVIEW,REVIEW,,"(2) ªÉÉ|É¨ÉÉhÉä, ÊxÉ®úÊºÉiÉ +ÊvÉÊxÉªÉ¨ÉÉxÉÖºÉÉ®ú xÉÉånùhÉÒ ZÉÉ±Éä±ªÉÉ ËEò´ÉÉ xÉÉånùhÉÒ ZÉÉ±ªÉÉSÉä ¨ÉÉxÉ±ªÉÉ VÉÉhÉÉ-ªÉÉ VªÉÉ ºÉÆºlÉÉÆSÉÒ xÉÉånùhÉÒ ªÉÉ +ÊvÉÊxÉªÉ¨ÉÉSªÉÉ |ÉÉ®Æú¦ÉÉSªÉÉ ´Éä³ýÒ +Æ¨É±ÉÉiÉ +º"
MH_ACT_1960_SEC_167,MH_ACT_1960,child,160,125,125,167,,,"¶ÉÆEòÉÊxÉ®úºÉxÉÉlÉÇ ªÉÉuùÉ®äú +ºÉä VÉÉ½þÒ®ú Eò®úhªÉÉiÉ ªÉäiÉä EòÒ, ÁÉ +ÊvÉÊxÉªÉ¨ÉÉx´ÉªÉä xÉÉånùhÉÒ ZÉÉ±Éä±ªÉÉ ËEò´ÉÉ xÉÉånùhÉÒ ZÉÉ±ªÉÉSÉä",LEGACY_FONT_ENCODING_REVIEW;STRUCTURE_UNCERTAIN,METADATA_REVIEW;TOPIC_TAG_REVIEW,REVIEW,E_STRUCTURE,"167. ¶ÉÆEòÉÊxÉ®úºÉxÉÉlÉÇ ªÉÉuùÉ®äú +ºÉä VÉÉ½þÒ®ú Eò®úhªÉÉiÉ ªÉäiÉä EòÒ, ÁÉ +ÊvÉÊxÉªÉ¨ÉÉx´ÉªÉä xÉÉånùhÉÒ ZÉÉ±Éä±ªÉÉ ËEò´ÉÉ xÉÉånùhÉÒ ZÉÉ±ªÉÉSÉä

EÆò{ÉxªÉÉÆ¤ÉÉ¤ÉiÉSÉÉ

SÉÉ 1.

+ÊvÉÊxÉªÉ¨É ±ÉÉMÉÚ

¨ÉÉxÉh"
MH_RULES_1961_DOC,MH_RULES_1961,parent,2,1,145,,,,,CONTEXT_PARENT;SHORT_CHUNK,METADATA_REVIEW,REVIEW,B_SHORT;D_TOP20_SHORT,Chapter I
MH_RULES_1961_RULE_1,MH_RULES_1961,child,30,1,1,,1,,Short title and extent:- These rules may be called the Maharashtra Co,,METADATA_REVIEW,REVIEW,,"Chapter I

Preliminary

1. Short title and extent:- These rules may be called the Maharashtra Co-operative Societies Rules. 1961.

(1) They extend to the whole of the State of Maharashtra."
MH_RULES_1961_RULE_2,MH_RULES_1961,child,288,1,1,,2,,"Definitions:- In these rules, unless the context otherwise, requires",,METADATA_REVIEW,REVIEW,,"2. Definitions:- In these rules, unless the context otherwise, requires. —

(a) ""Act"" means the Maharashtra Co-operative Societies Act. 1960;

(b) ""Apex Co-operative Bank"" means a federal co-operative"
MH_RULES_1961_RULE_4,MH_RULES_1961,child,856,1,5,,4,,Application for registration and registration fees:- (I) Every application for,STRUCTURE_UNCERTAIN,METADATA_REVIEW;TOPIC_TAG_REVIEW,REVIEW,E_STRUCTURE,"Chapter II

Registration

1[3. [****]

2[4. Application for registration and registration fees:- (I) Every application for registration of a society under Section 8 shall be made in Form 'A' in Marath"
MH_RULES_1961_RULE_8,MH_RULES_1961,child,760,5,6,,8,,Matters in respect of which Registrar may direct society to make bye-laws,,METADATA_REVIEW,REVIEW,,8. Matters in respect of which Registrar may direct society to make bye-laws or society may make by-laws:- (I) The Registrar may require a society to make bye-laws in respect of all or any of the foll
MH_RULES_1961_RULE_10,MH_RULES_1961,child,615,6,9,,10,,Classification and sub-classification of societies:- (1) After registration of a,STRUCTURE_UNCERTAIN,METADATA_REVIEW;TOPIC_TAG_REVIEW,REVIEW,E_STRUCTURE,"10. Classification and sub-classification of societies:-

(1) After registration of a society, the Registrar shall classify the society into one or other of the following classes and sub-classes of so"
MH_RULES_1961_RULE_12,MH_RULES_1961,child,324,9,10,,12,,"Amendment of bye-laws:-(1) Subject to the provisions of this rule, bye",STRUCTURE_UNCERTAIN,METADATA_REVIEW;TOPIC_TAG_REVIEW,REVIEW,E_STRUCTURE,"12. Amendment of bye-laws:-

(1) Subject to the provisions of this rule, bye-laws of a society may be amended by passing a resolution at a general meeting of the society held for that purpose.

(2) Th"
MH_RULES_1961_RULE_13,MH_RULES_1961,child,1001,10,11,,13,,Manner of calling upon society to make amendment to bye-laws:- (1),LONG_CHUNK_NO_SAFE_SPLIT;STRUCTURE_UNCERTAIN,METADATA_REVIEW;TOPIC_TAG_REVIEW,REVIEW,A_LONG;E_STRUCTURE,"13. Manner of calling upon society to make amendment to bye-laws:-

(1) Subject to the provisions of this rule, the Registrar may by serving a notice in Form 'E' call upon a society to make such amend"
MH_RULES_1961_RULE_16,MH_RULES_1961,child,564,11,12,,16,,"Amalgamation, transfer of assets and liabilities, division or conversion",STRUCTURE_UNCERTAIN,METADATA_REVIEW;TOPIC_TAG_REVIEW,REVIEW,E_STRUCTURE,"16. Amalgamation, transfer of assets and liabilities, division or conversion of societies:-

(1) Every society desiring to effect amalgamation, transfer of assets and liabilities, division or conversi"
MH_RULES_1961_RULE_17,MH_RULES_1961,child,721,12,13,,17,,"Direction by Registrar for amalgamation, division and reorganisation of",STRUCTURE_UNCERTAIN,METADATA_REVIEW;TOPIC_TAG_REVIEW,REVIEW,E_STRUCTURE,"17. Direction by Registrar for amalgamation, division and reorganisation of societies:-

(1) Before issuing any order under sub-section (I) of Section 18 providing for the amalgamation, division or re"
MH_RULES_1961_RULE_18A,MH_RULES_1961,parent,18,14,16,,18A,,Conditions for realising the assets and liquidating the liabilities of the,CONTEXT_PARENT;SHORT_CHUNK,METADATA_REVIEW,REVIEW,B_SHORT,1[18A. Conditions for realising the assets and liquidating the liabilities of the de-registered society by the Official Assignee:-
MH_RULES_1961_RULE_18A_SUB_1,MH_RULES_1961,child,1303,14,16,,18A,,Conditions for realising the assets and liquidating the liabilities of the,LONG_CHUNK_NO_SAFE_SPLIT,METADATA_REVIEW;TOPIC_TAG_REVIEW,REVIEW,A_LONG,"(1) The Official Assignee shall work under the general control, superintendence and directions of the Registrar.

(2) He shall have the following powers for the purposes of realising the assets and fo"
MH_RULES_1961_RULE_18A_SUB_15,MH_RULES_1961,child,92,16,16,,18A,,Conditions for realising the assets and liquidating the liabilities of the,,METADATA_REVIEW,REVIEW,,"(15) He shall maintain such books and accounts as the Registrar may require him to keep.

(16) He shall submit a final report to the Registrar. On acceptance of such report by the Registrar, the Offic"
MH_RULES_1961_RULE_18B,MH_RULES_1961,child,116,16,17,,18B,,Purposes for investment of surplus by the Registrar:- (1),,METADATA_REVIEW,REVIEW,,"18B. Purposes for investment of surplus by the Registrar:-

(1) The Registrar shall dispose of the surplus vested in him under Rule 18A in any manner at his discretion for the following purposes, name"
MH_RULES_1961_RULE_118C,MH_RULES_1961,child,311,17,17,,118C,,Manner of issue of public notice of the proceedings of de-registration,,METADATA_REVIEW;TOPIC_TAG_REVIEW,REVIEW,,"118C. Manner of issue of public notice of the proceedings of de-registration of society: -

(1) Where the number of members of the society is so large and it is not possible to ascertain the correct a"
MH_RULES_1961_RULE_19,MH_RULES_1961,child,48,17,17,,19,,"Conditions to be complied with for admission for membership, etc:- No",MALFORMED_NUMBERING_HIERARCHY,METADATA_REVIEW,REVIEW,,"Chapter III

Members and their rights and liabilities

19. Conditions to be complied with for admission for membership, etc:- No person shall be admitted as a member of a society unless,—

(i) he has "
MH_RULES_1961_FORM_014,MH_RULES_1961,parent,163,17,22,,,,"form specified by the Registrar, if any, for membership;",CONTEXT_PARENT,METADATA_REVIEW,REVIEW,,"form specified by the Registrar, if any, for membership;

(ii) his application is approved by the committee of the society in pursuance of the powers conferred on it in that behalf and subject to such"
MH_RULES_1961_FORM_014_SUB_1,MH_RULES_1961,child,384,18,18,,,,"form specified by the Registrar, if any, for membership;",,METADATA_REVIEW;MISSING_STRUCTURAL_ID,REVIEW,,"119A. Procedure for tendering application to the Registrar for membership under section 23(1 A):- (1) Where a society has refused to accept the application for membership from eligible person, such pe"
MH_RULES_1961_FORM_014_SUB_2,MH_RULES_1961,child,262,18,19,,,,"form specified by the Registrar, if any, for membership;",,METADATA_REVIEW;MISSING_STRUCTURAL_ID,REVIEW,,"21. Withdrawal of Membership: -

(1) Subject to the provisions of the Act, the rules and the by-laws of the society, a member may withdraw from the society after giving three months' notice to the Sec"
MH_RULES_1961_FORM_014_SUB_3,MH_RULES_1961,child,323,19,19,,,,"form specified by the Registrar, if any, for membership;",,METADATA_REVIEW;MISSING_STRUCTURAL_ID,REVIEW,,"22. Voting rights of individual members in a Federal Society:- (1)In the case of Federal Societies, the voting rights of individual members (which term shall include firm, company or body corporate, s"
MH_RULES_1961_FORM_014_SUB_4,MH_RULES_1961,child,611,19,20,,,,"form specified by the Registrar, if any, for membership;",,METADATA_REVIEW;MISSING_STRUCTURAL_ID,REVIEW,,"23. Valuation of shares: -

(1) Where a member of society ceases to be a member thereof, the sum representing the value of his share or interest in the share capital of the society to be paid to him o"
MH_RULES_1961_FORM_014_SUB_5,MH_RULES_1961,child,327,20,21,,,,"form specified by the Registrar, if any, for membership;",,METADATA_REVIEW;MISSING_STRUCTURAL_ID,REVIEW,,27. Supply of copies of documents by societies and fees therefore:- (1) A member of a society requiring a copy of any of the documents mentioned in sub-section (1) of Section 32 may apply to the socie
MH_RULES_1961_FORM_014_SUB_6,MH_RULES_1961,child,387,21,22,,,,"form specified by the Registrar, if any, for membership;",,METADATA_REVIEW;MISSING_STRUCTURAL_ID,REVIEW,,"29. Procedure for expulsion of members:- (1) Where any member of a society proposes to bring a resolution for expulsion of any other member, he shall give a written notice thereof to the Chairman of t"
MH_RULES_1961_RULE_31,MH_RULES_1961,child,289,22,22,,31,,Procedure for change of address of societies:- (1) Every society shall,STRUCTURE_UNCERTAIN,METADATA_REVIEW;TOPIC_TAG_REVIEW,REVIEW,E_STRUCTURE,"Chapter IV

Incorporation, duties and privileges of societies

31. Procedure for change of address of societies:-

(1) Every society shall communicate in writing to the Registrar its postal address as"
MH_RULES_1961_RULE_34,MH_RULES_1961,child,47,23,23,,34,,Certified copies of entries in books of societies:- For the purposes of,,METADATA_REVIEW,REVIEW,,34. Certified copies of entries in books of societies:- For the purposes of Section 40. copies of any entries referred to in that section may be certified by any officer of the society duly authorised
MH_RULES_1961_RULE_35,MH_RULES_1961,child,290,23,23,,35,,Conditions for borrowing by societies with limited liability: - (1) No,STRUCTURE_UNCERTAIN,METADATA_REVIEW;TOPIC_TAG_REVIEW,REVIEW,E_STRUCTURE,"35. Conditions for borrowing by societies with limited liability: -

(1) No society other than those referred in Rules 36 and 37 with limited liability shall, without the previous sanction of the Regi"
MH_RULES_1961_RULE_36,MH_RULES_1961,child,182,23,23,,36,,Conditions for borrowing of Maharashtra State Co-operative Bank:,,METADATA_REVIEW;TOPIC_TAG_REVIEW,REVIEW,,"36. Conditions for borrowing of Maharashtra State Co-operative Bank:- Except with the previous sanction of the Registrar, the Maharashtra State Co-operative Bank Limited shall now incur liabilities ex"
MH_RULES_1961_RULE_37,MH_RULES_1961,child,37,23,23,,37,,Conditions for borrowing of Land Development Banks:- Land Development,,METADATA_REVIEW,REVIEW,,"37. Conditions for borrowing of Land Development Banks:- Land Development Banks may incur liabilities not exceeding in total twenty times the total amount of their paid up share capital, accumulated r"
MH_RULES_1961_RULE_38,MH_RULES_1961,child,350,23,24,,38,,Loans and deposits from non-members in unlimited liability societies:,,METADATA_REVIEW;TOPIC_TAG_REVIEW,REVIEW,,"38. Loans and deposits from non-members in unlimited liability societies:- Every society with unlimited liability shall, from time to time, fix in a general meeting the maximum liability which it may "
MH_RULES_1961_RULE_40,MH_RULES_1961,child,55,24,24,,40,,"Additional conditions for raising funds by societies:- The Registrar may, by",,METADATA_REVIEW,REVIEW,,"40. Additional conditions for raising funds by societies:- The Registrar may, by general or special order, lay down such additional conditions as he deems fit, subject to which and the extent upto whi"
MH_RULES_1961_RULE_41,MH_RULES_1961,child,75,24,24,,41,,Maintenance of liquid resources and distribution of assets:- Every society,,METADATA_REVIEW,REVIEW,,"41. Maintenance of liquid resources and distribution of assets:- Every society which obtains any portion of its working capital by deposits shall,—

(1) maintain such liquid resources and in such form"
MH_RULES_1961_RULE_42,MH_RULES_1961,parent,574,24,25,,42,,Regulation of loans to be granted by societies:- In case of grant of loans,,METADATA_REVIEW;TOPIC_TAG_REVIEW,REVIEW,,"42. Regulation of loans to be granted by societies:- In case of grant of loans against security of moveable or immovable property, the lending society shall maintain such margin as the Registrar may, "
MH_RULES_1961_RULE_42_SUB_1,MH_RULES_1961,child,41,24,24,,42,,Regulation of loans to be granted by societies:- In case of grant of loans,,METADATA_REVIEW,REVIEW,,"(1) In case of cash credit, the amount of loan shall not exceed such multiple of owned funds of the borrowing society as may be laid down by the Registrar with the approval of concerned financing agen"
MH_RULES_1961_RULE_42_SUB_2,MH_RULES_1961,child,93,24,24,,42,,Regulation of loans to be granted by societies:- In case of grant of loans,,METADATA_REVIEW,REVIEW,,(2) It shall be lawful for a society to grant loans without taking security of moveable or immovable property if the purpose for which the loan given is considered production-worthy or creditworthy an
MH_RULES_1961_RULE_42_SUB_3,MH_RULES_1961,child,99,24,25,,42,,Regulation of loans to be granted by societies:- In case of grant of loans,,METADATA_REVIEW,REVIEW,,(3) The Registrar may recognise a Central Bank as the Central Financing Agency which shall be primarily responsible for financing credit requirements of all creditworthy purposes through the concerned
MH_RULES_1961_RULE_42_SUB_4,MH_RULES_1961,child,77,25,25,,42,,Regulation of loans to be granted by societies:- In case of grant of loans,,METADATA_REVIEW;TOPIC_TAG_REVIEW,REVIEW,,"(4) Except with the general or special permission of the Registrar, the loan advanced to a member by a society, or to a society by a bank, shall be subject to such conditions as may be laid down by th"
MH_RULES_1961_RULE_42_SUB_5,MH_RULES_1961,child,36,25,25,,42,,Regulation of loans to be granted by societies:- In case of grant of loans,,METADATA_REVIEW;TOPIC_TAG_REVIEW,REVIEW,,(5) No society shall carry on transactions on credit or sanction trade credit to its members or to non-members except in accordance with the general directions that may be issued by the Registrar in t
MH_RULES_1961_RULE_42_SUB_6,MH_RULES_1961,child,114,25,25,,42,,Regulation of loans to be granted by societies:- In case of grant of loans,,METADATA_REVIEW;TOPIC_TAG_REVIEW,REVIEW,,"(6) In the matter of grant of loans to societies by Central Banks or to members by Primary Societies, the Registrar may lay down with the approval of the Central Banks, the procedure regarding receivi"
MH_RULES_1961_RULE_42_SUB_7,MH_RULES_1961,child,54,25,25,,42,,Regulation of loans to be granted by societies:- In case of grant of loans,,METADATA_REVIEW,REVIEW,,"(7) The Registrar may with the approval of the Apex Bank, by general or special order, prohibit or regulate grant of loans by a Central Bank or a society where such grant is considered neither in the "
MH_RULES_1961_RULE_43,MH_RULES_1961,child,294,26,26,,43,,Conditions to be complied with by members applying for loans: - (1),STRUCTURE_UNCERTAIN,METADATA_REVIEW;TOPIC_TAG_REVIEW,REVIEW,E_STRUCTURE,"43. Conditions to be complied with by members applying for loans: -

(1) Every member of a society applying for a loan from the society shall be required to hold shares in such manner and in such prop"
MH_RULES_1961_RULE_45,MH_RULES_1961,child,228,26,26,,45,,Restrictions on borrowing from more than one credit society:- (1) Every,STRUCTURE_UNCERTAIN,METADATA_REVIEW,REVIEW,E_STRUCTURE,"45. Restrictions on borrowing from more than one credit society:-

(1) Every person who is a member of more than one resource society (other than a Land Development Bank or a Central Bank or a marketi"
MH_RULES_1961_RULE_45A,MH_RULES_1961,child,306,26,27,,45A,,Limits on loans against fixed deposits: - (1) When a society makes a,STRUCTURE_UNCERTAIN,METADATA_REVIEW;TOPIC_TAG_REVIEW,REVIEW,E_STRUCTURE,"1[45A. Limits on loans against fixed deposits: -

(1) When a society makes a loan to a depositor on the security of his fixed deposit with the society, the amount of loan shall not exceed 90 per cent "
MH_RULES_1961_RULE_146A,MH_RULES_1961,child,66,27,27,,146A,,Restrictions on borrowings from non-members:- No society shall receive,,METADATA_REVIEW;TOPIC_TAG_REVIEW,REVIEW,,"146A. Restrictions on borrowings from non-members:- No society shall receive or raise loans from non-members (including any banking company other than the Central Bank), unless specially authorised by"
MH_RULES_1961_RULE_46B,MH_RULES_1961,child,62,27,27,,46B,,Restrictions on credit sales to non-members:,MALFORMED_NUMBERING_HIERARCHY,METADATA_REVIEW;TOPIC_TAG_REVIEW,REVIEW,,"2[46B. Restrictions on credit sales to non-members: — Where the by-laws of a society permit credit sales, such sales may be made to traders and other non-members provided that the person to whom such "
MH_RULES_1961_RULE_47,MH_RULES_1961,child,78,27,27,,47,,Restrictions on transactions with non-members:,,METADATA_REVIEW;TOPIC_TAG_REVIEW,REVIEW,,"47. Restrictions on transactions with non-members: — On the application of a member of any society or of his own motion, when it appears to the Registrar that it is necessary in the interest of the wo"
MH_RULES_1961_RULE_48,MH_RULES_1961,child,305,27,28,,48,,Form of declarations be made by members borrowing loans from certain,STRUCTURE_UNCERTAIN,METADATA_REVIEW;TOPIC_TAG_REVIEW,REVIEW,E_STRUCTURE,"48. Form of declarations be made by members borrowing loans from certain societies and conditions on which any charge in favour of a society shall be satisfied:-

(1)A declaration to be made under cla"
MH_RULES_1961_CONTEXT_031,MH_RULES_1961,child,731,28,29,,,,,RULE_IDENTIFIER_MISSING;STRUCTURE_UNCERTAIN,METADATA_REVIEW;MISSING_STRUCTURAL_ID;TOPIC_TAG_REVIEW,REVIEW,E_STRUCTURE,"Chapter V

Property and funds of societies

49. Writing off of bad debts and losses:- All loans including interest thereon and recovery charges in respect thereof which are found irrecoverable and are"
MH_RULES_1961_RULE_51,MH_RULES_1961,child,147,29,29,,51,,Amounts to be deducted by a Society from its profits before arriving at,,METADATA_REVIEW,REVIEW,,"51. Amounts to be deducted by a Society from its profits before arriving at its net profits:- In addition to the sums referred to in sub-section (i) of Section 65, the following sums shall be deducted"
MH_RULES_1961_RULE_52,MH_RULES_1961,child,191,29,30,,52,,Bonus and Dividend Equalization Fund:,,METADATA_REVIEW;TOPIC_TAG_REVIEW,REVIEW,,"52. Bonus and Dividend Equalization Fund:-

(1) A society may create out of its net profits a fund to be called the Bonus Equalization Fund 2[for payment of bonus to persons other than its paid employ"
MH_RULES_1961_RULE_53,MH_RULES_1961,child,951,30,33,,53,,Rates of annual contribution to education fund of State Federal,LONG_CHUNK_NO_SAFE_SPLIT,METADATA_REVIEW;TOPIC_TAG_REVIEW,REVIEW,A_LONG,2[53. Rates of annual contribution to education fund of State Federal Society: - The rates at which the classes of societies specified under column (2) of the Table below shall contribute annually und
MH_RULES_1961_RULE_53A,MH_RULES_1961,child,284,33,34,,53A,,"Rates of annual contribution to Co-operative, State Cadre",,METADATA_REVIEW;TOPIC_TAG_REVIEW,REVIEW,,"1[53A. Rates of annual contribution to Co-operative, State Cadre Employment Fund:- The rates at which the class or classes of societies or other body corporate specified under column 2 of the Table be"
MH_RULES_1961_RULE_153B,MH_RULES_1961,child,1630,34,36,,153B,,Manner of contributions to be made under the Rule 53A:- (1) The Apex society,LONG_CHUNK_NO_SAFE_SPLIT;STRUCTURE_UNCERTAIN,METADATA_REVIEW,REVIEW,A_LONG;E_STRUCTURE,"153B. Manner of contributions to be made under the Rule 53A:-

(1) The Apex society which has been notified by the State Government under subsection (3) of Section 69-A shall open an account in the na"
MH_RULES_1961_RULE_54,MH_RULES_1961,child,288,36,37,,54,,"Utilisation and investment of reserve fund:- (1) A society shall, in addition",MALFORMED_NUMBERING_HIERARCHY;STRUCTURE_UNCERTAIN,METADATA_REVIEW,REVIEW,E_STRUCTURE,"54. Utilisation and investment of reserve fund:-

(1) A society shall, in addition to the modes specified in clauses (a) to (d) of Section 70, invest or deposit its reserve fund in any one or more of "
MH_RULES_1961_RULE_55,MH_RULES_1961,child,383,37,37,,55,,Investment of other funds:- (1),STRUCTURE_UNCERTAIN,METADATA_REVIEW,REVIEW,E_STRUCTURE,"55. Investment of other funds:-

(1) A society may invest any of its funds (other than the reserve fund) in any of the modes specified in Section 70 when such funds are not utilised for the business o"
MH_RULES_1961_RULE_56,MH_RULES_1961,child,144,37,38,,56,,Maintenance and administration of provident fund:- A society which has,,METADATA_REVIEW,REVIEW,,"56. Maintenance and administration of provident fund:- A society which has established a provident fund for its employees under Section 71 shall, with the previous approval of the Registrar, frame reg"
MH_RULES_1961_RULE_56A,MH_RULES_1961,child,1229,38,40,,56A,,Manner of election to notified Societies:- (i) The elections of the societies,LONG_CHUNK_NO_SAFE_SPLIT;STRUCTURE_UNCERTAIN,METADATA_REVIEW;TOPIC_TAG_REVIEW,REVIEW,A_LONG;E_STRUCTURE,"56A. Manner of election to notified Societies:- (i) The elections of the societies notified by the State Government under Section 73-IC, shall be held or cause to be held by the Registrar through the "
MH_RULES_1961_RULE_56C,MH_RULES_1961,child,230,40,40,,56C,,Particulars to be included in the provisional list of voters:- (1) The,,METADATA_REVIEW;TOPIC_TAG_REVIEW,REVIEW,,"56C. Particulars to be included in the provisional list of voters:-

(1) The provisional list of voters in case of individual shareholders, shall contain the name, father's or husband's name, surname,"
MH_RULES_1961_RULE_56D,MH_RULES_1961,child,210,40,40,,56D,,"Claims and objections to the provisional list of voters, and the final list",STRUCTURE_UNCERTAIN,METADATA_REVIEW;TOPIC_TAG_REVIEW,REVIEW,E_STRUCTURE,"56D. Claims and objections to the provisional list of voters, and the final list of voters:-

(1) When any provisional list of voters is published for inviting claims and objections, any omission or e"
MH_RULES_1961_RULE_56E,MH_RULES_1961,child,278,41,41,,56E,,"Appointment of Returning Officers, Assistant Returning Officers and",,METADATA_REVIEW,REVIEW,,"56E. Appointment of Returning Officers, Assistant Returning Officers and such other Officers required to conduct the elections:- The Registrar or the Chief Election Officer or the District Election Of"
MH_RULES_1961_RULE_56_002,MH_RULES_1961,child,214,41,41,,56,,H. Appointment of Presiding Officers and Polling Officers:- (1) The,STRUCTURE_UNCERTAIN,METADATA_REVIEW,REVIEW,E_STRUCTURE,"56.H. Appointment of Presiding Officers and Polling Officers:-

(1) The Returning Officer shall appoint a Presiding Officer for each polling station and such polling Officer or Officers as he thinks n"
MH_RULES_1961_RULE_56I,MH_RULES_1961,child,107,41,41,,56I,,General duty of Presiding Officer and Polling Officer:- It shall be the,,METADATA_REVIEW,REVIEW,,"56I. General duty of Presiding Officer and Polling Officer:- It shall be the general duty of the Presiding Officer at a polling station to keep law and order and to see that the poll is fairly taken,
"
MH_RULES_1961_RULE_56J,MH_RULES_1961,child,406,41,42,,56J,,Appointment of dates etc. for various stages of an election:- (1) The,,METADATA_REVIEW,REVIEW,,"56J. Appointment of dates etc. for various stages of an election:-

(1) The Returning Officer, with prior approval of the Registrar or the District Election Officer, as the case may be, shall draw and"
MH_RULES_1961_RULE_56K,MH_RULES_1961,child,292,42,43,,56K,,Manner of publication of election programme under Rule 56J:- (1) The,STRUCTURE_UNCERTAIN,METADATA_REVIEW,REVIEW,E_STRUCTURE,"56K. Manner of publication of election programme under Rule 56J:-

(1) The Returning Officer shall send a copy of the election programme declared under Rule 56J in Form M-3 to the society either by sp"
MH_RULES_1961_RULE_56L,MH_RULES_1961,child,273,43,43,,56L,,Manner of publication of election programme under Rule 56K:- (J) The,STRUCTURE_UNCERTAIN,METADATA_REVIEW;TOPIC_TAG_REVIEW,REVIEW,E_STRUCTURE,56L. Manner of publication of election programme under Rule 56K:- (J) The Returning Officer shall send a copy of the election programme declared under the Rule 56J in Form M-3 to the society either by
MH_RULES_1961_FORM_M,MH_RULES_1961,parent,153,43,56,,,,Form M-4 :,CONTEXT_PARENT,METADATA_REVIEW,REVIEW,,"Form M-4 :

Provided that, a failure to complete or defect in completing the declaration as to symbols in a nomination paper, shall not be deemed to be a defect of a substantial character within the m"
MH_RULES_1961_FORM_M_SUB_1,MH_RULES_1961,child,597,43,44,,,,Form M-4 :,,METADATA_REVIEW,REVIEW,,"56N. Presentation of nomination paper and requirements for valid nominations:- (1) On or before the date appointed under Rule 56J, each candidate shall either in person or by his proposer, deliver to "
MH_RULES_1961_FORM_M_SUB_2,MH_RULES_1961,child,594,44,45,,,,Form M-4 :,,METADATA_REVIEW,REVIEW,,"56Q. Notice of nomination and time and place for the scrutiny:- The Returning Officer shall on receiving the nomination paper under Rule 56N, inform the person or persons delivering the same, of the d"
MH_RULES_1961_FORM_M_SUB_3,MH_RULES_1961,child,165,45,45,,,,Form M-4 :,,METADATA_REVIEW,REVIEW,,"56S. Publication of list of valid nomination:- Immediately after all the nomination papers have been scrutinised and the decisions accepting or rejecting the same has been recorded, the Returning Offi"
MH_RULES_1961_FORM_M_SUB_4,MH_RULES_1961,child,208,45,46,,,,Form M-4 :,,METADATA_REVIEW,REVIEW,,"56U. Preparation of list of contesting candidates:- (1) On the day next succeeding the last date fixed for withdrawal of candidature, the Returning Officer shall prepare and publish in Form M-5, a lis"
MH_RULES_1961_FORM_M_SUB_5,MH_RULES_1961,child,983,46,47,,,,Form M-4 :,LONG_CHUNK_NO_SAFE_SPLIT,METADATA_REVIEW,REVIEW,A_LONG,"56V. Appointment of Polling Agents and Counting Agents:- (J) At an election at which a poll is to be taken, any contesting candidate may appoint one agent and one relief agent to act as Polling Agents"
MH_RULES_1961_FORM_M_SUB_6,MH_RULES_1961,child,1446,47,50,,,,Form M-4 :,LONG_CHUNK_NO_SAFE_SPLIT,METADATA_REVIEW,REVIEW,A_LONG,"56A-4. The preparation of ballot boxes for poll:- (J) Where a paper seal is used for securing a ballot box, the Presiding Officer shall affix his own signature on the paper seal and obtain thereon the"
MH_RULES_1961_FORM_M_SUB_7,MH_RULES_1961,child,217,50,50,,,,Form M-4 :,,METADATA_REVIEW,REVIEW,,"56A-11. Recording of vote of blind or infirm voter:- (1) If the Presiding Officer is satisfied that, owing to blindness or other physical infirmity, a voter is unable to recognise the symbols on the b"
MH_RULES_1961_FORM_M_SUB_8,MH_RULES_1961,child,418,50,51,,,,Form M-4 :,,METADATA_REVIEW,REVIEW,,"56A-12. Spoilt and Returned ballot papers:- (1) A voter who has inadvertently dealt with his ballot paper in such manner that it cannot be conveniently used as a ballot paper may, on returning it to t"
MH_RULES_1961_FORM_M_SUB_9,MH_RULES_1961,child,196,51,51,,,,Form M-4 :,,METADATA_REVIEW,REVIEW,,"56A-15. Sealing of ballot boxes after poll:- (1) As soon as practicable after closing of the poll, the Presiding Officer shall, in the presence of any candidates or their polling agents, close the sli"
MH_RULES_1961_FORM_M_SUB_10,MH_RULES_1961,child,96,51,52,,,,Form M-4 :,,METADATA_REVIEW,REVIEW,,"56A-17. Sealing of other packets:-

(1) The Presiding Officer shall then make into separate packets; -

(a) the Marked copy of the list of voters;

(b) the unused ballot papers;

(c) the covers contai"
MH_RULES_1961_FORM_M_SUB_11,MH_RULES_1961,child,428,52,52,,,,Form M-4 :,,METADATA_REVIEW,REVIEW,,"56A-18. Transmission of ballot boxes, packets etc. to the Returning Officer:- (J) The Presiding Officer shall then deliver or cause to be delivered the following to the Returning Officer at such place"
MH_RULES_1961_FORM_M_SUB_12,MH_RULES_1961,child,237,52,53,,,,Form M-4 :,,METADATA_REVIEW,REVIEW,,"56A-21. Admission to the place fixed for counting:- (J) The Returning Officer shall exclude from place fixed for counting of votes al persons except -

(a) such persons as he may. appoint to assist hi"
MH_RULES_1961_FORM_M_SUB_13,MH_RULES_1961,child,1059,53,55,,,,Form M-4 :,LONG_CHUNK_NO_SAFE_SPLIT,METADATA_REVIEW,REVIEW,A_LONG,"56A-23. Scrutiny and rejection of ballot papers:-

(1) The ballot papers taken out of each ballot box shall be arranged in convenient bundles and scrutinised.

(2) The Returning Officer shall reject a"
MH_RULES_1961_FORM_M_SUB_14,MH_RULES_1961,child,437,55,55,,,,Form M-4 :,,METADATA_REVIEW,REVIEW,,"56A-27. Recommencing of counting after fresh poll:- (1) If a fresh poll is held under Rule 56A-19, the Returning Officer shall after completion of that poll, recommence the counting of votes on the da"
MH_RULES_1961_FORM_M_SUB_15,MH_RULES_1961,child,158,55,56,,,,Form M-4 :,,METADATA_REVIEW;TOPIC_TAG_REVIEW,REVIEW,,56A-29. Declaration of result and publication of names of the members of the committee:- The Returning Officer shall then declare the candidate to whom the highest number of valid votes-has been given
MH_RULES_1961_FORM_M_SUB_16,MH_RULES_1961,child,203,56,56,,,,Form M-4 :,,METADATA_REVIEW;TOPIC_TAG_REVIEW,REVIEW,,56A-30. Return of forfeiture of candidate's deposit:- The deposit made under Rule 56P shall either be returned to the person making it or representative heir or be forfeited to the State Election Fund
MH_RULES_1961_FORM_M_SUB_17,MH_RULES_1961,child,53,56,56,,,,Form M-4 :,,METADATA_REVIEW,REVIEW,,56A-31. Custody of papers relating to elections:- The Returning Officer shall have the custody of packets referred to in Rule 56A-17 and all other papers relating to the election for a period of 3 mon
MH_RULES_1961_FORM_M_SUB_18,MH_RULES_1961,child,127,56,56,,,,Form M-4 :,,METADATA_REVIEW,REVIEW,,"56A-32. Production and inspection of election paper:- (I) While in custody of District Election Officer:

(a) the packets of unused ballot papers;

(b) the packets of used ballot papers, whether valid"
MH_RULES_1961_FORM_M_SUB_19,MH_RULES_1961,child,129,56,56,,,,Form M-4 :,,METADATA_REVIEW;TOPIC_TAG_REVIEW,REVIEW,,"56A-34. Casual vacancies how to be filled in:- In the event of vacancy occurred on account of death, resignation or otherwise, it shall be filled in by the society, according to the provision of bye-l"
MH_RULES_1961_RULE_57,MH_RULES_1961,parent,13,56,59,,57,,Prohibition against being interested in contracts etc:- (1),CONTEXT_PARENT;SHORT_CHUNK,METADATA_REVIEW,REVIEW,B_SHORT,"Chapter VI

Management of Societies 57. Prohibition against being interested in contracts etc:-"
MH_RULES_1961_RULE_57_SUB_1,MH_RULES_1961,child,1437,57,59,,57,,Prohibition against being interested in contracts etc:- (1),LONG_CHUNK_NO_SAFE_SPLIT,METADATA_REVIEW;TOPIC_TAG_REVIEW,REVIEW,A_LONG,"(1) No officer of a society shall have any interest, directly or indirectly otherwise than as such Officer;—

(a) in any contract made with or by the society; or

(b) in any property sold or purchased"
MH_RULES_1961_RULE_57_SUB_6,MH_RULES_1961,child,34,59,59,,57,,Prohibition against being interested in contracts etc:- (1),,METADATA_REVIEW,REVIEW,,"(6) of Section 73ID.

(j) the Presiding Officer shall not speak or give any decision on the merit or otherwise of no-confidence motion.

(k) issue certificate in Form M-19 in favour of the society."
MH_RULES_1961_RULE_58,MH_RULES_1961,child,312,59,59,,58,,Disqualification for membership of committee:- (1) No person shall be,STRUCTURE_UNCERTAIN,METADATA_REVIEW,REVIEW,E_STRUCTURE,"1[58. Disqualification for membership of committee:-

(1) No person shall be eligible for appointment, or election or nomination or co-option or being continued as member of the committee or District "
MH_RULES_1961_RULE_158_A,MH_RULES_1961,child,279,60,60,,158-A,,Bond to be executed by elected Members of Managing Committee:,,METADATA_REVIEW;TOPIC_TAG_REVIEW,REVIEW,,158-A. Bond to be executed by elected Members of Managing Committee: - Every elected member of the Managing Committee shall execute a bond in Form M- 20 within fifteen days of his assuming the office.
MH_RULES_1961_RULE_60,MH_RULES_1961,child,548,60,61,,60,,General meetings:,MALFORMED_NUMBERING_HIERARCHY,METADATA_REVIEW;TOPIC_TAG_REVIEW,REVIEW,,"60. General meetings: -

(1) All general meetings of a society excepting the first general meeting shall be convened by the Secretary or any other officer authorised by and under the by-laws to conven"
MH_RULES_1961_RULE_61,MH_RULES_1961,child,132,61,61,,61,,"Annual statements of accounts including balance sheet, etc:- Within",,METADATA_REVIEW;TOPIC_TAG_REVIEW,REVIEW,,"61. Annual statements of accounts including balance sheet, etc:- Within forty-five days of the close of every co-operative year, or within such extended period as may be specified by the Registrar, in"
MH_RULES_1961_RULE_62,MH_RULES_1961,child,134,61,61,,62,,Form for the balance sheet and the profit and loss account:- (1) The,STRUCTURE_UNCERTAIN,METADATA_REVIEW,REVIEW,E_STRUCTURE,"62. Form for the balance sheet and the profit and loss account:-

(1) The balance sheet and the profit and loss account to be laid before the annual 'general meeting of a society by the committee shal"
MH_RULES_1961_RULE_63,MH_RULES_1961,child,120,62,62,,63,,Power to call annual and special general meeting:- If the annual general,,METADATA_REVIEW,REVIEW,,63. Power to call annual and special general meeting:- If the annual general meeting of a society is not called in accordance with the provisions of Section 75 or if the Chairman or a majority of the 
MH_RULES_1961_RULE_64,MH_RULES_1961,child,516,62,63,,64,,"Procedure for appointment, suspension, and removal of members of the",STRUCTURE_UNCERTAIN,METADATA_REVIEW;TOPIC_TAG_REVIEW,REVIEW,E_STRUCTURE,"64. Procedure for appointment, suspension, and removal of members of the committee and other officers, etc:- (J) Notwithstanding anything contained in the by-laws of a society but subject to the provi"
MH_RULES_1961_RULE_66,MH_RULES_1961,child,65,63,63,,66,,Copies of monthly returns to be furnished to Registrar: - All Registered,,METADATA_REVIEW,REVIEW,,2[66. Copies of monthly returns to be furnished to Registrar: - All Registered Co-operative Societies classified by the Registrar as Central Banks or as Urban Banks shall furnish to the Registrar ever
MH_RULES_1961_RULE_67,MH_RULES_1961,child,284,63,63,,67,,Registrars power to enforce performance of obligations: - (i) In addition,STRUCTURE_UNCERTAIN,METADATA_REVIEW;TOPIC_TAG_REVIEW,REVIEW,E_STRUCTURE,"67. Registrars power to enforce performance of obligations: - (i) In addition to the periodical financial statements referred to in Rule 66, the Registrar may, by special or general order, require any"
MH_RULES_1961_RULE_67A,MH_RULES_1961,child,658,63,64,,67A,,Directions of Registrar to the society to make regulations on certain,STRUCTURE_UNCERTAIN,METADATA_REVIEW,REVIEW,E_STRUCTURE,"1[67A. Directions of Registrar to the society to make regulations on certain matters:-

(1) Where, in the course of, or as a result of audit under Section 81, or enquiry under Section 83, or inspectio"
MH_RULES_1961_RULE_68,MH_RULES_1961,child,250,64,65,,68,,"Procedure to be adopted for taking possession of books, documents,",STRUCTURE_UNCERTAIN,METADATA_REVIEW,REVIEW,E_STRUCTURE,"68. Procedure to be adopted for taking possession of books, documents, securities, cash and other properties of society:-

(1) Where taking possession of books, documents, securities, cash or other pr"
MH_RULES_1961_RULE_69,MH_RULES_1961,child,842,65,66,,69,,Procedure for appointment of auditors and for conducting audit:- (1) The,STRUCTURE_UNCERTAIN,METADATA_REVIEW;TOPIC_TAG_REVIEW,REVIEW,E_STRUCTURE,"Chapter VII

Audit, Inquiry, Inspection and Supervision

69. Procedure for appointment of auditors and for conducting audit:-

(1) The audit of accounts of societies shall be conducted by Departmental"
MH_RULES_1961_RULE_70,MH_RULES_1961,child,71,66,66,,70,,Requisition of the federal society for inquiry:- Any federal society duly,,METADATA_REVIEW,REVIEW,,"70. Requisition of the federal society for inquiry:- Any federal society duly authorised by a resolution of its committee, may submit a requisition to the Registrar to hold an inquiry under Section 83"
MH_RULES_1961_RULE_71,MH_RULES_1961,child,558,66,67,,71,,Procedure and principles for the conduct of inquiry and inspection:-(1),STRUCTURE_UNCERTAIN,METADATA_REVIEW;TOPIC_TAG_REVIEW,REVIEW,E_STRUCTURE,"71. Procedure and principles for the conduct of inquiry and inspection:-

(1) An order authorising inqiry under Section 83 or inspection under Section 84 shall, among other things, contain the followi"
MH_RULES_1961_RULE_72,MH_RULES_1961,child,639,67,68,,72,,"Procedure for assessing damages against delinquent promoters, etc",STRUCTURE_UNCERTAIN,METADATA_REVIEW,REVIEW,E_STRUCTURE,"72. Procedure for assessing damages against delinquent promoters, etc. under Section 88:-

(1) On receipt of a report referred to in Section 88 or otherwise, the Registrar or any other person authoris"
MH_RULES_1961_RULE_74,MH_RULES_1961,child,110,68,68,,74,,Levy of audit charges and supervision charges:- (1) The Registrar may levy,,METADATA_REVIEW,REVIEW,,"74. Levy of audit charges and supervision charges:-

(1) The Registrar may levy audit charges and supervision charges payable annually on or before a specified date by all or any class of societies in"
MH_RULES_1961_CONTEXT_067,MH_RULES_1961,child,78,68,68,,,,,RULE_IDENTIFIER_MISSING;STRUCTURE_UNCERTAIN,METADATA_REVIEW;MISSING_STRUCTURAL_ID,REVIEW,E_STRUCTURE,"Chapter VIII

1 [Disputes and Co-operative Courts]

75. Reference of Dispute:- A reference of a dispute under Section 91 shall be made in writing to the Registrar in Form P. Wherever necessary, the Re"
MH_RULES_1961_RULE_76,MH_RULES_1961,child,106,68,68,,76,,Registrars satisfaction regarding existence of a dispute:- Where any,,METADATA_REVIEW,REVIEW,,"2[76. Registrars satisfaction regarding existence of a dispute:- Where any reference of a dispute is made to the Registrar or any matter is brought to his notice, the Registrar shall, on the basis of "
MH_RULES_1961_RULE_77,MH_RULES_1961,child,71,69,69,,77,,Disposal of a dispute or reference to Co-operative Court:- (1) Where the,STRUCTURE_UNCERTAIN,METADATA_REVIEW,REVIEW,E_STRUCTURE,"77. Disposal of a dispute or reference to Co-operative Court:-

(1) Where the Registrar is satisfied that there is a dispute, the Registrar may decide the dispute himself or refer it for disposal to a"
MH_RULES_1961_RULE_77_A,MH_RULES_1961,child,459,69,69,,77-A,,"Qualifications of Judges of Co-operative Courts, and their",STRUCTURE_UNCERTAIN,METADATA_REVIEW;TOPIC_TAG_REVIEW,REVIEW,E_STRUCTURE,"77-A. Qualifications of Judges of Co-operative Courts, and their appointment:-

(1) The member constituting a Co-operative Court shall be called the Judge of that Court.

(2) All appointments of Judge"
MH_RULES_1961_RULE_77_E,MH_RULES_1961,child,422,69,70,,77-E,,Procedure for hearing and decision of disputes:,,METADATA_REVIEW,REVIEW,,"77-E. Procedure for hearing and decision of disputes:-

(1) The Registrar or the Co-operative Court shall record in English, Marathi or Hindi the evidence of the parties to a dispute and the witnesses"
MH_RULES_1961_RULE_77_F,MH_RULES_1961,child,215,70,71,,77-F,,Summary procedure for deciding disputes:,,METADATA_REVIEW;TOPIC_TAG_REVIEW,REVIEW,,"77-F. Summary procedure for deciding disputes:-

(1) Subject to the provisions of sub-section (4) of Section 94, the following disputes, if the disputant so desires, shall be decided in the summary ma"
MH_RULES_1961_FORM_P,MH_RULES_1961,parent,504,71,77,,,,"Form P, make the following averments, namely ;—",CONTEXT_PARENT,METADATA_REVIEW,REVIEW,,"Form P, make the following averments, namely ;—

(a) that the claim of the disputant is for recovery of liquidated sum of money only and no other relief beyond the scope of this rule is claimed in thi"
MH_RULES_1961_FORM_P_SUB_1,MH_RULES_1961,child,381,71,72,,,,"Form P, make the following averments, namely ;—",,METADATA_REVIEW,REVIEW,,"78. Summons, notices and fixing of dates, place, etc. in connection with the disputes:- (1) The Registrar 1[or as the case may be, the Co-operative Court], may issue summons or notices at least fiftee"
MH_RULES_1961_FORM_P_SUB_2,MH_RULES_1961,child,85,72,72,,,,"Form P, make the following averments, namely ;—",,METADATA_REVIEW,REVIEW,,"79. Investigation of claims and objections against any attachment:-Where any claim or objection has been preferred against the attachment of any property under Section 95, on the ground that such prop"
MH_RULES_1961_FORM_P_SUB_3,MH_RULES_1961,child,679,72,73,,,,"Form P, make the following averments, namely ;—",,METADATA_REVIEW,REVIEW,,"80. Procedure for the custody of property attached under Section 95: -

(1) Where the property to be attached is moveable property, other than agricultural produce, in the possession of the debtor, th"
MH_RULES_1961_FORM_P_SUB_4,MH_RULES_1961,child,90,73,73,,,,"Form P, make the following averments, namely ;—",,METADATA_REVIEW,REVIEW,,"84. Execution of awards or orders in special cases:- Subject to the provision of Section 98, the Reistrar may, by an order in writing specially authorise any officer of the Co-operative Department or "
MH_RULES_1961_FORM_P_SUB_5,MH_RULES_1961,child,1272,73,75,,,,"Form P, make the following averments, namely ;—",LONG_CHUNK_NO_SAFE_SPLIT,METADATA_REVIEW,REVIEW,A_LONG,"85. Transfer of property which cannot be sold:-(1) When in execution of an order sought to be executed under Section 98 any property cannot be sold for want of buyers, if such property is in the posse"
MH_RULES_1961_FORM_P_SUB_6,MH_RULES_1961,child,637,75,77,,,,"Form P, make the following averments, namely ;—",,METADATA_REVIEW;TOPIC_TAG_REVIEW,REVIEW,,"1[86. Payment of fees for decisions of disputes:- (J) The Registrar or the Co-operative Court, as the case may be, may take a dispute on file only if the application regarding reference for such dispu"
MH_RULES_1961_RULE_87,MH_RULES_1961,child,127,77,78,,87,,Mode of communication of an interim order under Section 102:- An,,METADATA_REVIEW;TOPIC_TAG_REVIEW,REVIEW,,"Chapter IX Liquidation

87. Mode of communication of an interim order under Section 102:- An interim order under clause (a) or sub-clause (iv) of clause (c) or sub-section (i) of Section 102 shall cal"
MH_RULES_1961_RULE_89,MH_RULES_1961,child,858,78,79,,89,,Appointment of Liquidator and the procedure to be followed and powers,STRUCTURE_UNCERTAIN,METADATA_REVIEW;TOPIC_TAG_REVIEW,REVIEW,E_STRUCTURE,89. Appointment of Liquidator and the procedure to be followed and powers to be exercised by him:- The following procedure shall be adopted for the appointment of the Liquidator and for the exercise o
MH_RULES_1961_RULE_91,MH_RULES_1961,child,162,79,79,,91,,Interest on amounts due from a society under liquidation: - The creditor,,METADATA_REVIEW,REVIEW,,"91. Interest on amounts due from a society under liquidation: - The creditor of a society, which is being wound up, may apply to the Liquidator for payment of interest on any debt due from the society"
MH_RULES_1961_RULE_92,MH_RULES_1961,child,233,79,80,,92,,Disposal of records of society whose registration is cancelled:- (1) When,STRUCTURE_UNCERTAIN,METADATA_REVIEW,REVIEW,E_STRUCTURE,"92. Disposal of records of society whose registration is cancelled:-

(1) When an order directing a society to be wound up is issued under Section 102 and no Liquidator is appointed, the officers of t"
MH_RULES_1961_RULE_93,MH_RULES_1961,child,1449,80,82,,93,,Procedure for Submission and consideration of applications for loans,LONG_CHUNK_NO_SAFE_SPLIT;STRUCTURE_UNCERTAIN;TOC_REVIEW,METADATA_REVIEW,REVIEW,A_LONG;E_STRUCTURE,"Chapter X

Land Development Banks

93. Procedure for Submission and consideration of applications for loans from Land Development Banks:-

(1) All applications for loans from a Land Development Bank s"
MH_RULES_1961_RULE_94,MH_RULES_1961,child,61,82,82,,94,,Registration of copies of instruments under Section 122:- Copies of,,METADATA_REVIEW,REVIEW,,"94. Registration of copies of instruments under Section 122:- Copies of instruments referred to in Section 122, duly certified by the Manager of the Land Development Bank, shall be sent by the Land De"
MH_RULES_1961_RULE_95,MH_RULES_1961,child,52,82,82,,95,,Authority to Land Development Bank to exercise power under Section,,METADATA_REVIEW,REVIEW,,95. Authority to Land Development Bank to exercise power under Section 133(1):- The authorisation for the purposes of clause (a) of the proviso to sub-section (1) of Section 133 shall be granted to th
MH_RULES_1961_RULE_96,MH_RULES_1961,child,214,82,83,,96,,Appointment of Receiver and his powers under Section 133:- (1) The,STRUCTURE_UNCERTAIN,METADATA_REVIEW,REVIEW,E_STRUCTURE,"96. Appointment of Receiver and his powers under Section 133:-

(1) The State Land Development Bank may, on the application of a Land Development Bank and under circumstances in which the power of sal"
MH_RULES_1961_RULE_97,MH_RULES_1961,child,84,83,83,,97,,"Appointment, qualifications and powers and functions of a Sale Officer",,METADATA_REVIEW,REVIEW,,"97. Appointment, qualifications and powers and functions of a Sale Officer under Section 133:- A Land Development Bank may, from time to time, by a resolution of its committee, appoint any of its offi"
MH_RULES_1961_RULE_98,MH_RULES_1961,child,226,83,83,,98,,Procedure for distraint and sale of the produce of the mortgaged land,,METADATA_REVIEW,REVIEW,,98. Procedure for distraint and sale of the produce of the mortgaged land and sale of mortgaged property:- The procedure laid down in Rule 107 shall mutatis mutandis apply for the distraint and sale o
MH_RULES_1961_RULE_99,MH_RULES_1961,child,144,83,83,,99,,Circumstances under which the State Land Development Bank or the,,METADATA_REVIEW,REVIEW,,"99. Circumstances under which the State Land Development Bank or the Trustee may take action under Section 133(2):-

(1) If a Land Development Bank fails to take action against a defaulter under Secti"
MH_RULES_1961_RULE_100,MH_RULES_1961,child,366,83,84,,100,,Submission of report for confirmation of sale under Section 134,,METADATA_REVIEW,REVIEW,,"100. Submission of report for confirmation of sale under Section 134.

(1) When the sale of the mortgaged property has been effected by a Land Development Bank under Section 133 and the purchase amoun"
MH_RULES_1961_RULE_102,MH_RULES_1961,child,193,84,85,,102,,Sale of immovable property purchase by a Land Development Bank:,,METADATA_REVIEW,REVIEW,,"102. Sale of immovable property purchase by a Land Development Bank:-

(1)The Land Development Bank or the State Land Development Bank, which has purchased any immovable property sold under Chapter XI"
MH_RULES_1961_RULE_103,MH_RULES_1961,child,91,85,85,,103,,Certain provisions of Rule 107 to apply to sale of immovable property,STRUCTURE_UNCERTAIN,METADATA_REVIEW,REVIEW,E_STRUCTURE,"103. Certain provisions of Rule 107 to apply to sale of immovable property under Chapter XI of the Act:-

(1) The provisions of clauses (e), (f), (g)t (h), (i).

(j) and (k) of sub-rule (11) and of su"
MH_RULES_1961_CONTEXT_088,MH_RULES_1961,child,554,85,86,,,,,RULE_IDENTIFIER_MISSING;STRUCTURE_UNCERTAIN,METADATA_REVIEW;MISSING_STRUCTURAL_ID;TOPIC_TAG_REVIEW,REVIEW,E_STRUCTURE,"Chapter XI

Appeals, Review and Revision

1104. Qualifications of President and other members of the Maharashtra State Cooperative Appellate Court, and their appointment:-

(1) The State Government sh"
MH_RULES_1961_RULE_105,MH_RULES_1961,child,49,86,86,,105,,Constitution of authority by the State Government to hear appeals,,METADATA_REVIEW,REVIEW,,"105. Constitution of authority by the State Government to hear appeals which lie to that Government:- The appeals which lie to the State Government under the Act may be heard by 1[the Secretary, the A"
MH_RULES_1961_RULE_106,MH_RULES_1961,child,597,86,87,,106,,Procedure for presentation to and disposal of appeals by State,,METADATA_REVIEW,REVIEW,,"106. Procedure for presentation to and disposal of appeals by State Government and Registrar under Section 152:-

(1) An appeal to the State Government or the Registrar shall be presented by the appel"
MH_RULES_1961_RULE_107,MH_RULES_1961,child,5770,87,95,,107,,1 [Procedure for attachment and sale of property under Section 156.]:,LONG_CHUNK_NO_SAFE_SPLIT;STRUCTURE_UNCERTAIN,METADATA_REVIEW;TOPIC_TAG_REVIEW,REVIEW,A_LONG;E_STRUCTURE;C_TOP20_LONG,"Chapter XII

Miscellaneous

107.1 [Procedure for attachment and sale of property under Section 156.]:-

1[(l) A creditor holding a decree requiring the provisions of Section 156 to be applied, or soci"
MH_RULES_1961_RULE_107A,MH_RULES_1961,child,1405,95,99,,107A,,Maximum rates of travelling allowance and daily allowance and,LONG_CHUNK_NO_SAFE_SPLIT;STRUCTURE_UNCERTAIN;TABLE_REVIEW,METADATA_REVIEW;TOPIC_TAG_REVIEW,REVIEW,A_LONG;E_STRUCTURE;F_TABLE,"1[ 107A. Maximum rates of travelling allowance and daily allowance and sitting fees, etc for members of Committees:- Subject to the provisions of section 160-A, no member of a committee of any society"
MH_RULES_1961_FORM_093,MH_RULES_1961,child,23,99,99,,,,the form of personal security of,,METADATA_REVIEW;MISSING_STRUCTURAL_ID,REVIEW,,"the form of personal security of

is Rs. 1.50 lakhs or less.

fidelity guarantee policy or

(b) Full amount in cash or in"
MH_RULES_1961_FORM_094,MH_RULES_1961,child,574,99,101,,,,the form of Government,TOC_REVIEW,METADATA_REVIEW;MISSING_STRUCTURAL_ID;TOPIC_TAG_REVIEW,REVIEW,,"the form of Government securities or postal saving certificates, duly endorsed in favour of the society. If the paid-up share capital

Do.

(2)

2,000 1,000

of the society to which the security to be"
MH_RULES_1961_FORM_A,MH_RULES_1961,child,712,101,104,,,,Form ‘A’,,METADATA_REVIEW;TOPIC_TAG_REVIEW,REVIEW,,"Form ‘A’

[See Rule 4(1)1

Application for Registration of Society

Place :.

Date :

To

The Additional/Joint/Deputy/Assistant/Registrar,* Co-operative Societies ....................

We submit herew"
MH_RULES_1961_FORM_B,MH_RULES_1961,child,121,104,105,,,,Form ‘B’,,METADATA_REVIEW,REVIEW,,"Form ‘B’ [See Rule 5(1))

Register of applications for registration received in the office of the Registrar/Additional/Joint/Deputy/Assistant Registrar

Serial Name of the Place village, Date of Date "
MH_RULES_1961_FORM_C,MH_RULES_1961,child,259,106,106,,,,Form ‘C’,,METADATA_REVIEW,REVIEW,,"Form ‘C’ [See Rule 6]

Report to Government

To

The Secretary to Government.

............................... ..... Department,

Bombay

Registration proposal Subject:-------------------

Report rega"
MH_RULES_1961_FORM_D,MH_RULES_1961,child,119,106,107,,,,Form 'D’,,METADATA_REVIEW,REVIEW,,"Form 'D’

[See Rule 11(1)]

Register of Co-operative Societies registered or deemed to be registered

under the Act Part …………………………. District ……………………

Registered Full name Taluka Date of File No. Cla"
MH_RULES_1961_FORM_E,MH_RULES_1961,child,178,108,108,,,,Form 'E’,,METADATA_REVIEW,REVIEW,,"Form 'E’ [See Rule 13(1)]

Notice under rule 13(1)

By Registered Post A.D.

To

The Chairman, …………………………………..Co-operative Society,

Sir,

It appears to me that an amendment/amendments of the by-laws "
MH_RULES_1961_FORM_F,MH_RULES_1961,child,181,108,109,,,,Form ‘F’,,METADATA_REVIEW,REVIEW,,"Form ‘F’ [See Rule 13(3)]

Notice under rule 13(3}

To The Chairman,

...... …………………….. Co-operative Society,

Sir,

Whereas you were called upon to make amendment to the by-laws of your society as pe"
MH_RULES_1961_FORM_G,MH_RULES_1961,child,457,109,110,,,,Form ‘G’,,METADATA_REVIEW,REVIEW,,"Form ‘G’

[See Rule 16(3)]

Notice to members, creditors and other persons whose interests will be

affected by the amalgamation/transfer of assets and

liabilities/conversion/division

Notice is here"
MH_RULES_1961_FORM_H,MH_RULES_1961,child,132,110,112,,,,Form ‘H',,METADATA_REVIEW;TOPIC_TAG_REVIEW,REVIEW,,"Form ‘H' [See Rule 18(1)]

Application for reconstruction of a society

To

The Registrar of Co-operative Societies,

In the special general meeting of................................................."
MH_RULES_1961_FORM_103,MH_RULES_1961,child,267,112,112,,,,Form to be used by the eligible person for giving application for,,METADATA_REVIEW;MISSING_STRUCTURAL_ID,REVIEW,,"Form to be used by the eligible person for giving application for

membership of a society under sub-section 23(1 A) of the

Maharashtra Co-operative

Societies Act, 1960

To

The Chairman, (through t"
MH_RULES_1961_FORM_I,MH_RULES_1961,child,156,113,113,,,,Form ‘I’,,METADATA_REVIEW,REVIEW,,"Form ‘I’ [See Rules 32 and 65{l)j

Register of members [Section 38(1) of the Maharashtra Co-operative Societies Act, 1960]

1. Serial Number

2. Date of admission

3. Date of payment of entrance fee

"
MH_RULES_1961_FORM_J,MH_RULES_1961,child,23,114,114,,,,Form ‘J’,,METADATA_REVIEW;TOPIC_TAG_REVIEW,REVIEW,,"Form ‘J’ [See Rule 33]

List of Members of ................. Society Limited/Unlimited

Serial Full name of the Address Class of Member No. Member"
MH_RULES_1961_FORM_K,MH_RULES_1961,child,72,114,114,,,,Form ‘K’,,METADATA_REVIEW;TOPIC_TAG_REVIEW,REVIEW,,"Form ‘K’ [See Rule 45(1)]

Declaration under Rule 45(1)

1 ............................................... of ........................................ am/have become a member of more than one credit s"
MH_RULES_1961_FORM_L,MH_RULES_1961,child,143,114,115,,,,Form ‘L’,,METADATA_REVIEW,REVIEW,,"Form ‘L’ [See Rule 48(1)]

Declaration under Section 43 I ................................................ (age.......) residing at,. ..................... having been admitted to the membership of .."
MH_RULES_1961_SCHEDULE_108,MH_RULES_1961,child,157,115,116,,,,Schedule,,METADATA_REVIEW,REVIEW,,"Schedule

Survey No. Name of Name of Name of City Survey No. Boundaries Area

village Taluka District Plot No. Plot South North Acres Gunthas

Hissa East West

Assessment Encumbrances, if any ________"
MH_RULES_1961_FORM_M_002,MH_RULES_1961,child,239,116,117,,,,Form ‘M’,,METADATA_REVIEW;TOPIC_TAG_REVIEW,REVIEW,,"Form ‘M’ [See Rule 48(2)]

Register of declarations made under Section 48(a)/(b)

Serial Date of entry Name of the Date of Name of the Survey No. City

No. in the Member declaration village in which

"
MH_RULES_1961_FORM_M_003,MH_RULES_1961,child,6,117,117,,,,Form M-2,SHORT_CHUNK,METADATA_REVIEW,REVIEW,B_SHORT,Form M-2 [See Rule 56A (3)]
MH_RULES_1961_FORM_111,MH_RULES_1961,child,273,117,118,,,,Form of report to be handed over personally by the Chairman or Vice-,,METADATA_REVIEW;MISSING_STRUCTURAL_ID;TOPIC_TAG_REVIEW,REVIEW,,"Form of report to be handed over personally by the Chairman or Vice-

Chairman of the notified society on or before 30th September of the proceeding calender year in which the term of the office of th"
MH_RULES_1961_FORM_M_004,MH_RULES_1961,child,591,118,119,,,,Form M-3,,METADATA_REVIEW;TOPIC_TAG_REVIEW,REVIEW,,"Form M-3 [See Rule 56K]

Office of the Returning Officer, ..... ....................... ………………………………….

(present office designation shall be mentioned)

Name of the Co-operative Society..............."
MH_RULES_1961_FORM_M_005,MH_RULES_1961,child,6,119,119,,,,Form M-4,SHORT_CHUNK,METADATA_REVIEW,REVIEW,B_SHORT,Form M-4 [See Rule 56M (2))
MH_RULES_1961_FORM_114,MH_RULES_1961,child,455,119,121,,,,Form of Nomination Paper,,METADATA_REVIEW;MISSING_STRUCTURAL_ID;TOPIC_TAG_REVIEW,REVIEW,,"Form of Nomination Paper

Election to the.......................... Co-operative Society Ltd..................... Tahsil ............................... , District ................................

(T"
MH_RULES_1961_FORM_M_006,MH_RULES_1961,child,128,121,122,,,,Form M-5,,METADATA_REVIEW;TOPIC_TAG_REVIEW,REVIEW,,"Form M-5

(See Rule 56V)

Final List of contesting candidates

Election to the Managing Committee member of ……………………………Co-operative

Society Ltd. …………………………Tahsil …………………………District ………………… from the

"
MH_RULES_1961_FORM_M_007,MH_RULES_1961,child,144,122,123,,,,Form M-6,,METADATA_REVIEW;TOPIC_TAG_REVIEW,REVIEW,,"Form M-6 [See Rule 56V (I)]

Appointment, of Polling Agents

Election to the Managing Committee members of ...... , ....................... Co-operative Society Ltd...................................."
MH_RULES_1961_FORM_M_008,MH_RULES_1961,child,188,123,123,,,,Form M-7,,METADATA_REVIEW;TOPIC_TAG_REVIEW,REVIEW,,"Form M-7 (See Rule 56V(3)]

Common form for appointment of Polling Agents and

also to work as Counting Agents Election to the Managing Committee members of. ..................................... Co-o"
MH_RULES_1961_FORM_M_009,MH_RULES_1961,child,179,125,125,,,,Form M-8,,METADATA_REVIEW;TOPIC_TAG_REVIEW,REVIEW,,"Form M-8 [See Rule 56V (4)]

Appointment of Counting Agents

Election to the Managing Committee members of. ...................... Co-

operative Society Ltd.,.................... Tahsil.............."
MH_RULES_1961_FORM_M_010,MH_RULES_1961,child,5,125,125,,,,Form M-9,SHORT_CHUNK,METADATA_REVIEW,REVIEW,B_SHORT,Form M-9 [See Rule 56X]
MH_RULES_1961_FORM_120,MH_RULES_1961,child,147,125,126,,,,Form of declaration of result of uncontested election,,METADATA_REVIEW;MISSING_STRUCTURAL_ID,REVIEW,,"Form of declaration of result of uncontested election

....................................... Co-operative Society Ltd.....................................

(name of society)

Tahsil ................"
MH_RULES_1961_FORM_M_011,MH_RULES_1961,child,6,126,126,,,,Form M-10,SHORT_CHUNK,METADATA_REVIEW,REVIEW,B_SHORT,Form M-10 [See Rule 56 A-1]
MH_RULES_1961_FORM_122,MH_RULES_1961,child,36,126,126,,,,Form of Ballot Paper,,METADATA_REVIEW;MISSING_STRUCTURAL_ID,REVIEW,,"Form of Ballot Paper

...................................... Co-operative Society Ltd ..................................... Tahsil ........................... District ............................

El"
MH_RULES_1961_FORM_M_012,MH_RULES_1961,child,119,126,127,,,,Form M - 1 1,,METADATA_REVIEW,REVIEW,,"Form M - 1 1 [See Rule 56A-6(2))

List of challenged votes

Election to the ............................... Co-operative Society Ltd ........................

(name of society)

Tahsil ..............."
MH_RULES_1961_FORM_M_013,MH_RULES_1961,child,5,127,127,,,,Form M-12,SHORT_CHUNK,METADATA_REVIEW,REVIEW,B_SHORT,Form M-12 [See Rule 56A-11(1)]
MH_RULES_1961_FORM_125,MH_RULES_1961,child,126,127,128,,,,Form of declaration by companion of blind or infirm voter,,METADATA_REVIEW;MISSING_STRUCTURAL_ID,REVIEW,,"Form of declaration by companion of blind or infirm voter

Election to the ................................ Co-operative Society Ltd .......................

(name of society)

Tahsil ................"
MH_RULES_1961_FORM_M_014,MH_RULES_1961,child,67,128,128,,,,Form M-13,TABLE_REVIEW,METADATA_REVIEW,REVIEW,F_TABLE,"Form M-13 [See Rule 56A-11(2))

List of Blind and Infirm voters

Election to the ................................ Co-operative Society Ltd .......................,

(name of society)

Tahsil ........."
MH_RULES_1961_FORM_M_015,MH_RULES_1961,child,103,128,129,,,,Form M-14,TABLE_REVIEW,METADATA_REVIEW,REVIEW,F_TABLE,"Form M-14 [See Rule 56A-13(2)1

Tendered Voters List

Election to the ................................ Co-operative Society Ltd.,......................

(name of society)

Tahsil ....................."
MH_RULES_1961_FORM_M_016,MH_RULES_1961,child,132,129,130,,,,Form M-15,,METADATA_REVIEW,REVIEW,,"Form M-15 [See Rule 56A-16(1)]

Ballot Papers Account

Election to the ...................... Co-operative Society Ltd ..................................

(name of constituency)

Tahsil .............."
MH_RULES_1961_FORM_M_017,MH_RULES_1961,child,5,130,130,,,,Form M-16,SHORT_CHUNK,METADATA_REVIEW,REVIEW,B_SHORT,Form M-16 [See Rule 56A-24(2)]
MH_RULES_1961_FORM_130,MH_RULES_1961,child,73,130,130,,,,Form of Result Sheet,,METADATA_REVIEW;MISSING_STRUCTURAL_ID,REVIEW,,"Form of Result Sheet

Election to the ................................ Co-operative Society Ltd .......................

(name of society)

Tahsil................... District .................. from t"
MH_RULES_1961_FORM_M_018,MH_RULES_1961,child,5,130,130,,,,Form M-17,SHORT_CHUNK,METADATA_REVIEW,REVIEW,B_SHORT,Form M-17 [See Rule 56A-29]
MH_RULES_1961_FORM_132,MH_RULES_1961,child,99,130,131,,,,Form of declaration of result and publication of names,,METADATA_REVIEW;MISSING_STRUCTURAL_ID;TOPIC_TAG_REVIEW,REVIEW,,"Form of declaration of result and publication of names

of member of the Committee

(Return of Election)

Election to the ..................................... Co-operative Society Ltd.,... .........."
MH_RULES_1961_FORM_133,MH_RULES_1961,child,127,131,131,,,,Form of Requisition to call Special Meeting of the,,METADATA_REVIEW;MISSING_STRUCTURAL_ID;TOPIC_TAG_REVIEW,REVIEW,,"Form of Requisition to call Special Meeting of the

Committee to consider Motion of No Confidence

Place : Date : To

The ................................... Registrar of Co-operative Societies, We, t"
MH_RULES_1961_FORM_M_019,MH_RULES_1961,child,204,131,132,,,,Form M-19,,METADATA_REVIEW;TOPIC_TAG_REVIEW,REVIEW,,"Form M-19 [See Rule 57A(7)]

Certificate regarding the result of the requisitioned special meeting of the Committee of .................................... Co-operative Society in respect of

No Confi"
MH_RULES_1961_FORM_N,MH_RULES_1961,child,1108,133,138,,,,FORM N,LONG_CHUNK_NO_SAFE_SPLIT,METADATA_REVIEW;TOPIC_TAG_REVIEW,REVIEW,A_LONG,"FORM N [See Rule 62(1)]

Balance Sheet

Instructions in accordance Liabilities with which liabilities should be Figures for

Figures

made out

the

for the

previous

current

1

year

3

year

2

4 "
MH_RULES_1961_FORM_N_002,MH_RULES_1961,child,263,139,139,,,,FORM ‘N',TABLE_REVIEW,METADATA_REVIEW;TOPIC_TAG_REVIEW,REVIEW,F_TABLE,"FORM ‘N' Profit and Loss Account

Last

Lost

This

This

year's

year's

year's

Income

Expenditure year's

figures

figures

figures

Rs. nP.

Rs. nP.

Rs. nP.

Interest Received :

. ... (I)

Inte"
MH_RULES_1961_FORM_O,MH_RULES_1961,child,116,140,140,,,,Form ‘O’,,METADATA_REVIEW,REVIEW,,"Form ‘O’ (See Rule 73)

Rectification report under Section 82/87

Date of Audit : Period covered :

No. and date of order under Section 83/84: Name and designation of person carrying

out audit, inqui"
MH_RULES_1961_FORM_P_002,MH_RULES_1961,child,209,141,141,,,,Form ‘P’,,METADATA_REVIEW,REVIEW,,"Form ‘P’ (See Rule 75).

Application regarding reference of a dispute To

The Registrar/Additional/Joint/Deputy/Assistant Registrar

1. Name Age Occupation Address 2. Name Age Occupation Address Dispu"
MH_RULES_1961_FORM_Q,MH_RULES_1961,child,337,142,142,,,,Form ‘Q’,,METADATA_REVIEW,REVIEW,,"Form ‘Q’ (See Rule 82)

Proclamation to be issued at the time of issue of a certificate under Section

98

A. In the case of immovable property :

Whereas ........................... (judgment-credito"
MH_RULES_1961_FORM_R,MH_RULES_1961,child,151,143,143,,,,Form ‘R’,,METADATA_REVIEW,REVIEW,,"Form ‘R’

[See Rule 85(5)]

Certificate for Transfer of Property under Section 100

In the case of immovable property :

Whereas in execution of the award or order or awards or orders passed under Sec"
MH_RULES_1961_SCHEDULE_141,MH_RULES_1961,child,29,143,143,,,,Schedule hereto annexed.,,METADATA_REVIEW,REVIEW,,"Schedule hereto annexed.

Description of the property

Details of encumbrances Survey Area and assessment Nature of right title and to which property

No. interest of the defaulter is subject"
MH_RULES_1961_SCHEDULE_142,MH_RULES_1961,child,63,143,143,,,,The Schedule,,METADATA_REVIEW,REVIEW,,"The Schedule

The said property is transferred to the society in full/partial satisfaction of the amount due to it from the debtor.

Given under my hand and seal of the Court/Collector/Registrar this."
MH_RULES_1961_FORM_S,MH_RULES_1961,child,505,144,145,,,,Form ‘S’,,METADATA_REVIEW,REVIEW,,"Form ‘S’ (See Rule 93(8)]

Public Notice under Rule 93 Whereas Shri:.... ........................... resident of ................................ has applied for loan for the purpose of (specify purpo"
MH_RULES_1961_FORM_T,MH_RULES_1961,child,154,145,145,,,,Form ‘T’,,METADATA_REVIEW,REVIEW,,"Form ‘T’ (See Rule 101)

Certificate to be granted to the purchaser of the property under Section

136(1) of the Maharashtra Co-operative Societies Act, 1960

This is to certify that the following pro"
PACS_MODEL_BYLAWS_DOC,PACS_MODEL_BYLAWS,parent,2,3,37,,,,,CONTEXT_PARENT;SHORT_CHUNK,METADATA_REVIEW;TOPIC_TAG_REVIEW,REVIEW,B_SHORT;D_TOP20_SHORT,CHAPTER I
PACS_MODEL_BYLAWS_CLAUSE_1,PACS_MODEL_BYLAWS,child,18,3,3,,,1,NAME,SHORT_CHUNK,METADATA_REVIEW;TOPIC_TAG_REVIEW,REVIEW,B_SHORT,"CHAPTER I

IDENTIFICATION OF COOPERATIVE SOCIETY

1. NAME : Bahu-Uddeshiye Prathmik Gramin Cooperative

Samiti (B-PACS) or Bahu-Uddeshiye LAMPS"
PACS_MODEL_BYLAWS_CLAUSE_2,PACS_MODEL_BYLAWS,child,17,3,3,,,2,ADDRESS,SHORT_CHUNK,METADATA_REVIEW;TOPIC_TAG_REVIEW,REVIEW,B_SHORT,"2. ADDRESS : Registered and Postal Address of the Society

(Location of the Society) & E-mail address"
PACS_MODEL_BYLAWS_CLAUSE_3,PACS_MODEL_BYLAWS,child,31,3,3,,,3,AREA OF OPERATION,,METADATA_REVIEW;TOPIC_TAG_REVIEW,REVIEW,,"3. AREA OF OPERATION : The following Revenue village (s) / Panchayat

(s) will be in the area of operation of the

Society;

i) ___________

ii) ___________

iii) ___________

iv) ___________"
PACS_MODEL_BYLAWS_CLAUSE_4,PACS_MODEL_BYLAWS,child,841,3,6,,,4,DEFINITIONS:,,METADATA_REVIEW;TOPIC_TAG_REVIEW,REVIEW,,"4. DEFINITIONS:

(1) ""Act"" means the Cooperative Societies Act under which the Society is

registered;

(2) “Agriculture” means agriculture and allied activities;

(3) ""Area of operation"" means the ge"
PACS_MODEL_BYLAWS_CLAUSE_5,PACS_MODEL_BYLAWS,child,685,7,9,,,5,OBJECTIVES OF THE SOCIETY,,METADATA_REVIEW;TOPIC_TAG_REVIEW,REVIEW,,"CHAPTER II

OBJECTIVES AND SERVICES

5. OBJECTIVES OF THE SOCIETY

The Objectives of the Society shall be:

(1) To provide to its members timely and adequate Short and Medium term credit for

developm"
PACS_MODEL_BYLAWS_CLAUSE_6,PACS_MODEL_BYLAWS,child,215,9,9,,,6,SERVICES OF THE SOCIETY,,METADATA_REVIEW;TOPIC_TAG_REVIEW,REVIEW,,"6. SERVICES OF THE SOCIETY

The services or business facilities in which the Society can engage itself, keeping in view

the above objectives, are as follows:

(1) Any activity related to backward & f"
PACS_MODEL_BYLAWS_CLAUSE_7,PACS_MODEL_BYLAWS,parent,5,10,15,,,7,MEMBERSHIP:,CONTEXT_PARENT;SHORT_CHUNK,METADATA_REVIEW;TOPIC_TAG_REVIEW,REVIEW,B_SHORT,"CHAPTER III

MEMBERSHIP

7. MEMBERSHIP:"
PACS_MODEL_BYLAWS_CLAUSE_7_SUB_1,PACS_MODEL_BYLAWS,child,57,10,10,,,7,MEMBERSHIP:,,METADATA_REVIEW;TOPIC_TAG_REVIEW,REVIEW,,"(1) TYPES OF MEMBERSHIP: The Society shall have two types of membership or

types of membership as provided by the State Act/ Rules.

“A”-CLASS MEMBERS: ‘A’ class members are the shareholders of the S"
PACS_MODEL_BYLAWS_CLAUSE_7_SUB_2,PACS_MODEL_BYLAWS,child,134,10,10,,,7,MEMBERSHIP:,,METADATA_REVIEW;TOPIC_TAG_REVIEW,REVIEW,,"(2) ELIGIBILITY FOR ‘A’ CLASS MEMBERSHIP:

The following persons, subject to fulfillment of the eligibility condition, shall be A-Class

Members:

a) The promoters at the time of registration of Socie"
PACS_MODEL_BYLAWS_CLAUSE_7_SUB_3,PACS_MODEL_BYLAWS,child,229,10,11,,,7,MEMBERSHIP:,,METADATA_REVIEW;TOPIC_TAG_REVIEW,REVIEW,,"(3) ELIGIBILITY AND OTHER CONDITIONS FOR ‘B’-CLASS MEMBERSHIP:

a) A person who desires to have a business relationship with Society shall be

admitted as nominal member by payment of admission fee of"
PACS_MODEL_BYLAWS_CLAUSE_7_SUB_4,PACS_MODEL_BYLAWS,child,222,11,11,,,7,MEMBERSHIP:,,METADATA_REVIEW;TOPIC_TAG_REVIEW,REVIEW,,"(4) INELIGIBILITY OR DISQUALIFICATION OF MEMBERS:

A person shall not be eligible for admission or continuing as member of the Society, and

shall cease to be member, if he:

a) has been sentenced for"
PACS_MODEL_BYLAWS_CLAUSE_7_SUB_5,PACS_MODEL_BYLAWS,child,266,12,12,,,7,MEMBERSHIP:,,METADATA_REVIEW;TOPIC_TAG_REVIEW,REVIEW,,"(5) PROCEDURE FOR MEMBERSHIP:

a) Any person who is desirous of becoming a member of the Society and is eligible

as per the Byelaws, may obtain an application form at a prescribed fee and may

submit"
PACS_MODEL_BYLAWS_CLAUSE_7_SUB_6,PACS_MODEL_BYLAWS,child,200,12,13,,,7,MEMBERSHIP:,,METADATA_REVIEW;TOPIC_TAG_REVIEW,REVIEW,,"(6) SHARES SUBSCRIPTION BY THE MEMBERS:

a) Maximum shareholding by a member except Government shall be limited to 1/5th

of the total subscribed share capital of the Society.

b) Every Individual to "
PACS_MODEL_BYLAWS_CLAUSE_7_SUB_7,PACS_MODEL_BYLAWS,child,387,13,14,,,7,MEMBERSHIP:,,METADATA_REVIEW;TOPIC_TAG_REVIEW,REVIEW,,"(7) RIGHTS OF MEMBER:

1. ‘A’ Class Member: Every ‘A’ class member shall have the following rights:

a) to attend, participate and vote in General Body Meeting of the Society;

b) to receive a copy of"
PACS_MODEL_BYLAWS_CLAUSE_7_SUB_8,PACS_MODEL_BYLAWS,child,110,14,14,,,7,MEMBERSHIP:,,METADATA_REVIEW;TOPIC_TAG_REVIEW,REVIEW,,"(8) DUTIES OF MEMBER:

a) Every applicant before being admitted to the membership of the Society shall sign

a declaration that he has read and understood the provisions of the Byelaws and

shall be b"
PACS_MODEL_BYLAWS_CLAUSE_7_SUB_9,PACS_MODEL_BYLAWS,child,41,14,14,,,7,MEMBERSHIP:,,METADATA_REVIEW;TOPIC_TAG_REVIEW,REVIEW,,"(9) LIABILITIY OF MEMEBRS:

The ‘A’ class members of the Society shall, in the event of liquidation/dissolution, be jointly

and severally liable to contribute towards deficit in the assets, limited t"
PACS_MODEL_BYLAWS_CLAUSE_7_SUB_10,PACS_MODEL_BYLAWS,child,105,15,15,,,7,MEMBERSHIP:,,METADATA_REVIEW;TOPIC_TAG_REVIEW,REVIEW,,"(10) WITHDRAWAL OF MEMBERSHIP AND SHARE CAPITAL:

Membership can be withdrawn only after adoption of resolution in a meeting of Board of

Directors. All such resolutions will be placed before the Gene"
PACS_MODEL_BYLAWS_CLAUSE_7_SUB_11,PACS_MODEL_BYLAWS,child,100,15,15,,,7,MEMBERSHIP:,,METADATA_REVIEW;TOPIC_TAG_REVIEW,REVIEW,,"(11) EXPULSION OF MEMBER:

A Member of the Society may be expelled by a resolution in the General Body with a

minimum quorum of 50% and passed by 2/3rd majority present and voting if: -

a) He has ac"
PACS_MODEL_BYLAWS_CLAUSE_7_SUB_12,PACS_MODEL_BYLAWS,child,44,15,15,,,7,MEMBERSHIP:,,METADATA_REVIEW;TOPIC_TAG_REVIEW,REVIEW,,"(12) NOMINATION BY MEMBER:

A member may nominate a person as nominee in whose favour the Society shall dispose

of the share or interest of such member on his death. In case no nominee is designated,"
PACS_MODEL_BYLAWS_CLAUSE_8,PACS_MODEL_BYLAWS,child,568,16,17,,,8,FUNDS AND RESOURCES:,,METADATA_REVIEW;TOPIC_TAG_REVIEW,REVIEW,,"CHAPTER IV

CAPITAL AND FUNDS

8. FUNDS AND RESOURCES:

The Society shall ordinarily obtain funds from the following sources:

1. Admission fee

2. Share Capital

3. Borrowings

4. Deposit

5. Reserve"
PACS_MODEL_BYLAWS_CLAUSE_9,PACS_MODEL_BYLAWS,parent,830,18,20,,,9,GENERAL BODY,,METADATA_REVIEW;TOPIC_TAG_REVIEW,REVIEW,,"CHAPTER V

MANAGEMENT OF SOCIETY

9. GENERAL BODY

(1) The final authority in the Society shall vest in the General Body. The General Body

of the Society shall consist of the following:

a) All ‘A’ c"
PACS_MODEL_BYLAWS_CLAUSE_9_SUB_1,PACS_MODEL_BYLAWS,child,37,18,18,,,9,GENERAL BODY,,METADATA_REVIEW;TOPIC_TAG_REVIEW,REVIEW,,"(1) The final authority in the Society shall vest in the General Body. The General Body

of the Society shall consist of the following:

a) All ‘A’ class members/shareholders of the Society;

b) Nomin"
PACS_MODEL_BYLAWS_CLAUSE_9_SUB_2,PACS_MODEL_BYLAWS,child,193,18,18,,,9,GENERAL BODY,,METADATA_REVIEW;TOPIC_TAG_REVIEW,REVIEW,,"(2) Without prejudice to the other provisions of the Byelaws, the General Body shall

have the following powers and duties: -

a) Election and removal of the Board of Directors in accordance with the
"
PACS_MODEL_BYLAWS_CLAUSE_9_SUB_3,PACS_MODEL_BYLAWS,child,193,19,19,,,9,GENERAL BODY,,METADATA_REVIEW;TOPIC_TAG_REVIEW,REVIEW,,"(3) The General Body shall meet from time to time for transaction of business and

such meetings shall be called the General Body Meetings and shall be of three

kinds.

a) Annual General Body Meeting"
PACS_MODEL_BYLAWS_CLAUSE_9_SUB_4,PACS_MODEL_BYLAWS,child,35,19,19,,,9,GENERAL BODY,,METADATA_REVIEW;TOPIC_TAG_REVIEW,REVIEW,,"(4) The General Body shall meet at least once a year. The General Body Meeting

may be called by the Board or by Chief Executive Officer of the Society under the

direction of the Board."
PACS_MODEL_BYLAWS_CLAUSE_9_SUB_5,PACS_MODEL_BYLAWS,child,97,19,19,,,9,GENERAL BODY,,METADATA_REVIEW;TOPIC_TAG_REVIEW,REVIEW,,"(5) At least 15 clear days’ notice, specifying the date, place, time and agenda of

General Body Meeting, shall be given to all members. The notice of a General

Body Meeting may be given in one or mo"
PACS_MODEL_BYLAWS_CLAUSE_9_SUB_6,PACS_MODEL_BYLAWS,child,107,20,20,,,9,GENERAL BODY,,METADATA_REVIEW;TOPIC_TAG_REVIEW,REVIEW,,"(6) The quorum for the General Body Meeting shall be one-fourth of the total number

of the members or 500 members, whichever is less, or as provided in the Act and

Rules. If at the time fixed for Ge"
PACS_MODEL_BYLAWS_CLAUSE_9_SUB_7,PACS_MODEL_BYLAWS,child,39,20,20,,,9,GENERAL BODY,,METADATA_REVIEW;TOPIC_TAG_REVIEW,REVIEW,,"(7) If the meeting has been called on the requisition of the members and the quorum

is not complete, the meeting shall be adjourned and no further General Body

Meeting shall be convened on the stren"
PACS_MODEL_BYLAWS_CLAUSE_9_SUB_8,PACS_MODEL_BYLAWS,child,34,20,20,,,9,GENERAL BODY,,METADATA_REVIEW;TOPIC_TAG_REVIEW,REVIEW,,"(8) The President or in his absence the Vice President shall preside over meetings

of the General Body. When both of them are absent, the members present shall

elect a Chairman for the meeting."
PACS_MODEL_BYLAWS_CLAUSE_9_SUB_9,PACS_MODEL_BYLAWS,child,54,20,20,,,9,GENERAL BODY,,METADATA_REVIEW;TOPIC_TAG_REVIEW,REVIEW,,"(9) Every member of the General Body shall have one vote. Voting by proxies shall

not be allowed at the General Body. All questions shall be decided by the majority

of votes of the members present a"
PACS_MODEL_BYLAWS_CLAUSE_9_SUB_10,PACS_MODEL_BYLAWS,child,33,20,20,,,9,GENERAL BODY,,METADATA_REVIEW;TOPIC_TAG_REVIEW,REVIEW,,"(10) All business discussed or decided at a General Body Meeting shall be recorded

in the minute book and shall be signed by the President of the meeting and CEO

of the Society."
PACS_MODEL_BYLAWS_CLAUSE_10,PACS_MODEL_BYLAWS,child,274,20,21,,,10,BOARD OF DIRECTOR,,METADATA_REVIEW;TOPIC_TAG_REVIEW,REVIEW,,"10. BOARD OF DIRECTOR

(1) There shall be a Board of Directors of the Society to manage its affairs and it shall

be constituted by election from amongst members of the Society or as laid down

in the"
PACS_MODEL_BYLAWS_SCHEDULE_D,PACS_MODEL_BYLAWS,child,27,21,21,,,,Scheduled Tribes/ women and small and marginal farmer members of the Society,,METADATA_REVIEW;TOPIC_TAG_REVIEW,REVIEW,,"Scheduled Tribes/ women and small and marginal farmer members of the Society

as per provision of the Act. Reservation will be provided for 2 women and 1"
PACS_MODEL_BYLAWS_SCHEDULE_D_002,PACS_MODEL_BYLAWS,parent,1961,21,29,,,,Scheduled Castes or Scheduled Tribes member in the Board.,CONTEXT_PARENT;LONG_CHUNK_NO_SAFE_SPLIT,METADATA_REVIEW;TOPIC_TAG_REVIEW,REVIEW,A_LONG,"Scheduled Castes or Scheduled Tribes member in the Board.

(4) The term of office of the Board of Directors shall be 5 years from the date of

election.

(5) The Board shall take necessary steps as pe"
PACS_MODEL_BYLAWS_SCHEDULE_D_002_SUB_1,PACS_MODEL_BYLAWS,child,189,27,27,,,,Scheduled Castes or Scheduled Tribes member in the Board.,,METADATA_REVIEW;TOPIC_TAG_REVIEW,REVIEW,,"11. PRESIDENT AND HIS POWERS:

(1) The President shall be elected from amongst the members of Board of Directors.

(2) The President shall exercise general control and supervision over the administrat"
PACS_MODEL_BYLAWS_SCHEDULE_D_002_SUB_2,PACS_MODEL_BYLAWS,child,389,27,29,,,,Scheduled Castes or Scheduled Tribes member in the Board.,,METADATA_REVIEW;TOPIC_TAG_REVIEW,REVIEW,,"12. CHIEF EXECUTIVE OFFICER – DUTIES AND RESPONSIBILITIES

(1) The Chief Executive Officer, by whatever name may be called, shall be appointed

by the Board of Directors to look after day-to-day affai"
PACS_MODEL_BYLAWS_CLAUSE_13,PACS_MODEL_BYLAWS,parent,557,30,32,,,13,MAINTENANCE OF BOOKS AND ACCOUNTS AND REGISTERS,,METADATA_REVIEW,REVIEW,,"CHAPTER VI

INTERNAL CONTROL

13. MAINTENANCE OF BOOKS AND ACCOUNTS AND REGISTERS

(1) The following registers and books shall be maintained by the Society:

A) Books related to financial statements

"
PACS_MODEL_BYLAWS_CLAUSE_13_SUB_1,PACS_MODEL_BYLAWS,child,300,30,31,,,13,MAINTENANCE OF BOOKS AND ACCOUNTS AND REGISTERS,,METADATA_REVIEW;TOPIC_TAG_REVIEW,REVIEW,,"(1) The following registers and books shall be maintained by the Society:

A) Books related to financial statements

a) Cash book

b) Bank book

c) Day book

d) General ledger

e) Subsidiary ledger

f"
PACS_MODEL_BYLAWS_CLAUSE_13_SUB_2,PACS_MODEL_BYLAWS,child,34,31,31,,,13,MAINTENANCE OF BOOKS AND ACCOUNTS AND REGISTERS,,METADATA_REVIEW;TOPIC_TAG_REVIEW,REVIEW,,"(2) The books, records and registers of the Society shall be kept in the custody of the

Chief Executive Officer or such other Officer as the Board may authorize in the

absence of CEO."
PACS_MODEL_BYLAWS_CLAUSE_13_SUB_3,PACS_MODEL_BYLAWS,child,58,31,32,,,13,MAINTENANCE OF BOOKS AND ACCOUNTS AND REGISTERS,,METADATA_REVIEW;TOPIC_TAG_REVIEW,REVIEW,,"(3) In the absence of CEO, the Board shall specify the officer of the Society who shall:

a) maintain books of accounts;

b) keep custody of cash and stores; c) keep other books and registers; and

d)"
PACS_MODEL_BYLAWS_CLAUSE_13_SUB_4,PACS_MODEL_BYLAWS,child,25,32,32,,,13,MAINTENANCE OF BOOKS AND ACCOUNTS AND REGISTERS,,METADATA_REVIEW;TOPIC_TAG_REVIEW,REVIEW,,"(4) The books and accounts and other records shall be open for perusal by any

members of Board of Directors during business hours of Society."
PACS_MODEL_BYLAWS_CLAUSE_13_SUB_5,PACS_MODEL_BYLAWS,child,51,32,32,,,13,MAINTENANCE OF BOOKS AND ACCOUNTS AND REGISTERS,,METADATA_REVIEW;TOPIC_TAG_REVIEW,REVIEW,,"(5) Copies of the Act & Rules of the State, the Byelaws, minute book pertaining to general

body meeting, report and compliance thereon of Audit, Inquiry or Inspection, voter list

shall be made avail"
PACS_MODEL_BYLAWS_CLAUSE_13_SUB_6,PACS_MODEL_BYLAWS,child,35,32,32,,,13,MAINTENANCE OF BOOKS AND ACCOUNTS AND REGISTERS,,METADATA_REVIEW;TOPIC_TAG_REVIEW,REVIEW,,"(6) The Society shall maintain such accounts and other matters related to accounts in

such form and manner as may be directed by the authority competent to do so under

the Cooperative Societies Act/"
PACS_MODEL_BYLAWS_CLAUSE_13_SUB_7,PACS_MODEL_BYLAWS,child,21,32,32,,,13,MAINTENANCE OF BOOKS AND ACCOUNTS AND REGISTERS,,METADATA_REVIEW;TOPIC_TAG_REVIEW,REVIEW,,"(7) The Society shall prepare and submit such returns and statements as the concerned

authority may require from time to time."
PACS_MODEL_BYLAWS_CLAUSE_13_SUB_8,PACS_MODEL_BYLAWS,child,21,32,32,,,13,MAINTENANCE OF BOOKS AND ACCOUNTS AND REGISTERS,,METADATA_REVIEW;TOPIC_TAG_REVIEW,REVIEW,,"(8) The Society shall use the Common Accounting System as is being implemented

through computerization of PACS project, designed by NABARD."
PACS_MODEL_BYLAWS_CLAUSE_14,PACS_MODEL_BYLAWS,child,194,32,33,,,14,AUDIT OF THE SOCIETY,,METADATA_REVIEW;TOPIC_TAG_REVIEW,REVIEW,,"14. AUDIT OF THE SOCIETY

(1) The Society shall be audited every year by the Auditor appointed for the purpose by

the State Government/ Department.

(2) The Society shall prepare the statement of acc"
PACS_MODEL_BYLAWS_CLAUSE_15,PACS_MODEL_BYLAWS,parent,515,33,34,,,15,"CHANGE OF LIABILITY, TRANSFER OF ASSETS AND LIABILITIES, DIVISION,",,METADATA_REVIEW;TOPIC_TAG_REVIEW,REVIEW,,"CHAPTER VII

CHANGE OF STRUCTURE OF SOCIETY

15. CHANGE OF LIABILITY, TRANSFER OF ASSETS AND LIABILITIES, DIVISION,

AMALGAMATION:

(1) The Society may, by a resolution in its General Body,

a) decide"
PACS_MODEL_BYLAWS_CLAUSE_15_SUB_1,PACS_MODEL_BYLAWS,child,74,33,33,,,15,"CHANGE OF LIABILITY, TRANSFER OF ASSETS AND LIABILITIES, DIVISION,",,METADATA_REVIEW;TOPIC_TAG_REVIEW,REVIEW,,"(1) The Society may, by a resolution in its General Body,

a) decide to amend its Byelaws to change the form or the extent of its liability;

b) decide to transfer its assets and liabilities, in whole"
PACS_MODEL_BYLAWS_CLAUSE_15_SUB_2,PACS_MODEL_BYLAWS,child,24,33,33,,,15,"CHANGE OF LIABILITY, TRANSFER OF ASSETS AND LIABILITIES, DIVISION,",,METADATA_REVIEW;TOPIC_TAG_REVIEW,REVIEW,,"(2) Any two or more Societies may, by a resolution of their respective general bodies,

decide to amalgamate themselves and form a new Society."
PACS_MODEL_BYLAWS_CLAUSE_15_SUB_3,PACS_MODEL_BYLAWS,child,49,33,33,,,15,"CHANGE OF LIABILITY, TRANSFER OF ASSETS AND LIABILITIES, DIVISION,",,METADATA_REVIEW;TOPIC_TAG_REVIEW,REVIEW,,"(3) Every resolution of the Society except for expulsion of a member from the Society

shall be passed at its General Body Meeting by 2/3rd of members present and voting

and such resolution shall con"
PACS_MODEL_BYLAWS_CLAUSE_15_SUB_4,PACS_MODEL_BYLAWS,child,82,34,34,,,15,"CHANGE OF LIABILITY, TRANSFER OF ASSETS AND LIABILITIES, DIVISION,",,METADATA_REVIEW;TOPIC_TAG_REVIEW,REVIEW,,"(4) The Society shall give notice in writing together with a copy of the resolution to all its

members and federations to which it is affiliated, and creditors who may give their

consent. Notwithsta"
PACS_MODEL_BYLAWS_CLAUSE_15_SUB_5,PACS_MODEL_BYLAWS,child,30,34,34,,,15,"CHANGE OF LIABILITY, TRANSFER OF ASSETS AND LIABILITIES, DIVISION,",,METADATA_REVIEW;TOPIC_TAG_REVIEW,REVIEW,,"(5) Any member, federation, or creditor who or which does not exercise within the

specified period the right under the Act shall be deemed to have consented to the

resolution."
PACS_MODEL_BYLAWS_CLAUSE_15_SUB_6,PACS_MODEL_BYLAWS,child,122,34,34,,,15,"CHANGE OF LIABILITY, TRANSFER OF ASSETS AND LIABILITIES, DIVISION,",,METADATA_REVIEW;TOPIC_TAG_REVIEW,REVIEW,,"(6) A resolution passed by the Society shall not take effect until,

a) (i) The members, federations, and creditors have consented or are deemed to

have consented to the resolution under the Act and "
PACS_MODEL_BYLAWS_CLAUSE_15_SUB_7,PACS_MODEL_BYLAWS,child,26,34,34,,,15,"CHANGE OF LIABILITY, TRANSFER OF ASSETS AND LIABILITIES, DIVISION,",,METADATA_REVIEW;TOPIC_TAG_REVIEW,REVIEW,,"(7) When a resolution passed by the Society takes effect, the resolution shall be a

sufficient conveyance to vest the assets and liabilities in the transferee."
PACS_MODEL_BYLAWS_CLAUSE_15_SUB_8,PACS_MODEL_BYLAWS,child,53,34,34,,,15,"CHANGE OF LIABILITY, TRANSFER OF ASSETS AND LIABILITIES, DIVISION,",,METADATA_REVIEW;TOPIC_TAG_REVIEW,REVIEW,,"(8) The registration of the Society shall stand cancelled and the Society shall be deemed

to have been dissolved and shall cease to exist:

a) When the whole of the assets and liabilities of such Soc"
PACS_MODEL_BYLAWS_CLAUSE_15_SUB_9,PACS_MODEL_BYLAWS,child,37,34,34,,,15,"CHANGE OF LIABILITY, TRANSFER OF ASSETS AND LIABILITIES, DIVISION,",,METADATA_REVIEW;TOPIC_TAG_REVIEW,REVIEW,,"(9) Where two or more Societies are amalgamated to form a new Society, the registration

of the Societies so amalgamated shall stand cancelled and they shall be deemed to

have been dissolved and shal"
PACS_MODEL_BYLAWS_CLAUSE_16,PACS_MODEL_BYLAWS,child,275,35,35,,,16,PROMOTION OF SUBSIDIARY ORGANISATION:,,METADATA_REVIEW;TOPIC_TAG_REVIEW,REVIEW,,"16. PROMOTION OF SUBSIDIARY ORGANISATION:

(1) The Society may, by a resolution passed at General Body Meeting by a majority of

members present and voting, promote subsidiary organisations such as FP"
PACS_MODEL_BYLAWS_CLAUSE_17,PACS_MODEL_BYLAWS,child,69,36,36,,,17,DISPUTE SETTLEMENT PROCEDURE,,METADATA_REVIEW;TOPIC_TAG_REVIEW,REVIEW,,"CHAPTER VIII

DISPUTE OF SOCIETY

17. DISPUTE SETTLEMENT PROCEDURE

Any dispute touching the constitution, business and management of the Society arising

between the members, past members and decease"
PACS_MODEL_BYLAWS_CLAUSE_18,PACS_MODEL_BYLAWS,child,101,36,36,,,18,LIQUIDATION,,METADATA_REVIEW;TOPIC_TAG_REVIEW,REVIEW,,"CHAPTER IX

LIQUIDATION OF SOCIETY

18. LIQUIDATION

(1) The Society may be dissolved or liquidated in accordance with the provisions of the

Act.

(2) In the event of dissolution of the Society, any "
PACS_MODEL_BYLAWS_CLAUSE_19,PACS_MODEL_BYLAWS,child,119,37,37,,,19,MISCELLANEOUS,,METADATA_REVIEW;TOPIC_TAG_REVIEW,REVIEW,,"CHAPTER X

MISCELLANEOUS

19. MISCELLANEOUS

(1) If the Society is indebted to a Cooperative Central Financing institution, it shall be

competent for representative of the latter to inspect the books"
PACS_COMPUTERIZATION_DOC,PACS_COMPUTERIZATION,parent,3,1,26,,,,,CONTEXT_PARENT;SHORT_CHUNK,METADATA_REVIEW;TOPIC_TAG_REVIEW,REVIEW,B_SHORT;D_TOP20_SHORT,Government of India
PACS_COMPUTERIZATION_SEC_001,PACS_COMPUTERIZATION,child,21,1,1,,,,Implementing Agency: NABARD,,METADATA_REVIEW,REVIEW,,"Government of India Ministry of Cooperation

PROJECT GUIDELINES Centrally Sponsored Project for

‘Computerisation of Primary Agricultural Credit Societies’

Implementing Agency: NABARD"
PACS_COMPUTERIZATION_SEC_002,PACS_COMPUTERIZATION,child,274,3,3,,,,1 Introduction,,METADATA_REVIEW;TOPIC_TAG_REVIEW,REVIEW,,"PACS Computerisation Project - Guidelines

1 Introduction

The Primary Agriculture Credit Societies (PACS) form the vital third tier in the three-

tier structure of the Short Term Cooperative Credit "
PACS_COMPUTERIZATION_SEC_003,PACS_COMPUTERIZATION,child,269,3,4,,,,2 Aims & Objectives of the Project,,METADATA_REVIEW;TOPIC_TAG_REVIEW,REVIEW,,"2 Aims & Objectives of the Project

The aims and objectives of the project inter alia include the following:

a. To bring in efficiency, accountability, transparency at PACS and improve

profitability"
PACS_COMPUTERIZATION_SEC_3_1,PACS_COMPUTERIZATION,child,18,4,4,3.1,,,Title of the Project,SHORT_CHUNK;STRUCTURE_UNCERTAIN,METADATA_REVIEW;TOPIC_TAG_REVIEW,REVIEW,B_SHORT;E_STRUCTURE,"3 Project Details

3.1 Title of the Project

Centrally Sponsored Project for ‘Computerisation of Primary Agricultural

Credit Societies’."
PACS_COMPUTERIZATION_SEC_3_2,PACS_COMPUTERIZATION,child,9,4,4,3.2,,,Sponsoring Agency,SHORT_CHUNK;STRUCTURE_UNCERTAIN,METADATA_REVIEW;TOPIC_TAG_REVIEW,REVIEW,B_SHORT;E_STRUCTURE,"3.2 Sponsoring Agency

Ministry of Cooperation, Government of India."
PACS_COMPUTERIZATION_SEC_3_3,PACS_COMPUTERIZATION,child,15,4,4,3.3,,,Duration of the Project,SHORT_CHUNK;STRUCTURE_UNCERTAIN,METADATA_REVIEW;TOPIC_TAG_REVIEW,REVIEW,B_SHORT;E_STRUCTURE,"3.3 Duration of the Project

For a period of five years from 2022-23 to 2026-27."
PACS_COMPUTERIZATION_SEC_3_4,PACS_COMPUTERIZATION,child,16,5,5,3.4,,,Sunset Date of the Project,SHORT_CHUNK;STRUCTURE_UNCERTAIN,METADATA_REVIEW;TOPIC_TAG_REVIEW,REVIEW,B_SHORT;E_STRUCTURE,"3.4 Sunset Date of the Project

Sunset date of the project will be 31 March 2027."
PACS_COMPUTERIZATION_SEC_3_5,PACS_COMPUTERIZATION,child,21,5,5,3.5,,,Type of Project,STRUCTURE_UNCERTAIN,METADATA_REVIEW;TOPIC_TAG_REVIEW,REVIEW,E_STRUCTURE,"3.5 Type of Project

Centrally Sponsored Project with one-time assistance from the GoI. Extant

Centrally Sponsored Scheme (CSS) guidelines are applicable."
PACS_COMPUTERIZATION_SEC_3_6,PACS_COMPUTERIZATION,child,73,5,5,3.6,,,Project Beneficiaries,STRUCTURE_UNCERTAIN,METADATA_REVIEW,REVIEW,E_STRUCTURE,"3.6 Project Beneficiaries

63000 PACS, LAMPS etc. will benefit directly through computerization of their

credit/ non-credit business activities related to Agriculture and Allied activities.

(In Nort"
PACS_COMPUTERIZATION_SEC_3_7,PACS_COMPUTERIZATION,parent,3,5,5,3.7,,,Implementation Mechanism,SHORT_CHUNK;STRUCTURE_UNCERTAIN,METADATA_REVIEW;TOPIC_TAG_REVIEW,REVIEW,B_SHORT;E_STRUCTURE;D_TOP20_SHORT,3.7 Implementation Mechanism
PACS_COMPUTERIZATION_SEC_3_7_1,PACS_COMPUTERIZATION,child,41,5,5,3.7.1,,,Implementation Mechanism,,METADATA_REVIEW;TOPIC_TAG_REVIEW,REVIEW,,"3.7.1 Formation of Implementation and Monitoring Committees

National and State level Implementation and Monitoring Committees shall be

constituted as detailed hereunder for implementation of this pr"
PACS_COMPUTERIZATION_SEC_012,PACS_COMPUTERIZATION,child,65,5,5,,,,a) Members of NLMIC:,,METADATA_REVIEW;TOPIC_TAG_REVIEW,REVIEW,,"i) National Level Monitoring and Implementation Committee (NLMIC):

a) Members of NLMIC:

i. Secretary (M/o Cooperation, GoI) (Chairman)

ii. Additional Secretary & Financial Advisor (M/o Cooperation,"
PACS_COMPUTERIZATION_SEC_013,PACS_COMPUTERIZATION,child,183,5,6,,,,b) Role of NLMIC:,,METADATA_REVIEW;TOPIC_TAG_REVIEW,REVIEW,,"b) Role of NLMIC:

i. Guide and steer the implementation of the project. ii. Approve the guidelines for implementation of the project.

iii. Review the progress of implementation of the project period"
PACS_COMPUTERIZATION_SEC_014,PACS_COMPUTERIZATION,child,56,6,6,,,,a) Members of SLIMC,,METADATA_REVIEW;TOPIC_TAG_REVIEW,REVIEW,,"ii) State level Implementation & Monitoring Committee (SLIMC)

a) Members of SLIMC

i. Addl. Chief Secretary/Principal Secretary/Secretary, Co-operation -

Chairperson

ii. Principal Secretary/Secreta"
PACS_COMPUTERIZATION_SEC_015,PACS_COMPUTERIZATION,child,56,6,6,,,,b) Role of SLIMC,,METADATA_REVIEW;TOPIC_TAG_REVIEW,REVIEW,,"b) Role of SLIMC

 To implement the approved guidelines at the state level and provide feedback

to NLMIC.

 To guide and steer the implementation of the project in the state.

 To examine and reco"
PACS_COMPUTERIZATION_SEC_016,PACS_COMPUTERIZATION,child,62,6,7,,,,a) Members of the DLIMC:,,METADATA_REVIEW;TOPIC_TAG_REVIEW,REVIEW,,"iii) District Level Implementation & Monitoring Committee (DLIMC) a) Members of the DLIMC:

i. District Collector/District Magistrate - Chairperson

ii. District Development Manager (DDM), NABARD - Me"
PACS_COMPUTERIZATION_SEC_017,PACS_COMPUTERIZATION,child,54,7,7,,,,b) Role of DLIMC:,,METADATA_REVIEW;TOPIC_TAG_REVIEW,REVIEW,,"b) Role of DLIMC:

i. To be the first line of implementation and monitoring system within the

overall framework.

ii. It will be responsible for the smooth implementation of the project as per

appro"
PACS_COMPUTERIZATION_SEC_3_8,PACS_COMPUTERIZATION,parent,9,7,7,3.8,,,"Project Cost, Sources of Funds & Funding Pattern",SHORT_CHUNK;STRUCTURE_UNCERTAIN,METADATA_REVIEW;TOPIC_TAG_REVIEW,REVIEW,B_SHORT;E_STRUCTURE,"3.8 Project Cost, Sources of Funds & Funding Pattern"
PACS_COMPUTERIZATION_SEC_3_8_1,PACS_COMPUTERIZATION,child,64,7,7,3.8.1,,,"Project Cost, Sources of Funds & Funding Pattern",TABLE_REVIEW,METADATA_REVIEW;TOPIC_TAG_REVIEW,REVIEW,F_TABLE,"3.8.1 Project Cost:

The total cost of the project is estimated at ₹2516.00 crore to be shared as under:

Agency Cost share (₹ Crore)

Government of India (60.73%)

1528

State Govt. (29.25%)

736

NA"
PACS_COMPUTERIZATION_SEC_3_8_2,PACS_COMPUTERIZATION,child,133,7,8,3.8.2,,,"Project Cost, Sources of Funds & Funding Pattern",TABLE_REVIEW,HIERARCHY_REVIEW;METADATA_REVIEW;TOPIC_TAG_REVIEW,REVIEW,F_TABLE,"3.8.2 Component wise Cost Sharing Pattern:

Component Cost Sharing pattern

Comprehensive software To be shared by GoI and NABARD. NABARD will

Component Cost Sharing pattern

(including cyber securit"
PACS_COMPUTERIZATION_SEC_3_8_3,PACS_COMPUTERIZATION,child,17,8,8,3.8.3,,,"Project Cost, Sources of Funds & Funding Pattern",SHORT_CHUNK,HIERARCHY_REVIEW;METADATA_REVIEW;TOPIC_TAG_REVIEW,REVIEW,B_SHORT,"3.8.3 Item wise cost estimate per PACS

The item-wise cost estimate per PACS is given as under:-"
PACS_COMPUTERIZATION_SEC_022,PACS_COMPUTERIZATION,child,83,8,8,,,,₹ per PACS,TABLE_REVIEW,METADATA_REVIEW;TOPIC_TAG_REVIEW,REVIEW,F_TABLE,"Amount in

SN

Item

₹ per PACS

A

Per PACS project cost

Hardware –Computer, Multi-functional Devices (MFD),

UPS, webcam, bio-metric scanner, external HDD,

(i) including 5 years of AMC for hardwar"
PACS_COMPUTERIZATION_SEC_023,PACS_COMPUTERIZATION,child,72,9,9,,,,₹ per PACS,TABLE_REVIEW,METADATA_REVIEW;TOPIC_TAG_REVIEW,REVIEW,F_TABLE,"Amount in

SN

Item

₹ per PACS

(iii) Training

10,198/-

a. Implementation Services including data preparation,

digitization, verification till final reconciliation and

porting into the ERP soluti"
PACS_COMPUTERIZATION_SEC_3_8_4,PACS_COMPUTERIZATION,child,502,9,12,3.8.4,,,"Project Cost, Sources of Funds & Funding Pattern",TABLE_REVIEW,HIERARCHY_REVIEW;METADATA_REVIEW;TOPIC_TAG_REVIEW,REVIEW,F_TABLE,"3.8.4 Component wise Fund Flow Mechanism

The component wise Fund Flow mechanism of the project will be as under:

Cost

Sl

per Total cost Source of

No Component

Release of Fund

PACS (in ₹ crore) "
PACS_COMPUTERIZATION_SEC_3_9,PACS_COMPUTERIZATION,child,5,12,12,3.9,,,Phasing of the project,SHORT_CHUNK;STRUCTURE_UNCERTAIN,METADATA_REVIEW;TOPIC_TAG_REVIEW,REVIEW,B_SHORT;E_STRUCTURE,3.9 Phasing of the project
PACS_COMPUTERIZATION_SEC_026,PACS_COMPUTERIZATION,child,43,12,12,,,,Total No. of PACS to be Maintenance and hand-,TABLE_REVIEW,METADATA_REVIEW,REVIEW,F_TABLE,"Total No. of PACS to be Maintenance and hand-

Year

computerized

holding support

Year I 2022-23

13,000

Year II 2023-24

20,000

Handholding support of

total 5 years from 2022-23

Year III 2024-2"
PACS_COMPUTERIZATION_SEC_3_9_002,PACS_COMPUTERIZATION,child,6,13,13,3.9,,,Basic Architecture of the Project,SHORT_CHUNK;STRUCTURE_UNCERTAIN,METADATA_REVIEW;TOPIC_TAG_REVIEW,REVIEW,B_SHORT;E_STRUCTURE,3.9 Basic Architecture of the Project
PACS_COMPUTERIZATION_SEC_3_10_1,PACS_COMPUTERIZATION,child,75,13,13,3.10.1,,,,STRUCTURE_UNCERTAIN,METADATA_REVIEW;TOPIC_TAG_REVIEW,REVIEW,E_STRUCTURE,"3.10.1 One common ERP software will be provided to all the PACS in the project,

across the country, to capture data on all functionalities of PACS, both credit

and non-credit. This software would be"
PACS_COMPUTERIZATION_SEC_3_10_2,PACS_COMPUTERIZATION,child,316,13,14,3.10.2,,,,STRUCTURE_UNCERTAIN,METADATA_REVIEW,REVIEW,E_STRUCTURE,"3.10.2 NABARD will prepare and publish a central panel of System Integrators

(SIs) through open bidding. States are to select the SIs from this central

panel with a ceiling on number of PACS that on"
PACS_COMPUTERIZATION_SEC_3_10_3,PACS_COMPUTERIZATION,child,147,14,14,3.10.3,,,,STRUCTURE_UNCERTAIN,METADATA_REVIEW;TOPIC_TAG_REVIEW,REVIEW,E_STRUCTURE,"3.10.3 The basic responsibility of training on use of software will lie with NLPSV.

NLPSV will provide necessary inputs to State level SIs and National Level

Training Institutions to facilitate crea"
PACS_COMPUTERIZATION_SEC_3_10_4,PACS_COMPUTERIZATION,child,102,14,14,3.10.4,,,,STRUCTURE_UNCERTAIN,METADATA_REVIEW;TOPIC_TAG_REVIEW,REVIEW,E_STRUCTURE,"3.10.4 For implementation and monitoring of the project, creation of a core team at

NABARD, Head Office with the team members constituted from its officers

has been envisaged. This core team will be"
PACS_COMPUTERIZATION_SEC_3_11,PACS_COMPUTERIZATION,child,131,15,15,3.11,,,Data Management,STRUCTURE_UNCERTAIN,METADATA_REVIEW;TOPIC_TAG_REVIEW,REVIEW,E_STRUCTURE,"3.11 Data Management

The data shall be housed at the National Level Data Repository (NLDR). Data

generated at PACS would be routed, either through the DCCBs or State Data

Centers, to the National L"
PACS_COMPUTERIZATION_SEC_3_11_002,PACS_COMPUTERIZATION,child,175,15,15,3.11,,,Selection of PACS,STRUCTURE_UNCERTAIN,METADATA_REVIEW,REVIEW,E_STRUCTURE,"3.11 Selection of PACS

• All functional PACS will be eligible for joining the project. A PACS will be

deemed functional if it fulfils the necessary condition i.e. completion of Audit of

accounts of"
PACS_COMPUTERIZATION_SEC_4_1,PACS_COMPUTERIZATION,child,9,16,16,4.1,,,Central PMU:,SHORT_CHUNK;STRUCTURE_UNCERTAIN,METADATA_REVIEW;TOPIC_TAG_REVIEW,REVIEW,B_SHORT;E_STRUCTURE,"4 Project Monitoring Units (PMUs)/Support Teams

4.1 Central PMU:"
PACS_COMPUTERIZATION_SEC_035,PACS_COMPUTERIZATION,child,245,16,17,,,,a. Roles and responsibilities of central PMU,,METADATA_REVIEW;TOPIC_TAG_REVIEW,REVIEW,,"a. Roles and responsibilities of central PMU

Central PMU will:

i. Be set up by NABARD and manned by Management & Technical Experts.

ii. Finalize project design and implementation strategy.

iii. Un"
PACS_COMPUTERIZATION_SEC_4_2,PACS_COMPUTERIZATION,child,3,17,17,4.2,,,State PMUs:,SHORT_CHUNK;STRUCTURE_UNCERTAIN,METADATA_REVIEW;TOPIC_TAG_REVIEW,REVIEW,B_SHORT;E_STRUCTURE;D_TOP20_SHORT,4.2 State PMUs:
PACS_COMPUTERIZATION_SEC_037,PACS_COMPUTERIZATION,child,194,17,17,,,,a. Roles and responsibilities of State PMU,,METADATA_REVIEW,REVIEW,,"a. Roles and responsibilities of State PMU

PMUs at the State level will:

i. Be manned by NABARD’s officials and Management & Technical Experts.

ii. Will function under the overall guidance of the C"
PACS_COMPUTERIZATION_SEC_4_3,PACS_COMPUTERIZATION,child,106,17,18,4.3,,,Support Teams at District/ Cluster levels,STRUCTURE_UNCERTAIN,METADATA_REVIEW;TOPIC_TAG_REVIEW,REVIEW,E_STRUCTURE,"4.3 Support Teams at District/ Cluster levels

There will be field level ‘support teams’, set up and maintained by System Integrator,

at a cluster of about 200 PACS/ District Level, manned and assist"
PACS_COMPUTERIZATION_SEC_5_1,PACS_COMPUTERIZATION,parent,12,18,18,5.1,,,,SHORT_CHUNK;STRUCTURE_UNCERTAIN,METADATA_REVIEW;TOPIC_TAG_REVIEW,REVIEW,B_SHORT;E_STRUCTURE,"5 Stakeholders

5.1 Roles and responsibilities of various stakeholders of the project"
PACS_COMPUTERIZATION_SEC_5_1_1,PACS_COMPUTERIZATION,child,26,18,18,5.1.1,,,,,METADATA_REVIEW;TOPIC_TAG_REVIEW,REVIEW,,"5.1.1 Government of India:

Government of India i.e. Ministry of Cooperation will be responsible for

guiding the overall implementation and monitoring of the project through

NLMIC."
PACS_COMPUTERIZATION_SEC_5_1_2,PACS_COMPUTERIZATION,child,417,18,19,5.1.2,,,,,HIERARCHY_REVIEW;METADATA_REVIEW,REVIEW,,"5.1.2 State Governments:

a. State Governments will be responsible for implementation and monitoring

of the project in their respective states through the State Level

Implementation and Monitoring C"
PACS_COMPUTERIZATION_SEC_5_1_3,PACS_COMPUTERIZATION,child,70,19,20,5.1.3,,,,,HIERARCHY_REVIEW;METADATA_REVIEW,REVIEW,,"5.1.3 NABARD:

a. NABARD will implement the project and act as project manager for the

PACS Computerisation Project at Central level under the guidance and

directions of National Level Monitoring an"
PACS_COMPUTERIZATION_SEC_5_1_4,PACS_COMPUTERIZATION,child,93,20,20,5.1.4,,,,,HIERARCHY_REVIEW;METADATA_REVIEW;TOPIC_TAG_REVIEW,REVIEW,,"5.1.4 State Cooperative Bank:

a. Form a dedicated PACS Computerisation Cell, equipped with IT trained

manpower, within the Bank for this Project.

b. Act in capacity of Member Secretary of the State"
PACS_COMPUTERIZATION_SEC_5_1_5,PACS_COMPUTERIZATION,child,198,20,21,5.1.5,,,,,HIERARCHY_REVIEW;METADATA_REVIEW;TOPIC_TAG_REVIEW,REVIEW,,"5.1.5 District Central Cooperative Banks:

a. Form a dedicated PACS computerisation cell within the Bank for this

project.

b. Act in the capacity of Member Secretary of the District Level Monitoring"
PACS_COMPUTERIZATION_SEC_5_1_6,PACS_COMPUTERIZATION,child,234,21,21,5.1.6,,,,,HIERARCHY_REVIEW;METADATA_REVIEW;TOPIC_TAG_REVIEW,REVIEW,,"5.1.6 Primary Agricultural Credit Societies:

a. Check own eligibility as per norms.

b. If eligible, then check priority status as per norms.

c. If some criteria are not fulfilled, arrange to plug t"
PACS_COMPUTERIZATION_SEC_5_1_7,PACS_COMPUTERIZATION,child,63,21,22,5.1.7,,,,,HIERARCHY_REVIEW;METADATA_REVIEW,REVIEW,,"5.1.7 National Level PACS Software Vendor (NLPSV):

a. Provide a national level PACS Computerisation Software (PCS).

b. Customise the software based on the requirement of each state. c. Facilitate th"
PACS_COMPUTERIZATION_SEC_5_1_8,PACS_COMPUTERIZATION,child,42,22,22,5.1.8,,,,,HIERARCHY_REVIEW;METADATA_REVIEW;TOPIC_TAG_REVIEW,REVIEW,,"5.1.8 National Level Data Repository Vendor (NLDRV):

a. Be responsible for national level data storage, security and data

management.

b. Generate reports required at

i. National Level

ii. State L"
PACS_COMPUTERIZATION_SEC_5_1_9,PACS_COMPUTERIZATION,child,111,22,22,5.1.9,,,,,HIERARCHY_REVIEW;METADATA_REVIEW,REVIEW,,"5.1.9 System Integrator (SI) state-wise:

a. SI will coordinate with States/UTs for installation of software prepared by

NLPSV.

b. Digitise existing manual/ semi computerised/ computerised data of

"
PACS_COMPUTERIZATION_SEC_049,PACS_COMPUTERIZATION,child,80,22,23,,,,6 Legal Framework,,METADATA_REVIEW;TOPIC_TAG_REVIEW,REVIEW,,"6 Legal Framework

The project will adhere to the respective State Cooperative Acts under which the

PACS are working. The implementation of the project shall be bound by the following agreements:

(a"
PACS_COMPUTERIZATION_SEC_7_1,PACS_COMPUTERIZATION,child,56,23,23,7.1,,,,STRUCTURE_UNCERTAIN,METADATA_REVIEW;TOPIC_TAG_REVIEW,REVIEW,E_STRUCTURE,"7 Upkeep and maintenance of assets created

7.1 The software maintenance, in terms of upgrades/ antivirus and incorporation

of new modules for new / innovative activities initiated by the PACS, as al"
PACS_COMPUTERIZATION_SEC_7_2,PACS_COMPUTERIZATION,child,29,23,23,7.2,,,,STRUCTURE_UNCERTAIN,METADATA_REVIEW;TOPIC_TAG_REVIEW,REVIEW,E_STRUCTURE,"7.2 Maintenance of the hardware installed at PACS will be the responsibility of the

respective PACS, DCCBs/ StCBs on an ongoing basis even after completion of the

project period."
PACS_COMPUTERIZATION_SEC_7_3,PACS_COMPUTERIZATION,child,43,23,23,7.3,,,,STRUCTURE_UNCERTAIN,METADATA_REVIEW;TOPIC_TAG_REVIEW,REVIEW,E_STRUCTURE,"7.3 The central infrastructure facility and common software will be maintained and

updated by NABARD periodically. A suitable Pay per use arrangement will be

finalised by NABARD in consultation with"
PACS_COMPUTERIZATION_SEC_7_4,PACS_COMPUTERIZATION,child,30,23,23,7.4,,,,STRUCTURE_UNCERTAIN,METADATA_REVIEW;TOPIC_TAG_REVIEW,REVIEW,E_STRUCTURE,"7.4 This will be a periodic contractual exercise, which will be funded from

contributions by various tiers of the system during and beyond the project period, as

per the requirements."
PACS_COMPUTERIZATION_SEC_7_5,PACS_COMPUTERIZATION,child,51,23,23,7.5,,,,STRUCTURE_UNCERTAIN,METADATA_REVIEW;TOPIC_TAG_REVIEW,REVIEW,E_STRUCTURE,"7.5 State Level support teams will continue to work under aegis of StCB and

State Government and suitable pay per use models will be designed for financial

closure for such continued functioning of "
PACS_COMPUTERIZATION_SEC_8_1,PACS_COMPUTERIZATION,child,133,24,24,8.1,,,Transparent and Complete accounting System,STRUCTURE_UNCERTAIN,METADATA_REVIEW;TOPIC_TAG_REVIEW,REVIEW,E_STRUCTURE,"8 Deliverables of the Project

8.1 Transparent and Complete accounting System

Accounting as per CAS (Common Accounting System) & MIS (Management

Information System) prescribed by NABARD – Originatio"
PACS_COMPUTERIZATION_SEC_8_2,PACS_COMPUTERIZATION,child,39,24,24,8.2,,,Governance,STRUCTURE_UNCERTAIN,METADATA_REVIEW;TOPIC_TAG_REVIEW,REVIEW,E_STRUCTURE,"8.2 Governance

1. Alerts on the conduct of Board Meetings and General Body meetings.

2. Prompting on Agenda preparation.

3. Record Keeping of Board & General Body Meeting proceedings.

4. Real time"
PACS_COMPUTERIZATION_SEC_8_3,PACS_COMPUTERIZATION,child,57,24,24,8.3,,,Enablement,STRUCTURE_UNCERTAIN,METADATA_REVIEW;TOPIC_TAG_REVIEW,REVIEW,E_STRUCTURE,"8.3 Enablement

a. Optimal use of Infrastructure – currently substantial warehouse capacities are

being created under Atmanirbhar Bharat program.

b. Market connectivity – access to the agri-produce "
PACS_COMPUTERIZATION_SEC_9,PACS_COMPUTERIZATION,parent,65,25,25,9,,,Expected Outcomes of the Project:,,METADATA_REVIEW;TOPIC_TAG_REVIEW,REVIEW,,"9. Expected Outcomes of the Project:

i. PACS functions will be faster, transparent and accountable.

ii. Migration of the legacy data.

iii. Timely generation of MIS.

iv. Improved facilities (credit"
PACS_COMPUTERIZATION_SEC_9_1,PACS_COMPUTERIZATION,child,57,25,25,9.1,,,Expected Outcomes of the Project:,,METADATA_REVIEW;TOPIC_TAG_REVIEW,REVIEW,,"9.1 Statutory Audit

An automated accounting and audit process delivers prompt and accurate audit

statements leading to completion of audit within 2 to 3 days from the date of closure

of financial a"
PACS_COMPUTERIZATION_SEC_9_2,PACS_COMPUTERIZATION,child,46,25,25,9.2,,,Expected Outcomes of the Project:,,METADATA_REVIEW;TOPIC_TAG_REVIEW,REVIEW,,"9.2 Transparency in Operations and Productive Manpower Deployment

Further, automation of all the businesses and their business processes will lead to

complete transparency and ease of use besides pr"
PACS_COMPUTERIZATION_SEC_9_3,PACS_COMPUTERIZATION,child,31,25,26,9.3,,,Expected Outcomes of the Project:,,HIERARCHY_REVIEW;METADATA_REVIEW;TOPIC_TAG_REVIEW,REVIEW,,"9.3 Integration

Seamless integration with all the relevant governmental agencies and departments

and more specifically the higher financing agencies leading to better financial

management and accou"
PACS_COMPUTERIZATION_SEC_062,PACS_COMPUTERIZATION,child,17,26,26,,,,Ministry of Cooperation,SHORT_CHUNK,METADATA_REVIEW;TOPIC_TAG_REVIEW,REVIEW,B_SHORT,"Ministry of Cooperation

Atal Akshya Urja Bhawan, CGO Complex, New Delhi - 110003

Website: http://cooperation.gov.in/

Ph:20849021, 20849022"
PMFBY_2023_DOC,PMFBY_2023,parent,5,1,213,,,,,CONTEXT_PARENT;SHORT_CHUNK,METADATA_REVIEW;TOPIC_TAG_REVIEW,REVIEW,B_SHORT,Pradhan Mantri Fasal Bima Yojana
PMFBY_2023_SEC_001,PMFBY_2023,child,20,1,1,,,,Department of Agriculture & Farmers Welfare\,TOC_REVIEW,METADATA_REVIEW;TOPIC_TAG_REVIEW,REVIEW,,"Pradhan Mantri Fasal Bima Yojana

(PMFBY)

OPERATIONAL GUIDELINES

2023

Eﬀective from Kharif 2023

`

Department of Agriculture & Farmers Welfare\"
PMFBY_2023_SEC_002,PMFBY_2023,child,440,1,3,,,,Ministry of Agriculture & Farmers Welfare,TABLE_REVIEW;TOC_REVIEW,METADATA_REVIEW,REVIEW,F_TABLE,"Ministry of Agriculture & Farmers Welfare

Government of India Krishi Bhawan, New Delhi-110001

INDEX

Operational Guidelines 2023

Sl. No.

Section

Page No.

1 Objective of the Scheme

11

2 Adoptio"
PMFBY_2023_SEC_003,PMFBY_2023,child,971,4,8,,,,TABLE INDEX,LONG_CHUNK_NO_SAFE_SPLIT;TABLE_REVIEW,METADATA_REVIEW,REVIEW,A_LONG;F_TABLE,"TABLE INDEX

Table No. | Topic | Para. No.
Table 1 | Premium Rate Payable by the Farmer | 13.1
Table 2 | Seasonality Discipline | 16.4
Table 3 | Calculation of Crop-wise Sum Insured | 17.6.6
Table 4 |"
PMFBY_2023_SCHEDULE_D,PMFBY_2023,child,3,8,8,,,,Scheduled Caste,SHORT_CHUNK,METADATA_REVIEW;TOPIC_TAG_REVIEW,REVIEW,B_SHORT;D_TOP20_SHORT,Scheduled Caste SCBs
PMFBY_2023_SCHEDULE_D_002,PMFBY_2023,child,100,8,9,,,,Scheduled Commercial Banks,,METADATA_REVIEW;TOPIC_TAG_REVIEW,REVIEW,,Scheduled Commercial Banks SDG Sustainable Development Goals SFDI Stream Flow Drought Index SGST State Goods and Services Tax SGRC State Level Grievance Redressal Committee SI Sum Insured SLA Service 
PMFBY_2023_SCHEDULE_D_003,PMFBY_2023,child,760,9,11,,,,Scheduled Tribe,,METADATA_REVIEW,REVIEW,,Scheduled Tribe STAC State Level Technical Advisory Committee STSU State Technical Support Unit TA Technical Agency TAC Technical Advisory Committee TCI Temperature Condition Index TIP Technology Impl
PMFBY_2023_SEC_2_1,PMFBY_2023,child,66,11,11,2.1,,,,STRUCTURE_UNCERTAIN,METADATA_REVIEW,REVIEW,E_STRUCTURE,"2.1 In an endeavor to integrate Technology in implementation and execution of the Scheme, GoI has designed and developed a National Crop Insurance Portal (NCIP) (www.pmfby.gov.in) which has been in us"
PMFBY_2023_SEC_2_2,PMFBY_2023,child,42,11,11,2.2,,,,STRUCTURE_UNCERTAIN,METADATA_REVIEW;TOPIC_TAG_REVIEW,REVIEW,E_STRUCTURE,2.2 Continued & efficient functioning of the Portal successfully calls for responsible participation by different stakeholders who will have the responsibility for census coding and regular updating o
PMFBY_2023_SEC_2_3,PMFBY_2023,child,94,11,11,2.3,,,,STRUCTURE_UNCERTAIN,METADATA_REVIEW;TOPIC_TAG_REVIEW,REVIEW,E_STRUCTURE,"2.3 Implementing State/UTs and Insurance Companies during each crop season are required to digitize and upload basic information like notiﬁed areas, crops, sum insured, Government subsidy and premium "
PMFBY_2023_SEC_2_4,PMFBY_2023,child,41,11,11,2.4,,,,STRUCTURE_UNCERTAIN,METADATA_REVIEW;TOPIC_TAG_REVIEW,REVIEW,E_STRUCTURE,2.4 Digitization of basic information/notiﬁcation should compulsorily be done before ﬂoating tender documents which will be followed by the entry of L1 Premium rates and name of the selected Insurance
PMFBY_2023_SEC_2_5,PMFBY_2023,child,50,11,12,2.5,,,,STRUCTURE_UNCERTAIN,METADATA_REVIEW;TOPIC_TAG_REVIEW,REVIEW,E_STRUCTURE,"2.5 Since the NCIP has been operationalized for auto administration and seamless ﬂow of data/information/reports on real-time basis, the State/UT Government would not be allowed to create/use a separa"
PMFBY_2023_SEC_2_6,PMFBY_2023,child,36,12,12,2.6,,,,STRUCTURE_UNCERTAIN,METADATA_REVIEW;TOPIC_TAG_REVIEW,REVIEW,E_STRUCTURE,2.6 All Stakeholders have deﬁned roles and responsibilities and accessibility to related modules on the Portal for the administration of the Scheme. Details of the operationalization of modules for ea
PMFBY_2023_SEC_2_7,PMFBY_2023,child,49,12,12,2.7,,,,STRUCTURE_UNCERTAIN,METADATA_REVIEW;TOPIC_TAG_REVIEW,REVIEW,E_STRUCTURE,"2.7 Secured credential/login, preferably linked with Aadhaar Number and mobile One Time Password (OTP) based, for all Stakeholders viz, GoI, State Governments/UT Administrations, Banks, empaneled Insu"
PMFBY_2023_SEC_2_8,PMFBY_2023,child,53,12,12,2.8,,,,STRUCTURE_UNCERTAIN,METADATA_REVIEW;TOPIC_TAG_REVIEW,REVIEW,E_STRUCTURE,"2.8 The Insurance Companies shall not distribute/collect/allow any other proforma/utility/web-Portal etc. for collecting details of insured farmers separately. However, they may provide all requisite "
PMFBY_2023_SEC_2_9,PMFBY_2023,child,59,12,12,2.9,,,,STRUCTURE_UNCERTAIN,METADATA_REVIEW;TOPIC_TAG_REVIEW,REVIEW,E_STRUCTURE,"2.9 Only those farmers whose data is uploaded on the NCIP, and their share of premium has been remitted to the concerned Insurance Company within the prescribed time limit, shall be eligible for Insur"
PMFBY_2023_SEC_2_10,PMFBY_2023,child,176,12,12,2.10,,,,STRUCTURE_UNCERTAIN,METADATA_REVIEW;TOPIC_TAG_REVIEW,REVIEW,E_STRUCTURE,"2.10 All data pertaining to crop-wise, Insurance Unit (IU) wise historical yield data, Notional value of average yield/Scale of Finance (SOF), Sown Area, Coverage and Claims data, Threshold Yield (TY)"
PMFBY_2023_SEC_2_11,PMFBY_2023,child,39,12,12,2.11,,,The Banks/Financial Institutions (FIs)/other intermediaries need to compulsorily,STRUCTURE_UNCERTAIN,METADATA_REVIEW;TOPIC_TAG_REVIEW,REVIEW,E_STRUCTURE,"2.11 The Banks/Financial Institutions (FIs)/other intermediaries need to compulsorily transfer the individual farmer's data electronically to the NCIP. Accordingly, banks/FIs may endeavor to undertake"
PMFBY_2023_SEC_2_12,PMFBY_2023,child,80,12,13,2.12,,,,STRUCTURE_UNCERTAIN,METADATA_REVIEW;TOPIC_TAG_REVIEW,REVIEW,E_STRUCTURE,"2.12 The NCIP having details of insured farmers under PMFBY shall be dovetailed with Kisan Rin Portal (KRP), having details of all the farmers availing subsidized short term agriculture loans through "
PMFBY_2023_SEC_2_13,PMFBY_2023,child,140,13,13,2.13,,,,STRUCTURE_UNCERTAIN,METADATA_REVIEW;TOPIC_TAG_REVIEW,REVIEW,E_STRUCTURE,"2.13 With a view to keep pace with the massive innovations happening for making agriculture financially resilient and to achieve the objective of meeting Sustainable Development Goals, the scheme envi"
PMFBY_2023_SEC_2_14,PMFBY_2023,child,157,13,13,2.14,,,,STRUCTURE_UNCERTAIN,METADATA_REVIEW;TOPIC_TAG_REVIEW,REVIEW,E_STRUCTURE,"Remote Sensing & Other Technologies

2.14 The Insurance Companies & States/UTs shall compulsorily use innovative technology & mobile applications for monitoring of crop health through CROPIC App, repo"
PMFBY_2023_SEC_2_15,PMFBY_2023,child,50,13,13,2.15,,,,STRUCTURE_UNCERTAIN,METADATA_REVIEW;TOPIC_TAG_REVIEW,REVIEW,E_STRUCTURE,2.15 The Department of the State/UT Government responsible for managing the digital land record and its web-portal will facilitate the integration of land record with NCIP and provide Application Prog
PMFBY_2023_SEC_2_16,PMFBY_2023,child,43,13,13,2.16,,,,STRUCTURE_UNCERTAIN,METADATA_REVIEW;TOPIC_TAG_REVIEW,REVIEW,E_STRUCTURE,2.16 Suitable technology & modalities shall also be explored and adopted for using Smart Sampling Technique (SST) for conducting CCEs required for arriving at proportionate Crop Yield Estimation along
PMFBY_2023_SEC_2_17,PMFBY_2023,child,41,13,13,2.17,,,,STRUCTURE_UNCERTAIN,METADATA_REVIEW;TOPIC_TAG_REVIEW,REVIEW,E_STRUCTURE,2.17 Yield Estimation System based on Technology (YES-TECH) for direct estimation of yield at Gram Panchayat (GP) level has been rolled out from Kharif 2023 season onwards as per the provisions of YES
PMFBY_2023_SEC_2_18,PMFBY_2023,child,61,13,13,2.18,,,,STRUCTURE_UNCERTAIN,METADATA_REVIEW;TOPIC_TAG_REVIEW,REVIEW,E_STRUCTURE,"2.18 YES-TECH shall be further augmented through Collection of Real-time Photos and Observations of Crops (CROPIC) initiative, wherein crop health will be monitored by taking periodic photos of standi"
PMFBY_2023_SEC_2_19,PMFBY_2023,child,70,13,14,2.19,,,,STRUCTURE_UNCERTAIN,METADATA_REVIEW;TOPIC_TAG_REVIEW,REVIEW,E_STRUCTURE,2.19 A national level network of Automatic Weather Stations (AWS) & Automatic Rain Gauges (ARG) shall also be established under the Weather Information Network Data System (WINDS) initiative as per th
PMFBY_2023_SEC_2_20,PMFBY_2023,child,66,14,14,2.20,,,,STRUCTURE_UNCERTAIN,METADATA_REVIEW;TOPIC_TAG_REVIEW,REVIEW,E_STRUCTURE,"2.20 State/UTs shall adopt use of technology, such as satellite imagery, drones, Unmanned Aerial Vehicle (UAV) and remote sensing for various applications such as crop area estimation, yield disputes "
PMFBY_2023_SEC_2_21,PMFBY_2023,child,40,14,14,2.21,,,,STRUCTURE_UNCERTAIN,METADATA_REVIEW;TOPIC_TAG_REVIEW,REVIEW,E_STRUCTURE,"2.21 Use of technology derived solutions for calculation of Yield will be triggered in the following instances when:

Requisite number of CCEs have not been conducted at the Insurance Unit (IU) level "
PMFBY_2023_SEC_2_22,PMFBY_2023,child,29,14,14,2.22,,,,STRUCTURE_UNCERTAIN,METADATA_REVIEW;TOPIC_TAG_REVIEW,REVIEW,E_STRUCTURE,"2.22 Or

The yield data submitted by the Nodal Department of the State/UT Government is disputed by the IC due to non-compliance of the deﬁned procedure for conducting CCEs."
PMFBY_2023_SEC_2_23,PMFBY_2023,child,42,14,14,2.23,,,,STRUCTURE_UNCERTAIN,METADATA_REVIEW;TOPIC_TAG_REVIEW,REVIEW,E_STRUCTURE,"2.23 Or

The Nodal Department of State/UT Government is unable to submit Actual or approved yield data (CCE Agri App based) for at-least 90% of total Crop Cutting Experiments (CCEs) conducted, within "
PMFBY_2023_SEC_2_24,PMFBY_2023,child,36,14,14,2.24,,,,STRUCTURE_UNCERTAIN,METADATA_REVIEW;TOPIC_TAG_REVIEW,REVIEW,E_STRUCTURE,"2.24 To develop a framework for Research Studies & Working Papers by academia & Multilateral bodies, GoI may enter into bilateral or multilateral arrangements / agreements with any relevant national /"
PMFBY_2023_SEC_3,PMFBY_2023,parent,4,14,14,3,,,Coverage of Farmers,SHORT_CHUNK,METADATA_REVIEW;TOPIC_TAG_REVIEW,REVIEW,B_SHORT,3. Coverage of Farmers
PMFBY_2023_SEC_3_1,PMFBY_2023,parent,172,14,14,3.1,,,Coverage of Farmers,,METADATA_REVIEW;TOPIC_TAG_REVIEW,REVIEW,,"3.1 All farmers including sharecroppers and tenant farmers growing the notiﬁed crops in the notiﬁed areas are eligible for coverage. However, farmers should have insurable interest on the insured crop"
PMFBY_2023_SEC_3_1_1_1,PMFBY_2023,child,105,14,15,3.1.1.1,,,,,HIERARCHY_REVIEW;METADATA_REVIEW;TOPIC_TAG_REVIEW,REVIEW,,3.1.1.1 The scheme is optional for all farmers including farmers who have been sanctioned short-term Seasonal Agricultural Operations (SAO) loans though Kisan Credit Card (KCC) for the notiﬁed crops f
PMFBY_2023_SEC_3_1_1_2,PMFBY_2023,child,42,15,15,3.1.1.2,,,,,HIERARCHY_REVIEW;METADATA_REVIEW;TOPIC_TAG_REVIEW,REVIEW,,"3.1.1.2 Farmer whose KCC loan has become sub-standard as deﬁned and as per prevailing practices of the concerned Banks and/or Government regulator shall not be considered as a Loanee farmer. However, "
PMFBY_2023_SEC_3_1_1_3,PMFBY_2023,child,62,15,15,3.1.1.3,,,,,HIERARCHY_REVIEW;METADATA_REVIEW;TOPIC_TAG_REVIEW,REVIEW,,"3.1.1.3 Merely, sanctioning of crop loan against other collateral securities including ﬁxed deposits, gold/jewel loans, mortgage loans etc. without having insurable interest of the farmer on the insur"
PMFBY_2023_SEC_3_1_2_1,PMFBY_2023,child,34,15,15,3.1.2.1,,,,,HIERARCHY_REVIEW;METADATA_REVIEW;TOPIC_TAG_REVIEW,REVIEW,,"3.1.2.1 The insurance coverage will strictly be equivalent to the sum insured per hectare, as deﬁned in the Government notiﬁcation or /and on NCIP multiplied by proposed insured- area for notiﬁed crop"
PMFBY_2023_SEC_3_1_3,PMFBY_2023,child,50,15,15,3.1.3,,,,,HIERARCHY_REVIEW;METADATA_REVIEW;TOPIC_TAG_REVIEW,REVIEW,,3.1.3 Special efforts shall be made to ensure maximum coverage of Scheduled Caste (SC)/ Scheduled Tribe (ST)/ Women farmers under the Scheme. Further Panchayat Raj Institutions (PRIs) may be involved 
PMFBY_2023_SEC_3_1_4,PMFBY_2023,child,185,15,15,3.1.4,,,,,HIERARCHY_REVIEW;METADATA_REVIEW;TOPIC_TAG_REVIEW,REVIEW,,3.1.4 The implementing Insurance Company selected as lowest rate bidder (L1) will be responsible for taking necessary measures to ensure at least 10% incremental increase in coverage of non-loanee far
PMFBY_2023_SEC_3_1_5,PMFBY_2023,child,75,15,16,3.1.5,,,,,HIERARCHY_REVIEW;METADATA_REVIEW;TOPIC_TAG_REVIEW,REVIEW,,3.1.5 These Insurance Companies shall use digital means such as AIDE App for enrollment of farmers and complete the process as per the seasonality discipline detailed in Para 16.4. The same Insurance 
PMFBY_2023_SEC_3_1_6,PMFBY_2023,child,135,16,16,3.1.6,,,,,HIERARCHY_REVIEW;METADATA_REVIEW;TOPIC_TAG_REVIEW,REVIEW,,3.1.6 The exchange of information and co-witnessing of CCEs for the district by the Government/NCIP will be limited to L1 Company only and it will be binding on other companies to accept the yield dat
PMFBY_2023_SEC_3_1_7,PMFBY_2023,child,30,16,16,3.1.7,,,,,HIERARCHY_REVIEW;METADATA_REVIEW;TOPIC_TAG_REVIEW,REVIEW,,"3.1.7 A detailed SOP/Manual and modalities of the enrollment of non-loanee farmers at L1 premium rate by other unsuccessful bidders shall be notified by the GoI separately.

Universal Coverage 3.2"
PMFBY_2023_SEC_3_2_1,PMFBY_2023,parent,45,16,16,3.2.1,,,Coverage of Farmers,,HIERARCHY_REVIEW;METADATA_REVIEW;TOPIC_TAG_REVIEW,REVIEW,,"3.2.1 The States / UTs shall make all efforts for providing insurance protection to all the farmers including tenant farmers, sharecroppers as well as loanee or non-loanee farmers in their respective "
PMFBY_2023_SEC_3_2_1_1,PMFBY_2023,child,87,16,16,3.2.1.1,,,,,METADATA_REVIEW;TOPIC_TAG_REVIEW,REVIEW,,"3.2.1.1 Full Universalization: Complete farmer database would be fetched on the NCIP through the pre-validated, Land Parcel, Crop & Farmers KYC database of the concerned State/UT. Enrolment through an"
PMFBY_2023_SEC_3_2_1_2,PMFBY_2023,child,48,16,16,3.2.1.2,,,,,METADATA_REVIEW;TOPIC_TAG_REVIEW,REVIEW,,3.2.1.2 Preferential Universalization: The States/UTs can incentivize the enrolment of farmers under the scheme by subsidizing the farmer’s premium partially or completely. State/UT may decide to dedu
PMFBY_2023_SEC_4,PMFBY_2023,child,94,16,17,4,,,Coverage of Crops,,METADATA_REVIEW;TOPIC_TAG_REVIEW,REVIEW,,"4. Coverage of Crops

I. Food crops (Cereals, Millets and Pulses).

II. Oilseeds.

III. Annual Commercial / Annual Horticultural crops.

IV. In addition, pilots for coverage can be taken up for those "
PMFBY_2023_SEC_5,PMFBY_2023,parent,6,17,17,5,,,Coverage of Risks and Exclusions,SHORT_CHUNK,METADATA_REVIEW;TOPIC_TAG_REVIEW,REVIEW,B_SHORT,5. Coverage of Risks and Exclusions
PMFBY_2023_SEC_5_1,PMFBY_2023,child,60,17,17,5.1,,,Coverage of Risks and Exclusions,,METADATA_REVIEW;TOPIC_TAG_REVIEW,REVIEW,,"5.1 Basic Cover: The basic cover under the scheme covers the risk of yield loss to standing crops (sowing to harvesting). This comprehensive risk insurance is

provided to cover yield losses on an are"
PMFBY_2023_SEC_5_2,PMFBY_2023,parent,60,17,17,5.2,,,Coverage of Risks and Exclusions,,METADATA_REVIEW;TOPIC_TAG_REVIEW,REVIEW,,"5.2 Add-On Coverage: Apart from the mandatory basic cover, the State Governments/UT Administrations, in consultation with the State Level Coordination Committee on Crop Insurance (SLCCCI) may choose a"
PMFBY_2023_SEC_5_2_1,PMFBY_2023,child,18,17,17,5.2.1,,,,SHORT_CHUNK,METADATA_REVIEW;TOPIC_TAG_REVIEW,REVIEW,B_SHORT,5.2.1 Prevented Sowing/Planting/Germination Risk: Insured area is prevented from sowing/planting/germination due to deﬁcit rainfall or adverse seasonal/climatic conditions.
PMFBY_2023_SEC_5_2_2,PMFBY_2023,child,62,17,17,5.2.2,,,,,METADATA_REVIEW;TOPIC_TAG_REVIEW,REVIEW,,"5.2.2 Mid-Season Adversity: Loss in case of adverse seasonal conditions during the crop season viz. ﬂoods, prolonged dry spells and severe drought etc., wherein expected yield during the season is lik"
PMFBY_2023_SEC_5_2_3,PMFBY_2023,child,61,17,17,5.2.3,,,,,METADATA_REVIEW;TOPIC_TAG_REVIEW,REVIEW,,"5.2.3 Post-Harvest Losses: Coverage is available only up to a maximum period of two weeks from harvesting, for those crops which are required to be dried in cut and spread / small, bundled condition d"
PMFBY_2023_SEC_5_2_4,PMFBY_2023,child,34,17,17,5.2.4,,,,,METADATA_REVIEW;TOPIC_TAG_REVIEW,REVIEW,,"5.2.4 Localized Calamities: Loss/damage to notiﬁed insured crops resulting from occurrence of identiﬁed localized risks of hailstorm, landslide, inundation, cloud burst and natural ﬁre due to lighteni"
PMFBY_2023_SEC_5_2_5,PMFBY_2023,child,175,17,18,5.2.5,,,,,HIERARCHY_REVIEW;METADATA_REVIEW;TOPIC_TAG_REVIEW,REVIEW,,5.2.5 Add-on coverage for crop loss due to attack by wild animals: The States/UTs may consider providing add-on coverage for crop loss due to the attack by wild animals wherever the risk is perceived 
PMFBY_2023_SEC_5_3,PMFBY_2023,child,34,18,18,5.3,,,Coverage of Risks and Exclusions,,HIERARCHY_REVIEW;METADATA_REVIEW;TOPIC_TAG_REVIEW,REVIEW,,5.3 States/UTs have to notify crop-wise speciﬁc period/duration for coverage of aforesaid add-on risks in their notiﬁcation as detailed in Para 7.2 of this guideline and the same will also be uploaded
PMFBY_2023_SEC_5_4,PMFBY_2023,child,20,18,18,5.4,,,Coverage of Risks and Exclusions,,HIERARCHY_REVIEW;METADATA_REVIEW;TOPIC_TAG_REVIEW,REVIEW,,"5.4 General Exclusions: Losses arising out of war and nuclear risks, malicious damage and other preventable risks shall be excluded."
PMFBY_2023_SEC_5_5,PMFBY_2023,child,93,18,18,5.5,,,Coverage of Risks and Exclusions,,HIERARCHY_REVIEW;METADATA_REVIEW;TOPIC_TAG_REVIEW,REVIEW,,5.5 Loss/damage for localized calamities and post-harvest losses will be assessed at the level of the individual insured farm and hence intimation of loss by the farmer/designated agencies or nodal de
PMFBY_2023_SEC_5_6,PMFBY_2023,child,23,18,18,5.6,,,Coverage of Risks and Exclusions,,HIERARCHY_REVIEW;METADATA_REVIEW;TOPIC_TAG_REVIEW,REVIEW,,"5.6 Details of indemniﬁcation and claims calculation for aforesaid risk covers are

provided in Para 21.

Risk Management Mechanisms under the Scheme 5.7"
PMFBY_2023_SEC_5_7_1,PMFBY_2023,child,37,18,18,5.7.1,,,Coverage of Risks and Exclusions,,HIERARCHY_REVIEW;METADATA_REVIEW;TOPIC_TAG_REVIEW,REVIEW,,5.7.1 The Scheme shall operate mainly on complete ‘risk transfer’ approach wherein complete risk is transferred to implementing Insurance Companies. This will involve bearing of the entire claim liabi
PMFBY_2023_SEC_5_7_2,PMFBY_2023,child,92,18,18,5.7.2,,,Coverage of Risks and Exclusions,,HIERARCHY_REVIEW;METADATA_REVIEW;TOPIC_TAG_REVIEW,REVIEW,,"5.7.2 However, if the State Governments/UT Administrations strongly believe that they need to partake in some of the elements of the risk, they may explore opting for ‘risk participation’ approach. Th"
PMFBY_2023_SEC_5_7_3,PMFBY_2023,child,32,18,18,5.7.3,,,Coverage of Risks and Exclusions,,HIERARCHY_REVIEW;METADATA_REVIEW;TOPIC_TAG_REVIEW,REVIEW,,5.7.3 Any pilot for a model other than those listed above can be taken up in one State at a time with the approval of Union Agriculture Minister and Union Finance Minister.
PMFBY_2023_SEC_5_7_4,PMFBY_2023,parent,11,18,18,5.7.4,,,Coverage of Risks and Exclusions,SHORT_CHUNK,HIERARCHY_REVIEW;METADATA_REVIEW;TOPIC_TAG_REVIEW,REVIEW,B_SHORT,5.7.4 Following shall be the modalities specific to Risk Participation Approach:
PMFBY_2023_SEC_5_7_4_1,PMFBY_2023,child,99,18,19,5.7.4.1,,,,TABLE_REVIEW,HIERARCHY_REVIEW;METADATA_REVIEW;TOPIC_TAG_REVIEW,REVIEW,F_TABLE,"5.7.4.1 “Profit & Loss” Sharing Mechanism:

Parameter

Specifications

Risk Sharing Insurance Company – up to loss ratios of 100%

Insurance Company & Government (GoI and State Govt.) – Risk sharin

1"
PMFBY_2023_SEC_063,PMFBY_2023,child,20,19,19,,,,Profit = 100%- LR = 100%,,METADATA_REVIEW;TOPIC_TAG_REVIEW,REVIEW,,"Profit Sharing @ Loss Ratio of 0%

Loss Sharing @ Loss Ratio of 350%

Profit = 100%- LR = 100%"
PMFBY_2023_SEC_064,PMFBY_2023,child,87,19,19,,,,Loss = 100%- LR = -250%,,METADATA_REVIEW;TOPIC_TAG_REVIEW,REVIEW,,"Loss = 100%- LR = -250%

Insurer Profit = (layer (0%- 50%)

Insurer Loss = (layer (220%- 350%) = - 130%) * (15% share of loss

=50%) *(15% share of Profit) + layer

(220%-350%) + layer (130%-220%

(65"
PMFBY_2023_SEC_065,PMFBY_2023,child,182,19,19,,,,102% of the premium,,METADATA_REVIEW;TOPIC_TAG_REVIEW,REVIEW,,"the Premium

102% of the premium

State share of Profit = 100% - 49.75% = 50.25% of the premium

State Share of Loss = -250% - (- 102%) = - 148% of the Loss

Conditions:

I. Liabilities:

a. GoI subsi"
PMFBY_2023_SEC_5_7_4_2,PMFBY_2023,child,119,20,20,5.7.4.2,,,,TABLE_REVIEW,HIERARCHY_REVIEW;METADATA_REVIEW;TOPIC_TAG_REVIEW,REVIEW,F_TABLE,"5.7.4.2 “Cup & Cap” model (60:130)

Parameter

Specifications

Insurance Company – up to loss ratios of 130%

Risk Sharing

Government (GoI and State Govt. equally) – loss ratio > 130%

Loss ratio bet"
PMFBY_2023_SEC_067,PMFBY_2023,child,78,20,20,,,,II. Surplus Sharing:,,METADATA_REVIEW;TOPIC_TAG_REVIEW,REVIEW,,"II. Surplus Sharing:

a. GoI will share surplus (if any) equally with State/UT Government if the claim ratio

are less than 60%

b. Surplus sharing between Insurance Company and Government (GoI and St"
PMFBY_2023_SEC_5_7_4_3,PMFBY_2023,child,160,20,21,5.7.4.3,,,,TABLE_REVIEW,HIERARCHY_REVIEW;METADATA_REVIEW;TOPIC_TAG_REVIEW,REVIEW,F_TABLE,"5.7.4.3 “Cup & Cap” Model (80-110)

Parameters

Specifications

Insurance Company – up to loss ratios of 110%

Risk Sharing

State Govt. – loss ratio > 110%

Loss ratio between 0%-80% - Insurance Comp"
PMFBY_2023_SEC_069,PMFBY_2023,child,61,21,21,,,,II. Surplus Sharing:,,METADATA_REVIEW;TOPIC_TAG_REVIEW,REVIEW,,"II. Surplus Sharing:

a. GoI will not share surplus (if any) with State/UT Government if the claim ratio is less

than 80%

b. Surplus sharing between Insurance Company and State/UT Government will be"
PMFBY_2023_SEC_5_7_4_4,PMFBY_2023,child,192,21,21,5.7.4.4,,,,,HIERARCHY_REVIEW;METADATA_REVIEW;TOPIC_TAG_REVIEW,REVIEW,,"5.7.4.4 Claim settlement under “Cup & Cap” Models:

a) Claim settlement under “Cup& Cap” Models at Cluster level for any given season

upto the given threshold will be the responsibility of the implem"
PMFBY_2023_SEC_5_7_4_5,PMFBY_2023,child,130,21,21,5.7.4.5,,,,,HIERARCHY_REVIEW;METADATA_REVIEW;TOPIC_TAG_REVIEW,REVIEW,,"5.7.4.5 Calculation of Burn Cost under “Cup & Cap (80-110)” Model:

Burn Cost (BC) for notiﬁed crop(s) under the Cup & Cap 80-110 ARTM model for the given cluster and season and comparison with the L1"
PMFBY_2023_SEC_5_8_1,PMFBY_2023,child,164,21,22,5.8.1,,,Coverage of Risks and Exclusions,,HIERARCHY_REVIEW;METADATA_REVIEW,REVIEW,,"5.8.1 With a view to enhance the access to agriculture & allied insurance products for farmers and to increase penetration of insurance adoption in the Agri ecosystem, GoI intends to create an ecosyst"
PMFBY_2023_SEC_5_8_2,PMFBY_2023,child,116,22,22,5.8.2,,,Coverage of Risks and Exclusions,,HIERARCHY_REVIEW;METADATA_REVIEW,REVIEW,,5.8.2 GoI for this purpose would explore potential collaborations between different stakeholders to facilitate the development of a comprehensive and secure digital SARTHI platform and dovetail it wit
PMFBY_2023_SEC_5_8_3,PMFBY_2023,child,133,22,22,5.8.3,,,Coverage of Risks and Exclusions,,HIERARCHY_REVIEW;METADATA_REVIEW;TOPIC_TAG_REVIEW,REVIEW,,"5.8.3 A unified Agri insurance ecosystem will have the following features:

 Digitization of the Agri & other Insurance product offerings ecosystem in a stable,

secure environment.

 Greater degree"
PMFBY_2023_SEC_5_8_4,PMFBY_2023,child,106,22,22,5.8.4,,,Coverage of Risks and Exclusions,,HIERARCHY_REVIEW;METADATA_REVIEW;TOPIC_TAG_REVIEW,REVIEW,,"5.8.4 To facilitate a comprehensive risk protection environment for Agriculture and Rural sector, GoI will build an open-source digital platform which will provide seamless integration of different in"
PMFBY_2023_SEC_5_8_5,PMFBY_2023,child,48,22,23,5.8.5,,,Coverage of Risks and Exclusions,,HIERARCHY_REVIEW;METADATA_REVIEW;TOPIC_TAG_REVIEW,REVIEW,,"5.8.5 Govt. of India though a consultative committee comprising of insurance industry experts, regulators, academia, Insurtech/agri-tech startups and experts from multi-lateral national/international "
PMFBY_2023_SEC_5_8_6,PMFBY_2023,child,148,23,23,5.8.6,,,Coverage of Risks and Exclusions,,HIERARCHY_REVIEW;METADATA_REVIEW;TOPIC_TAG_REVIEW,REVIEW,,"5.8.6 IRDAI has also been leveraging digital technology to achieve the vision of “Insurance for All” by 2047 where every citizen has an appropriate life, health and property insurance cover and every "
PMFBY_2023_SEC_5_8_7,PMFBY_2023,child,27,23,23,5.8.7,,,Coverage of Risks and Exclusions,,HIERARCHY_REVIEW;METADATA_REVIEW;TOPIC_TAG_REVIEW,REVIEW,,5.8.7 A detailed SOP/Manual and modalities of the SARTHI Platform and Product Innovation including the product designing and validation protocols shall be notified by the GoI separately.
PMFBY_2023_SEC_6,PMFBY_2023,parent,54,23,23,6,,,Preconditions for Implementation of the Scheme,,METADATA_REVIEW;TOPIC_TAG_REVIEW,REVIEW,,"6. Preconditions for Implementation of the Scheme

State/UTs 6.1

Issuance of Notiﬁcation by the State Governments/UT Administrations for the implementation of the Scheme shall imply their acceptance "
PMFBY_2023_SEC_6_1_1,PMFBY_2023,child,67,23,23,6.1.1,,,Preconditions for Implementation of the Scheme,,METADATA_REVIEW;TOPIC_TAG_REVIEW,REVIEW,,"6.1.1 Digitization of IU-wise administrative/revenue hierarchy along with Scheme; crops; level of IUs notiﬁed, crop-wise sum insured, crop-wise indemnity level, crop-wise Threshold Yield (TY) at Insur"
PMFBY_2023_SEC_6_1_2,PMFBY_2023,child,108,23,23,6.1.2,,,Preconditions for Implementation of the Scheme,,METADATA_REVIEW;TOPIC_TAG_REVIEW,REVIEW,,"6.1.2 Adoption of innovative technology especially YES-TECH for direct yield estimation at Gram Panchayat (GP) level as per the standards and specifications given in the YES-TECH Manual 2023, CROPIC f"
PMFBY_2023_SEC_6_1_3,PMFBY_2023,child,67,23,24,6.1.3,,,Preconditions for Implementation of the Scheme,,HIERARCHY_REVIEW;METADATA_REVIEW;TOPIC_TAG_REVIEW,REVIEW,,6.1.3 Making an additional provision of a separate budget allocation of 3% of the total budget of the Scheme for administrative expenses from Financial Year (FY) 2023- 24 for meeting the day-to-day ex
PMFBY_2023_SEC_6_1_4,PMFBY_2023,child,31,24,24,6.1.4,,,Preconditions for Implementation of the Scheme,,HIERARCHY_REVIEW;METADATA_REVIEW;TOPIC_TAG_REVIEW,REVIEW,,6.1.4 Adopt Smart Sampling Technology for conducting requisite number of CCEs at the level of notiﬁed IU area and approve the actual yield data as recorded in the CCE Agri App.
PMFBY_2023_SEC_6_1_5,PMFBY_2023,child,54,24,24,6.1.5,,,Preconditions for Implementation of the Scheme,,HIERARCHY_REVIEW;METADATA_REVIEW;TOPIC_TAG_REVIEW,REVIEW,,6.1.5 To finalize CCE and YES-TECH based final yield estimation data on the NCIP to enable auto-calculation of claims. In case the Nodal Department does not provide/upload actual yield data within 2 m
PMFBY_2023_SEC_6_1_6,PMFBY_2023,child,40,24,24,6.1.6,,,Preconditions for Implementation of the Scheme,,HIERARCHY_REVIEW;METADATA_REVIEW;TOPIC_TAG_REVIEW,REVIEW,,"6.1.6 In order to ensure timely release of subsidy and to maintain strict financial discipline in the scheme implementation, the release of subsidy shall be guided by the following provisions:

I. The"
PMFBY_2023_SEC_086,PMFBY_2023,child,25,24,24,,,,II. Notwithstanding any legal order specifically restricting the release of subsidy the,,METADATA_REVIEW;TOPIC_TAG_REVIEW,REVIEW,,II. Notwithstanding any legal order specifically restricting the release of subsidy the subsidy component of previous season shall be settled first from any future contributions.
PMFBY_2023_SEC_087,PMFBY_2023,child,29,24,24,,,,III. All the financial transactions (subsidy and claims) including farmers premium being,,METADATA_REVIEW;TOPIC_TAG_REVIEW,REVIEW,,III. All the financial transactions (subsidy and claims) including farmers premium being paid by State/UTs adopting Full or Preferential Universalization shall be routed through National Crop Insuranc
PMFBY_2023_SEC_088,PMFBY_2023,child,33,24,24,,,,IV. The States/UTs are required to commit their liabilities in advance as per modalities,,METADATA_REVIEW;TOPIC_TAG_REVIEW,REVIEW,,"IV. The States/UTs are required to commit their liabilities in advance as per modalities mentioned hereunder:

Start

Advance Subsidy

Notification of Digitization on NCIP

deposited in Escrow

PMFBY "
PMFBY_2023_SEC_089,PMFBY_2023,child,20,24,24,,,,CNA to Confirm on NCIP,,METADATA_REVIEW;TOPIC_TAG_REVIEW,REVIEW,,"Escrow A/c

Advance Subsidy

deposited in

Yes

Escrow Account?

No

CNA to Confirm on NCIP

NCIP Activated for

Enrollments

End"
PMFBY_2023_SEC_6_1_7,PMFBY_2023,parent,737,25,26,6.1.7,,,Preconditions for Implementation of the Scheme,TABLE_REVIEW,HIERARCHY_REVIEW;METADATA_REVIEW;TOPIC_TAG_REVIEW,REVIEW,F_TABLE,"6.1.7 State/UT shall release an amount equivalent to 50% previous season’s total State/UT Government liability on approved application data as the advance upfront premium subsidy, and the same shall b"
PMFBY_2023_SEC_6_1_7_SUB_1,PMFBY_2023,child,462,25,25,6.1.7,,,Preconditions for Implementation of the Scheme,TABLE_REVIEW,METADATA_REVIEW;TOPIC_TAG_REVIEW,REVIEW,F_TABLE,"6.1.7 State/UT shall release an amount equivalent to 50% previous season’s total State/UT Government liability on approved application data as the advance upfront premium subsidy, and the same shall b"
PMFBY_2023_SEC_6_1_7_SUB_2,PMFBY_2023,child,275,25,26,6.1.7,,,Preconditions for Implementation of the Scheme,TABLE_REVIEW,METADATA_REVIEW;TOPIC_TAG_REVIEW,REVIEW,F_TABLE,VII. NCIP would only be opened for enrolment upon remittance of the above-mentioned advance upfront premium by the concerned State/UT Government to the Escrow Account and upon receipt of electronic co
PMFBY_2023_SEC_6_1_8,PMFBY_2023,child,39,26,26,6.1.8,,,Preconditions for Implementation of the Scheme,,HIERARCHY_REVIEW;METADATA_REVIEW;TOPIC_TAG_REVIEW,REVIEW,,6.1.8 To carry out pilot studies for improved yield estimations using technology. Adoption of protocol/Standard Operating Procedure (SOP) for smart sampling technique (SST) and direct yield estimation
PMFBY_2023_SEC_6_1_9,PMFBY_2023,child,119,26,26,6.1.9,,,Preconditions for Implementation of the Scheme,,HIERARCHY_REVIEW;METADATA_REVIEW,REVIEW,,"6.1.9 The present composition of the State level Coordination Committee on Crop Insurance (SLCCCI) includes the representation of concerned Departments of the State Governments/UT Administrations, Res"
PMFBY_2023_SEC_6_1_10,PMFBY_2023,child,41,26,26,6.1.10,,,Preconditions for Implementation of the Scheme,,HIERARCHY_REVIEW;METADATA_REVIEW;TOPIC_TAG_REVIEW,REVIEW,,6.1.10 Adequate preparedness for ensuring availability of all crop loss and yield data on National Crop Insurance Portal (NCIP) as computation of claims including those related to add-on cover will be
PMFBY_2023_SEC_6_1_11,PMFBY_2023,child,92,26,27,6.1.11,,,Preconditions for Implementation of the Scheme,,HIERARCHY_REVIEW;METADATA_REVIEW;TOPIC_TAG_REVIEW,REVIEW,,6.1.11 Grievance redressal and resolution of complaints and queries of farmers raised through any of the mode including Krishi Rakshak Portal & Helpline within timelines outlined in the SOP/Manual of 
PMFBY_2023_SEC_6_2_1,PMFBY_2023,child,24,27,27,6.2.1,,,Preconditions for Implementation of the Scheme,,HIERARCHY_REVIEW;METADATA_REVIEW;TOPIC_TAG_REVIEW,REVIEW,,6.2.1 To carry out pilot studies and research for leveraging new technology for the effective implementation of Scheme in a transparent & efficient manner.
PMFBY_2023_SEC_6_2_2,PMFBY_2023,child,43,27,27,6.2.2,,,Preconditions for Implementation of the Scheme,,HIERARCHY_REVIEW;METADATA_REVIEW;TOPIC_TAG_REVIEW,REVIEW,,"6.2.2 Deployment of requisite infrastructure to widen the outreach of the Scheme and enabling access to related services to the rural farmers at their doorstep, with a commitment for at least 10% incr"
PMFBY_2023_SEC_6_2_3,PMFBY_2023,child,42,27,27,6.2.3,,,Preconditions for Implementation of the Scheme,,HIERARCHY_REVIEW;METADATA_REVIEW;TOPIC_TAG_REVIEW,REVIEW,,"6.2.3 Deployment of sufﬁcient manpower to co-observe CCEs and allied activities and compulsory use of CCE Agri App, CROPIC App, Crop Loss Assessment App, their digital web portals and other digital Ap"
PMFBY_2023_SEC_6_2_4,PMFBY_2023,child,49,27,27,6.2.4,,,Preconditions for Implementation of the Scheme,,HIERARCHY_REVIEW;METADATA_REVIEW;TOPIC_TAG_REVIEW,REVIEW,,6.2.4 Allocation of requisite resources for IEC activities including awareness generation and capacity building of stakeholders about the Scheme. The detailed planning for the same should be submitted
PMFBY_2023_SEC_6_2_5,PMFBY_2023,child,45,27,27,6.2.5,,,Preconditions for Implementation of the Scheme,,HIERARCHY_REVIEW;METADATA_REVIEW;TOPIC_TAG_REVIEW,REVIEW,,"6.2.5 Creation of a grievance redressal mechanism at the ground level covering the Sub-district, District, State and National level, putting in place a robust and effective method for grievance regist"
PMFBY_2023_SEC_6_2_6,PMFBY_2023,child,31,27,27,6.2.6,,,Preconditions for Implementation of the Scheme,,HIERARCHY_REVIEW;METADATA_REVIEW;TOPIC_TAG_REVIEW,REVIEW,,6.2.6 Settlement of claims to the eligible farmers under the Basic Cover and all insured add-on covers as per the prescribed timelines as deﬁned in the seasonality discipline and State/UT Notification
PMFBY_2023_SEC_6_2_7,PMFBY_2023,child,31,27,27,6.2.7,,,Preconditions for Implementation of the Scheme,,HIERARCHY_REVIEW;METADATA_REVIEW;TOPIC_TAG_REVIEW,REVIEW,,6.2.7 Timely payment of service charge to Banks (4% of farmer's premium) and requisite service charges to Common Service Centre - Special Purpose Vehicle (CSC-SPV) & other Insurance Intermediaries thr
PMFBY_2023_SEC_6_2_8,PMFBY_2023,child,22,27,27,6.2.8,,,Preconditions for Implementation of the Scheme,,HIERARCHY_REVIEW;METADATA_REVIEW;TOPIC_TAG_REVIEW,REVIEW,,6.2.8 An SOP/Manual for carrying out different activities of awareness generation and capacity building shall be as shared by the GoI separately.
PMFBY_2023_SEC_6_2_9,PMFBY_2023,child,96,27,28,6.2.9,,,Preconditions for Implementation of the Scheme,,HIERARCHY_REVIEW;METADATA_REVIEW;TOPIC_TAG_REVIEW,REVIEW,,6.2.9 Grievance redressal and resolution of complaints and queries of farmers raised through any of the mode including Krishi Rakshak Portal & Helpline within timelines outlined in the SOP/Manual of G
PMFBY_2023_SEC_6_3_1,PMFBY_2023,child,73,28,28,6.3.1,,,Preconditions for Implementation of the Scheme,,HIERARCHY_REVIEW;METADATA_REVIEW;TOPIC_TAG_REVIEW,REVIEW,,"6.3.1 Creation of digital credentials for each user at PACS, Branch, Regional/Zonal Office and Head Office level and compulsory data entry of farmers' details on NCIP either through fully automated mo"
PMFBY_2023_SEC_6_3_2,PMFBY_2023,child,43,28,28,6.3.2,,,Preconditions for Implementation of the Scheme,,HIERARCHY_REVIEW;METADATA_REVIEW;TOPIC_TAG_REVIEW,REVIEW,,"6.3.2 Digitization of correct and updated information of the insured farmers on NCIP after due validation with the records available with the bank/farmers including Aadhaar Number, Mobile Number, vali"
PMFBY_2023_SEC_6_3_3,PMFBY_2023,child,43,28,28,6.3.3,,,Preconditions for Implementation of the Scheme,,HIERARCHY_REVIEW;METADATA_REVIEW;TOPIC_TAG_REVIEW,REVIEW,,"6.3.3 Uploading copies of the requisite documents e.g. Land Possession/Ownership Certificate, Copy of Bank Passbook/Bank Account details & Crop Sowing certificate as per the requirements of the State "
PMFBY_2023_SEC_6_3_4,PMFBY_2023,child,20,28,28,6.3.4,,,Preconditions for Implementation of the Scheme,,HIERARCHY_REVIEW;METADATA_REVIEW;TOPIC_TAG_REVIEW,REVIEW,,6.3.4 Timely remittance of farmer's premium through payment gateway linked with NCIP strictly as per timelines to implementing Insurance Companies.
PMFBY_2023_SEC_6_3_5,PMFBY_2023,child,47,28,28,6.3.5,,,Preconditions for Implementation of the Scheme,,HIERARCHY_REVIEW;METADATA_REVIEW;TOPIC_TAG_REVIEW,REVIEW,,6.3.5 Grievance redressal and resolution of complaints and queries of farmers raised through any of the mode including Krishi Rakshak Portal & Helpline within timelines outlined in the SOP/Manual of G
PMFBY_2023_SEC_6_4_1,PMFBY_2023,child,29,28,28,6.4.1,,,Preconditions for Implementation of the Scheme,,HIERARCHY_REVIEW;METADATA_REVIEW;TOPIC_TAG_REVIEW,REVIEW,,"6.4.1 Aadhaar has been made mandatory for availing Crop insurance from Kharif 2017 season onwards. Therefore, all enrolment agencies are advised to mandatorily obtain Aadhaar Number of their farmers."
PMFBY_2023_SEC_6_4_2,PMFBY_2023,child,78,28,28,6.4.2,,,Preconditions for Implementation of the Scheme,,HIERARCHY_REVIEW;METADATA_REVIEW;TOPIC_TAG_REVIEW,REVIEW,,6.4.2 Farmers not having Aadhaar Identity (ID) may also enroll under PMFBY subject to their enrolment for Aadhaar and submission of proof of such enrolment as per notiﬁcation No. 334.dated 8th Februar
PMFBY_2023_SEC_6_4_3,PMFBY_2023,child,70,28,28,6.4.3,,,Preconditions for Implementation of the Scheme,,HIERARCHY_REVIEW;METADATA_REVIEW;TOPIC_TAG_REVIEW,REVIEW,,6.4.3 All enrolment agencies including banks have to compulsorily take Aadhaar/Aadhaar enrolment number as per the notiﬁcation under the Aadhaar Act before the enrollment or sanction of crop loan unde
PMFBY_2023_SEC_6_5_1,PMFBY_2023,child,66,28,29,6.5.1,,,Preconditions for Implementation of the Scheme,,HIERARCHY_REVIEW;METADATA_REVIEW;TOPIC_TAG_REVIEW,REVIEW,,6.5.1 State/UTs and Insurance Companies will enter into an agreement before the commencement of the ﬁrst crop season as per the model agreement shared by the GoI and as available on NCIP. The roles an
PMFBY_2023_SEC_7,PMFBY_2023,parent,13,29,29,7,,,Procedure for Issuance of Tender by the States/UTs,SHORT_CHUNK,METADATA_REVIEW;TOPIC_TAG_REVIEW,REVIEW,B_SHORT,"Tendering and Notiﬁcation 7.

Procedure for Issuance of Tender by the States/UTs 7.1"
PMFBY_2023_SEC_7_1_1,PMFBY_2023,child,81,29,29,7.1.1,,,Procedure for Issuance of Tender by the States/UTs,,METADATA_REVIEW;TOPIC_TAG_REVIEW,REVIEW,,7.1.1 Operational Guidelines of PMFBY provides for compulsory tender by the States/UTs for period of 3 years to ensure assured business to Insurance Companies for a longer duration leading to increase
PMFBY_2023_SEC_7_1_2,PMFBY_2023,child,19,29,29,7.1.2,,,Procedure for Issuance of Tender by the States/UTs,SHORT_CHUNK,METADATA_REVIEW;TOPIC_TAG_REVIEW,REVIEW,B_SHORT,"7.1.2 Updated Model Tender Document as per Operational Guidelines 2023 shall be

provided to the States/UTs by GoI separately."
PMFBY_2023_SEC_7_1_3,PMFBY_2023,child,51,29,29,7.1.3,,,Procedure for Issuance of Tender by the States/UTs,,METADATA_REVIEW;TOPIC_TAG_REVIEW,REVIEW,,7.1.3 Meeting of the SLCCCI should be convened prior to the commencement of the ﬁrst crop season and well in advance for ﬁnalizing the various terms and conditions and calling of bids/issuance of the 
PMFBY_2023_SEC_7_1_4,PMFBY_2023,child,45,29,29,7.1.4,,,Procedure for Issuance of Tender by the States/UTs,,METADATA_REVIEW;TOPIC_TAG_REVIEW,REVIEW,,"7.1.4 In order to have transparency, all the details mentioned in the Model Tender Document (refer Para 7.1.2) shall mandatorily, be made a part of the tendering process. No modiﬁcation in the terms a"
PMFBY_2023_SEC_7_1_5,PMFBY_2023,child,81,29,29,7.1.5,,,Procedure for Issuance of Tender by the States/UTs,,METADATA_REVIEW;TOPIC_TAG_REVIEW,REVIEW,,7.1.5 States / UTs should ensure the issuance of the tender notice/document and its circulation to all concerned agencies/ departments/ institutions at least three months prior to the commencement of 
PMFBY_2023_SEC_7_1_6,PMFBY_2023,child,72,29,29,7.1.6,,,Procedure for Issuance of Tender by the States/UTs,,METADATA_REVIEW;TOPIC_TAG_REVIEW,REVIEW,,"7.1.6 Annexure for bid document may be generated through the Portal including Crop-wise IU location master. The procedure and template for the same are available on NCIP. Before ﬂoating the Tender, la"
PMFBY_2023_SEC_7_1_7,PMFBY_2023,child,60,29,29,7.1.7,,,Procedure for Issuance of Tender by the States/UTs,,METADATA_REVIEW;TOPIC_TAG_REVIEW,REVIEW,,"7.1.7 The prescribed list of data required to be published along with the tender is detailed below to enable proper risk analysis and correct premium rating, viz. details about the notiﬁed scheme, not"
PMFBY_2023_SEC_121,PMFBY_2023,child,33,29,30,,,,"A. Details of Automatic Weather Stations (AWS), Automatic Rain Gauges (ARG) or",,METADATA_REVIEW;TOPIC_TAG_REVIEW,REVIEW,,"A. Details of Automatic Weather Stations (AWS), Automatic Rain Gauges (ARG) or IMD/State Governments/UT Administrations/Private AWS/ARG networks, which have been installed as per the standards and spe"
PMFBY_2023_SEC_122,PMFBY_2023,child,34,30,30,,,,B. Year wise historical Average Yield data for each notiﬁed crop at the Notiﬁed IU level,,METADATA_REVIEW;TOPIC_TAG_REVIEW,REVIEW,,B. Year wise historical Average Yield data for each notiﬁed crop at the Notiﬁed IU level for past 10 years (including immediately preceding season/year) and this data shall be made available through t
PMFBY_2023_SEC_123,PMFBY_2023,child,29,30,30,,,,"C. Year wise, Crop-wise, IU level historical Coverage and Claim data for past 3 years",,METADATA_REVIEW;TOPIC_TAG_REVIEW,REVIEW,,"C. Year wise, Crop-wise, IU level historical Coverage and Claim data for past 3 years (including immediately preceding season/year) and this data shall be made available through the NCIP."
PMFBY_2023_SEC_124,PMFBY_2023,child,24,30,30,,,,D. Crop-wise nomenclature of yield being collated and reported along with the,,METADATA_REVIEW;TOPIC_TAG_REVIEW,REVIEW,,D. Crop-wise nomenclature of yield being collated and reported along with the conversion factor between the two nomenclatures (if applicable) e.g. Paddy & Rice.
PMFBY_2023_SEC_125,PMFBY_2023,child,35,30,30,,,,E. List of cluster wise distribution of districts and list of crops proposed to be covered,,METADATA_REVIEW;TOPIC_TAG_REVIEW,REVIEW,,"E. List of cluster wise distribution of districts and list of crops proposed to be covered under different risk combinations along with applicable Sum Insured values, indemnity levels and onset of sow"
PMFBY_2023_SEC_126,PMFBY_2023,child,47,30,30,,,,F. Classiﬁcation of irrigated and unirrigated districts in clusters as per irrigation facilities,,METADATA_REVIEW;TOPIC_TAG_REVIEW,REVIEW,,"F. Classiﬁcation of irrigated and unirrigated districts in clusters as per irrigation facilities available. If the State/UTs have not categorized irrigated/un-irrigated district, GoI liability will be"
PMFBY_2023_SEC_127,PMFBY_2023,child,22,30,30,,,,G. Details of Alternate Risk Management Models (ARTM) and Yield Estimation Models,,METADATA_REVIEW;TOPIC_TAG_REVIEW,REVIEW,,G. Details of Alternate Risk Management Models (ARTM) and Yield Estimation Models under YES-TECH as are being adopted by the State Governments/UTs.
PMFBY_2023_SEC_7_1_8,PMFBY_2023,parent,125,30,30,7.1.8,,,Procedure for Issuance of Tender by the States/UTs,,HIERARCHY_REVIEW;METADATA_REVIEW;TOPIC_TAG_REVIEW,REVIEW,,"7.1.8 Calculation of the lowest weighted premium of district shall be based on the insured area for notiﬁed crops in each district during last year/season. However, in the absence of insured area deta"
PMFBY_2023_SEC_7_1_8_1,PMFBY_2023,child,22,30,30,7.1.8.1,,,,,METADATA_REVIEW;TOPIC_TAG_REVIEW,REVIEW,,7.1.8.1 Bidding shall be done through e-tendering and work order may be released within 2 weeks of the opening of the Tender.
PMFBY_2023_SEC_7_1_8_2,PMFBY_2023,child,128,30,30,7.1.8.2,,,,,METADATA_REVIEW;TOPIC_TAG_REVIEW,REVIEW,,"7.1.8.2 Depending on the risk proﬁle, historical loss cost and cost beneﬁt analysis for the proposed crop(s) in district(s) of any cluster, if the State/UT Government feels that the premium rate likel"
PMFBY_2023_SEC_7_1_8_3,PMFBY_2023,child,120,30,31,7.1.8.3,,,,,HIERARCHY_REVIEW;METADATA_REVIEW;TOPIC_TAG_REVIEW,REVIEW,,"7.1.8.3 In such cases where a ceiling on premium rate has been indicated, the State/UT Government must call ﬁnancial bids in a two-step bidding or in two separate envelopes. The ﬁrst bid/envelope is f"
PMFBY_2023_SEC_7_1_9,PMFBY_2023,child,182,31,31,7.1.9,,,Procedure for Issuance of Tender by the States/UTs,,HIERARCHY_REVIEW;METADATA_REVIEW;TOPIC_TAG_REVIEW,REVIEW,,7.1.9 The State/UT Government shall ﬁrst evaluate the ﬁrst envelope of the bid keeping in view the premium offered by each individual participating Insurance Company and if the risk propensity and wea
PMFBY_2023_SEC_7_1_10,PMFBY_2023,child,64,31,31,7.1.10,,,Procedure for Issuance of Tender by the States/UTs,,HIERARCHY_REVIEW;METADATA_REVIEW;TOPIC_TAG_REVIEW,REVIEW,,7.1.10 Sum Insured and Indemnity Values for the current tender shall also be uploaded by the State/UTs on NCIP before publishing of Tender. Loss Cost calculation shall be made available for the State/
PMFBY_2023_SEC_7_1_11,PMFBY_2023,child,151,31,31,7.1.11,,,Procedure for Issuance of Tender by the States/UTs,,HIERARCHY_REVIEW;METADATA_REVIEW;TOPIC_TAG_REVIEW,REVIEW,,"7.1.11 The tender process is the most crucial part of the implementation of the scheme, therefore it is important to ensure that the process is conducted with utmost caution as the rates once opened m"
PMFBY_2023_SEC_7_1_12,PMFBY_2023,child,69,31,31,7.1.12,,,Procedure for Issuance of Tender by the States/UTs,,HIERARCHY_REVIEW;METADATA_REVIEW;TOPIC_TAG_REVIEW,REVIEW,,"7.1.12 State/UTs are required to compulsorily upload meeting notices, tender documents, addendums, corrigendum, notiﬁcation of award, copy of agreement between State/UT Government and the Insurance Co"
PMFBY_2023_SEC_7_1_13,PMFBY_2023,child,70,31,32,7.1.13,,,Procedure for Issuance of Tender by the States/UTs,,HIERARCHY_REVIEW;METADATA_REVIEW;TOPIC_TAG_REVIEW,REVIEW,,7.1.13 All conditions proposed to be stipulated by State/UT Government shall be incorporated in the bid document itself and no new condition should be included in the notiﬁcation. In case Insurance Co
PMFBY_2023_SEC_7_1_14,PMFBY_2023,child,71,32,32,7.1.14,,,Procedure for Issuance of Tender by the States/UTs,,HIERARCHY_REVIEW;METADATA_REVIEW;TOPIC_TAG_REVIEW,REVIEW,,"7.1.14 L1 bidder shall not be allowed to withdraw its bid after opening of bids/allotment of work. If L1 bidder withdraws then ﬁnancial loss, if any, to the State/UT Government due to re-tendering /as"
PMFBY_2023_SEC_7_1_15,PMFBY_2023,child,41,32,32,7.1.15,,,Procedure for Issuance of Tender by the States/UTs,,HIERARCHY_REVIEW;METADATA_REVIEW;TOPIC_TAG_REVIEW,REVIEW,,"7.1.15 There would be no further negotiations with the L1 bidder to accept L1 rates of other bidder for any district-crop combination i.e., the rates quoted by the L1 bidder for different district-cro"
PMFBY_2023_SEC_7_1_16,PMFBY_2023,child,57,32,32,7.1.16,,,Procedure for Issuance of Tender by the States/UTs,,HIERARCHY_REVIEW;METADATA_REVIEW;TOPIC_TAG_REVIEW,REVIEW,,"7.1.16 Bidding and negotiation conditions will be as per Central Vigilance Commission (CVC) guidelines, vide its circular nos. No.005/CRD/012 dated 03rd March 2007 & No.005/CRD/012 dated 20th Jan 2010"
PMFBY_2023_SEC_7_1_17_1,PMFBY_2023,child,234,32,32,7.1.17.1,,,Procedure for Issuance of Tender by the States/UTs,,HIERARCHY_REVIEW;METADATA_REVIEW;TOPIC_TAG_REVIEW,REVIEW,,7.1.17.1 Either party shall be entitled to terminate this Agreement under speciﬁc situations and conditions as mentioned below after ninety (90) days of issuing a written notice to the other party sub
PMFBY_2023_SEC_7_1_17_2,PMFBY_2023,child,69,32,33,7.1.17.2,,,Procedure for Issuance of Tender by the States/UTs,,HIERARCHY_REVIEW;METADATA_REVIEW;TOPIC_TAG_REVIEW,REVIEW,,7.1.17.2 Termination of agreement by any party due to any other reason not listed above will attract an additional penalty of up to 5% of the total premium. The total premium in this case shall be equ
PMFBY_2023_SEC_7_2_1_1,PMFBY_2023,child,177,33,33,7.2.1.1,,,Procedure for Issuance of Tender by the States/UTs,,HIERARCHY_REVIEW;METADATA_REVIEW;TOPIC_TAG_REVIEW,REVIEW,,"7.2.1.1 The Scheme shall operate on the principle of ""Area Approach"" in the selected deﬁned areas called IU. The State/UTs will notify crops and deﬁned areas covered during the season in accordance wi"
PMFBY_2023_SEC_7_2_1_2,PMFBY_2023,child,58,33,33,7.2.1.2,,,Procedure for Issuance of Tender by the States/UTs,,HIERARCHY_REVIEW;METADATA_REVIEW;TOPIC_TAG_REVIEW,REVIEW,,7.2.1.2 The State/UTs will notify the type of Risk Coverage opted viz. Basic Cover and Add-on Covers during the season. For the claims arising out of crop damage due to localized risks and post-harves
PMFBY_2023_SEC_7_2_1_3,PMFBY_2023,child,106,33,33,7.2.1.3,,,Procedure for Issuance of Tender by the States/UTs,,HIERARCHY_REVIEW;METADATA_REVIEW;TOPIC_TAG_REVIEW,REVIEW,,"7.2.1.3 The SLCCCI, for the purpose of notiﬁcation, will consider factors such as availability of the past yield data based on CCEs for adequate number of years (at least 10 years for the calculation "
PMFBY_2023_SEC_7_2_1_4,PMFBY_2023,child,161,33,33,7.2.1.4,,,Procedure for Issuance of Tender by the States/UTs,,HIERARCHY_REVIEW;METADATA_REVIEW;TOPIC_TAG_REVIEW,REVIEW,,"7.2.1.4 The States/UTs should provide all information and data as mentioned above (Para 7.1.6) in soft format (in Excel sheet) in English to the Insurance Companies for the risk assessment, calculatio"
PMFBY_2023_SEC_7_2_1_5,PMFBY_2023,child,85,33,34,7.2.1.5,,,Procedure for Issuance of Tender by the States/UTs,,HIERARCHY_REVIEW;METADATA_REVIEW;TOPIC_TAG_REVIEW,REVIEW,,"7.2.1.5 In case State/UTs propose to notify irrigated and un-irrigated (rainfed) areas under a crop separately, they shall ensure that minimum CCEs are planned and conducted for irrigated and rainfed "
PMFBY_2023_SEC_7_2_1_6,PMFBY_2023,child,133,34,34,7.2.1.6,,,Procedure for Issuance of Tender by the States/UTs,,HIERARCHY_REVIEW;METADATA_REVIEW;TOPIC_TAG_REVIEW,REVIEW,,"7.2.1.6 While notifying the crop(s) where a speciﬁc conversion factor is being used for reporting of yield such as in the case of rice/paddy etc., due care should be taken by the State/UT Nodal Depart"
PMFBY_2023_SEC_7_2_1_7,PMFBY_2023,child,125,34,34,7.2.1.7,,,Procedure for Issuance of Tender by the States/UTs,,HIERARCHY_REVIEW;METADATA_REVIEW;TOPIC_TAG_REVIEW,REVIEW,,"7.2.1.7 For the current season or subsequent seasons (in a multi-year contract), the State/UTs, if required, can notify additional IUs or de-notify certain IUs subject to maximum deviation of 10% of t"
PMFBY_2023_SEC_7_2_1_8,PMFBY_2023,child,117,34,34,7.2.1.8,,,Procedure for Issuance of Tender by the States/UTs,,HIERARCHY_REVIEW;METADATA_REVIEW;TOPIC_TAG_REVIEW,REVIEW,,"7.2.1.8 In case of creation/re-organization of any new IU/Districts by the State Governments/UT Administrations after the ﬁnalization of tender, it shall be included in the scheme with the same terms "
PMFBY_2023_SEC_7_2_1_9,PMFBY_2023,child,81,34,34,7.2.1.9,,,Procedure for Issuance of Tender by the States/UTs,,HIERARCHY_REVIEW;METADATA_REVIEW;TOPIC_TAG_REVIEW,REVIEW,,7.2.1.9 The GoI shall incentivize each primary worker or field functionary involved in conducting crop cutting experiment through CCE Agri App of GoI by Rs. 150 per CCE for encouraging using technolog
PMFBY_2023_SEC_7_3_1,PMFBY_2023,child,152,34,35,7.3.1,,,Procedure for Issuance of Tender by the States/UTs,,HIERARCHY_REVIEW;METADATA_REVIEW;TOPIC_TAG_REVIEW,REVIEW,,"7.3.1 Scheme provides for adoption of three levels of Indemnity, viz., 70%, 80% and 90%. State/UT Government in consultation with the SLCCCI shall ﬁnalize the indemnity levels for notiﬁed crops at the"
PMFBY_2023_SEC_7_3_2,PMFBY_2023,child,102,35,35,7.3.2,,,Procedure for Issuance of Tender by the States/UTs,,HIERARCHY_REVIEW;METADATA_REVIEW;TOPIC_TAG_REVIEW,REVIEW,,7.3.2 The Indemnity level of the district-crop combination should be prescribed in the tender and will remain the same during the entire contract period. In case of re-organization/creation of new dis
PMFBY_2023_SEC_7_3_3,PMFBY_2023,parent,90,35,35,7.3.3,,,Procedure for Issuance of Tender by the States/UTs,,HIERARCHY_REVIEW;METADATA_REVIEW;TOPIC_TAG_REVIEW,REVIEW,,"7.3.3 The calculation and notiﬁcation of Threshold Yield – For calculation of Threshold Yield, historical average yield of the best ﬁve out of last seven years and applicable indemnity level shall be "
PMFBY_2023_SEC_7_3_3_1,PMFBY_2023,child,105,35,35,7.3.3.1,,,,TABLE_REVIEW,METADATA_REVIEW;TOPIC_TAG_REVIEW,REVIEW,F_TABLE,"7.3.3.1 Fixed Threshold Yield – Threshold Yield as derived from the best 5 of the immediate last 7 years crop yield data and notiﬁed indemnity level, will remain unchanged for the entire contract peri"
PMFBY_2023_SEC_155,PMFBY_2023,child,70,35,35,,,,Threshold Yield:,TABLE_REVIEW,METADATA_REVIEW;TOPIC_TAG_REVIEW,REVIEW,F_TABLE,"Threshold Yield:

Threshold Yield calculated as per formula below:

Formula = [(Ʃ Best 5-year Yield) X Notiﬁed Indemnity level] ÷ 5

Under this method the Threshold Yield calculated in year 1 will rem"
PMFBY_2023_SEC_156,PMFBY_2023,child,71,35,36,,,,Premium Rate:,TABLE_REVIEW,METADATA_REVIEW;TOPIC_TAG_REVIEW,REVIEW,F_TABLE,"Premium Rate:

Under this method Premium rate quoted by The Insurance Company in ﬁrst year will remain

same throughout the tender period. For example, if the premium rate quoted by insurance company "
PMFBY_2023_SEC_157,PMFBY_2023,child,56,36,36,,,,Evaluation of tender process and determination of L1 Company:,,METADATA_REVIEW;TOPIC_TAG_REVIEW,REVIEW,,"Evaluation of tender process and determination of L1 Company:

Under this method, every Insurance Company will quote premium rate for each district crop combination notiﬁed by concerned State/UT. L1 w"
PMFBY_2023_SEC_7_3_3_2,PMFBY_2023,child,216,36,36,7.3.3.2,,,,TABLE_REVIEW,HIERARCHY_REVIEW;METADATA_REVIEW;TOPIC_TAG_REVIEW,REVIEW,F_TABLE,"7.3.3.2 Laddered Threshold Yield - If the district level average change in yield for a crop over immediately preceding 7 years is negative then ﬁxed TY mentioned as in Para 7.3.3.1, above shall apply."
PMFBY_2023_SEC_159,PMFBY_2023,child,133,36,37,,,,Threshold Yield:,TABLE_REVIEW,METADATA_REVIEW;TOPIC_TAG_REVIEW,REVIEW,F_TABLE,"Indemnity Level-70%

Threshold Yield:

Here, average yield growth rate in last 7 years = - 3.27% as calculated below:

(1,000/1,000-1) + (1,600/1,000-1) + (1,900/1,600-1) + (1,850/1,900-1) + (1,400/1,"
PMFBY_2023_SEC_160,PMFBY_2023,child,117,37,37,,,,Evaluation of tender process and determination of L1 Company:,TABLE_REVIEW,METADATA_REVIEW;TOPIC_TAG_REVIEW,REVIEW,F_TABLE,"Premium Rate:

It will remain same across the contract period like Illustration I.

Evaluation of tender process and determination of L1 Company:

Under this method, every insurance company will quote"
PMFBY_2023_SEC_161,PMFBY_2023,child,200,37,37,,,,Indemnity Level-70%,TABLE_REVIEW,METADATA_REVIEW;TOPIC_TAG_REVIEW,REVIEW,F_TABLE,"Indemnity Level-70%

Method

Average Yield growth rate in last 7 years = 6.25% as calculated below:

(1,000/1,000-1) + (1,600/1,000-1) + (1,900/1,600-1) + (1,850/1,900-1) + (1,400/1,850-1)

+ (1,200/1"
PMFBY_2023_SEC_162,PMFBY_2023,child,62,37,38,,,,Evaluation of tender process and determination of L1 Company:,,METADATA_REVIEW;TOPIC_TAG_REVIEW,REVIEW,,"Premium Rate:

It will remain same across the contract period like Illustration I. Evaluation of tender process and determination of L1 Company:

Under this method, every IC will quote the premium rat"
PMFBY_2023_SEC_7_3_3_3,PMFBY_2023,child,74,38,38,7.3.3.3,,,,,HIERARCHY_REVIEW;METADATA_REVIEW;TOPIC_TAG_REVIEW,REVIEW,,"7.3.3.3 Variable Threshold Yield - In this case, Threshold Yield of a crop in an IU may be computed every year after incorporating the actual crop yield of the previous year. For premium rate determin"
PMFBY_2023_SEC_164,PMFBY_2023,child,139,38,38,,,,responding Increase/ Decrease in APR against each 1% point Increase/Decrease in,TABLE_REVIEW,METADATA_REVIEW;TOPIC_TAG_REVIEW,REVIEW,F_TABLE,"responding Increase/ Decrease in APR against each 1% point Increase/Decrease in

APR Grid

Indemnity Level

Premium Range

70%

80%

90%

0%<=APR<5%

4.65%

5.80%

6.90%

5%<=APR<10%

2.80%

3.45%

4."
PMFBY_2023_SEC_165,PMFBY_2023,child,192,38,39,,,,Premium rate quoted by L1 Insurance Company for a district crop combination =13%,TABLE_REVIEW,METADATA_REVIEW;TOPIC_TAG_REVIEW,REVIEW,F_TABLE,"Indemnity Level =70%

Premium rate quoted by L1 Insurance Company for a district crop combination =13%

Year 2020 TY (Notional at district level) is calculated as per existing formula (using data give"
PMFBY_2023_SEC_166,PMFBY_2023,child,45,39,39,,,,Evaluation of tender process and determination of L1 Company:,,METADATA_REVIEW;TOPIC_TAG_REVIEW,REVIEW,,"Evaluation of tender process and determination of L1 Company:

Under this method, every insurance company will quote premium rate for each district-crop combination notiﬁed by State/UT Government. L1 "
PMFBY_2023_SEC_167,PMFBY_2023,child,346,39,40,,,,Actual Premium Rate (APR),,METADATA_REVIEW;TOPIC_TAG_REVIEW,REVIEW,,"Actual Premium Rate (APR)

Note1 - Please note that the threshold yield may vary at IU level but for premium rate determination, weighted average yield (considering the last year insured area as weigh"
PMFBY_2023_SEC_7_3_4,PMFBY_2023,child,382,40,40,7.3.4,,,Procedure for Issuance of Tender by the States/UTs,,HIERARCHY_REVIEW;METADATA_REVIEW;TOPIC_TAG_REVIEW,REVIEW,,"7.3.4 In exceptional cases, where the last corresponding season yield data is not available at the time of Bidding, yield data is to be provided before the harvesting of the current season. However, t"
PMFBY_2023_SEC_7_6_1,PMFBY_2023,child,56,41,41,7.6.1,,,Procedure for Issuance of Tender by the States/UTs,,HIERARCHY_REVIEW;METADATA_REVIEW;TOPIC_TAG_REVIEW,REVIEW,,7.6.1 GoI intends to set up a nationwide network of Automatic Weather Stations (AWS)/Automatic Rain Gauges (ARG) under the WINDS initiative which shall augment the weather data collection system in th
PMFBY_2023_SEC_7_6_2,PMFBY_2023,child,33,41,41,7.6.2,,,Procedure for Issuance of Tender by the States/UTs,,HIERARCHY_REVIEW;METADATA_REVIEW;TOPIC_TAG_REVIEW,REVIEW,,"7.6.2 The GoI, constituted a committee for wider stakeholder consultations with a mandate to prepare a comprehensive document for nationwide implementation, standardization and improvement of weather "
PMFBY_2023_SEC_7_6_3,PMFBY_2023,child,62,41,41,7.6.3,,,Procedure for Issuance of Tender by the States/UTs,,HIERARCHY_REVIEW;METADATA_REVIEW;TOPIC_TAG_REVIEW,REVIEW,,"7.6.3 Accordingly, the committee has prepared a comprehensive WINDS Manual 2023, which includes the Model Tender Document and the Agreement, in consultation with all the stakeholders comprising of rep"
PMFBY_2023_SEC_7_6_4,PMFBY_2023,child,31,41,41,7.6.4,,,Procedure for Issuance of Tender by the States/UTs,,HIERARCHY_REVIEW;METADATA_REVIEW;TOPIC_TAG_REVIEW,REVIEW,,7.6.4 The GoI has accordingly notified the WINDS Manual 2023 for its implementation and the same shall be followed by the State/UTs and other stakeholders for setting up AWS/ARGs under WINDS.
PMFBY_2023_SEC_7_6_5,PMFBY_2023,child,47,41,41,7.6.5,,,Procedure for Issuance of Tender by the States/UTs,,HIERARCHY_REVIEW;METADATA_REVIEW;TOPIC_TAG_REVIEW,REVIEW,,"7.6.5 WINDS shall facilitate the establishment of a full-fledged AWS at Block/Tehsil/Taluk level and ARG at Gram Panchayat (GP) level. This network shall foster development of “One Nation, One Pipelin"
PMFBY_2023_SEC_7_6_6,PMFBY_2023,child,103,41,41,7.6.6,,,Procedure for Issuance of Tender by the States/UTs,,HIERARCHY_REVIEW;METADATA_REVIEW;TOPIC_TAG_REVIEW,REVIEW,,7.6.6 The State/UT shall establish the WINDS Network by calling tenders from the WINDS Implementation Partners (WIPs) empaneled by the WINDS committee for the purpose and shall notify the WINDS networ
PMFBY_2023_SEC_7_6_7,PMFBY_2023,child,56,41,41,7.6.7,,,Procedure for Issuance of Tender by the States/UTs,,HIERARCHY_REVIEW;METADATA_REVIEW;TOPIC_TAG_REVIEW,REVIEW,,7.6.7 Only those AWS/ARGs of IMD/State Governments/UT Administrations /private agencies should be considered and notiﬁed which are as per standards and specifications outlined in the WINDS Manual 2023
PMFBY_2023_SEC_7_6_8,PMFBY_2023,child,74,41,41,7.6.8,,,Procedure for Issuance of Tender by the States/UTs,,HIERARCHY_REVIEW;METADATA_REVIEW;TOPIC_TAG_REVIEW,REVIEW,,"7.6.8 The GoI, through WINDS Manual 2023, has envisaged to operationalize AWS/ARG network under WINDS with private player participation on the basis of 'renting of data' i.e., final payment shall be l"
PMFBY_2023_SEC_7_6_9,PMFBY_2023,child,81,42,42,7.6.9,,,Procedure for Issuance of Tender by the States/UTs,,HIERARCHY_REVIEW;METADATA_REVIEW;TOPIC_TAG_REVIEW,REVIEW,,7.6.9 The State/UT shall notify the AWS and ARGs for consideration of weather data for generating the proxy indicators for initiating crop damage surveys under add-on claim and for assessing the exten
PMFBY_2023_SEC_7_6_10,PMFBY_2023,child,92,42,42,7.6.10,,,Procedure for Issuance of Tender by the States/UTs,TABLE_REVIEW,HIERARCHY_REVIEW;METADATA_REVIEW;TOPIC_TAG_REVIEW,REVIEW,F_TABLE,"7.6.10 The cost of implementing the WINDS component would be shared between Central and State Governments/UT Administrations on sunset basis as under:

SN | Particulars | Sharing Ratio/Pattern between"
PMFBY_2023_SEC_7_6_11,PMFBY_2023,child,61,42,42,7.6.11,,,Procedure for Issuance of Tender by the States/UTs,,HIERARCHY_REVIEW;METADATA_REVIEW;TOPIC_TAG_REVIEW,REVIEW,,"7.6.11 The GoI and the State Governments/UT Administrations shall have the liberty to use the data generated under WINDS for public purposes, including but not limited to, implementation of welfare an"
PMFBY_2023_SEC_7_6_12,PMFBY_2023,child,86,42,42,7.6.12,,,Procedure for Issuance of Tender by the States/UTs,,HIERARCHY_REVIEW;METADATA_REVIEW;TOPIC_TAG_REVIEW,REVIEW,,"7.6.12 The WINDS Implementation Partners (WIPs) can explore the commercial potential of the weather data generated through AWS/ARG network installed and maintained by them under WINDS. However, the WI"
PMFBY_2023_SEC_7_6_13,PMFBY_2023,child,29,42,42,7.6.13,,,Procedure for Issuance of Tender by the States/UTs,,HIERARCHY_REVIEW;METADATA_REVIEW;TOPIC_TAG_REVIEW,REVIEW,,7.6.13 The WINDS data shared by GoI with any entity shall not be used for any other purpose or shared with any third party or monetized by such entities.
PMFBY_2023_SEC_7_6_14,PMFBY_2023,child,47,42,42,7.6.14,,,Procedure for Issuance of Tender by the States/UTs,,HIERARCHY_REVIEW;METADATA_REVIEW;TOPIC_TAG_REVIEW,REVIEW,,"7.6.14 The weather data generated through AWS/ARG network under WINDS shall be hosted on an access-controlled WINDS portal and shall be shared with the concerned stakeholders, free of cost, as per the"
PMFBY_2023_SEC_8,PMFBY_2023,parent,9,42,42,8,,,Engagement of Common Service Centers (CSCs) and Other,SHORT_CHUNK,METADATA_REVIEW;TOPIC_TAG_REVIEW,REVIEW,B_SHORT,8. Engagement of Common Service Centers (CSCs) and Other
PMFBY_2023_SEC_8_1,PMFBY_2023,child,82,42,43,8.1,,,Engagement of Common Service Centers (CSCs) and Other,,HIERARCHY_REVIEW;METADATA_REVIEW;TOPIC_TAG_REVIEW,REVIEW,,"Intermediaries for Coverage of Non-Loanee Farmers

8.1 The CSC e-Gov India Ltd., a company established under Ministry of Electronics and Information Technology (MeITY), has been engaged to enroll non-"
PMFBY_2023_SEC_8_2,PMFBY_2023,child,43,43,43,8.2,,,Engagement of Common Service Centers (CSCs) and Other,,HIERARCHY_REVIEW;METADATA_REVIEW;TOPIC_TAG_REVIEW,REVIEW,,8.2 All empaneled Insurance Companies shall compulsorily be required to enter into an agreement with CSC e-Gov for the enrolment of non-loanee farmers and for the provision of other related services t
PMFBY_2023_SEC_8_3,PMFBY_2023,child,109,43,43,8.3,,,Engagement of Common Service Centers (CSCs) and Other,,HIERARCHY_REVIEW;METADATA_REVIEW;TOPIC_TAG_REVIEW,REVIEW,,8.3 All applications of one unique farmer of one village for a particular season and Scheme to be considered as one unit for the payment of service charges. No other agreement or payment is required t
PMFBY_2023_SEC_8_4,PMFBY_2023,child,69,43,43,8.4,,,Engagement of Common Service Centers (CSCs) and Other,,HIERARCHY_REVIEW;METADATA_REVIEW;TOPIC_TAG_REVIEW,REVIEW,,"8.4 No charges/fee shall be borne or paid by the farmers being enrolled through CSC- VLEs, i.e., Common Service Centre - Village Level Entrepreneur (CSC-VLE). This information should prominently be di"
PMFBY_2023_SEC_8_5,PMFBY_2023,child,108,43,43,8.5,,,Engagement of Common Service Centers (CSCs) and Other,,HIERARCHY_REVIEW;METADATA_REVIEW;TOPIC_TAG_REVIEW,REVIEW,,8.5 Any payment deducted from the wallet of CSC-VLE against the PMFBY/RWBCIS policies cannot be refunded without reconciliation of applications and corresponding data at NCIP and transaction statement
PMFBY_2023_SEC_8_6,PMFBY_2023,child,307,43,44,8.6,,,Engagement of Common Service Centers (CSCs) and Other,,HIERARCHY_REVIEW;METADATA_REVIEW;TOPIC_TAG_REVIEW,REVIEW,,8.6 While accepting the application from the individual farmers CSC-VLE will explain the provisions and requirement of documents along with consequences of wrong submission of information/documents to
PMFBY_2023_SEC_8_7,PMFBY_2023,child,46,44,44,8.7,,,Engagement of Common Service Centers (CSCs) and Other,,HIERARCHY_REVIEW;METADATA_REVIEW;TOPIC_TAG_REVIEW,REVIEW,,"8.7 As per the IRDAI circular, no separate qualiﬁcation/certiﬁcation will be required for the CSC-VLEs to facilitate enrolment of non-loanee farmers. However, proper training/ capacity building progra"
PMFBY_2023_SEC_8_8,PMFBY_2023,child,143,44,44,8.8,,,Engagement of Common Service Centers (CSCs) and Other,,HIERARCHY_REVIEW;METADATA_REVIEW;TOPIC_TAG_REVIEW,REVIEW,,8.8 The Banking Correspondent (BC) associated with the designated branches of the rural ﬁnancial institutions including the public sector banks ﬁnancing KCC/Agriculture short-term loans at subsidized 
PMFBY_2023_SEC_8_9,PMFBY_2023,child,76,44,44,8.9,,,Engagement of Common Service Centers (CSCs) and Other,,HIERARCHY_REVIEW;METADATA_REVIEW;TOPIC_TAG_REVIEW,REVIEW,,8.9 Empaneled Insurance Companies have to necessarily register/approve all licensed insurance intermediaries desirous of getting engaged for enrolment of non-loanee farmers in the beginning of each se
PMFBY_2023_SEC_9,PMFBY_2023,parent,5,44,44,9,,,Electronic Remittance of Funds,SHORT_CHUNK,METADATA_REVIEW;TOPIC_TAG_REVIEW,REVIEW,B_SHORT,9. Electronic Remittance of Funds
PMFBY_2023_SEC_9_1,PMFBY_2023,child,82,44,44,9.1,,,Electronic Remittance of Funds,,METADATA_REVIEW;TOPIC_TAG_REVIEW,REVIEW,,9.1 The GoI has already been leveraging the capabilities of Public Financial Management System (PFMS) for remittance of premium subsidies to concerned Insurance Companies and eligible claims directly 
PMFBY_2023_SEC_9_2,PMFBY_2023,child,121,44,45,9.2,,,Electronic Remittance of Funds,,HIERARCHY_REVIEW;METADATA_REVIEW;TOPIC_TAG_REVIEW,REVIEW,,"9.2 Banks, CSC e-GOV and other Insurance intermediaries are required to remit the consolidated premium payment to respective Insurance Companies mandatorily through the Payment gateway of NCIP or paym"
PMFBY_2023_SEC_9_3,PMFBY_2023,child,102,45,45,9.3,,,Electronic Remittance of Funds,,HIERARCHY_REVIEW;METADATA_REVIEW;TOPIC_TAG_REVIEW,REVIEW,,"9.3 To adjust the variance in the remitted premium due to rounding off by the banks and the Insurance intermediaries to the respective Insurance Companies through the payment gateway of the NCIP, no a"
PMFBY_2023_SEC_9_4,PMFBY_2023,child,128,45,45,9.4,,,Electronic Remittance of Funds,,HIERARCHY_REVIEW;METADATA_REVIEW,REVIEW,,"9.4 All Insurance Companies will maintain only one bank account for crop insurance business throughout the Country for premium credit including farmers’ share, state share and central share of subsidy"
PMFBY_2023_SEC_9_5,PMFBY_2023,child,64,45,45,9.5,,,Electronic Remittance of Funds,,HIERARCHY_REVIEW;METADATA_REVIEW;TOPIC_TAG_REVIEW,REVIEW,,9.5 The Insurance Companies have been provided with login access of NCIP for sharing essential crop notiﬁcation data and information along with application-level coverage data including banking detail
PMFBY_2023_SEC_9_6,PMFBY_2023,child,106,45,45,9.6,,,Electronic Remittance of Funds,,HIERARCHY_REVIEW;METADATA_REVIEW;TOPIC_TAG_REVIEW,REVIEW,,9.6 Insurance Companies shall complete all verification and validation of coverage details of farmers for the given season within the timelines as stipulated in the seasonality discipline of the opera
PMFBY_2023_SEC_9_7,PMFBY_2023,child,165,45,46,9.7,,,Electronic Remittance of Funds,,HIERARCHY_REVIEW;METADATA_REVIEW;TOPIC_TAG_REVIEW,REVIEW,,9.7 Govt. of India is developing a Digital Public Infrastructure in the country to interconnect various digital databased spread across various States/UTs and other public & private entities across th
PMFBY_2023_SEC_9_8,PMFBY_2023,child,121,46,46,9.8,,,Electronic Remittance of Funds,,HIERARCHY_REVIEW;METADATA_REVIEW;TOPIC_TAG_REVIEW,REVIEW,,"9.8 Going forward the verification and validation of coverage under the scheme shall be done using the pre-validated data of Farmer, Land Records & Crop details available through Agri-Stack. The data "
PMFBY_2023_SEC_9_9,PMFBY_2023,child,47,46,46,9.9,,,Electronic Remittance of Funds,,HIERARCHY_REVIEW;METADATA_REVIEW;TOPIC_TAG_REVIEW,REVIEW,,"9.9 Aadhaar Enabled Payment System (AEPS) shall be used mandatorily as primary mode of payment of claims for the applications enrolled as non-loanee applications, whereas NEFT based remittance of clai"
PMFBY_2023_SEC_10,PMFBY_2023,parent,6,46,46,10,,,Census Code Mapping of Entities,SHORT_CHUNK,METADATA_REVIEW;TOPIC_TAG_REVIEW,REVIEW,B_SHORT,10. Census Code Mapping of Entities
PMFBY_2023_SEC_10_1,PMFBY_2023,child,79,46,46,10.1,,,Census Code Mapping of Entities,,METADATA_REVIEW;TOPIC_TAG_REVIEW,REVIEW,,"10.1 All State/UTs shall update census codes of their villages with the higher administrative/revenue units like Gram Panchayat, Firkas, Patwar Circles, Revenue Circles, Hoblis, Mandals, Blocks, Tehsi"
PMFBY_2023_SEC_10_2,PMFBY_2023,child,60,46,46,10.2,,,Census Code Mapping of Entities,,METADATA_REVIEW;TOPIC_TAG_REVIEW,REVIEW,,10.2 States/UTs are required to adopt the Revenue Hierarchical System under PMFBY and RWBCIS and accordingly shall update the village master to facilitate notiﬁcation on portal. The State/UTs shall en
PMFBY_2023_SEC_10_3,PMFBY_2023,child,77,46,46,10.3,,,Census Code Mapping of Entities,,METADATA_REVIEW;TOPIC_TAG_REVIEW,REVIEW,,"10.3 GoI has procured village boundary maps from Survey of India. Further, for the purposes of obtaining updated and accurate farm location State/UTs must also provide Geo-coded (latitude & longitude)"
PMFBY_2023_SEC_11,PMFBY_2023,parent,5,47,47,11,,,11.1 Under the Central Sector Scheme of Digital India Land Record Modernization,SHORT_CHUNK,METADATA_REVIEW;TOPIC_TAG_REVIEW,REVIEW,B_SHORT,Digitization of Land Records 11.
PMFBY_2023_SEC_11_1,PMFBY_2023,child,109,47,47,11.1,,,11.1 Under the Central Sector Scheme of Digital India Land Record Modernization,,METADATA_REVIEW;TOPIC_TAG_REVIEW,REVIEW,,"11.1 Under the Central Sector Scheme of Digital India Land Record Modernization Program (DILRMP), majority of the State/UTs have digitized their land records. To address the problems of over insurance"
PMFBY_2023_SEC_12,PMFBY_2023,parent,4,47,47,12,,,Sum Insured/Coverage Limit,SHORT_CHUNK,METADATA_REVIEW;TOPIC_TAG_REVIEW,REVIEW,B_SHORT,12. Sum Insured/Coverage Limit
PMFBY_2023_SEC_12_1,PMFBY_2023,child,148,47,47,12.1,,,Sum Insured/Coverage Limit,,METADATA_REVIEW;TOPIC_TAG_REVIEW,REVIEW,,12.1 States/UTs need to choose either the Scale of Finance or Notional Average Value (Notional Average Yield * MSP/Farm Gate) price method for computation of Sum Insured for a district-crop combinatio
PMFBY_2023_SEC_12_2,PMFBY_2023,child,43,47,47,12.2,,,Sum Insured/Coverage Limit,,METADATA_REVIEW;TOPIC_TAG_REVIEW,REVIEW,,"12.2 Area under cultivation shall always be expressed in Hectare for all crops including perennial horticulture crops, accordingly the State Governments/UT Administrations are required to mandatorily "
PMFBY_2023_SEC_12_3,PMFBY_2023,child,30,47,47,12.3,,,Sum Insured/Coverage Limit,,METADATA_REVIEW;TOPIC_TAG_REVIEW,REVIEW,,"12.3 In cases where crops are separately notiﬁed under irrigated, rainfed category by the States/UTs, the Sum Insured value for irrigated and rainfed areas should be separately indicated and notified."
PMFBY_2023_SEC_13,PMFBY_2023,parent,6,47,47,13,,,Premium Rates and Premium Subsidy,SHORT_CHUNK,METADATA_REVIEW;TOPIC_TAG_REVIEW,REVIEW,B_SHORT,13. Premium Rates and Premium Subsidy
PMFBY_2023_SEC_13_1,PMFBY_2023,parent,147,47,48,13.1,,,Premium Rates and Premium Subsidy,TABLE_REVIEW,HIERARCHY_REVIEW;METADATA_REVIEW;TOPIC_TAG_REVIEW,REVIEW,F_TABLE,"13.1 The Actuarial Premium Rate (APR) would be charged under PMFBY& RWBCIS by the implementing Insurance Company. The rate of premium payable by the farmer will be as per the following Table 1:

Seaso"
PMFBY_2023_SEC_215,PMFBY_2023,child,44,48,48,,,,Payment of Government Subsidy,,METADATA_REVIEW;TOPIC_TAG_REVIEW,REVIEW,,"Payment of Government Subsidy

All farmers enrolled under the scheme would be entitled for admissible subsidy on the Actuarial Premium. All demands for premium subsidies shall be mandatorily routed th"
PMFBY_2023_SEC_13_1_1,PMFBY_2023,child,66,48,48,13.1.1,,,,,METADATA_REVIEW;TOPIC_TAG_REVIEW,REVIEW,,"13.1.1 The difference between Actuarial Premium Rate (APR) and the Rate of Insurance premium payable by farmers shall be treated as the Rate of Normal Premium Subsidy, which shall be shared equally in"
PMFBY_2023_SEC_13_1_2,PMFBY_2023,child,130,48,48,13.1.2,,,,,METADATA_REVIEW;TOPIC_TAG_REVIEW,REVIEW,,"13.1.2 The full GoI share in the premium subsidy as per sharing pattern in Para 13.1.1 above will be applicable only up to APR of 25% and 30% with respect to irrigated and rainfed areas/district, resp"
PMFBY_2023_SEC_13_1_3,PMFBY_2023,child,27,48,48,13.1.3,,,,,METADATA_REVIEW;TOPIC_TAG_REVIEW,REVIEW,,"13.1.3 For the purpose of categorization of Districts between Rainfed and Irrigated, districts having 50% or more of the Gross irrigated area will be categorized as Irrigated."
PMFBY_2023_SEC_13_1_4,PMFBY_2023,child,17,48,48,13.1.4,,,,SHORT_CHUNK,METADATA_REVIEW;TOPIC_TAG_REVIEW,REVIEW,B_SHORT,13.1.4 The State/ UTs are free to extend additional subsidy to reduce the financial burden on farmers.
PMFBY_2023_SEC_13_1_5,PMFBY_2023,child,54,48,48,13.1.5,,,,,METADATA_REVIEW;TOPIC_TAG_REVIEW,REVIEW,,"13.1.5 share over and above the normal subsidy from their budget. In other words, additional subsidy, if any shall be borne entirely by the State/ UT. Subsidy in premium is allowed only to the extent "
PMFBY_2023_SEC_13_1_6,PMFBY_2023,child,106,48,48,13.1.6,,,,,METADATA_REVIEW;TOPIC_TAG_REVIEW,REVIEW,,"13.1.6 The Government premium subsidy to the implementing Insurance Companies shall be routed through a Central Nodal Agency (CNA) designated by the GoI for the purpose, strictly as per the provisions"
PMFBY_2023_SEC_13_1_7,PMFBY_2023,child,65,48,49,13.1.7,,,,,HIERARCHY_REVIEW;METADATA_REVIEW;TOPIC_TAG_REVIEW,REVIEW,,"13.1.7 Governments, both Centre and State, shall release their share of subsidy as outlined in Para 6.1.6 of these guidelines. The release of GoI subsidy shall not be dependent on release of State sub"
PMFBY_2023_SEC_13_1_8,PMFBY_2023,child,145,49,49,13.1.8,,,,,HIERARCHY_REVIEW;METADATA_REVIEW;TOPIC_TAG_REVIEW,REVIEW,,"13.1.8 Both Centre and State Governments/UT Administrations, will release their share of advance subsidy (First Instalment) equivalent to 50% of respective share of subsidy in corresponding previous s"
PMFBY_2023_SEC_13_1_9,PMFBY_2023,child,59,49,49,13.1.9,,,,,HIERARCHY_REVIEW;METADATA_REVIEW;TOPIC_TAG_REVIEW,REVIEW,,"13.1.9 In the State/UT who have adopted full or preferential universalization by subsiding the Farmer share of premium also, the submission of demand for full farmer-share to be paid by the State/UT G"
PMFBY_2023_SEC_13_1_10,PMFBY_2023,child,102,49,49,13.1.10,,,,,HIERARCHY_REVIEW;METADATA_REVIEW;TOPIC_TAG_REVIEW,REVIEW,,13.1.10 To facilitate claim settlement under risks of Prevented Sowing/ Mid-Season Adversity/Localized Calamity: Insurance Companies should release the admissible claim amount to the beneﬁciary immedi
PMFBY_2023_SEC_13_1_11,PMFBY_2023,child,100,49,49,13.1.11,,,,,HIERARCHY_REVIEW;METADATA_REVIEW;TOPIC_TAG_REVIEW,REVIEW,,13.1.11 All admissible claims based on Yield data/Post harvest losses will be settled on receipt of second instalment of Government subsidy to be paid on the basis of approved applications as availabl
PMFBY_2023_SEC_13_1_12,PMFBY_2023,child,47,49,49,13.1.12,,,,,HIERARCHY_REVIEW;METADATA_REVIEW;TOPIC_TAG_REVIEW,REVIEW,,13.1.12 All empaneled Insurance Companies including private Insurance Companies shall provide free access to the Central and State level agencies including Comptroller & Auditor General (CAG) and its 
PMFBY_2023_SEC_13_1_13,PMFBY_2023,child,40,49,49,13.1.13,,,,,HIERARCHY_REVIEW;METADATA_REVIEW;TOPIC_TAG_REVIEW,REVIEW,,"13.1.13 In case, the State/UT Government is willing to subsidize full farmers' share of premium, a token farmer Premium of minimum Re. 1 should compulsorily be charged per application from the farmer "
PMFBY_2023_SEC_13_1_14,PMFBY_2023,child,132,50,50,13.1.14,,,,,HIERARCHY_REVIEW;METADATA_REVIEW;TOPIC_TAG_REVIEW,REVIEW,,"13.1.14 Enrolment on the NCIP for any season shall be opened only after the conditions outlined in Para 6.1.7 for submission of advance premium in Escrow accounts are fulfilled. However, the State/UTs"
PMFBY_2023_SEC_14,PMFBY_2023,parent,5,50,50,14,,,Budget for Administrative Expenses,SHORT_CHUNK,METADATA_REVIEW;TOPIC_TAG_REVIEW,REVIEW,B_SHORT,14. Budget for Administrative Expenses
PMFBY_2023_SEC_14_1,PMFBY_2023,child,84,50,50,14.1,,,Budget for Administrative Expenses,,METADATA_REVIEW;TOPIC_TAG_REVIEW,REVIEW,,14.1 Up to 3% of the total budget for PMFBY/RWBCIS shall be mandatorily earmarked by State/UTs for creating funds for enabling administrative expenses towards implementation and monitoring of the Sche
PMFBY_2023_SEC_14_2,PMFBY_2023,child,46,50,50,14.2,,,Budget for Administrative Expenses,,METADATA_REVIEW,REVIEW,,"14.2 The GoI has already made provisions for aforesaid activities under sub heads like Salaries, Domestic Travel Expenses, and Technology interventions, Ofﬁce Expenses, other Administrative Expenses a"
PMFBY_2023_SEC_15,PMFBY_2023,parent,9,50,50,15,,,Central Program Management Unit (CPMU) & State Program,SHORT_CHUNK,METADATA_REVIEW;TOPIC_TAG_REVIEW,REVIEW,B_SHORT,15. Central Program Management Unit (CPMU) & State Program
PMFBY_2023_SEC_15_1,PMFBY_2023,child,67,50,50,15.1,,,Central Program Management Unit (CPMU) & State Program,,METADATA_REVIEW;TOPIC_TAG_REVIEW,REVIEW,,"Management Unit (SPMU)

15.1 Central Program Management Unit (CPMU) has been created at the Central level to provide technical support and professional advice on risk classiﬁcation & rating, research "
PMFBY_2023_SEC_15_2,PMFBY_2023,child,127,50,50,15.2,,,Central Program Management Unit (CPMU) & State Program,,METADATA_REVIEW;TOPIC_TAG_REVIEW,REVIEW,,"15.2 CPMU shall calculate the Burn Cost (BC)/Loss Cost (LC) i.e., Claims as percentage (%) of Sum Insured (SI) observed in case of notiﬁed crop(s) in notiﬁed unit area of insurance during the precedin"
PMFBY_2023_SEC_15_3,PMFBY_2023,child,107,50,51,15.3,,,Central Program Management Unit (CPMU) & State Program,,HIERARCHY_REVIEW;METADATA_REVIEW;TOPIC_TAG_REVIEW,REVIEW,,"15.3 CPMU shall also develop a suitable methodology for burn cost calculation, risk classiﬁcation & premium rating by using historical yield data, historical claim data including add-on claims, weathe"
PMFBY_2023_SEC_15_4,PMFBY_2023,child,121,51,51,15.4,,,Central Program Management Unit (CPMU) & State Program,,HIERARCHY_REVIEW;METADATA_REVIEW;TOPIC_TAG_REVIEW,REVIEW,,"15.4 In line with creation of CPMU at Central level and the experience gained over the last six successful years of implementation, it has been envisaged that all States/UTs implementing the Schemes s"
PMFBY_2023_SEC_15_5,PMFBY_2023,child,141,51,51,15.5,,,Central Program Management Unit (CPMU) & State Program,,HIERARCHY_REVIEW;METADATA_REVIEW;TOPIC_TAG_REVIEW,REVIEW,,15.5 The States/UTs shall be categorized for creation of SPMUs as per the table below and shall mandatorily onboard experts as detailed against their category. A minimum of one position against the in
PMFBY_2023_SEC_16,PMFBY_2023,parent,3,51,51,16,,,Seasonality Discipline,SHORT_CHUNK,METADATA_REVIEW;TOPIC_TAG_REVIEW,REVIEW,B_SHORT;D_TOP20_SHORT,16. Seasonality Discipline
PMFBY_2023_SEC_16_1,PMFBY_2023,child,149,51,52,16.1,,,Seasonality Discipline,,HIERARCHY_REVIEW;METADATA_REVIEW;TOPIC_TAG_REVIEW,REVIEW,,16.1 The cut-off date is uniform for both Loanee and non-loanee farmers. The District-wise cut-off dates for different crops shall be based on the Crop Calendar of major crops prepared in consultation
PMFBY_2023_SEC_16_2,PMFBY_2023,child,69,52,52,16.2,,,Seasonality Discipline,,HIERARCHY_REVIEW;METADATA_REVIEW;TOPIC_TAG_REVIEW,REVIEW,,"16.2 The cut-off date for enrolment of each notiﬁed crop should be based on crop calendars of the districts and normally may not be beyond 15th July for Kharif, 15th December for Rabi & 15th Feb for s"
PMFBY_2023_SEC_16_3,PMFBY_2023,child,61,52,52,16.3,,,Seasonality Discipline,,HIERARCHY_REVIEW;METADATA_REVIEW;TOPIC_TAG_REVIEW,REVIEW,,16.3 All State/UTs shall consider preponing the cut-off dates for Kharif and Rabi seasons. Advancement of cut-off may help in reduction of premium rates during the tendering years leading to reduction
PMFBY_2023_SEC_16_4,PMFBY_2023,child,2475,52,57,16.4,,,Seasonality Discipline,LONG_CHUNK_NO_SAFE_SPLIT;TABLE_REVIEW,HIERARCHY_REVIEW;METADATA_REVIEW;TOPIC_TAG_REVIEW,REVIEW,A_LONG;F_TABLE;C_TOP20_LONG,"16.4 The broad indicative seasonality discipline is given in the Table 2 below:

Action to

S. No.

Activity

Kharif

Rabi

be taken by

Nodal

Conduct of SLCCCI meeting to take decision

15th Novembe"
PMFBY_2023_SEC_16_5,PMFBY_2023,child,125,57,57,16.5,,,Seasonality Discipline,,HIERARCHY_REVIEW;METADATA_REVIEW;TOPIC_TAG_REVIEW,REVIEW,,16.5 In case the cut-off date for enrollment of farmers and debit of premium falls on a public holiday or is declared as a public holiday by the Central or State/UT Government or there is disruption o
PMFBY_2023_SEC_16_6,PMFBY_2023,child,82,57,57,16.6,,,Seasonality Discipline,,HIERARCHY_REVIEW;METADATA_REVIEW;TOPIC_TAG_REVIEW,REVIEW,,16.6 In case of disruption of services due to natural events beyond human control or technical or software or network related issues with the NCIP the subsequent dates may be extended by the competent
PMFBY_2023_SEC_16_7,PMFBY_2023,child,36,57,57,16.7,,,Seasonality Discipline,,HIERARCHY_REVIEW;METADATA_REVIEW;TOPIC_TAG_REVIEW,REVIEW,,"16.7 Further, in case of more than two major crop season(s) pattern in any specific States/UTs, a modiﬁed seasonality discipline keeping in view the overall seasonality discipline prescribed above, sh"
PMFBY_2023_SEC_16_8,PMFBY_2023,child,156,57,58,16.8,,,Seasonality Discipline,,HIERARCHY_REVIEW;METADATA_REVIEW;TOPIC_TAG_REVIEW,REVIEW,,"16.8 Keeping in view the speciﬁc nature of crop and scope for catastrophic crop damage, SLCCCI shall ﬁx seasonality discipline in such a way that it does not encourage adverse selection or moral hazar"
PMFBY_2023_SEC_16_9,PMFBY_2023,child,111,58,58,16.9,,,Seasonality Discipline,,HIERARCHY_REVIEW;METADATA_REVIEW;TOPIC_TAG_REVIEW,REVIEW,,"16.9 It may be noted that, under no circumstance, will GoI or any State/UT extend the cut-off dates for enrolment of farmers except for the Para 16.6. However, in case the States/UTs decide to do so, "
PMFBY_2023_SEC_16_10,PMFBY_2023,child,100,58,58,16.10,,,Seasonality Discipline,,HIERARCHY_REVIEW;METADATA_REVIEW;TOPIC_TAG_REVIEW,REVIEW,,"16.10 There may be exceptional circumstances or technical glitches due to which farmers’ data could not be uploaded on NCIP, however, the corresponding premium was remitted to the concerned insurance "
PMFBY_2023_SEC_16_11,PMFBY_2023,child,97,58,58,16.11,,,Seasonality Discipline,,HIERARCHY_REVIEW;METADATA_REVIEW;TOPIC_TAG_REVIEW,REVIEW,,"16.11 Similarly, due to technical glitches, premium remittance gets failed despite attempts made by the stakeholders to remit the same within cut-off date. In this case State Govt./UT may request GoI "
PMFBY_2023_SEC_16_12,PMFBY_2023,child,113,58,58,16.12,,,Seasonality Discipline,,HIERARCHY_REVIEW;METADATA_REVIEW;TOPIC_TAG_REVIEW,REVIEW,,"16.12 In case CCE data submitted through CCE Agri App is not approved within the stipulated timelines, the same will be approved automatically and used for claim calculation. In case of non-submission"
PMFBY_2023_SEC_16_13,PMFBY_2023,child,161,58,59,16.13,,,Seasonality Discipline,,HIERARCHY_REVIEW;METADATA_REVIEW;TOPIC_TAG_REVIEW,REVIEW,,"16.13 In a situation where total claims have been approved or auto approved, the Insurance Companies shall be liable to pay claims within 3 weeks of calculation/auto-approval of claims irrespective of"
PMFBY_2023_SEC_16_14,PMFBY_2023,child,135,59,59,16.14,,,Seasonality Discipline,,HIERARCHY_REVIEW;METADATA_REVIEW;TOPIC_TAG_REVIEW,REVIEW,,16.14 All types of admissible claims shall mandatorily be paid within the stipulated cut-off date failing which penal interest @ 12% per annum shall be payable to the farmers on admissible pending cla
PMFBY_2023_SEC_16_15,PMFBY_2023,child,60,59,59,16.15,,,Seasonality Discipline,,HIERARCHY_REVIEW;METADATA_REVIEW;TOPIC_TAG_REVIEW,REVIEW,,"16.15 Since the yield data is being ﬁnalized by the State Government/UT Administrations and uploaded on NCIP, the admissible penal interest rate shall be calculated on the NCIP and the same shall be a"
PMFBY_2023_SEC_17_1,PMFBY_2023,child,250,59,59,17.1,,,,STRUCTURE_UNCERTAIN,METADATA_REVIEW;TOPIC_TAG_REVIEW,REVIEW,E_STRUCTURE,"17 Collection of Applications and Premium from Farmers

17.1 The branches of all scheduled commercial banks, regional rural banks, and cooperative banks shall act as nodal branches for enrolment of fa"
PMFBY_2023_SEC_17_2,PMFBY_2023,child,139,59,60,17.2,,,,STRUCTURE_UNCERTAIN,METADATA_REVIEW;TOPIC_TAG_REVIEW,REVIEW,E_STRUCTURE,17.2 All the Banks are required to upload the insured farmers' data mandatorily on the NCIP using the fully automated mode of data entry using API integration between CBS/middleware utility and NCIP o
PMFBY_2023_SEC_17_3,PMFBY_2023,child,40,60,60,17.3,,,,STRUCTURE_UNCERTAIN,METADATA_REVIEW;TOPIC_TAG_REVIEW,REVIEW,E_STRUCTURE,"17.3 In order to facilitate timely release of Government subsidy and remittance of claims to the farmers, entry of detailed information of all insured farmers on NCIP is mandatory for all bank branche"
PMFBY_2023_SEC_17_4,PMFBY_2023,child,97,60,60,17.4,,,,STRUCTURE_UNCERTAIN,METADATA_REVIEW;TOPIC_TAG_REVIEW,REVIEW,E_STRUCTURE,"17.4 Farmer for a specific parcel of land will be allowed to enroll themselves from one channel of enrolment only (Banks, CSC, Insurance Intermediaries, Insurance Company or directly by the Farmers us"
PMFBY_2023_SEC_17_5,PMFBY_2023,child,39,60,60,17.5,,,,STRUCTURE_UNCERTAIN,METADATA_REVIEW;TOPIC_TAG_REVIEW,REVIEW,E_STRUCTURE,17.5 IRDAI is in process of developing a women centric rural distribution channel named as Bima Vahak. The channel shall also be made operational for enrollment of farmers under PMFBY as and when the 
PMFBY_2023_SEC_17_6,PMFBY_2023,parent,3,60,60,17.6,,,Loanee Farmers:,SHORT_CHUNK;STRUCTURE_UNCERTAIN,METADATA_REVIEW;TOPIC_TAG_REVIEW,REVIEW,B_SHORT;E_STRUCTURE;D_TOP20_SHORT,17.6 Loanee Farmers:
PMFBY_2023_SEC_17_6_1,PMFBY_2023,child,231,60,60,17.6.1,,,Loanee Farmers:,,METADATA_REVIEW;TOPIC_TAG_REVIEW,REVIEW,,"17.6.1 Whenever banks sanction crop loan/KCC for the notiﬁed crop in a notiﬁed area for the given season, the crop loan amount to the extent of notiﬁed Sum Insured for notiﬁed crop and acreage of indi"
PMFBY_2023_SEC_17_6_2,PMFBY_2023,child,228,60,61,17.6.2,,,Loanee Farmers:,,HIERARCHY_REVIEW;METADATA_REVIEW;TOPIC_TAG_REVIEW,REVIEW,,"17.6.2 For insurance coverage of a farmer, Sum Insured value for a notiﬁed crop and season shall be notiﬁed and digitized on the NCIP by the State/UTs within given timelines. The cut-off date for enro"
PMFBY_2023_SEC_17_6_3,PMFBY_2023,child,147,61,61,17.6.3,,,Loanee Farmers:,,HIERARCHY_REVIEW;METADATA_REVIEW;TOPIC_TAG_REVIEW,REVIEW,,"17.6.3 All enrolment agencies including cooperative banks and PACS shall provide valid and fully operational bank account details of farmers viz. complete bank account number, Indian Financial System "
PMFBY_2023_SEC_17_6_4,PMFBY_2023,child,55,61,61,17.6.4,,,Loanee Farmers:,,HIERARCHY_REVIEW;METADATA_REVIEW;TOPIC_TAG_REVIEW,REVIEW,,17.6.4 Any reporting of excess acreages under insurance in comparison to the sown acreage will be liable for initiation of documentary and physical inspection/verification/validation by the GoI/State/
PMFBY_2023_SEC_17_6_5,PMFBY_2023,child,88,61,61,17.6.5,,,Loanee Farmers:,,HIERARCHY_REVIEW;METADATA_REVIEW;TOPIC_TAG_REVIEW,REVIEW,,"17.6.5 Beneﬁt of add on products viz., Prevented sowing/ On-Account Payment for Mid-season Adversity/ Localized Calamity shall be available to only those farmers who have paid the premium or the premi"
PMFBY_2023_SEC_17_6_6,PMFBY_2023,child,317,61,62,17.6.6,,,Loanee Farmers:,TABLE_REVIEW,HIERARCHY_REVIEW;METADATA_REVIEW;TOPIC_TAG_REVIEW,REVIEW,F_TABLE,"17.6.6 Detailed example for Calculation of crop-wise Sum Insured (SI) for the season for coverage of loanee farmers is given in Table 3 below:

| Crop 1 | Crop 2 | Crop 3 | Crop 4 | Crop 5 | Crop 6
To"
PMFBY_2023_SEC_17_6_7,PMFBY_2023,child,104,62,63,17.6.7,,,Loanee Farmers:,,HIERARCHY_REVIEW;METADATA_REVIEW;TOPIC_TAG_REVIEW,REVIEW,,17.6.7 Farmers having crop loans sanctioned through Kisan Credit Cards (KCC) are covered as loanee farmer and banks shall maintain all back up records and registers relating to compliance with the sea
PMFBY_2023_SEC_17_6_8,PMFBY_2023,child,40,63,63,17.6.8,,,Loanee Farmers:,,HIERARCHY_REVIEW;METADATA_REVIEW;TOPIC_TAG_REVIEW,REVIEW,,17.6.8 Bank Branches of Commercial Banks (CBs) and Regional Rural Banks (RRBs)/ Nodal Bank Branch in case of PACS under its jurisdiction shall submit individual insured farmer's application details al
PMFBY_2023_SEC_17_6_9,PMFBY_2023,child,55,63,63,17.6.9,,,Loanee Farmers:,,HIERARCHY_REVIEW;METADATA_REVIEW;TOPIC_TAG_REVIEW,REVIEW,,17.6.9 Different options for entry of details of enrolled farmers on NCIP are available for bank branches in a more transparent and efficient manner. Banks can upload the details of insured farmers th
PMFBY_2023_SEC_17_6_10,PMFBY_2023,child,61,63,63,17.6.10,,,Loanee Farmers:,,HIERARCHY_REVIEW;METADATA_REVIEW;TOPIC_TAG_REVIEW,REVIEW,,"17.6.10 As an alternative, direct integration of Core Banking Solution (CBS) or middleware utility with NCIP using API based data exchange protocols has also been successfully initiated and the same m"
PMFBY_2023_SEC_17_6_11,PMFBY_2023,child,181,63,63,17.6.11,,,Loanee Farmers:,,HIERARCHY_REVIEW;METADATA_REVIEW;TOPIC_TAG_REVIEW,REVIEW,,"17.6.11 The scheme will work on the ""Opt-out"" mode for the existing loanee farmers. The farmers can choose not to be enrolled under the Scheme by giving a signed declaration as per prescribed format ("
PMFBY_2023_SEC_17_6_12,PMFBY_2023,child,46,63,63,17.6.12,,,Loanee Farmers:,,HIERARCHY_REVIEW;METADATA_REVIEW;TOPIC_TAG_REVIEW,REVIEW,,"17.6.12 Banks need to debit farmer's share of premium within the last 7 days up to enrolment cut-off date. During this period, the banks may also prepare the ﬁnal list of farmers who have opted-out an"
PMFBY_2023_SEC_17_6_13,PMFBY_2023,child,67,63,63,17.6.13,,,Loanee Farmers:,,HIERARCHY_REVIEW;METADATA_REVIEW;TOPIC_TAG_REVIEW,REVIEW,,17.6.13 In case the farmer has submitted a declaration for opting-out from the scheme for a season earlier in previous year he will be enrolled automatically for the current season by the bank branch 
PMFBY_2023_SEC_17_6_14,PMFBY_2023,child,43,63,64,17.6.14,,,Loanee Farmers:,,HIERARCHY_REVIEW;METADATA_REVIEW;TOPIC_TAG_REVIEW,REVIEW,,"17.6.14 Declaration for ""Opting-out"" will have to be submitted by the farmer in the same bank branch where they have their KCC Loan account. Formats for ""Opting-out"" are already circulated to relevant"
PMFBY_2023_SEC_17_6_15,PMFBY_2023,child,88,64,64,17.6.15,,,Loanee Farmers:,,HIERARCHY_REVIEW;METADATA_REVIEW;TOPIC_TAG_REVIEW,REVIEW,,17.6.15 Banks shall ensure mandatory enrolment of all those loanee farmers who have indicated their willingness to enroll by not submitted declarations for Opting-out up to 7 days before the cut-off d
PMFBY_2023_SEC_17_6_16,PMFBY_2023,child,70,64,64,17.6.16,,,Loanee Farmers:,,HIERARCHY_REVIEW;METADATA_REVIEW;TOPIC_TAG_REVIEW,REVIEW,,"17.6.16 In cases where the farmer's application has been rejected by the Insurance Company as per the provisions of Operational Guidelines, farmer's remittance for such applications must be refunded b"
PMFBY_2023_SEC_17_6_17,PMFBY_2023,child,22,64,64,17.6.17,,,Loanee Farmers:,,HIERARCHY_REVIEW;METADATA_REVIEW;TOPIC_TAG_REVIEW,REVIEW,,17.6.17 All rejected applications may be re-opened for review & verification purpose if the State/UT Government and/or GoI decides to do so.
PMFBY_2023_SEC_17_7,PMFBY_2023,parent,9,64,64,17.7,,,Non-Loanee Farmers through Banks and other Channel Partners,SHORT_CHUNK;STRUCTURE_UNCERTAIN,METADATA_REVIEW;TOPIC_TAG_REVIEW,REVIEW,B_SHORT;E_STRUCTURE,17.7 Non-Loanee Farmers through Banks and other Channel Partners
PMFBY_2023_SEC_17_7_1,PMFBY_2023,child,59,64,64,17.7.1,,,Non-Loanee Farmers through Banks and other Channel Partners,,METADATA_REVIEW;TOPIC_TAG_REVIEW,REVIEW,,17.7.1 All non-loanee farmers desirous of availing crop insurance shall approach the nearest bank branch or CSC-VLE or other intermediaries or agencies duly authorized/empaneled by the GoI or licensed
PMFBY_2023_SEC_17_7_2,PMFBY_2023,child,38,64,64,17.7.2,,,Non-Loanee Farmers through Banks and other Channel Partners,,METADATA_REVIEW;TOPIC_TAG_REVIEW,REVIEW,,17.7.2 Loanee farmers who have opted-out of the scheme and want to avail crop insurance for the notified crops can enroll themselves through the available enrollment channels. In this case the farmer 
PMFBY_2023_SEC_17_7_3,PMFBY_2023,child,150,64,64,17.7.3,,,Non-Loanee Farmers through Banks and other Channel Partners,,METADATA_REVIEW;TOPIC_TAG_REVIEW,REVIEW,,"17.7.3 In case of submission through Bank Branches and their BCs, farmers shall approach the nearest branch of a Commercial Bank or RRB or PACS or DCCB or designated Banking Correspondent with applica"
PMFBY_2023_SEC_17_7_4,PMFBY_2023,child,102,64,65,17.7.4,,,Non-Loanee Farmers through Banks and other Channel Partners,,HIERARCHY_REVIEW;METADATA_REVIEW;TOPIC_TAG_REVIEW,REVIEW,,"17.7.4 In case of application submitted through CSC-VLE, the CSC-VLE shall authenticate the farmer using their biometric authentication using Aadhaar services made available by UIDAI for ﬁlling up the"
PMFBY_2023_SEC_17_7_5,PMFBY_2023,child,144,65,65,17.7.5,,,Non-Loanee Farmers through Banks and other Channel Partners,,HIERARCHY_REVIEW;METADATA_REVIEW;TOPIC_TAG_REVIEW,REVIEW,,"17.7.5 CSC/Bank Branch/PACS/designated BCs ofﬁcials will assist the farmers in completing the insurance application and provide necessary guidance. While accepting the applications and premium, CSC/Ba"
PMFBY_2023_SEC_17_7_6,PMFBY_2023,child,94,65,65,17.7.6,,,Non-Loanee Farmers through Banks and other Channel Partners,,HIERARCHY_REVIEW;METADATA_REVIEW;TOPIC_TAG_REVIEW,REVIEW,,"17.7.6 Non-loanee farmers could also be serviced directly by any designated agencies, duly authorized by the GoI, or insurance intermediaries licensed by the IRDAI for the purpose and they will act as"
PMFBY_2023_SEC_17_7_7,PMFBY_2023,child,134,65,65,17.7.7,,,Non-Loanee Farmers through Banks and other Channel Partners,,HIERARCHY_REVIEW;METADATA_REVIEW;TOPIC_TAG_REVIEW,REVIEW,,"17.7.7 While accepting the applications and the premium from aforesaid designated insurance intermediaries, it shall be the responsibility of Insurance Companies or its designated intermediaries to ve"
PMFBY_2023_SEC_17_7_8,PMFBY_2023,child,75,65,65,17.7.8,,,Non-Loanee Farmers through Banks and other Channel Partners,,HIERARCHY_REVIEW;METADATA_REVIEW;TOPIC_TAG_REVIEW,REVIEW,,"17.7.8 In cases where the farmer's application has been rejected by the Insurance Company as per the provisions of Operational Guidelines, farmer's remittance for such applications must be refunded ba"
PMFBY_2023_SEC_17_7_9,PMFBY_2023,child,22,65,65,17.7.9,,,Non-Loanee Farmers through Banks and other Channel Partners,,HIERARCHY_REVIEW;METADATA_REVIEW;TOPIC_TAG_REVIEW,REVIEW,,17.7.9 All rejected applications may be re-opened for review & verification purpose if the State/UT Government and/or GoI decides to do so.
PMFBY_2023_SEC_17_7_10,PMFBY_2023,child,29,65,65,17.7.10,,,Non-Loanee Farmers through Banks and other Channel Partners,,HIERARCHY_REVIEW;METADATA_REVIEW;TOPIC_TAG_REVIEW,REVIEW,,"17.7.10 For farmers buying crop insurance through CSC-VLEs or online, OTP/Aadhaar enabled veriﬁcation shall be construed as consent and signature of the applicant for availing coverage under the schem"
PMFBY_2023_SEC_17_8,PMFBY_2023,parent,12,66,66,17.8,,,,SHORT_CHUNK;STRUCTURE_UNCERTAIN,METADATA_REVIEW;TOPIC_TAG_REVIEW,REVIEW,B_SHORT;E_STRUCTURE,17.8 Non-Loanee Farmers - Directly to Insurance Companies or through Web Portal
PMFBY_2023_SEC_17_8_1,PMFBY_2023,child,26,66,66,17.8.1,,,,,METADATA_REVIEW;TOPIC_TAG_REVIEW,REVIEW,,17.8.1 Non-Loanee farmer may contact the Insurance Company and submit the requisite and desired supporting documents and applicable premium through conventional method or through electronic mode.
PMFBY_2023_SEC_17_8_2,PMFBY_2023,child,145,66,66,17.8.2,,,,,METADATA_REVIEW,REVIEW,,"17.8.2 Non-loanee farmer can also submit application forms for getting insurance coverage through NCIP or Crop Insurance App. For this, a farmer can ﬁll up the online application form available on NCI"
PMFBY_2023_SEC_17_8_3,PMFBY_2023,child,116,66,66,17.8.3,,,,,METADATA_REVIEW;TOPIC_TAG_REVIEW,REVIEW,,"17.8.3 It is mandatory that Non-Loanee farmers, willing to enroll themselves under the scheme shall have insurable interest and submit necessary documentary evidence as proof to confirm the same. SLCC"
PMFBY_2023_SEC_17_8_4,PMFBY_2023,child,81,66,66,17.8.4,,,,,METADATA_REVIEW;TOPIC_TAG_REVIEW,REVIEW,,17.8.4 Insurance Company retains the right to accept or reject applications under the scheme within 15 days and 30 days after the cut-off date for data entry on NCIP for Loanee and Non-Loanee farmers 
PMFBY_2023_SEC_17_8_5,PMFBY_2023,child,77,66,66,17.8.5,,,,,METADATA_REVIEW;TOPIC_TAG_REVIEW,REVIEW,,"17.8.5 In cases where the farmer's application has been rejected by the Insurance Company as per the provisions of Operational Guidelines, farmer's remittance for such applications must be refunded ba"
PMFBY_2023_SEC_17_8_6,PMFBY_2023,child,22,66,66,17.8.6,,,,,METADATA_REVIEW;TOPIC_TAG_REVIEW,REVIEW,,17.8.6 All rejected applications may be re-opened for review & verification purpose if the State Governments/UTs and/or GoI decides to do so.
PMFBY_2023_SEC_17_9,PMFBY_2023,parent,10,66,66,17.9,,,,SHORT_CHUNK;STRUCTURE_UNCERTAIN,METADATA_REVIEW;TOPIC_TAG_REVIEW,REVIEW,B_SHORT;E_STRUCTURE,17.9 Option for change of crop name by the Farmer
PMFBY_2023_SEC_17_9_1,PMFBY_2023,child,175,66,67,17.9.1,,,,,HIERARCHY_REVIEW;METADATA_REVIEW;TOPIC_TAG_REVIEW,REVIEW,,17.9.1 All loanee farmers can change the name of the insured crop from the original crop indicated in the KCC loan application but such change should be submitted in writing to the concerned bank bran
PMFBY_2023_SEC_17_9_2,PMFBY_2023,child,128,67,67,17.9.2,,,,,HIERARCHY_REVIEW;METADATA_REVIEW;TOPIC_TAG_REVIEW,REVIEW,,"17.9.2 Similarly, all non-loanee farmers already covered under the scheme before actual sowing or transplanting, based on advance crop planning, will also have the option to change the crop. For any r"
PMFBY_2023_SEC_17_10,PMFBY_2023,child,190,67,67,17.10,,,,STRUCTURE_UNCERTAIN,METADATA_REVIEW;TOPIC_TAG_REVIEW,REVIEW,E_STRUCTURE,17.10 Incomplete applications or applications with wrong farmer’s and land details or applications with debited premium remitted by the Banks/ PACS/BCs or Insurance Intermediaries after the cut-off da
PMFBY_2023_SEC_17_11,PMFBY_2023,child,130,67,67,17.11,,,,STRUCTURE_UNCERTAIN,METADATA_REVIEW;TOPIC_TAG_REVIEW,REVIEW,E_STRUCTURE,"17.11 The concerned branches of Commercial Banks, RRBs and Nodal branch of DCCBs in case of PACS will upload the details of individual insured farmers enrolled through them like farmer's name, father'"
PMFBY_2023_SEC_17_12,PMFBY_2023,child,120,68,68,17.12,,,,STRUCTURE_UNCERTAIN,METADATA_REVIEW;TOPIC_TAG_REVIEW,REVIEW,E_STRUCTURE,17.12 Insurance Companies shall be responsible for verification and validation of requisite information including necessary documentation in respect of non-loanee farmers enrolled through Insurance In
PMFBY_2023_SEC_17_13,PMFBY_2023,child,202,68,68,17.13,,,,STRUCTURE_UNCERTAIN,METADATA_REVIEW;TOPIC_TAG_REVIEW,REVIEW,E_STRUCTURE,17.13 Insurance Companies shall reconcile the details of individual insured farmers uploaded on the NCIP with the consolidated challan generated and consolidated farmers’ premium remittance done throu
PMFBY_2023_SEC_17_14,PMFBY_2023,child,101,68,68,17.14,,,,STRUCTURE_UNCERTAIN,METADATA_REVIEW;TOPIC_TAG_REVIEW,REVIEW,E_STRUCTURE,17.14 Insurance Companies shall verify and satisfy themselves about the coverage of farmers and crops and accept the applications submitted by banks electronically through NCIP. The insured farmer's p
PMFBY_2023_SEC_17_15,PMFBY_2023,child,119,68,69,17.15,,,,STRUCTURE_UNCERTAIN,METADATA_REVIEW;TOPIC_TAG_REVIEW,REVIEW,E_STRUCTURE,"17.15 All Insurance Companies shall compulsorily verify and take necessary action including approval, rejection or reversion of applications of farmers through NCIP within stipulated date. After stipu"
PMFBY_2023_SEC_17_16,PMFBY_2023,parent,37,69,69,17.16,,,,STRUCTURE_UNCERTAIN,METADATA_REVIEW;TOPIC_TAG_REVIEW,REVIEW,E_STRUCTURE,"17.16 The Insurance Companies are mandatorily required to follow the process and protocol for processing of application, inception of risk and processing of claims as detailed in the Operational Guide"
PMFBY_2023_SEC_17_16_1,PMFBY_2023,child,13,69,69,17.16.1,,,,SHORT_CHUNK,METADATA_REVIEW;TOPIC_TAG_REVIEW,REVIEW,B_SHORT,17.16.1 The KCC Loan was covered or premium was paid outside seasonality discipline.
PMFBY_2023_SEC_17_16_2,PMFBY_2023,child,19,69,69,17.16.2,,,,SHORT_CHUNK,METADATA_REVIEW;TOPIC_TAG_REVIEW,REVIEW,B_SHORT,17.16.2 Sown area was less than the insured area under a crop in a notiﬁed area (refer Para 25).
PMFBY_2023_SEC_17_16_3,PMFBY_2023,child,17,69,69,17.16.3,,,,SHORT_CHUNK,METADATA_REVIEW;TOPIC_TAG_REVIEW,REVIEW,B_SHORT,17.16.3 Different crop other than the declared or notified was sown in the land survey no. insured.
PMFBY_2023_SEC_17_16_4,PMFBY_2023,child,11,69,69,17.16.4,,,,SHORT_CHUNK,METADATA_REVIEW;TOPIC_TAG_REVIEW,REVIEW,B_SHORT,17.16.4 Survey number insured was not actual crop growing survey no.
PMFBY_2023_SEC_17_16_5,PMFBY_2023,child,13,69,69,17.16.5,,,,SHORT_CHUNK,METADATA_REVIEW;TOPIC_TAG_REVIEW,REVIEW,B_SHORT,17.16.5 Area insured is more than the total land holding of the farmer.
PMFBY_2023_SEC_17_16_6,PMFBY_2023,child,19,69,69,17.16.6,,,,SHORT_CHUNK,METADATA_REVIEW;TOPIC_TAG_REVIEW,REVIEW,B_SHORT,17.16.6 Multiple insurance for same crops grown on same land with multiple insurers or through multiple banks or intermediaries.
PMFBY_2023_SEC_17_16_7,PMFBY_2023,child,24,69,69,17.16.7,,,,,METADATA_REVIEW;TOPIC_TAG_REVIEW,REVIEW,,17.16.7 The insured land parcel belongs to the other farmer but has been enrolled by some other farmers who are not tenants or sharecroppers.
PMFBY_2023_SEC_17_16_8,PMFBY_2023,child,19,69,69,17.16.8,,,,SHORT_CHUNK,METADATA_REVIEW;TOPIC_TAG_REVIEW,REVIEW,B_SHORT,17.16.8 Total Sum insured is more than the notiﬁed sum insured for insured acreage of a given insured crop.
PMFBY_2023_SEC_17_17,PMFBY_2023,child,24,69,69,17.17,,,,STRUCTURE_UNCERTAIN,METADATA_REVIEW;TOPIC_TAG_REVIEW,REVIEW,E_STRUCTURE,17.17 Financial penalty shall be applicable on Insurance Companies if approval of applications is not done within the stipulated time para 16.14 & 16.15.
PMFBY_2023_SEC_17_18,PMFBY_2023,child,106,69,69,17.18,,,,STRUCTURE_UNCERTAIN,METADATA_REVIEW;TOPIC_TAG_REVIEW,REVIEW,E_STRUCTURE,17.18 On acceptance of applications by Insurance Companies the acknowledgement status is updated for such applications on NCIP and gets visible to the concerned bank branches/CSC-VLEs/Insurance Interm
PMFBY_2023_SEC_17_19,PMFBY_2023,child,83,69,69,17.19,,,,STRUCTURE_UNCERTAIN,METADATA_REVIEW;TOPIC_TAG_REVIEW,REVIEW,E_STRUCTURE,17.19 All the Insurance Companies shall ensure distribution of the acknowledgement receipts through conventional/electronic mode to the loanee farmers in the template approved by the GoI within a mont
PMFBY_2023_SEC_17_20,PMFBY_2023,child,22,69,69,17.20,,,,STRUCTURE_UNCERTAIN,METADATA_REVIEW;TOPIC_TAG_REVIEW,REVIEW,E_STRUCTURE,17.20 All Stakeholders shall follow all the timelines strictly as given in the Table 2 of the Para 16.4 of these guidelines.
PMFBY_2023_SEC_18_1,PMFBY_2023,child,183,69,70,18.1,,,,STRUCTURE_UNCERTAIN,METADATA_REVIEW;TOPIC_TAG_REVIEW,REVIEW,E_STRUCTURE,18 Assessment of Loss / Shortfall in Yield 18.1 Wide-Spread Calamities (based on season-end yield): The eligible claims on the basis of crop yield estimation data arrived through CCEs or by using valu
PMFBY_2023_SEC_18_2,PMFBY_2023,child,187,70,70,18.2,,,,STRUCTURE_UNCERTAIN,METADATA_REVIEW;TOPIC_TAG_REVIEW,REVIEW,E_STRUCTURE,"18.2 The Scheme operates on the basis of 'Area Approach'. The Deﬁned Areas for each notiﬁed crop for wide-spread calamities, i.e., the insurance unit is the Village/Village Panchayat or any other equi"
PMFBY_2023_SEC_18_3,PMFBY_2023,child,72,70,70,18.3,,,,STRUCTURE_UNCERTAIN;TABLE_REVIEW,METADATA_REVIEW;TOPIC_TAG_REVIEW,REVIEW,E_STRUCTURE;F_TABLE,"18.3 CCEs shall be undertaken per crop per unit area of insurance for notiﬁed crops*, on a sliding scale, as indicated in Table 4 below:

Sl. No. | Level | Minimum Sample Size
1 | District | 24
2 | Ta"
PMFBY_2023_SEC_18_4,PMFBY_2023,parent,39,70,70,18.4,,,Smart Sampling Methodology for Crop Yield Estimation,STRUCTURE_UNCERTAIN,METADATA_REVIEW;TOPIC_TAG_REVIEW,REVIEW,E_STRUCTURE,"18.4 Smart Sampling Methodology for Crop Yield Estimation

For major crops across states and with availability of technologies, the following method of

Rationalization of number of CCEs without impac"
PMFBY_2023_SEC_18_4_1,PMFBY_2023,child,50,70,71,18.4.1,,,Smart Sampling Methodology for Crop Yield Estimation,,HIERARCHY_REVIEW;METADATA_REVIEW;TOPIC_TAG_REVIEW,REVIEW,,18.4.1 Smart Sampling of CCEs: Technology solutions for rationalization of CCEs based on homogeneous selection of sample experimental plots based on crop health condition analyzed through Remote Sensi
PMFBY_2023_SEC_18_5,PMFBY_2023,parent,8,71,71,18.5,,,Modalities for Conducting Crop Cutting Experiments (CCEs),SHORT_CHUNK;STRUCTURE_UNCERTAIN,METADATA_REVIEW;TOPIC_TAG_REVIEW,REVIEW,B_SHORT;E_STRUCTURE,18.5 Modalities for Conducting Crop Cutting Experiments (CCEs)
PMFBY_2023_SEC_18_5_1,PMFBY_2023,child,309,71,71,18.5.1,,,Modalities for Conducting Crop Cutting Experiments (CCEs),,METADATA_REVIEW;TOPIC_TAG_REVIEW,REVIEW,,"18.5.1 In order to maintain the sanctity and credibility of CCEs as an objective method of crop yield estimation, the modalities mentioned below will be followed:

i. To bring transparency and confide"
PMFBY_2023_SEC_18_5_2,PMFBY_2023,child,44,71,71,18.5.2,,,Modalities for Conducting Crop Cutting Experiments (CCEs),,METADATA_REVIEW;TOPIC_TAG_REVIEW,REVIEW,,"18.5.2 If the State/UTs do not conduct their Crop Cutting Experiments through the CCE- Agri app, then additional weightage shall be assigned to the technology derived yield estimates, as defined in Pa"
PMFBY_2023_SEC_18_5_3,PMFBY_2023,child,129,71,71,18.5.3,,,Modalities for Conducting Crop Cutting Experiments (CCEs),,METADATA_REVIEW;TOPIC_TAG_REVIEW,REVIEW,,"18.5.3 CCE experimental plots shall be chosen using smart sampling technology for selected major crops and conventional random sampling for other crops and the secrecy of the selected plot, subject to"
PMFBY_2023_SEC_18_5_4,PMFBY_2023,child,72,72,72,18.5.4,,,Modalities for Conducting Crop Cutting Experiments (CCEs),,HIERARCHY_REVIEW;METADATA_REVIEW;TOPIC_TAG_REVIEW,REVIEW,,"18.5.4 In case few experiments under GCES also falls in the IUs under PMFBY, the results of such experiments shall be accepted for use under crop yield estimation for the scheme and therefore only bal"
PMFBY_2023_SEC_18_5_5,PMFBY_2023,child,57,72,72,18.5.5,,,Modalities for Conducting Crop Cutting Experiments (CCEs),,HIERARCHY_REVIEW;METADATA_REVIEW;TOPIC_TAG_REVIEW,REVIEW,,"18.5.5 In case of sampling methodology being SST, complete CCEs as required for the given IU shall be conducted using the SST method only. In other words, in a particular insurance unit, all the requi"
PMFBY_2023_SEC_18_5_6,PMFBY_2023,child,30,72,72,18.5.6,,,Modalities for Conducting Crop Cutting Experiments (CCEs),,HIERARCHY_REVIEW;METADATA_REVIEW;TOPIC_TAG_REVIEW,REVIEW,,"18.5.6 A comprehensive manual for Crop Cutting Experiments for Crop Yield Estimation has also been developed by the GoI in consultation with NSSO, IASRI and the respective State Governments/UT Adminis"
PMFBY_2023_SEC_18_5_7,PMFBY_2023,child,23,72,72,18.5.7,,,Modalities for Conducting Crop Cutting Experiments (CCEs),,HIERARCHY_REVIEW;METADATA_REVIEW;TOPIC_TAG_REVIEW,REVIEW,,18.5.7 The GoI shall notify the CCE Manual 2023 and the same shall be followed by the States/UTs for conducting CCEs under PMFBY.
PMFBY_2023_SEC_18_5_8,PMFBY_2023,child,36,72,72,18.5.8,,,Modalities for Conducting Crop Cutting Experiments (CCEs),,HIERARCHY_REVIEW;METADATA_REVIEW;TOPIC_TAG_REVIEW,REVIEW,,"18.5.8 In order to provide proper beneﬁts to the farmers and to compensate them as per near actual loss experience, crop(s) shall be notiﬁed at the lowest level i.e. Village/Village Panchayat as detai"
PMFBY_2023_SEC_18_5_9,PMFBY_2023,child,53,72,72,18.5.9,,,Modalities for Conducting Crop Cutting Experiments (CCEs),,HIERARCHY_REVIEW;METADATA_REVIEW;TOPIC_TAG_REVIEW,REVIEW,,"18.5.9 State/UTs shall strengthen the audit process of the conduct of CCEs, with necessary checks and balances. Digitizing the CCE process including geo-coding (providing the latitude and longitude of"
PMFBY_2023_SEC_18_5_10,PMFBY_2023,child,82,72,72,18.5.10,,,Modalities for Conducting Crop Cutting Experiments (CCEs),,HIERARCHY_REVIEW;METADATA_REVIEW;TOPIC_TAG_REVIEW,REVIEW,,"18.5.10 Wherever external agencies are proposed to be used by the State Governments/UT Administrations for conduct of CCEs (i.e. CCEs are outsourced), it should be given only to the registered 'profes"
PMFBY_2023_SEC_18_5_11,PMFBY_2023,child,396,72,73,18.5.11,,,Modalities for Conducting Crop Cutting Experiments (CCEs),,HIERARCHY_REVIEW;METADATA_REVIEW;TOPIC_TAG_REVIEW,REVIEW,,"18.5.11 District level Steering Committee: State/UT Government shall compulsorily constitute a Steering committee in each district to plan, conduct and supervise the CCEs for yield assessment and to p"
PMFBY_2023_SEC_18_5_12,PMFBY_2023,child,211,73,73,18.5.12,,,Modalities for Conducting Crop Cutting Experiments (CCEs),,HIERARCHY_REVIEW;METADATA_REVIEW;TOPIC_TAG_REVIEW,REVIEW,,"18.5.12 In instances where required number of CCEs could not be conducted due to non-availability of adequate cropped area, adverse weather conditions or inadequate infrastructure etc., the yield esti"
PMFBY_2023_SEC_18_5_13_1,PMFBY_2023,child,99,73,74,18.5.13.1,,,Modalities for Conducting Crop Cutting Experiments (CCEs),,HIERARCHY_REVIEW;METADATA_REVIEW;TOPIC_TAG_REVIEW,REVIEW,,"18.5.13.1 States/UTs shall, in the beginning, specify the number of required picking for each crop both for irrigated and un-irrigated (rainfed) conditions. Ideally it should be as per the NSO/Indian "
PMFBY_2023_SEC_18_5_13_2,PMFBY_2023,child,38,74,74,18.5.13.2,,,Modalities for Conducting Crop Cutting Experiments (CCEs),,HIERARCHY_REVIEW;METADATA_REVIEW;TOPIC_TAG_REVIEW,REVIEW,,"18.5.13.2 If the required number of CCEs have been done but the required number of pickings have not been done, then for those experiments, statistical factor needs to be used to extrapolate yield to "
PMFBY_2023_SEC_18_5_13_3,PMFBY_2023,child,49,74,74,18.5.13.3,,,Modalities for Conducting Crop Cutting Experiments (CCEs),,HIERARCHY_REVIEW;METADATA_REVIEW;TOPIC_TAG_REVIEW,REVIEW,,18.5.13.3 Such statistical factor (proportion of picking wise yield) needs to be computed from well conducted CCEs (with the required number of pickings) from the same Taluka separately from Irrigated
PMFBY_2023_SEC_339,PMFBY_2023,child,258,74,74,,,,An Example for Yield Calculation for multi-picking crop is mentioned in Table 5 below:,TABLE_REVIEW,METADATA_REVIEW;TOPIC_TAG_REVIEW,REVIEW,F_TABLE,"An Example for Yield Calculation for multi-picking crop is mentioned in Table 5 below:

Crop | Experiment no. | Picking 1 Yield (kg) | Picking 2 Yield (kg) | Picking 3 Yield (kg) | Picking 4 Yield (kg"
PMFBY_2023_SEC_18_5_13_4,PMFBY_2023,child,69,74,74,18.5.13.4,,,Modalities for Conducting Crop Cutting Experiments (CCEs),,HIERARCHY_REVIEW;METADATA_REVIEW;TOPIC_TAG_REVIEW,REVIEW,,"18.5.13.4 In case there is dispute regarding large deviation in picking dates, the average picking dates should be computed from well conducted CCEs at the Taluka level. Accordingly, the picking dates"
PMFBY_2023_SEC_18_5_13_5,PMFBY_2023,child,95,74,75,18.5.13.5,,,Modalities for Conducting Crop Cutting Experiments (CCEs),,HIERARCHY_REVIEW;METADATA_REVIEW;TOPIC_TAG_REVIEW,REVIEW,,"18.5.13.5 If there is no proper CCE (with required number of pickings) even at the Taluka level, it should be considered that no CCE is available and the procedure deﬁned in yield dispute SOP (Standar"
PMFBY_2023_SEC_18_5_13_6,PMFBY_2023,child,197,75,75,18.5.13.6,,,Modalities for Conducting Crop Cutting Experiments (CCEs),,HIERARCHY_REVIEW;METADATA_REVIEW;TOPIC_TAG_REVIEW,REVIEW,,"18.5.13.6 All claims will be settled exclusively on the basis of CCE based yield data available on the NCIP or a combination of the CCE based yields and YES-TECH derived yields, as the case may be. Th"
PMFBY_2023_SEC_18_5_13_7,PMFBY_2023,child,140,75,75,18.5.13.7,,,Modalities for Conducting Crop Cutting Experiments (CCEs),,HIERARCHY_REVIEW;METADATA_REVIEW;TOPIC_TAG_REVIEW,REVIEW,,"18.5.13.7 Insurance Companies should be given complete access to co-witness the CCEs, the digital images of the CCEs and relevant data in the requisite format (electronic/physical) by the State/UT Gov"
PMFBY_2023_FORM_2,PMFBY_2023,child,37,75,75,,,,"Form-2 etc. to the Insurance Companies, however, the State/UT should provide",,METADATA_REVIEW;TOPIC_TAG_REVIEW,REVIEW,,"Form-2 etc. to the Insurance Companies, however, the State/UT should provide facility for physical veriﬁcation of documents like Form-1, Form-2 etc. on request of Insurance Companies at their premises"
PMFBY_2023_SEC_19_1,PMFBY_2023,child,36,75,75,19.1,,,,STRUCTURE_UNCERTAIN,METADATA_REVIEW;TOPIC_TAG_REVIEW,REVIEW,E_STRUCTURE,"19.1 During the earlier years of implementation of PMFBY, various types of yield disputes were observed, leading to unnecessary delays in the claim settlement. The following chart shows the procedures"
PMFBY_2023_SEC_19_2,PMFBY_2023,child,353,75,76,19.2,,,,STRUCTURE_UNCERTAIN,METADATA_REVIEW;TOPIC_TAG_REVIEW,REVIEW,E_STRUCTURE,Chart: Procedures to be followed in different yield dispute cases 19.2 Wherever the yield estimates reported at IU level are abnormally low or high vis-à- vis the general crop condition the Insurance 
PMFBY_2023_SEC_16_14_002,PMFBY_2023,child,3,76,76,16.14,,,,SHORT_CHUNK;STRUCTURE_UNCERTAIN,METADATA_REVIEW;TOPIC_TAG_REVIEW,REVIEW,B_SHORT;E_STRUCTURE;D_TOP20_SHORT,16.14 & 16.15.
PMFBY_2023_SEC_19_3,PMFBY_2023,child,124,77,77,19.3,,,,STRUCTURE_UNCERTAIN,METADATA_REVIEW;TOPIC_TAG_REVIEW,REVIEW,E_STRUCTURE,"19.3 The existing Central TAC comprising of representatives from the DES, DA&FW, Mahalanobis National Crop Forecast Centre (MNCFC), National Statistical Organization (NSO), Indian Agricultural Statist"
PMFBY_2023_SEC_19_4,PMFBY_2023,child,84,77,77,19.4,,,,STRUCTURE_UNCERTAIN,METADATA_REVIEW;TOPIC_TAG_REVIEW,REVIEW,E_STRUCTURE,"19.4 The Central TAC shall review all technical matters related to the execution of the Scheme. In case, the matter requires further focused deliberations, the Central TAC will refer the issue to the "
PMFBY_2023_SEC_19_5,PMFBY_2023,child,88,77,77,19.5,,,,STRUCTURE_UNCERTAIN,METADATA_REVIEW;TOPIC_TAG_REVIEW,REVIEW,E_STRUCTURE,19.5 State shall also constitute the State/UT Level Technical Advisory Committee (STAC) on a similar pattern to resolve disputes. The STAC may be chaired by the Principal Secretary/Secretary/Additiona
PMFBY_2023_SEC_19_6,PMFBY_2023,child,29,77,77,19.6,,,,STRUCTURE_UNCERTAIN,METADATA_REVIEW;TOPIC_TAG_REVIEW,REVIEW,E_STRUCTURE,19.6 TAC/TA/STAC shall deliberate and examine the subject matter and indicate their views/decisions based on statistical/technological inputs and other related scientiﬁc and technical parameters as de
PMFBY_2023_SEC_19_7,PMFBY_2023,parent,13,77,77,19.7,,,,SHORT_CHUNK;STRUCTURE_UNCERTAIN,METADATA_REVIEW;TOPIC_TAG_REVIEW,REVIEW,B_SHORT;E_STRUCTURE,19.7 The SOP to deal with Yield Assessment dispute cases is as under
PMFBY_2023_SEC_19_7_1,PMFBY_2023,child,258,77,78,19.7.1,,,,,HIERARCHY_REVIEW;METADATA_REVIEW;TOPIC_TAG_REVIEW,REVIEW,,19.7.1 When to use this SOP: This SOP shall be followed only when there is a dispute about the crop yield values between the State/UT Government and Insurance Company/ies and in the case when it remai
PMFBY_2023_SEC_19_7_2,PMFBY_2023,child,60,78,78,19.7.2,,,,,HIERARCHY_REVIEW;METADATA_REVIEW;TOPIC_TAG_REVIEW,REVIEW,,"19.7.2 The Organizations to which TAC can refer the case: The organizations can be the Central Government or autonomous organizations, which have requisite capacity to carry out such analyses, such as"
PMFBY_2023_SEC_19_7_3,PMFBY_2023,child,167,78,78,19.7.3,,,,,HIERARCHY_REVIEW;METADATA_REVIEW;TOPIC_TAG_REVIEW,REVIEW,,"19.7.3 Data to be provided by State/UT Government to TA:

 All crop loss assessment surveys or yield assessment survey or CCE data of the

contested area, in digital/soft format, along with photograp"
PMFBY_2023_SEC_19_7_4,PMFBY_2023,child,115,78,78,19.7.4,,,,,HIERARCHY_REVIEW;METADATA_REVIEW;TOPIC_TAG_REVIEW,REVIEW,,"19.7.4 Data to be provided by Insurance Company:

 Data of the co-observed crop loss assessment surveys or yield assessment survey

or CCEs collected by Insurance Companies in digital/soft format, al"
PMFBY_2023_SEC_19_7_5,PMFBY_2023,child,44,79,79,19.7.5,,,,,HIERARCHY_REVIEW;METADATA_REVIEW;TOPIC_TAG_REVIEW,REVIEW,,"19.7.5 Analysis to be carried out by the Technical Agency:

Among the steps given below, any 3 steps should be followed from (a) to (d) and any one step should be followed from (e) to (f). The steps i"
PMFBY_2023_SEC_358,PMFBY_2023,child,192,79,79,,,,a) Statistical analysis of the yield assessment survey and/or CCE yield data:,,METADATA_REVIEW;TOPIC_TAG_REVIEW,REVIEW,,"a) Statistical analysis of the yield assessment survey and/or CCE yield data:

Basic Statistical Parameters (Mean, Variance, Coefﬁcient of Variation (CV), Range, Standard Error, etc.) Scatter plots, T"
PMFBY_2023_SEC_0_25,PMFBY_2023,child,28,79,79,0.25,,,,STRUCTURE_UNCERTAIN,METADATA_REVIEW;TOPIC_TAG_REVIEW,REVIEW,E_STRUCTURE,0.25 degree data should be used only at the district level and not at the block/village level. High resolution weather data can also be sourced from weather companies.
PMFBY_2023_SEC_360,PMFBY_2023,child,122,79,79,,,,c) Analysis of Long-term Yield Data: Analysis of previous 10 years' yield data (at,,METADATA_REVIEW;TOPIC_TAG_REVIEW,REVIEW,,"c) Analysis of Long-term Yield Data: Analysis of previous 10 years' yield data (at

GP or Taluka level) shall be carried out to assess the variations in yield data. The analysis should include yield r"
PMFBY_2023_SEC_361,PMFBY_2023,child,60,79,79,,,,"e) Analysis of Vegetation Index from Satellite Data: The vegetation indices, which",,METADATA_REVIEW;TOPIC_TAG_REVIEW,REVIEW,,"e) Analysis of Vegetation Index from Satellite Data: The vegetation indices, which

can be used for this purpose are Normalized Difference Vegetation Index (NDVI), Normalized Difference Wetness Index "
PMFBY_2023_SEC_362,PMFBY_2023,parent,823,79,81,,,,levels of analysis,TABLE_REVIEW,METADATA_REVIEW;TOPIC_TAG_REVIEW,REVIEW,F_TABLE,"Table 6: Types of resolution to be used for vegetation index derivation for different

levels of analysis

Level of Analysis | Spatial Resolution to be used | Examples of Satellite/Sensor
Village leve"
PMFBY_2023_SEC_362_SUB_1,PMFBY_2023,child,522,79,80,,,,levels of analysis,TABLE_REVIEW,METADATA_REVIEW;TOPIC_TAG_REVIEW,REVIEW,F_TABLE,"Table 6: Types of resolution to be used for vegetation index derivation for different

levels of analysis

Level of Analysis | Spatial Resolution to be used | Examples of Satellite/Sensor
Village leve"
PMFBY_2023_SEC_362_SUB_2,PMFBY_2023,child,336,80,81,,,,levels of analysis,TABLE_REVIEW,METADATA_REVIEW;TOPIC_TAG_REVIEW,REVIEW,F_TABLE,"Wherever there is large mismatch between yield proxy and the yield assessment survey or CCE yield (more than 2 levels), the yield assessment survey or CCE yield for that IU can be considered, as outli"
PMFBY_2023_SEC_19_7_6,PMFBY_2023,child,33,81,81,19.7.6,,,,,HIERARCHY_REVIEW;METADATA_REVIEW;TOPIC_TAG_REVIEW,REVIEW,,"19.7.6 Time required for the analysis: The analysis needs to be completed by the concerned TA, within one month of receipt of all mentioned data from the Insurance Company and the State/UT Government."
PMFBY_2023_SEC_19_7_7,PMFBY_2023,child,56,81,81,19.7.7,,,,,HIERARCHY_REVIEW;METADATA_REVIEW;TOPIC_TAG_REVIEW,REVIEW,,"19.7.7 Funds needed for the analysis: All the analysis will be carried out by the TA, with its existing resources. However, if there is any need of procurement of priced data or services, this may be "
PMFBY_2023_SEC_19_7_8,PMFBY_2023,child,48,81,81,19.7.8,,,,,HIERARCHY_REVIEW;METADATA_REVIEW;TOPIC_TAG_REVIEW,REVIEW,,"19.7.8 Support to Technical Agency: The TA, if required, can take the support from the experts of SRSCs and SAUs. For this the State Agriculture Department will issue required instructions to concerne"
PMFBY_2023_SEC_19_7_9,PMFBY_2023,child,175,81,81,19.7.9,,,,,HIERARCHY_REVIEW;METADATA_REVIEW;TOPIC_TAG_REVIEW,REVIEW,,"19.7.9 General Suggestions: Though this SOP identiﬁes the procedure for yield dispute resolutions, in the long run, it will beneﬁt the scheme and the farmers, if there is no dispute. The following sug"
PMFBY_2023_SEC_20_1,PMFBY_2023,parent,17,82,82,20.1,,,Rationalization of CCEs - Smart Sampling Technique (SST),SHORT_CHUNK;STRUCTURE_UNCERTAIN,METADATA_REVIEW;TOPIC_TAG_REVIEW,REVIEW,B_SHORT;E_STRUCTURE,"20 Use of Innovative Technologies in Yield Estimation

20.1 Rationalization of CCEs - Smart Sampling Technique (SST)"
PMFBY_2023_SEC_20_1_1,PMFBY_2023,child,219,82,82,20.1.1,,,Rationalization of CCEs - Smart Sampling Technique (SST),,METADATA_REVIEW;TOPIC_TAG_REVIEW,REVIEW,,20.1.1 It is observed that concerns regarding crop yield estimation in the insurance units are increasing and thereby reducing the efﬁciency of the crop insurance mechanism. Disputes on the quality of
PMFBY_2023_SEC_20_1_2,PMFBY_2023,parent,28,82,82,20.1.2,,,Rationalization of CCEs - Smart Sampling Technique (SST),,METADATA_REVIEW;TOPIC_TAG_REVIEW,REVIEW,,20.1.2 The two important input data layers for implementing smart sampling are crop map and crop yield proxy map in digital form in moderate to high spatial resolution.
PMFBY_2023_SEC_20_1_2_1,PMFBY_2023,child,119,82,82,20.1.2.1,,,,,METADATA_REVIEW;TOPIC_TAG_REVIEW,REVIEW,,"20.1.2.1 Crop map: Satellite derived accurate crop map is a pre-requisite for smart sampling. Crop mapping accuracy depends on many aspects, which include:

a) spatial resolution of satellite data vis"
PMFBY_2023_SEC_20_1_2_2,PMFBY_2023,child,118,82,82,20.1.2.2,,,,,METADATA_REVIEW;TOPIC_TAG_REVIEW,REVIEW,,20.1.2.2 Crop yield proxy map: Ability of the yield proxy to capture the spatial variability of yield within the IU largely determines the efﬁciency of Smart sampling technique. GoI has developed a pr
PMFBY_2023_SEC_20_1_3,PMFBY_2023,child,190,83,83,20.1.3,,,Rationalization of CCEs - Smart Sampling Technique (SST),,HIERARCHY_REVIEW;METADATA_REVIEW;TOPIC_TAG_REVIEW,REVIEW,,20.1.3 Selection of CCE ﬁelds: The Crop map should be co-registered with the Yield proxy map and overlaid on it. Density slicing based on 4-6 quantiles (divide the frequency distribution in equal prop
PMFBY_2023_SEC_20_1_4,PMFBY_2023,child,98,83,83,20.1.4,,,Rationalization of CCEs - Smart Sampling Technique (SST),,HIERARCHY_REVIEW;METADATA_REVIEW;TOPIC_TAG_REVIEW,REVIEW,,"20.1.4 Crops to be covered: SST for CCE ﬁelds selection may be implemented for the notified crops, wherever satellite-based crop mapping and multi-index-based yield proxy layer generation are made ava"
PMFBY_2023_SEC_20_1_5,PMFBY_2023,child,86,83,83,20.1.5,,,Rationalization of CCEs - Smart Sampling Technique (SST),,HIERARCHY_REVIEW;METADATA_REVIEW;TOPIC_TAG_REVIEW,REVIEW,,20.1.5 Variable Methodology: Selection of right data and right techniques of analysis for crop mapping and crop yield proxy generation determines the efﬁciency of smart sampling. One methodology with 
PMFBY_2023_SEC_20_1_6,PMFBY_2023,parent,42,83,83,20.1.6,,,Rationalization of CCEs - Smart Sampling Technique (SST),,HIERARCHY_REVIEW;METADATA_REVIEW;TOPIC_TAG_REVIEW,REVIEW,,"20.1.6 Accordingly, the State/UTs are required to share the list of district wise crop calendar including harvesting window (i.e. Start Date and End Date) for Kharif and Rabi crops for the implementat"
PMFBY_2023_SEC_20_1_6_1,PMFBY_2023,child,44,83,83,20.1.6.1,,,,,METADATA_REVIEW;TOPIC_TAG_REVIEW,REVIEW,,20.1.6.1 The State/UTs shall select and notify the districts and crops for the implementation of SST and no other sampling method shall be used for these districts and crops for conducting CCEs. Howev
PMFBY_2023_SEC_20_1_6_2,PMFBY_2023,child,42,83,83,20.1.6.2,,,,,METADATA_REVIEW;TOPIC_TAG_REVIEW,REVIEW,,20.1.6.2 MNCFC will be the nodal agency for SST implementation in coordination with the State Remote Sensing Centers (SRSCs). The State/UTs must bring the SRSCs onboard for SST implementation especial
PMFBY_2023_SEC_20_1_6_3,PMFBY_2023,child,63,83,84,20.1.6.3,,,,,HIERARCHY_REVIEW;METADATA_REVIEW;TOPIC_TAG_REVIEW,REVIEW,,"20.1.6.3 The State/UTs shall provide the following information to MNCFC for generation of SST points:

i. List of Districts and Crops for implementation of SST as part of the notification itself.

ii."
PMFBY_2023_SEC_20_1_6_4,PMFBY_2023,child,44,84,84,20.1.6.4,,,,,HIERARCHY_REVIEW;METADATA_REVIEW;TOPIC_TAG_REVIEW,REVIEW,,"20.1.6.4 Location of SST based CCEs shall be shared by MNCFC with the concerned State/UT Agriculture Department 15 days before the harvesting period, as notified in the crop calendar as latest by the "
PMFBY_2023_SEC_20_1_7,PMFBY_2023,child,48,84,84,20.1.7,,,Rationalization of CCEs - Smart Sampling Technique (SST),,HIERARCHY_REVIEW;METADATA_REVIEW;TOPIC_TAG_REVIEW,REVIEW,,20.1.7 State/UTs are advised to make suitable preparedness to ensure implementation of SST for selection of CCE plots for the selected Districts/Crops and must work in close Coordination with the MNCF
PMFBY_2023_SEC_20_2,PMFBY_2023,parent,6,84,84,20.2,,,Direct Yield Estimation through Technology,SHORT_CHUNK;STRUCTURE_UNCERTAIN,METADATA_REVIEW;TOPIC_TAG_REVIEW,REVIEW,B_SHORT;E_STRUCTURE,20.2 Direct Yield Estimation through Technology
PMFBY_2023_SEC_20_2_1,PMFBY_2023,parent,8,84,84,20.2.1,,,Direct Yield Estimation through Technology,SHORT_CHUNK,METADATA_REVIEW;TOPIC_TAG_REVIEW,REVIEW,B_SHORT,20.2.1 Yield Estimation System Based on Technology (YES-TECH)
PMFBY_2023_SEC_20_2_1_1,PMFBY_2023,child,145,84,84,20.2.1.1,,,Yield Estimation System Based on Technology (YES-TECH),,METADATA_REVIEW;TOPIC_TAG_REVIEW,REVIEW,,"20.2.1.1 For addressing the issue of reliability of CCE based crop yield assessment in terms of their accuracy, representativeness and timeliness, it was envisaged that innovative technologies such as"
PMFBY_2023_SEC_20_2_1_2,PMFBY_2023,child,13,84,84,20.2.1.2,,,Yield Estimation System Based on Technology (YES-TECH),SHORT_CHUNK,METADATA_REVIEW;TOPIC_TAG_REVIEW,REVIEW,B_SHORT,"20.2.1.2 The GoI, with the support of national/international centers as mentioned in Para"
PMFBY_2023_SEC_20_2_1_1_002,PMFBY_2023,child,48,84,84,20.2.1.1,,,Yield Estimation System Based on Technology (YES-TECH),,METADATA_REVIEW;TOPIC_TAG_REVIEW,REVIEW,,"20.2.1.1 above, SRSCs and SAUs, initiated pilot studies on technology-based crop yield estimation using technology and a small number of good quality CCEs as ground truth for model calibration and val"
PMFBY_2023_SEC_20_2_1_3,PMFBY_2023,child,39,84,84,20.2.1.3,,,Yield Estimation System Based on Technology (YES-TECH),,METADATA_REVIEW;TOPIC_TAG_REVIEW,REVIEW,,"20.2.1.3 Accordingly, the GoI has initiated nation-wide rollout of Yield Estimation System based on Technology (YES-TECH), from Kharif 2023 season onwards, towards enabling large scale adoption of tec"
PMFBY_2023_SEC_20_2_1_4,PMFBY_2023,child,30,84,84,20.2.1.4,,,Yield Estimation System Based on Technology (YES-TECH),,METADATA_REVIEW;TOPIC_TAG_REVIEW,REVIEW,,"20.2.1.4 YES-TECH Manual 2023 has been notified by the GoI and all the provisions of the said manual, as amended from time to time, shall be applicable to the scheme."
PMFBY_2023_SEC_20_2_1_5,PMFBY_2023,child,69,84,84,20.2.1.5,,,Yield Estimation System Based on Technology (YES-TECH),,METADATA_REVIEW;TOPIC_TAG_REVIEW,REVIEW,,"20.2.1.5 Technology-based yield estimation shall be implemented on graded scale i.e., minimum 30% weightage to technology driven yield estimates in the first year along with 70% to traditional Crop Cu"
PMFBY_2023_SEC_20_2_1_6,PMFBY_2023,child,40,85,85,20.2.1.6,,,Yield Estimation System Based on Technology (YES-TECH),,HIERARCHY_REVIEW;METADATA_REVIEW;TOPIC_TAG_REVIEW,REVIEW,,"20.2.1.6 The concept of assigning the weightage to technology is being roped in for reducing the moral hazards & increasing objectivity, however the conventional CCEs (to be captured through CCE-Agri "
PMFBY_2023_SEC_20_2_1_7,PMFBY_2023,child,70,85,85,20.2.1.7,,,Yield Estimation System Based on Technology (YES-TECH),TABLE_REVIEW,HIERARCHY_REVIEW;METADATA_REVIEW;TOPIC_TAG_REVIEW,REVIEW,F_TABLE,"20.2.1.7 The weightage to technology shall be increased in the following manner if State/UTs do not conduct their Crop Cutting Experiments through the CCE-Agri app:

% of CCE conducted through app w.r"
PMFBY_2023_SEC_20_2_1_8,PMFBY_2023,child,136,85,85,20.2.1.8,,,Yield Estimation System Based on Technology (YES-TECH),,HIERARCHY_REVIEW;METADATA_REVIEW;TOPIC_TAG_REVIEW,REVIEW,,"20.2.1.8 State/UTs will be assisted by the following entities in implementation of YES-TECH:

i. Mentor Institutes for Technology Rollout (MITR) shall supervise the adoption and implementation of tech"
PMFBY_2023_SEC_20_2_1_9,PMFBY_2023,child,83,85,85,20.2.1.9,,,Yield Estimation System Based on Technology (YES-TECH),TABLE_REVIEW,HIERARCHY_REVIEW;METADATA_REVIEW;TOPIC_TAG_REVIEW,REVIEW,F_TABLE,"20.2.1.9 Cost of implementing the YES-TECH component would be shared between the GoI and the State/UT Government on sunset basis as under:

| Particulars | Sharing Ratio/Pattern between Central and St"
PMFBY_2023_SEC_20_2_2,PMFBY_2023,parent,10,85,85,20.2.2,,,Direct Yield Estimation through Technology,SHORT_CHUNK,HIERARCHY_REVIEW;METADATA_REVIEW;TOPIC_TAG_REVIEW,REVIEW,B_SHORT,20.2.2 Collection of Real-time Photos and Observations of Crops (CROPIC)
PMFBY_2023_SEC_20_2_2_1,PMFBY_2023,child,46,85,85,20.2.2.1,,,,,METADATA_REVIEW;TOPIC_TAG_REVIEW,REVIEW,,"20.2.2.1 Under this initiative, crop health will be monitored by taking periodic photos of standing or peril-affected crops at pre-determined interval of its growth with GPS coordinates, three to five"
PMFBY_2023_SEC_20_2_2_2,PMFBY_2023,child,42,85,85,20.2.2.2,,,,,METADATA_REVIEW;TOPIC_TAG_REVIEW,REVIEW,,20.2.2.2 This will also greatly help in reducing the moral hazard as availability of periodic photos of crop health will ensure that there is suitable data available to validate a sudden and precipito
PMFBY_2023_SEC_20_2_2_3,PMFBY_2023,child,17,86,86,20.2.2.3,,,,SHORT_CHUNK,HIERARCHY_REVIEW;METADATA_REVIEW;TOPIC_TAG_REVIEW,REVIEW,B_SHORT,"20.2.2.3 Further, this data can subsequently be analyzed using AI/ML tools to further augment the YES-TECH models."
PMFBY_2023_SEC_20_2_2_4,PMFBY_2023,child,53,86,86,20.2.2.4,,,,,HIERARCHY_REVIEW;METADATA_REVIEW;TOPIC_TAG_REVIEW,REVIEW,,"20.2.2.4 The use of CROPIC Mobile App for collection of crop photographs shall be mandatory for Insurance Companies and State Governments/UTs. Other rural channels viz. Krishi Sakhi, Bima Mitras etc. "
PMFBY_2023_SEC_20_2_2_5,PMFBY_2023,child,71,86,86,20.2.2.5,,,,,HIERARCHY_REVIEW;METADATA_REVIEW;TOPIC_TAG_REVIEW,REVIEW,,20.2.2.5 Monetary incentive of Rs. 10/- per field / visit (maximum Rs. 50/- per field per year) for sending crop condition photo from the ground level shall be given to identified individuals like Far
PMFBY_2023_SEC_20_2_2_6,PMFBY_2023,child,17,86,86,20.2.2.6,,,,SHORT_CHUNK,HIERARCHY_REVIEW;METADATA_REVIEW;TOPIC_TAG_REVIEW,REVIEW,B_SHORT,20.2.2.6 A detailed SOP/Manual and modalities of the CROPIC platform shall be notified by the GoI separately.
PMFBY_2023_SEC_20_3,PMFBY_2023,parent,11,86,86,20.3,,,,SHORT_CHUNK;STRUCTURE_UNCERTAIN,METADATA_REVIEW;TOPIC_TAG_REVIEW,REVIEW,B_SHORT;E_STRUCTURE,20.3 Concerns in Yield Data Quality and Timelines for Data Reporting
PMFBY_2023_SEC_20_3_1,PMFBY_2023,child,97,86,86,20.3.1,,,,,METADATA_REVIEW;TOPIC_TAG_REVIEW,REVIEW,,"20.3.1 It has been observed that the normal CCE process being followed for estimating yield is lacking in reliability, accuracy and speed, which affects claim settlement. There is a need for real time"
PMFBY_2023_SEC_20_3_2,PMFBY_2023,child,227,86,86,20.3.2,,,,,METADATA_REVIEW;TOPIC_TAG_REVIEW,REVIEW,,20.3.2 If the CCE derived yield data is not provided by the State/UTs within the stipulated timeline then technology derived Synthetic Yield data (i.e. crop yield estimated/simulated using the Models 
PMFBY_2023_SEC_20_4,PMFBY_2023,parent,7,86,86,20.4,,,Fund for Innovation and Technology (FIAT),SHORT_CHUNK;STRUCTURE_UNCERTAIN,METADATA_REVIEW;TOPIC_TAG_REVIEW,REVIEW,B_SHORT;E_STRUCTURE,20.4 Fund for Innovation and Technology (FIAT)
PMFBY_2023_SEC_20_4_1,PMFBY_2023,child,54,86,87,20.4.1,,,Fund for Innovation and Technology (FIAT),,HIERARCHY_REVIEW;METADATA_REVIEW;TOPIC_TAG_REVIEW,REVIEW,,20.4.1 Fund for Innovation and Technology (FIAT) has been created by the GoI wherein resources shall be allocated for meeting designated percentage of GoI share/100% grant in various technological int
PMFBY_2023_SEC_20_4_2,PMFBY_2023,child,82,87,87,20.4.2,,,Fund for Innovation and Technology (FIAT),,HIERARCHY_REVIEW;METADATA_REVIEW;TOPIC_TAG_REVIEW,REVIEW,,20.4.2 The FIAT shall be funded from the amount already collected from the corpus generated from excess farmers share of premium surrendered by Insurance Companies due to application of Area Correctio
PMFBY_2023_SEC_20_4_3,PMFBY_2023,child,127,87,87,20.4.3,,,Fund for Innovation and Technology (FIAT),,HIERARCHY_REVIEW;METADATA_REVIEW;TOPIC_TAG_REVIEW,REVIEW,,"20.4.3 The FIAT shall be utilized for the following activities under the scheme:

i. Yield Estimation System Based on Technology (YES-TECH),

ii. Weather Information Network & Data System (WINDS)

iii"
PMFBY_2023_SEC_20_4_4,PMFBY_2023,child,267,87,88,20.4.4,,,Fund for Innovation and Technology (FIAT),,HIERARCHY_REVIEW;METADATA_REVIEW;TOPIC_TAG_REVIEW,REVIEW,,"20.4.4 The SOP for management of FIAT and release of funds for aforesaid activities shall be issued by the GoI, separately.

Support to the States and Insurance Companies for Technology Adoption: 20.5"
PMFBY_2023_SEC_21_1,PMFBY_2023,child,170,88,88,21.1,,,,STRUCTURE_UNCERTAIN,METADATA_REVIEW;TOPIC_TAG_REVIEW,REVIEW,E_STRUCTURE,"21 Assessment of Claims & Claim Settlement

21.1 Payment of Claim under standard PMFBY is the responsibility of concerned Insurance Companies. The Insurance Companies shall therefore take all the nece"
PMFBY_2023_SEC_21_2,PMFBY_2023,parent,10,88,88,21.2,,,,SHORT_CHUNK;STRUCTURE_UNCERTAIN,METADATA_REVIEW;TOPIC_TAG_REVIEW,REVIEW,B_SHORT;E_STRUCTURE,21.2 Yield Loss due to Wide-spread Calamities under Basic Cover
PMFBY_2023_SEC_21_2_1,PMFBY_2023,child,289,88,89,21.2.1,,,,TABLE_REVIEW,HIERARCHY_REVIEW;METADATA_REVIEW;TOPIC_TAG_REVIEW,REVIEW,F_TABLE,"21.2.1 If the Actual Yield per hectare of the insured crop for the Insurance Unit (calculated on basis of requisite number of CCEs or a combination of CCE & technology derived yield estimates, as the "
PMFBY_2023_SEC_21_2_2,PMFBY_2023,child,28,89,89,21.2.2,,,,,HIERARCHY_REVIEW;METADATA_REVIEW;TOPIC_TAG_REVIEW,REVIEW,,"21.2.2 District Level Joint Committee (DLJC) will be constituted which will look after the invoking of On-Account Payment under mid-season adversity, prevented sowing, localized calamities and post-ha"
PMFBY_2023_SEC_21_3,PMFBY_2023,parent,7,89,89,21.3,,,Prevented/Failed Sowing and Prevented Planting/Germination Claims,SHORT_CHUNK;STRUCTURE_UNCERTAIN,METADATA_REVIEW;TOPIC_TAG_REVIEW,REVIEW,B_SHORT;E_STRUCTURE,21.3 Prevented/Failed Sowing and Prevented Planting/Germination Claims
PMFBY_2023_SEC_21_3_1,PMFBY_2023,child,104,89,89,21.3.1,,,Prevented/Failed Sowing and Prevented Planting/Germination Claims,,METADATA_REVIEW;TOPIC_TAG_REVIEW,REVIEW,,21.3.1 Insurance cover will be provided to farmers in case of widespread incidence of eligible risks (Para 5.2.1) affecting crops in more than 75% of the area sown in a notiﬁed unit at early stage of 
PMFBY_2023_SEC_21_3_2_1,PMFBY_2023,child,16,89,89,21.3.2.1,,,Prevented/Failed Sowing and Prevented Planting/Germination Claims,SHORT_CHUNK,METADATA_REVIEW;TOPIC_TAG_REVIEW,REVIEW,B_SHORT,21.3.2.1 This add-on cover will only be available if this cover is notiﬁed by the State/UT.
PMFBY_2023_SEC_21_3_2_2,PMFBY_2023,child,72,89,89,21.3.2.2,,,Prevented/Failed Sowing and Prevented Planting/Germination Claims,,METADATA_REVIEW;TOPIC_TAG_REVIEW,REVIEW,,"21.3.2.2 Notiﬁed IUs will be eligible for ""Prevented Sowing/ Planting"" pay-out only if more than 75% of Crop-wise, normal sown area for notiﬁed crop in the IU experienced unsown/prevented sowing/germi"
PMFBY_2023_SEC_21_3_2_3,PMFBY_2023,child,78,89,89,21.3.2.3,,,Prevented/Failed Sowing and Prevented Planting/Germination Claims,,METADATA_REVIEW;TOPIC_TAG_REVIEW,REVIEW,,21.3.2.3 Only those farmers are eligible for ﬁnancial support under this cover who have paid the premium i.e. the premium amount has been debited from their account before the peril occurrence notific
PMFBY_2023_SEC_21_3_2_4,PMFBY_2023,child,61,89,89,21.3.2.4,,,Prevented/Failed Sowing and Prevented Planting/Germination Claims,,METADATA_REVIEW;TOPIC_TAG_REVIEW,REVIEW,,"21.3.2.4 The provision could be invoked for a speciﬁc crop or a group of crops in notiﬁed IU, by the Nodal Department of the State Governments/UT Administrations on the basis of the recommendation sub"
PMFBY_2023_SEC_21_3_2_5,PMFBY_2023,child,117,89,90,21.3.2.5,,,Prevented/Failed Sowing and Prevented Planting/Germination Claims,,HIERARCHY_REVIEW;METADATA_REVIEW;TOPIC_TAG_REVIEW,REVIEW,,"21.3.2.5 The eligibility of claim settlement shall be decided based on the outcome of the joint loss assessment surveys carried out by the representatives of Insurance Company, District Administration"
PMFBY_2023_SEC_21_3_2_6,PMFBY_2023,child,54,90,90,21.3.2.6,,,Prevented/Failed Sowing and Prevented Planting/Germination Claims,,HIERARCHY_REVIEW;METADATA_REVIEW;TOPIC_TAG_REVIEW,REVIEW,,21.3.2.6 STAC in coordination with State Remote Sensing Application Center or TIP appointed under YES-TECH (for the crops notified under Crop Model Matrix (CMM)) will conduct estimation and assessment
PMFBY_2023_SEC_21_3_2_7,PMFBY_2023,child,106,90,90,21.3.2.7,,,Prevented/Failed Sowing and Prevented Planting/Germination Claims,,HIERARCHY_REVIEW;METADATA_REVIEW;TOPIC_TAG_REVIEW,REVIEW,,"21.3.2.7 The amount payable would be 25% of the gross total Sum Insured and the insurance coverage shall get terminated. Farmers can have the alternative to sow shorter duration, resistant crops and a"
PMFBY_2023_SEC_21_3_3,PMFBY_2023,child,75,90,90,21.3.3,,,Prevented/Failed Sowing and Prevented Planting/Germination Claims,,HIERARCHY_REVIEW;METADATA_REVIEW;TOPIC_TAG_REVIEW,REVIEW,,"21.3.3 Proxy-Indicators: Indicators to be used for loss intimation could be rainfall data, other weather indices from WINDS and/or IMD, satellite imagery, Remote sensing indices, drought assessment re"
PMFBY_2023_SEC_21_3_4_1,PMFBY_2023,child,69,90,90,21.3.4.1,,,Prevented/Failed Sowing and Prevented Planting/Germination Claims,,HIERARCHY_REVIEW;METADATA_REVIEW;TOPIC_TAG_REVIEW,REVIEW,,"21.3.4.1 The States/UTs would notify the Crop Calendar indicating crop-wise and agro-climatic zone or district wise cut-off dates by which, this provision could be invoked. However, these dates should"
PMFBY_2023_SEC_21_3_4_2,PMFBY_2023,child,124,90,90,21.3.4.2,,,Prevented/Failed Sowing and Prevented Planting/Germination Claims,,HIERARCHY_REVIEW;METADATA_REVIEW;TOPIC_TAG_REVIEW,REVIEW,,21.3.4.2 The DLMC will recommend invoking of prevented sowing to the State Nodal Department. State/UT Government Notiﬁcation will only be issued by the concerned State Nodal Department after considera
PMFBY_2023_SEC_21_3_4_3,PMFBY_2023,child,137,90,91,21.3.4.3,,,Prevented/Failed Sowing and Prevented Planting/Germination Claims,,HIERARCHY_REVIEW;METADATA_REVIEW;TOPIC_TAG_REVIEW,REVIEW,,"21.3.4.3 If it is felt that the prevailing conditions precedent triggers for invocation of prevented sowing have been breached, the Chairman, DLMC on his/her own accord or on the directions of the Sta"
PMFBY_2023_SEC_21_3_4_4,PMFBY_2023,child,48,91,91,21.3.4.4,,,Prevented/Failed Sowing and Prevented Planting/Germination Claims,,HIERARCHY_REVIEW;METADATA_REVIEW;TOPIC_TAG_REVIEW,REVIEW,,21.3.4.4 State Governments/UT Administrations would declare the list of notiﬁed IU that suffered Prevented or Failed Sowing/Planting/Germination conditions with approximate areas in percentage of the 
PMFBY_2023_SEC_21_3_4_5,PMFBY_2023,child,40,91,91,21.3.4.5,,,Prevented/Failed Sowing and Prevented Planting/Germination Claims,,HIERARCHY_REVIEW;METADATA_REVIEW;TOPIC_TAG_REVIEW,REVIEW,,21.3.4.5 Peril occurrence notification issued by the State Governments/UT Administrations shall be digitized and integrated with the NCIP to ensure complete visibility of process involved and enabling
PMFBY_2023_SEC_21_3_4_6,PMFBY_2023,child,53,91,91,21.3.4.6,,,Prevented/Failed Sowing and Prevented Planting/Germination Claims,,HIERARCHY_REVIEW;METADATA_REVIEW;TOPIC_TAG_REVIEW,REVIEW,,"21.3.4.6 For estimation of crop loss in the affected areas, the digital mobile App provided by the GoI shall be compulsorily used by the Insurance Companies, States/UTs and loss surveyors appointed by"
PMFBY_2023_SEC_21_3_4_7,PMFBY_2023,child,31,91,91,21.3.4.7,,,Prevented/Failed Sowing and Prevented Planting/Germination Claims,,HIERARCHY_REVIEW;METADATA_REVIEW;TOPIC_TAG_REVIEW,REVIEW,,"21.3.4.7 The State/UTs implementing YES-TECH for the notified crops, may shall ask the TIPs to submit the Special Report for Prevented Sowing (SR-PS) as mentioned the YES-TECH Manual 2023.

Conditions"
PMFBY_2023_SEC_21_3_5_1,PMFBY_2023,child,45,91,91,21.3.5.1,,,Prevented/Failed Sowing and Prevented Planting/Germination Claims,,HIERARCHY_REVIEW;METADATA_REVIEW;TOPIC_TAG_REVIEW,REVIEW,,21.3.5.1 The cover will be available for major crops covering a total sown area higher than 25% of the total sown area of the District/Taluka or the equivalent unit for the season (refer Para 7.2.1.1)
PMFBY_2023_SEC_21_3_5_2,PMFBY_2023,child,22,91,91,21.3.5.2,,,Prevented/Failed Sowing and Prevented Planting/Germination Claims,,HIERARCHY_REVIEW;METADATA_REVIEW;TOPIC_TAG_REVIEW,REVIEW,,21.3.5.2 Mere disbursement/sanction of loan without receipt/ debit of premium before the notiﬁcation of calamity won't make a farmer eligible for claim.
PMFBY_2023_SEC_21_3_5_3,PMFBY_2023,child,113,91,91,21.3.5.3,,,Prevented/Failed Sowing and Prevented Planting/Germination Claims,,HIERARCHY_REVIEW;METADATA_REVIEW;TOPIC_TAG_REVIEW,REVIEW,,21.3.5.3 This provision has to be notiﬁed by the State/UT Government within 30 days from date of the onset of sowing and no later than 15 days of the cut-off date for enrolment and debit of premium as
PMFBY_2023_SEC_21_3_5_4,PMFBY_2023,child,22,91,91,21.3.5.4,,,Prevented/Failed Sowing and Prevented Planting/Germination Claims,,HIERARCHY_REVIEW;METADATA_REVIEW;TOPIC_TAG_REVIEW,REVIEW,,21.3.5.4 The Insurance Companies shall disburse the claim within 30 days of the State/UTs Notiﬁcation invoking the event of the insured risk.
PMFBY_2023_SEC_21_3_5_5,PMFBY_2023,child,35,91,91,21.3.5.5,,,Prevented/Failed Sowing and Prevented Planting/Germination Claims,,HIERARCHY_REVIEW;METADATA_REVIEW;TOPIC_TAG_REVIEW,REVIEW,,21.3.5.5 The pay-out under the cover would be disbursed by the Insurance Companies only after the receipt of at least advance Government share of premium subsidy (1st tranche of both State/UT Governme
PMFBY_2023_SEC_21_3_5_6,PMFBY_2023,child,53,91,92,21.3.5.6,,,Prevented/Failed Sowing and Prevented Planting/Germination Claims,,HIERARCHY_REVIEW;METADATA_REVIEW;TOPIC_TAG_REVIEW,REVIEW,,21.3.5.6 Insurance Cover would terminate for the affected crop in a Notiﬁed IU once a claim under this section is invoked and the affected Insurance Unit/ Crop would not be eligible for any other add-
PMFBY_2023_SEC_21_3_5_7,PMFBY_2023,child,21,92,92,21.3.5.7,,,Prevented/Failed Sowing and Prevented Planting/Germination Claims,,HIERARCHY_REVIEW;METADATA_REVIEW;TOPIC_TAG_REVIEW,REVIEW,,"21.3.5.7 Once this provision is invoked, no fresh enrolment of farmers for the affected notiﬁed crops and areas would be done."
PMFBY_2023_SEC_21_3_5_8,PMFBY_2023,child,26,92,92,21.3.5.8,,,Prevented/Failed Sowing and Prevented Planting/Germination Claims,,HIERARCHY_REVIEW;METADATA_REVIEW;TOPIC_TAG_REVIEW,REVIEW,,"21.3.5.8 Once exigency is invoked it applies to all the insured farmers in the Notiﬁed Insurance Unit for a given crop, including those whose crop survived."
PMFBY_2023_SEC_21_3_5_9,PMFBY_2023,child,46,92,92,21.3.5.9,,,Prevented/Failed Sowing and Prevented Planting/Germination Claims,,HIERARCHY_REVIEW;METADATA_REVIEW;TOPIC_TAG_REVIEW,REVIEW,,"21.3.5.9 The Bank would remit farmers’ premium to Insurance Companies, with eligible loanee farmers list, within 7 days of the intimation of loss under this section, if not uploaded earlier on Portal."
PMFBY_2023_SEC_21_3_5_10,PMFBY_2023,child,88,92,92,21.3.5.10,,,Prevented/Failed Sowing and Prevented Planting/Germination Claims,,HIERARCHY_REVIEW;METADATA_REVIEW;TOPIC_TAG_REVIEW,REVIEW,,"21.3.5.10 District ‘B’ with 100 Insurance Units has been affected by a dry-spell at the beginning of crop season, consequently about 80% of the area could not be sown in about 50 Insurance Units for g"
PMFBY_2023_SEC_21_3_5_11,PMFBY_2023,child,1117,92,95,21.3.5.11,,,Prevented/Failed Sowing and Prevented Planting/Germination Claims,LONG_CHUNK_NO_SAFE_SPLIT;TABLE_REVIEW,HIERARCHY_REVIEW;METADATA_REVIEW;TOPIC_TAG_REVIEW,REVIEW,A_LONG;F_TABLE,"21.3.5.11 Detailed Procedure and Timelines for payment of Prevented / Failed Sowing and Prevented Planting / Germination Claims is mentioned in Table 8 below:

Schedule for taking

Sl. No. Action requ"
PMFBY_2023_SEC_21_4,PMFBY_2023,parent,9,95,95,21.4,,,On-Account Payment of Claims due to Mid-Season Adversity,SHORT_CHUNK;STRUCTURE_UNCERTAIN,METADATA_REVIEW;TOPIC_TAG_REVIEW,REVIEW,B_SHORT;E_STRUCTURE,21.4 On-Account Payment of Claims due to Mid-Season Adversity
PMFBY_2023_SEC_21_4_1,PMFBY_2023,child,84,95,95,21.4.1,,,On-Account Payment of Claims due to Mid-Season Adversity,,METADATA_REVIEW;TOPIC_TAG_REVIEW,REVIEW,,"21.4.1 Insurance cover will be provided to the farmers to provide immediate relief in case of adverse seasonal conditions during the crop season viz. ﬂoods, prolonged dry spells, severe drought etc., "
PMFBY_2023_SEC_21_4_2_1,PMFBY_2023,child,17,95,95,21.4.2.1,,,On-Account Payment of Claims due to Mid-Season Adversity,SHORT_CHUNK,METADATA_REVIEW;TOPIC_TAG_REVIEW,REVIEW,B_SHORT,21.4.2.1 This add-on cover will only be available if this cover is notiﬁed by the State/UT Government.
PMFBY_2023_SEC_21_4_2_2,PMFBY_2023,child,48,96,96,21.4.2.2,,,On-Account Payment of Claims due to Mid-Season Adversity,,HIERARCHY_REVIEW;METADATA_REVIEW;TOPIC_TAG_REVIEW,REVIEW,,"21.4.2.2 All notiﬁed IUs would be eligible for ""On-Account"" payment only if the expected Yield of the affected crop during the season in those IUs is less than 50% of Normal Yield where normal yield w"
PMFBY_2023_SEC_21_4_2_3,PMFBY_2023,child,48,96,96,21.4.2.3,,,On-Account Payment of Claims due to Mid-Season Adversity,,HIERARCHY_REVIEW;METADATA_REVIEW;TOPIC_TAG_REVIEW,REVIEW,,"21.4.2.3 The provision could be invoked for a speciﬁc crop or a group of crops in the notiﬁed IU, by the DLMC/State Governments/UT Administrations on the basis of proxy weather indicators supported by"
PMFBY_2023_SEC_21_4_2_4,PMFBY_2023,child,104,96,96,21.4.2.4,,,On-Account Payment of Claims due to Mid-Season Adversity,,HIERARCHY_REVIEW;METADATA_REVIEW;TOPIC_TAG_REVIEW,REVIEW,,"21.4.2.4 The quantum of likely losses and the amount of 'On-Account' payment shall be decided based on the joint survey by representatives of IC, District Administration/State Government’s/UT Administ"
PMFBY_2023_SEC_21_4_2_5,PMFBY_2023,child,58,96,96,21.4.2.5,,,On-Account Payment of Claims due to Mid-Season Adversity,,HIERARCHY_REVIEW;METADATA_REVIEW;TOPIC_TAG_REVIEW,REVIEW,,21.4.2.5 STAC in coordination with respective State Remote Sensing Application Center (SRSAC) or TIP appointed under YES-TECH (for the crops notified under Crop Model Matrix (CMM)) will conduct the cr
PMFBY_2023_SEC_21_4_2_6,PMFBY_2023,child,73,96,96,21.4.2.6,,,On-Account Payment of Claims due to Mid-Season Adversity,,HIERARCHY_REVIEW;METADATA_REVIEW;TOPIC_TAG_REVIEW,REVIEW,,21.4.2.6 Only those farmers would be eligible for ﬁnancial support under this cover who have paid the premium / the premium has been debited from their account before the happening of the mid-season a
PMFBY_2023_SEC_21_4_2_7,PMFBY_2023,child,25,96,96,21.4.2.7,,,On-Account Payment of Claims due to Mid-Season Adversity,,HIERARCHY_REVIEW;METADATA_REVIEW;TOPIC_TAG_REVIEW,REVIEW,,21.4.2.7 Amount payable would be 25% of the likely claims subject to adjustment against ﬁnal yield claims based on yield assessment data arrived through CCEs.
PMFBY_2023_SEC_21_4_2_8,PMFBY_2023,child,93,96,96,21.4.2.8,,,On-Account Payment of Claims due to Mid-Season Adversity,,HIERARCHY_REVIEW;METADATA_REVIEW;TOPIC_TAG_REVIEW,REVIEW,,"21.4.2.8 If adversity occurs within a period of 30 days from the start of onset of sowing (as per the crop calendar/notiﬁed by the State/UTs) and within 15 days before the onset of harvesting, this pr"
PMFBY_2023_SEC_21_4_2_9,PMFBY_2023,child,51,96,96,21.4.2.9,,,On-Account Payment of Claims due to Mid-Season Adversity,,HIERARCHY_REVIEW;METADATA_REVIEW;TOPIC_TAG_REVIEW,REVIEW,,21.4.2.9 Maximum liability is limited to the maximum or balance Sum Insured of the damaged crop's area within insured land parcel and the pay-out under this provision would be in proportion to the los
PMFBY_2023_SEC_21_4_2_10,PMFBY_2023,child,20,96,96,21.4.2.10,,,On-Account Payment of Claims due to Mid-Season Adversity,,HIERARCHY_REVIEW;METADATA_REVIEW;TOPIC_TAG_REVIEW,REVIEW,,21.4.2.10 Payout under this peril will be as per the payment modalities given in the Annexure- V of these Guidelines.
PMFBY_2023_SEC_21_4_2_11,PMFBY_2023,child,47,97,97,21.4.2.11,,,On-Account Payment of Claims due to Mid-Season Adversity,,HIERARCHY_REVIEW;METADATA_REVIEW;TOPIC_TAG_REVIEW,REVIEW,,"21.4.2.11 In case the crop losses are triggered due to multiple events under different or similar covers, the payout under localized calamites shall be calculated as per the modalities described in Pa"
PMFBY_2023_SEC_21_4_3,PMFBY_2023,child,108,97,97,21.4.3,,,On-Account Payment of Claims due to Mid-Season Adversity,,HIERARCHY_REVIEW;METADATA_REVIEW;TOPIC_TAG_REVIEW,REVIEW,,"21.4.3 Proxy-Indicators: Indicators to be used for loss intimation could be rainfall data, other weather indices from WINDS and/or IMD, satellite imagery, remote sensing indices, drought assessment re"
PMFBY_2023_SEC_21_4_4_1,PMFBY_2023,child,42,97,97,21.4.4.1,,,On-Account Payment of Claims due to Mid-Season Adversity,,HIERARCHY_REVIEW;METADATA_REVIEW;TOPIC_TAG_REVIEW,REVIEW,,21.4.4.1 The Joint Committee of the State/UT or District Administration/Nodal Department and the Insurer (refer Para 21.3.5.11) for the assessment of crop damage have to be formed and notiﬁed before t
PMFBY_2023_SEC_21_4_4_2,PMFBY_2023,child,199,97,97,21.4.4.2,,,On-Account Payment of Claims due to Mid-Season Adversity,,HIERARCHY_REVIEW;METADATA_REVIEW;TOPIC_TAG_REVIEW,REVIEW,,"21.4.4.2 When it is perceived that a risk is triggered as deﬁned in the protocol for different indices, viz. Weather, Remote Sensing, Hydrology, Soil Moisture & Insects/ Pest/ Disease impact resulting"
PMFBY_2023_SEC_21_4_4_3,PMFBY_2023,child,54,97,97,21.4.4.3,,,On-Account Payment of Claims due to Mid-Season Adversity,,HIERARCHY_REVIEW;METADATA_REVIEW;TOPIC_TAG_REVIEW,REVIEW,,21.4.4.3 The Joint Committee shall decide the eligibility for mid-term adversity declaration based on the daily weather indices from WINDS and/or IMD (available AWS/ARGs under WINDS notiﬁed by the Gov
PMFBY_2023_SEC_21_4_4_4,PMFBY_2023,child,69,97,97,21.4.4.4,,,On-Account Payment of Claims due to Mid-Season Adversity,,HIERARCHY_REVIEW;METADATA_REVIEW;TOPIC_TAG_REVIEW,REVIEW,,"21.4.4.4 Based on these parameters, the Joint Committee will assess whether the provision of On-account payment will be invoked and will call for a joint survey. A formal letter has to be issued withi"
PMFBY_2023_SEC_21_4_4_5,PMFBY_2023,child,52,97,98,21.4.4.5,,,On-Account Payment of Claims due to Mid-Season Adversity,,HIERARCHY_REVIEW;METADATA_REVIEW;TOPIC_TAG_REVIEW,REVIEW,,"21.4.4.5 Based on the above report, a joint inspection of the affected area shall be done the Insurance Company along with the District Administration/Nodal Department ofﬁcials and farmer representati"
PMFBY_2023_SEC_21_4_4_6,PMFBY_2023,child,28,98,98,21.4.4.6,,,On-Account Payment of Claims due to Mid-Season Adversity,,HIERARCHY_REVIEW;METADATA_REVIEW;TOPIC_TAG_REVIEW,REVIEW,,"21.4.4.6 Information/Services of MITR, MNCFC, ISRO or State/UT specific SRSACs may also be utilized for determination of the extent of loss, using satellite data, for On- Account pay-out."
PMFBY_2023_SEC_21_4_4_7,PMFBY_2023,child,75,98,98,21.4.4.7,,,On-Account Payment of Claims due to Mid-Season Adversity,,HIERARCHY_REVIEW;METADATA_REVIEW;TOPIC_TAG_REVIEW,REVIEW,,"21.4.4.7 If the assessed loss of the affected crop assessed through Loss Assessment Surveys is more than 50% of the normal crop yield for the Notiﬁed Insurance Unit, On- Account payment would be payab"
PMFBY_2023_SEC_21_4_4_8,PMFBY_2023,child,40,98,98,21.4.4.8,,,On-Account Payment of Claims due to Mid-Season Adversity,,HIERARCHY_REVIEW;METADATA_REVIEW;TOPIC_TAG_REVIEW,REVIEW,,"21.4.4.8 The sample surveys for estimation of crop yield loss in the affected IUs shall be conducted using the digital mobile App provided by the GoI, by the States/UT officials and the loss surveyors"
PMFBY_2023_SEC_21_4_4_9,PMFBY_2023,child,31,98,98,21.4.4.9,,,On-Account Payment of Claims due to Mid-Season Adversity,,HIERARCHY_REVIEW;METADATA_REVIEW;TOPIC_TAG_REVIEW,REVIEW,,"21.4.4.9 On-Account payment would be calculated as per following formula:

(Threshold Yield - Estimated Yield)

× Sum Insured × 25% Threshold Yield

Timeframe for Loss Assessment and Submission of Rep"
PMFBY_2023_SEC_21_4_5_1,PMFBY_2023,child,46,98,98,21.4.5.1,,,On-Account Payment of Claims due to Mid-Season Adversity,,HIERARCHY_REVIEW;METADATA_REVIEW;TOPIC_TAG_REVIEW,REVIEW,,21.4.5.1 A formal invocation of mid-season adversity through a formal letter will be issued by the District Administration/Nodal Department of State/UT Government asking to carry out the loss assessme
PMFBY_2023_SEC_21_4_5_2,PMFBY_2023,child,51,98,98,21.4.5.2,,,On-Account Payment of Claims due to Mid-Season Adversity,,HIERARCHY_REVIEW;METADATA_REVIEW;TOPIC_TAG_REVIEW,REVIEW,,21.4.5.2 Loss assessment report at the affected insurance unit level has to be completed by the Joint Committee within 15 days from occurrence of the adverse seasonal event and the loss report should 
PMFBY_2023_SEC_21_4_5_3,PMFBY_2023,child,28,98,98,21.4.5.3,,,On-Account Payment of Claims due to Mid-Season Adversity,,HIERARCHY_REVIEW;METADATA_REVIEW;TOPIC_TAG_REVIEW,REVIEW,,"21.4.5.3 The State/UTs implementing YES-TECH for the notified crops, may ask the TIPs to submit the Special Report for Mid-Season Adversity (SR-MSA) as mentioned the YES-TECH Manual 2023."
PMFBY_2023_SEC_21_4_5_4,PMFBY_2023,child,43,98,98,21.4.5.4,,,On-Account Payment of Claims due to Mid-Season Adversity,,HIERARCHY_REVIEW;METADATA_REVIEW;TOPIC_TAG_REVIEW,REVIEW,,21.4.5.4 Peril occurrence notification issued by the State Governments/UT Administrations shall also be digitized and integrated with the NCIP to ensure complete visibility of process involved and ena
PMFBY_2023_SEC_21_4_6_1,PMFBY_2023,child,26,98,98,21.4.6.1,,,On-Account Payment of Claims due to Mid-Season Adversity,,HIERARCHY_REVIEW;METADATA_REVIEW;TOPIC_TAG_REVIEW,REVIEW,,21.4.6.1 Mere disbursement/ sanction of loan without receipt/ debit of premium before the notiﬁcation of the calamity would not make a farmer eligible for the claim.
PMFBY_2023_SEC_21_4_6_2,PMFBY_2023,child,34,99,99,21.4.6.2,,,On-Account Payment of Claims due to Mid-Season Adversity,,HIERARCHY_REVIEW;METADATA_REVIEW;TOPIC_TAG_REVIEW,REVIEW,,21.4.6.2 The pay-out under the cover would be disbursed by the Insurance Company only after the receipt of at least advance Government share of premium subsidy (1st tranche of both State/UT and the Go
PMFBY_2023_SEC_21_4_6_3,PMFBY_2023,child,35,99,99,21.4.6.3,,,On-Account Payment of Claims due to Mid-Season Adversity,,HIERARCHY_REVIEW;METADATA_REVIEW;TOPIC_TAG_REVIEW,REVIEW,,21.4.6.3 On-Account payment would be paid to all eligible insured farmers within one month of the notiﬁcation invoking this provision by the State/UT Government and subject to receipt of loss assessme
PMFBY_2023_SEC_21_4_6_4,PMFBY_2023,child,15,99,99,21.4.6.4,,,On-Account Payment of Claims due to Mid-Season Adversity,SHORT_CHUNK,HIERARCHY_REVIEW;METADATA_REVIEW;TOPIC_TAG_REVIEW,REVIEW,B_SHORT,21.4.6.4 These claims would be adjusted against the end season area approach yield based claims.
PMFBY_2023_SEC_21_4_6_5,PMFBY_2023,child,201,99,99,21.4.6.5,,,On-Account Payment of Claims due to Mid-Season Adversity,,HIERARCHY_REVIEW;METADATA_REVIEW;TOPIC_TAG_REVIEW,REVIEW,,"21.4.6.5 Banks would remit farmers' premium to the Insurance Companies, with the farmers list, within 7 days of the intimation of loss under this section, if not uploaded earlier on Portal. However, t"
PMFBY_2023_SEC_21_4_6_6,PMFBY_2023,child,886,99,102,21.4.6.6,,,On-Account Payment of Claims due to Mid-Season Adversity,TABLE_REVIEW,HIERARCHY_REVIEW;METADATA_REVIEW;TOPIC_TAG_REVIEW,REVIEW,F_TABLE,"21.4.6.6 Detailed Procedure and Timelines for On Account Payment of Claims due to Mid- Season Adversity is mentioned in Table 9 below:

Action to be taken Schedule for taking

Sl. No Action required t"
PMFBY_2023_SEC_21_5,PMFBY_2023,parent,3,102,102,21.5,,,Localized Calamity,SHORT_CHUNK;STRUCTURE_UNCERTAIN,METADATA_REVIEW;TOPIC_TAG_REVIEW,REVIEW,B_SHORT;E_STRUCTURE;D_TOP20_SHORT,21.5 Localized Calamity
PMFBY_2023_SEC_21_5_1,PMFBY_2023,child,45,102,102,21.5.1,,,Localized Calamity,,METADATA_REVIEW;TOPIC_TAG_REVIEW,REVIEW,,"21.5.1 The Scheme provides for insurance cover at the individual farm level to crop losses due to occurrence of localized perils/ calamities viz. hailstorm, landslide, inundation, cloud burst and natu"
PMFBY_2023_SEC_21_5_2,PMFBY_2023,child,65,102,102,21.5.2,,,Localized Calamity,,METADATA_REVIEW;TOPIC_TAG_REVIEW,REVIEW,,"21.5.2 For the purpose of indemniﬁcation of crop losses due to inundation as localized calamity, Inundation is a situation where insured ﬁeld is covered or submerged by water due to the rise in water "
PMFBY_2023_SEC_21_5_3,PMFBY_2023,child,87,102,102,21.5.3,,,Localized Calamity,,METADATA_REVIEW;TOPIC_TAG_REVIEW,REVIEW,,"21.5.3 However, this is subject to conﬁrmation of the damage in the joint survey to be conducted by the State/UT Government representative and Insurance Company in presence of the concerned farmer. Th"
PMFBY_2023_SEC_21_5_4_1,PMFBY_2023,child,17,102,102,21.5.4.1,,,Localized Calamity,SHORT_CHUNK,METADATA_REVIEW;TOPIC_TAG_REVIEW,REVIEW,B_SHORT,21.5.4.1 This add-on cover will only be available if this cover is notiﬁed by the State/UT Government.
PMFBY_2023_SEC_21_5_4_2,PMFBY_2023,child,28,102,102,21.5.4.2,,,Localized Calamity,,METADATA_REVIEW;TOPIC_TAG_REVIEW,REVIEW,,"21.5.4.2 Available to all insured farmers, at farm unit level, affected by above mentioned perils in a Notiﬁed IU growing notiﬁed crops for which insurance has been availed."
PMFBY_2023_SEC_21_5_4_3,PMFBY_2023,child,37,102,102,21.5.4.3,,,Localized Calamity,,METADATA_REVIEW;TOPIC_TAG_REVIEW,REVIEW,,21.5.4.3 Available for all notiﬁed crops which have been declared eligible for localized calamity losses as per the State/UT Government notiﬁcation and damaged by speciﬁed perils during when the crop 
PMFBY_2023_SEC_21_5_4_4,PMFBY_2023,child,34,102,102,21.5.4.4,,,Localized Calamity,,METADATA_REVIEW;TOPIC_TAG_REVIEW,REVIEW,,21.5.4.4 Only those farmers would be eligible for ﬁnancial support under this cover who have paid the premium i.e. the premium has been debited from their account before the occurrence of the insured 
PMFBY_2023_SEC_21_5_4_5,PMFBY_2023,child,51,102,102,21.5.4.5,,,Localized Calamity,,METADATA_REVIEW;TOPIC_TAG_REVIEW,REVIEW,,21.5.4.5 Maximum liability is limited to the maximum or balance Sum Insured of the damaged crop's area within insured land parcel and the pay-out under this provision would be in proportion to the los
PMFBY_2023_SEC_21_5_4_6,PMFBY_2023,child,20,102,102,21.5.4.6,,,Localized Calamity,,METADATA_REVIEW;TOPIC_TAG_REVIEW,REVIEW,,21.5.4.6 Payout under this peril will be as per the payment modalities given in the Annexure- V of these Guidelines.
PMFBY_2023_SEC_21_5_4_7,PMFBY_2023,child,47,102,103,21.5.4.7,,,Localized Calamity,,HIERARCHY_REVIEW;METADATA_REVIEW;TOPIC_TAG_REVIEW,REVIEW,,"21.5.4.7 In case the crop losses are triggered due to multiple events under different or similar covers, the payout under localized calamites shall be calculated as per the modalities described in Par"
PMFBY_2023_SEC_21_5_4_8,PMFBY_2023,child,68,103,103,21.5.4.8,,,Localized Calamity,,HIERARCHY_REVIEW;METADATA_REVIEW;TOPIC_TAG_REVIEW,REVIEW,,21.5.4.8 Proxy-Indicators: Rainfall data from WINDS network/ hailstorm/landslide/ lightening (natural ﬁre) incidences substantiated by reports in the local media or reports of the Agriculture/ Revenue
PMFBY_2023_SEC_21_5_5_1,PMFBY_2023,child,8,103,103,21.5.5.1,,,Localized Calamity,SHORT_CHUNK,HIERARCHY_REVIEW;METADATA_REVIEW;TOPIC_TAG_REVIEW,REVIEW,B_SHORT,21.5.5.1 Time and Method of Reporting the Loss/Claims
PMFBY_2023_SEC_486,PMFBY_2023,child,48,103,103,,,,A. The State/UT Government shall define the period during which the crop is in,,METADATA_REVIEW;TOPIC_TAG_REVIEW,REVIEW,,"A. The State/UT Government shall define the period during which the crop is in standing position (district crop wise Crop calendar), during which this provision can be invoked. In the case of any even"
PMFBY_2023_SEC_21_5_5_4,PMFBY_2023,child,16,103,103,21.5.5.4,,,Localized Calamity,SHORT_CHUNK,HIERARCHY_REVIEW;METADATA_REVIEW;TOPIC_TAG_REVIEW,REVIEW,B_SHORT,B. Immediate intimation (within 72 hours) by the insured farmer as detailed in Para 21.5.5.4 below.
PMFBY_2023_SEC_488,PMFBY_2023,child,59,103,103,,,,"C. Intimation must contain details of insured farmer's name, affected survey number-",,METADATA_REVIEW;TOPIC_TAG_REVIEW,REVIEW,,"C. Intimation must contain details of insured farmer's name, affected survey number-wise insured crop and acreage affected, Farmer's Application No as on NCIP, his/her Mobile Number etc. KCC A/c No. ("
PMFBY_2023_SEC_489,PMFBY_2023,child,38,103,103,,,,"D. Premium payment veriﬁcation to be done from the portal and in case of need, may",,METADATA_REVIEW;TOPIC_TAG_REVIEW,REVIEW,,"D. Premium payment veriﬁcation to be done from the portal and in case of need, may be veriﬁed from the bank. The bank shall provide the payment veriﬁcation within the next 48 hours of receipt of such "
PMFBY_2023_SEC_490,PMFBY_2023,child,27,103,103,,,,E. Mobile application may be used for reporting incidence of localized calamities for,DUPLICATE_TEXT,DUPLICATE_TEXT;METADATA_REVIEW;TOPIC_TAG_REVIEW,REVIEW,,E. Mobile application may be used for reporting incidence of localized calamities for intimation of events including longitude/latitude details and pictures using Mobile App developed by DA&FW.
PMFBY_2023_SEC_21_5_5_2,PMFBY_2023,child,35,103,103,21.5.5.2,,,Localized Calamity,,HIERARCHY_REVIEW;METADATA_REVIEW;TOPIC_TAG_REVIEW,REVIEW,,"21.5.5.2 Localized Calamity claim amount at individual farm level shall be calculated as per the following formula:

𝒕𝒐𝒕𝒂𝒍 𝑰𝒏𝒔𝒖𝒓𝒆𝒅 𝑨𝒓𝒆𝒂(%) × 𝑬𝒔𝒕𝒊𝒎𝒂𝒕𝒆𝒅 𝑪𝒓𝒐𝒑 𝑫𝒂𝒎𝒂𝒈𝒆

𝑆𝒖𝒎 𝑰𝒏𝒔𝒖𝒓𝒆𝒅 × 𝑨𝒇𝒇𝒆𝒄𝒕𝒆𝒅 𝑨𝒓𝒆𝒂 𝒐𝒖𝒕 𝒐𝒇

"
PMFBY_2023_SEC_21_5_5_3,PMFBY_2023,child,37,103,103,21.5.5.3,,,Localized Calamity,,HIERARCHY_REVIEW;METADATA_REVIEW;TOPIC_TAG_REVIEW,REVIEW,,"21.5.5.3 For estimation of crop loss in the individual farms/land parcels, the digital mobile App developed by the GoI shall be compulsorily used by the Insurance Companies, States/UTs and loss survey"
PMFBY_2023_SEC_21_5_5_4_002,PMFBY_2023,child,136,103,104,21.5.5.4,,,Localized Calamity,,HIERARCHY_REVIEW;METADATA_REVIEW;TOPIC_TAG_REVIEW,REVIEW,,"21.5.5.4 Channel of reporting i.e. Whom to be reported: Intimation may be given within 72 hours by the farmer either directly through the ""Crop Insurance App"" or on dedicated centralized toll-free num"
PMFBY_2023_SEC_21_5_5_5,PMFBY_2023,child,29,104,104,21.5.5.5,,,Localized Calamity,,HIERARCHY_REVIEW;METADATA_REVIEW;TOPIC_TAG_REVIEW,REVIEW,,"21.5.5.5 Reporting of losses will be done through the Crop Insurance App and the Centralized Toll-Free Number (KRPH), along with other channels. Other Channels will be phased out subsequently."
PMFBY_2023_SEC_21_5_5_6,PMFBY_2023,child,55,104,104,21.5.5.6,,,Localized Calamity,,HIERARCHY_REVIEW;METADATA_REVIEW;TOPIC_TAG_REVIEW,REVIEW,,"21.5.5.6 In case the intimation has been given through the concerned bank branch or State/UT Government ofﬁcials, the same shall be forwarded by the Bank Branches or Govt. officials of the concerned I"
PMFBY_2023_SEC_21_5_6_1,PMFBY_2023,child,73,104,104,21.5.6.1,,,Localized Calamity,,HIERARCHY_REVIEW;METADATA_REVIEW;TOPIC_TAG_REVIEW,REVIEW,,"21.5.6.1 Duly ﬁlled crop loss intimation through the Crop Insurance App or Krishi Rakshak Portal & Helpline, or other mentioned channels, along with all relevant documents is necessary for initiation "
PMFBY_2023_SEC_21_5_6_2,PMFBY_2023,child,91,104,104,21.5.6.2,,,Localized Calamity,,HIERARCHY_REVIEW;METADATA_REVIEW;TOPIC_TAG_REVIEW,REVIEW,,21.5.6.2 The Insurance Companies are responsible for ensuring that sufﬁcient number of loss intimation forms are available at the bank branch & local Government ofﬁcials level. Any other additional do
PMFBY_2023_SEC_21_5_6_3,PMFBY_2023,child,43,104,104,21.5.6.3,,,Localized Calamity,,HIERARCHY_REVIEW;METADATA_REVIEW;TOPIC_TAG_REVIEW,REVIEW,,"21.5.6.3 Weather data report from the WINDS network, Mid-season report (MSR) under YES- TECH), IMD reports, Media reports, Local Newspaper cuttings to substantiate occurrence of loss event and severit"
PMFBY_2023_SEC_21_5_7_1,PMFBY_2023,child,100,104,104,21.5.7.1,,,Localized Calamity,,HIERARCHY_REVIEW;METADATA_REVIEW;TOPIC_TAG_REVIEW,REVIEW,,21.5.7.1 The loss assessors would be appointed by the Insurance Company for assessment of losses due to incidence of Localized Calamities. The loss assessors appointed by the Insurance Companies shoul
PMFBY_2023_SEC_21_5_7_2,PMFBY_2023,child,24,104,104,21.5.7.2,,,Localized Calamity,,HIERARCHY_REVIEW;METADATA_REVIEW;TOPIC_TAG_REVIEW,REVIEW,,21.5.7.2 For compliance under the above provisions the Insurance Companies would utilize the empaneled loss assessors for using their services as and when required.
PMFBY_2023_SEC_21_5_7_3,PMFBY_2023,child,599,105,106,21.5.7.3,,,Localized Calamity,,HIERARCHY_REVIEW;METADATA_REVIEW;TOPIC_TAG_REVIEW,REVIEW,,"21.5.7.3 The loss would be jointly assessed by a team comprising of loss assessor appointed by the insurer, block level agriculture ofﬁcer, primary worker of the agriculture or revenue department and "
PMFBY_2023_SEC_502,PMFBY_2023,child,40,106,106,,,,D. The tentative sample size would be as under:,TABLE_REVIEW,METADATA_REVIEW;TOPIC_TAG_REVIEW,REVIEW,F_TABLE,"D. The tentative sample size would be as under:

Intimation (affected area against Insured are

Survey

notiﬁed crop)

Less than 25%

All Intimations would be surveyed

Sample survey at IU crop level "
PMFBY_2023_SEC_21_5_9_1,PMFBY_2023,child,25,106,106,21.5.9.1,,,Localized Calamity,,HIERARCHY_REVIEW;METADATA_REVIEW;TOPIC_TAG_REVIEW,REVIEW,,21.5.9.1 Mere disbursement/sanction of a loan without receipt/debit of premium before the occurrence of insured peril would not make a farmer eligible for the claim.
PMFBY_2023_SEC_21_5_9_2,PMFBY_2023,child,66,106,106,21.5.9.2,,,Localized Calamity,,HIERARCHY_REVIEW;METADATA_REVIEW;TOPIC_TAG_REVIEW,REVIEW,,"21.5.9.2 When the affected area is limited up to 25% of the total insured area for the season, in the notiﬁed insurance unit, the losses of eligible farmers would be assessed individually provided the"
PMFBY_2023_SEC_21_5_9_3,PMFBY_2023,child,110,106,106,21.5.9.3,,,Localized Calamity,,HIERARCHY_REVIEW;METADATA_REVIEW;TOPIC_TAG_REVIEW,REVIEW,,"21.5.9.3 If the affected area under a notiﬁed crop is more than 25% of the total insured area in a notiﬁed insurance unit, all the eligible farmers who have taken insurance for the notiﬁed crop, which"
PMFBY_2023_SEC_21_5_9_4,PMFBY_2023,child,119,106,106,21.5.9.4,,,Localized Calamity,,HIERARCHY_REVIEW;METADATA_REVIEW;TOPIC_TAG_REVIEW,REVIEW,,"21.5.9.4 The eligibility of claim settlement shall be decided based on the outcome of joint loss assessment surveys carried out by representatives of Insurance Company, District Administration/State G"
PMFBY_2023_SEC_21_5_9_5,PMFBY_2023,child,54,106,106,21.5.9.5,,,Localized Calamity,,HIERARCHY_REVIEW;METADATA_REVIEW;TOPIC_TAG_REVIEW,REVIEW,,21.5.9.5 STAC in coordination with State Remote Sensing Application Centre or TIP appointed under YES-TECH (for the crops notified under Crop Model Matrix (CMM)) will conduct yield estimation and asse
PMFBY_2023_SEC_21_5_9_6,PMFBY_2023,child,34,106,106,21.5.9.6,,,Localized Calamity,,HIERARCHY_REVIEW;METADATA_REVIEW;TOPIC_TAG_REVIEW,REVIEW,,21.5.9.6 The pay-out under the cover would be disbursed by the Insurance Company only after the receipt of at least advance Government share of premium subsidy (1st instalment of both State/UT and the
PMFBY_2023_SEC_21_5_9_7,PMFBY_2023,child,17,106,107,21.5.9.7,,,Localized Calamity,SHORT_CHUNK,HIERARCHY_REVIEW;METADATA_REVIEW;TOPIC_TAG_REVIEW,REVIEW,B_SHORT,"21.5.9.7 The Insurance Company would disburse the claim, if payable within 15 days of survey of loss."
PMFBY_2023_SEC_21_5_9_8,PMFBY_2023,child,33,107,107,21.5.9.8,,,Localized Calamity,,HIERARCHY_REVIEW;METADATA_REVIEW;TOPIC_TAG_REVIEW,REVIEW,,21.5.9.8 Farmers getting enrolled or whose premium is debited after the occurrence of insurance peril or data has not been uploaded on NCIP would not be eligible for ﬁnancial support under this cover.
PMFBY_2023_SEC_21_5_10,PMFBY_2023,child,629,107,109,21.5.10,,,Localized Calamity,TABLE_REVIEW,HIERARCHY_REVIEW;METADATA_REVIEW,REVIEW,F_TABLE,"21.5.10 Detailed Procedure and Timelines for payment of Localized claims is mentioned in Table 10 below:

Schedule for

Action required to be taken

Sl. No.

Action to be taken by

taking action

Inti"
PMFBY_2023_SEC_512,PMFBY_2023,parent,647,109,111,,,,Protocol for Area based Assessment: If affected area >25% of total insured Area:,TABLE_REVIEW,METADATA_REVIEW;TOPIC_TAG_REVIEW,REVIEW,F_TABLE,"Protocol for Area based Assessment: If affected area >25% of total insured Area:

Action to be taken Schedule for taking

Action required to be taken

Sl. No.

by

action

Fulfilment of eligibility of"
PMFBY_2023_SEC_512_SUB_1,PMFBY_2023,child,529,109,111,,,,Protocol for Area based Assessment: If affected area >25% of total insured Area:,TABLE_REVIEW,METADATA_REVIEW;TOPIC_TAG_REVIEW,REVIEW,F_TABLE,"Protocol for Area based Assessment: If affected area >25% of total insured Area:

Action to be taken Schedule for taking

Action required to be taken

Sl. No.

by

action

Fulfilment of eligibility of"
PMFBY_2023_SEC_512_SUB_2,PMFBY_2023,child,192,111,111,,,,Protocol for Area based Assessment: If affected area >25% of total insured Area:,TABLE_REVIEW,METADATA_REVIEW;TOPIC_TAG_REVIEW,REVIEW,F_TABLE,Data of loss assessment ﬁnalized by DLJC and admissible claims will be Within 7 days of the Insurance Company uploaded on the NCIP against survey. 7 the farmer from whom loss intimation has been recei
PMFBY_2023_SEC_21_6,PMFBY_2023,parent,3,111,111,21.6,,,Post-Harvest Losses,SHORT_CHUNK;STRUCTURE_UNCERTAIN,METADATA_REVIEW;TOPIC_TAG_REVIEW,REVIEW,B_SHORT;E_STRUCTURE;D_TOP20_SHORT,21.6 Post-Harvest Losses
PMFBY_2023_SEC_21_6_1,PMFBY_2023,child,69,111,111,21.6.1,,,Post-Harvest Losses,,METADATA_REVIEW;TOPIC_TAG_REVIEW,REVIEW,,"21.6.1 Provision has been made for assessment of loss on individual plot basis in the case of occurrence of hailstorm, cyclone, cyclonic rains and unseasonal rains resulting in damage to harvested cro"
PMFBY_2023_SEC_21_6_2,PMFBY_2023,child,38,111,111,21.6.2,,,Post-Harvest Losses,,METADATA_REVIEW;TOPIC_TAG_REVIEW,REVIEW,,"21.6.2 For indemniﬁcation of post-harvest crop losses, the provision of damage of harvested crops due to unseasonal rains shall trigger when the unseasonal rainfall is more than 20% over long period a"
PMFBY_2023_SEC_21_6_3,PMFBY_2023,child,78,111,111,21.6.3,,,Post-Harvest Losses,,METADATA_REVIEW;TOPIC_TAG_REVIEW,REVIEW,,"21.6.3 However, this is subject to conﬁrmation of the damage in the joint survey to be conducted by concerned State/UT Government and Insurance Company. The States/UTs have to compulsorily notify the "
PMFBY_2023_SEC_21_6_4_1,PMFBY_2023,child,17,111,111,21.6.4.1,,,Post-Harvest Losses,SHORT_CHUNK,METADATA_REVIEW;TOPIC_TAG_REVIEW,REVIEW,B_SHORT,21.6.4.1 This Add-on cover will only be available if this cover is notiﬁed by the State/UT Government.
PMFBY_2023_SEC_21_6_4_2,PMFBY_2023,child,29,111,111,21.6.4.2,,,Post-Harvest Losses,,METADATA_REVIEW;TOPIC_TAG_REVIEW,REVIEW,,"21.6.4.2 Available to all insured farmers, at farm unit level, affected by above mentioned perils in a Notiﬁed Insurance Unit, growing notiﬁed crops for which insurance have been availed."
PMFBY_2023_SEC_21_6_4_3,PMFBY_2023,child,60,111,111,21.6.4.3,,,Post-Harvest Losses,,METADATA_REVIEW;TOPIC_TAG_REVIEW,REVIEW,,21.6.4.3 Available for all notiﬁed crops which has been declared eligible for post-harvest losses as per the Government notiﬁcation and damaged by speciﬁed perils during the process of drying in the ﬁ
PMFBY_2023_SEC_21_6_4_4,PMFBY_2023,child,34,111,111,21.6.4.4,,,Post-Harvest Losses,,METADATA_REVIEW;TOPIC_TAG_REVIEW,REVIEW,,21.6.4.4 Only those farmers would be eligible for ﬁnancial support under this cover who have paid the premium i.e. the premium has been debited from their account before the occurrence of the insured 
PMFBY_2023_SEC_21_6_4_5,PMFBY_2023,child,46,112,112,21.6.4.5,,,Post-Harvest Losses,,HIERARCHY_REVIEW;METADATA_REVIEW;TOPIC_TAG_REVIEW,REVIEW,,21.6.4.5 Maximum liability is limited to the maximum or balance Sum Insured of the damaged crop’s area and the pay-out under this provision would be in proportion to the loss incurred on the crop in t
PMFBY_2023_SEC_21_6_4_6,PMFBY_2023,child,20,112,112,21.6.4.6,,,Post-Harvest Losses,,HIERARCHY_REVIEW;METADATA_REVIEW;TOPIC_TAG_REVIEW,REVIEW,,21.6.4.6 Payout under this peril will be as per the payment modalities given in the Annexure V of these Guidelines.
PMFBY_2023_SEC_21_6_5,PMFBY_2023,child,62,112,112,21.6.5,,,Post-Harvest Losses,,HIERARCHY_REVIEW;METADATA_REVIEW;TOPIC_TAG_REVIEW,REVIEW,,"21.6.5 Proxy-Indicators: Weather data from WINDS network, IMD weather reports, hailstorm incidences substantiated by local media reports or reports of the Agriculture/ Revenue Department supported by "
PMFBY_2023_SEC_21_6_6,PMFBY_2023,parent,4,112,112,21.6.6,,,Post-Harvest Losses,SHORT_CHUNK,HIERARCHY_REVIEW;METADATA_REVIEW;TOPIC_TAG_REVIEW,REVIEW,B_SHORT,21.6.6 Loss Assessment Procedure
PMFBY_2023_SEC_21_6_6_1,PMFBY_2023,child,80,112,112,21.6.6.1,,,Loss Assessment Procedure,,METADATA_REVIEW;TOPIC_TAG_REVIEW,REVIEW,,"21.6.6.1 Time and method of reporting the loss/claims:

A. The State/UT Government would notify crop-wise and the agro-climatic zone or

district-wise onset of harvesting dates/harvesting period durin"
PMFBY_2023_SEC_21_6_6_4,PMFBY_2023,child,123,112,112,21.6.6.4,,,Loss Assessment Procedure,,METADATA_REVIEW;TOPIC_TAG_REVIEW,REVIEW,,"21.6.6.4 below.

C. Intimation must contain details of insured farmer's name, affected land parcel/ survey

no. wise insured crop and acreage affected, Farmer's Application No as on NCIP, his/her Mobi"
PMFBY_2023_SEC_21_6_6_2,PMFBY_2023,child,35,112,112,21.6.6.2,,,Loss Assessment Procedure,,METADATA_REVIEW;TOPIC_TAG_REVIEW,REVIEW,,"21.6.6.2 Post-harvest losses claim amount at individual farm level shall be calculated as per the following formula:

𝒕𝒐𝒕𝒂𝒍 𝑰𝒏𝒔𝒖𝒓𝒆𝒅 𝑨𝒓𝒆𝒂(%) × 𝑬𝒔𝒕𝒊𝒎𝒂𝒕𝒆𝒅 𝑪𝒓𝒐𝒑 𝑫𝒂𝒎𝒂𝒈𝒆

𝑺𝒖𝒎 𝑰𝒏𝒔𝒖𝒓𝒆𝒅 × 𝑨𝒓𝒆𝒂 𝒂𝒇𝒇𝒆𝒄𝒕𝒆𝒅 𝒐𝒖𝒕 𝒐𝒇
"
PMFBY_2023_SEC_21_6_6_3,PMFBY_2023,child,37,112,112,21.6.6.3,,,Loss Assessment Procedure,,METADATA_REVIEW;TOPIC_TAG_REVIEW,REVIEW,,"21.6.6.3 For estimation of crop loss in the individual farms/land parcels, the digital mobile App developed by the GoI shall be compulsorily used by the Insurance Companies, States/UTs and loss survey"
PMFBY_2023_SEC_21_6_6_4_002,PMFBY_2023,child,136,112,113,21.6.6.4,,,Loss Assessment Procedure,,HIERARCHY_REVIEW;METADATA_REVIEW;TOPIC_TAG_REVIEW,REVIEW,,"21.6.6.4 Channel of reporting, i.e. Whom to be reported: Intimation may be given within 72 hours by the farmer either directly through the ""Crop Insurance App"" or on dedicated centralized toll-free nu"
PMFBY_2023_SEC_21_6_6_5,PMFBY_2023,child,30,113,113,21.6.6.5,,,Loss Assessment Procedure,,HIERARCHY_REVIEW;METADATA_REVIEW;TOPIC_TAG_REVIEW,REVIEW,,"21.6.6.5 Reporting of losses will be done primarily through the Crop Insurance App and the Centralized Toll-Free Number (14447), along with other channels. Other channels will be phased out subsequent"
PMFBY_2023_SEC_21_6_6_6,PMFBY_2023,child,55,113,113,21.6.6.6,,,Loss Assessment Procedure,,HIERARCHY_REVIEW;METADATA_REVIEW;TOPIC_TAG_REVIEW,REVIEW,,"21.6.6.6 In case the intimation has been given through the concerned bank branch or State/UT Government ofﬁcials, the same shall be forwarded by the Bank Branches or Govt. officials of the concerned I"
PMFBY_2023_SEC_21_6_7_1,PMFBY_2023,child,69,113,113,21.6.7.1,,,Post-Harvest Losses,,HIERARCHY_REVIEW;METADATA_REVIEW;TOPIC_TAG_REVIEW,REVIEW,,21.6.7.1 A duly ﬁlled intimation through Crop Insurance App or Krishi Rakshak Portal & Helpline or any other conventional channels along with all relevant documents is necessary for initiation of loss
PMFBY_2023_SEC_21_6_7_2,PMFBY_2023,child,91,113,113,21.6.7.2,,,Post-Harvest Losses,,HIERARCHY_REVIEW;METADATA_REVIEW;TOPIC_TAG_REVIEW,REVIEW,,21.6.7.2 The Insurance Companies are responsible for ensuring that sufﬁcient number of loss intimation forms are available at the bank branch & local Government ofﬁcials level. Any other additional do
PMFBY_2023_SEC_21_6_7_3,PMFBY_2023,child,43,113,113,21.6.7.3,,,Post-Harvest Losses,,HIERARCHY_REVIEW;METADATA_REVIEW;TOPIC_TAG_REVIEW,REVIEW,,"21.6.7.3 Weather data report from the WINDS network, Special Report (SR) under YES- TECH, IMD reports, Media reports, Local Newspaper cuttings to substantiate occurrence of loss event and severity of "
PMFBY_2023_SEC_21_6_8_1,PMFBY_2023,child,93,113,113,21.6.8.1,,,Post-Harvest Losses,,HIERARCHY_REVIEW;METADATA_REVIEW;TOPIC_TAG_REVIEW,REVIEW,,21.6.8.1 The loss assessors would be appointed by the Insurance Company for assessment of post-harvest losses. The loss assessors appointed by the Insurance Companies should be in accordance with the 
PMFBY_2023_SEC_21_6_8_2,PMFBY_2023,child,24,113,113,21.6.8.2,,,Post-Harvest Losses,,HIERARCHY_REVIEW;METADATA_REVIEW;TOPIC_TAG_REVIEW,REVIEW,,21.6.8.2 For compliance under the above provisions the Insurance Companies would utilize the empaneled loss assessors for using their services as and when required.
PMFBY_2023_SEC_21_6_8_3,PMFBY_2023,child,612,114,114,21.6.8.3,,,Post-Harvest Losses,,HIERARCHY_REVIEW;METADATA_REVIEW;TOPIC_TAG_REVIEW,REVIEW,,"21.6.8.3 The loss would be jointly assessed by a team comprising of loss assessor appointed by the insurer, block level agriculture ofﬁcer, primary worker of the agriculture or revenue department and "
PMFBY_2023_SEC_538,PMFBY_2023,child,39,114,115,,,,I. The tentative sample size would be as under:,TABLE_REVIEW,METADATA_REVIEW;TOPIC_TAG_REVIEW,REVIEW,F_TABLE,"I. The tentative sample size would be as under:

Intimation (Insured area under notiﬁed

Survey

crop)

All Intimations would be surveyed

Less than 25%

Sample survey at IU crop level as per mid-

>2"
PMFBY_2023_SEC_21_6_10_1,PMFBY_2023,child,25,115,115,21.6.10.1,,,Post-Harvest Losses,,HIERARCHY_REVIEW;METADATA_REVIEW;TOPIC_TAG_REVIEW,REVIEW,,21.6.10.1 Mere disbursement/sanction of loan without the receipt/debit of premium before the occurrence of insured peril would not make a farmer eligible for a claim.
PMFBY_2023_SEC_21_6_10_2,PMFBY_2023,child,67,115,115,21.6.10.2,,,Post-Harvest Losses,,HIERARCHY_REVIEW;METADATA_REVIEW;TOPIC_TAG_REVIEW,REVIEW,,"21.6.10.2 When affected area is limited up to 25% of the total insured area for the season in the notiﬁed insurance unit, the losses of eligible farmers would be assessed individually provided they ha"
PMFBY_2023_SEC_21_6_10_3,PMFBY_2023,child,109,115,115,21.6.10.3,,,Post-Harvest Losses,,HIERARCHY_REVIEW;METADATA_REVIEW;TOPIC_TAG_REVIEW,REVIEW,,"21.6.10.3 If the affected area under a notiﬁed crop is more than 25% of the total insured area in a notiﬁed insurance unit, all the eligible farmers who have taken insurance for the notiﬁed crop, whic"
PMFBY_2023_SEC_21_6_10_4,PMFBY_2023,child,122,115,115,21.6.10.4,,,Post-Harvest Losses,,HIERARCHY_REVIEW;METADATA_REVIEW;TOPIC_TAG_REVIEW,REVIEW,,"21.6.10.4 The eligibility of claim settlement shall be decided based on the outcome of the joint loss assessment surveys carried out by representatives of the Insurance Company, District Administratio"
PMFBY_2023_SEC_21_6_10_5,PMFBY_2023,child,60,115,115,21.6.10.5,,,Post-Harvest Losses,,HIERARCHY_REVIEW;METADATA_REVIEW;TOPIC_TAG_REVIEW,REVIEW,,21.6.10.5 STAC in coordination with State Remote Sensing Application Centre or TIP appointed under YES-TECH (for the crops notified under Crop Model Matrix (CMM)) will conduct assessment of loss as me
PMFBY_2023_SEC_21_6_10_6,PMFBY_2023,child,35,115,115,21.6.10.6,,,Post-Harvest Losses,,HIERARCHY_REVIEW;METADATA_REVIEW;TOPIC_TAG_REVIEW,REVIEW,,21.6.10.6 The pay-out under the cover would be disbursed by the Insurance Company only after the receipt of 2nd tranche of the Government share of premium subsidy (both the State/UT Government and the
PMFBY_2023_SEC_21_6_10_7,PMFBY_2023,child,21,115,115,21.6.10.7,,,Post-Harvest Losses,,HIERARCHY_REVIEW;METADATA_REVIEW;TOPIC_TAG_REVIEW,REVIEW,,"21.6.10.7 The Insurance Company would disburse the claim, if payable, within 15 days of the receipt of the loss survey report."
PMFBY_2023_SEC_21_6_10_8,PMFBY_2023,child,636,115,117,21.6.10.8,,,Post-Harvest Losses,TABLE_REVIEW,HIERARCHY_REVIEW;METADATA_REVIEW,REVIEW,F_TABLE,21.6.10.8 Farmers getting enrolled or whose premium is debited after the occurrence of insurance peril or data has not been uploaded on NCIP would not be eligible for ﬁnancial support under this cover
PMFBY_2023_SEC_547,PMFBY_2023,child,387,117,118,,,,Sl. No. Action required to be taken Action to be taken by Schedule for taking action,TABLE_REVIEW,METADATA_REVIEW;TOPIC_TAG_REVIEW,REVIEW,F_TABLE,"Protocol for Area based Assessment: If affected area>25% of total insured Area Sl. No. Action required to be taken Action to be taken by Schedule for taking action

Fulﬁllment of eligibility of post-
"
PMFBY_2023_SEC_548,PMFBY_2023,child,196,119,119,,,,Sl. No. Action required to be taken Action to be taken by Schedule for taking action,TABLE_REVIEW,METADATA_REVIEW;TOPIC_TAG_REVIEW,REVIEW,F_TABLE,"Sl. No. Action required to be taken Action to be taken by Schedule for taking action

based on the joint survey.

out the loss assessment

surveys subject to receipt of

full Government share of

Paym"
PMFBY_2023_SEC_21_7,PMFBY_2023,parent,11,119,119,21.7,,,,SHORT_CHUNK;STRUCTURE_UNCERTAIN,METADATA_REVIEW;TOPIC_TAG_REVIEW,REVIEW,B_SHORT;E_STRUCTURE,21.7 Claim Settlement under Multiple Events of Similar or Different Perils
PMFBY_2023_SEC_21_7_1,PMFBY_2023,child,65,119,119,21.7.1,,,,,METADATA_REVIEW;TOPIC_TAG_REVIEW,REVIEW,,"21.7.1 There have been instances of multiple perils happening over the course of a crop season in an IU, or simultaneously during the crop harvesting window affecting same crop-land parcel or applicat"
PMFBY_2023_SEC_21_7_2,PMFBY_2023,child,57,119,119,21.7.2,,,,,METADATA_REVIEW;TOPIC_TAG_REVIEW,REVIEW,,"21.7.2 The claim events under PMFBY (including RWBCIS) have been divided into three wider categories on the basis of approach and applicability of these events:

A. Wide-Spread Events with Policy Term"
PMFBY_2023_SEC_21_7_3,PMFBY_2023,child,70,119,119,21.7.3,,,,,METADATA_REVIEW;TOPIC_TAG_REVIEW,REVIEW,,"21.7.3 In the event that the Claims for a same crop-Land parcel or application are triggered under different types of coverages viz., Localized Calamities, Mid-season adversity, post-harvest losses an"
PMFBY_2023_SEC_21_7_4,PMFBY_2023,child,104,119,120,21.7.4,,,,,HIERARCHY_REVIEW;METADATA_REVIEW;TOPIC_TAG_REVIEW,REVIEW,,"21.7.4 In case multiple events affecting same crop-Land parcel or application are triggered under the identical covers, differential claim amount will be paid without reducing the Sum Insured. i.e., t"
PMFBY_2023_SEC_21_7_5,PMFBY_2023,child,97,120,120,21.7.5,,,,,HIERARCHY_REVIEW;METADATA_REVIEW;TOPIC_TAG_REVIEW,REVIEW,,"21.7.5 In case of multiple claim events are triggered under different covers in combinations other than those specified above, then the available sum insured for the subsequent perils would be derived"
PMFBY_2023_SEC_21_7_6,PMFBY_2023,child,60,120,120,21.7.6,,,,,HIERARCHY_REVIEW;METADATA_REVIEW;TOPIC_TAG_REVIEW,REVIEW,,21.7.6 After the initial event the balance Sum Insured for any given application only shall be utilized to ascertain the payable claims in future events using the above modality. The final yield-based
PMFBY_2023_SEC_21_7_7,PMFBY_2023,child,102,120,120,21.7.7,,,,,HIERARCHY_REVIEW;METADATA_REVIEW;TOPIC_TAG_REVIEW,REVIEW,,"21.7.7 Under Para 21.7.2 (A) above, where the clause of Preventive Sowing/Failed Germination is triggered, the insurance cover will cease to exist and therefore there is no possibility of any further "
PMFBY_2023_SEC_21_7_8,PMFBY_2023,child,6,121,121,21.7.8,,,,SHORT_CHUNK,HIERARCHY_REVIEW;METADATA_REVIEW;TOPIC_TAG_REVIEW,REVIEW,B_SHORT,21.7.8 Multi-Event Multi-Peril Claim Calculation Flowchart:
PMFBY_2023_SEC_558,PMFBY_2023,child,219,121,121,,,,Claim Reported,TABLE_REVIEW,METADATA_REVIEW;TOPIC_TAG_REVIEW,REVIEW,F_TABLE,"Claim Reported

Is this multi-peril

No

Calculate the claim by multiplying

claim reported on

%age with Notified SI & pay as

Same Land

per applicable provisions.

Parcel-Same Crop

& Same Season?
"
PMFBY_2023_SEC_559,PMFBY_2023,child,32,121,121,,,,Season ends,,METADATA_REVIEW;TOPIC_TAG_REVIEW,REVIEW,,"Season ends

yield based Claim

Harvest claims,

also?

Step 2: Reduce the previously paid claim under Mid-season and pay the balance

22 Participation of Loss Assessors/Evaluators for Loss Assessment"
PMFBY_2023_SEC_22_1,PMFBY_2023,parent,3,121,121,22.1,,,Empanelment Criteria,SHORT_CHUNK;STRUCTURE_UNCERTAIN,METADATA_REVIEW;TOPIC_TAG_REVIEW,REVIEW,B_SHORT;E_STRUCTURE;D_TOP20_SHORT,22.1 Empanelment Criteria
PMFBY_2023_SEC_22_1_1,PMFBY_2023,child,62,121,122,22.1.1,,,Empanelment Criteria,,HIERARCHY_REVIEW;METADATA_REVIEW;TOPIC_TAG_REVIEW,REVIEW,,"22.1.1 The agencies having relevant ﬁeld experience, ﬁnancial and infrastructural strength, sufﬁcient skilled manpower having diploma in any subject with minimum 2 years of relevant experience or a Ba"
PMFBY_2023_SEC_22_1_2,PMFBY_2023,child,57,122,122,22.1.2,,,Empanelment Criteria,,HIERARCHY_REVIEW;METADATA_REVIEW;TOPIC_TAG_REVIEW,REVIEW,,"22.1.2 Once loss assessment agency has been empaneled by the GoI, it will be considered as a pre-qualiﬁed company to participate and engage with the concerned State/UT Government and Insurance Compani"
PMFBY_2023_SEC_22_1_3,PMFBY_2023,child,58,122,122,22.1.3,,,Empanelment Criteria,,HIERARCHY_REVIEW;METADATA_REVIEW;TOPIC_TAG_REVIEW,REVIEW,,"22.1.3 Once empaneled, the performance of such agencies will be evaluated every season against vital parameters defined in the monitoring and evaluation framework notified by the GoI and the non-perfo"
PMFBY_2023_SEC_22_1_4,PMFBY_2023,child,50,122,122,22.1.4,,,Empanelment Criteria,,HIERARCHY_REVIEW;METADATA_REVIEW;TOPIC_TAG_REVIEW,REVIEW,,22.1.4 Detailed guidelines for the empanelment and accreditation of loss assessment agencies shall be prepared and notified by the GoI separately. These guidelines will enable empanelment and de-empan
PMFBY_2023_SEC_22_1_5,PMFBY_2023,child,66,122,122,22.1.5,,,Empanelment Criteria,,HIERARCHY_REVIEW;METADATA_REVIEW;TOPIC_TAG_REVIEW,REVIEW,,"22.1.5 As loss assessment is a vital activity under the Scheme and forms the basis of claims settlement, any malpractice, manipulation or misreporting is non-acceptable and shall be taken very serious"
PMFBY_2023_SEC_22_1_6,PMFBY_2023,child,62,122,122,22.1.6,,,Empanelment Criteria,,HIERARCHY_REVIEW;METADATA_REVIEW;TOPIC_TAG_REVIEW,REVIEW,,"22.1.6 In order to develop the capacity of the loss assessment agencies and to create a large pool of Certified Crop Loss Assessors (CCLAs) at national level, GoI shall design a LMS based open online "
PMFBY_2023_SEC_22_1_7,PMFBY_2023,child,45,122,122,22.1.7,,,Empanelment Criteria,,HIERARCHY_REVIEW;METADATA_REVIEW;TOPIC_TAG_REVIEW,REVIEW,,"22.1.7 The loss assessment agencies shall be provided with a transition period of One/Two Years to create a pool of Certified Crop Loss Assessors (CCLA), after which the Loss assessment agencies shall"
PMFBY_2023_SEC_23_1,PMFBY_2023,child,127,122,122,23.1,,,,STRUCTURE_UNCERTAIN,METADATA_REVIEW;TOPIC_TAG_REVIEW,REVIEW,E_STRUCTURE,"23 Procedure for Settlement of Claims to the Farmers

23.1 The Insurance Company should have received the ﬁnal share of Government subsidy (2nd tranche), both Central and State, on the basis of the en"
PMFBY_2023_SEC_23_2,PMFBY_2023,child,96,122,123,23.2,,,,STRUCTURE_UNCERTAIN,METADATA_REVIEW;TOPIC_TAG_REVIEW,REVIEW,E_STRUCTURE,23.2 State Governments/UT Administrations shall compulsorily upload the Threshold Yield and Actual Yield data for all Crop-IUs on NCIP for all notiﬁed crops which shall also be veriﬁed and accepted by
PMFBY_2023_SEC_23_3,PMFBY_2023,child,187,123,123,23.3,,,,STRUCTURE_UNCERTAIN,METADATA_REVIEW;TOPIC_TAG_REVIEW,REVIEW,E_STRUCTURE,23.3 The DLMC will be required to upload or enter the details of crop loss as per the Joint Loss Survey conducted by DLJC for all intermediate loss events viz. prevented sowing/planting/germination fa
PMFBY_2023_SEC_23_4,PMFBY_2023,child,115,123,123,23.4,,,,STRUCTURE_UNCERTAIN,METADATA_REVIEW;TOPIC_TAG_REVIEW,REVIEW,E_STRUCTURE,23.4 The loss reports and Actual Yield data shall be approved or reverted (in case of any discrepancy or /concern on the authenticity and correctness of the report and data) by the Insurance Company. 
PMFBY_2023_SEC_23_5,PMFBY_2023,child,110,123,123,23.5,,,,STRUCTURE_UNCERTAIN,METADATA_REVIEW;TOPIC_TAG_REVIEW,REVIEW,E_STRUCTURE,"23.5 In case of wide-spread calamity (end of season claims), once yield data is ﬁnalized and received from the State/UT Government as per the decided cut-off-dates and is uploaded, approved and accept"
PMFBY_2023_SEC_23_6,PMFBY_2023,child,96,123,124,23.6,,,,STRUCTURE_UNCERTAIN,METADATA_REVIEW;TOPIC_TAG_REVIEW,REVIEW,E_STRUCTURE,"23.6 In case the CCE data submitted through CCE Agri App is not approved within the stipulated timelines, it will be auto- approved and used for claim calculation. In case of non-submission of Actual "
PMFBY_2023_SEC_23_7,PMFBY_2023,child,155,124,124,23.7,,,,STRUCTURE_UNCERTAIN,METADATA_REVIEW;TOPIC_TAG_REVIEW,REVIEW,E_STRUCTURE,"23.7 In case of farmers (loanee) covered by ﬁnancial Institutions, claims shall be released only electronically through NCIP using PFMS platform directly into insured farmer's given loan or saving ban"
PMFBY_2023_SEC_23_8,PMFBY_2023,child,127,124,124,23.8,,,,STRUCTURE_UNCERTAIN,METADATA_REVIEW;TOPIC_TAG_REVIEW,REVIEW,E_STRUCTURE,"23.8 In case of farmers (non-loanee) covered through Insurance intermediaries or CSC or any other enrollment channel, Aadhaar Enabled Payment System (AEPS) shall be used mandatorily as primary mode of"
PMFBY_2023_SEC_23_9,PMFBY_2023,child,37,124,124,23.9,,,,STRUCTURE_UNCERTAIN,METADATA_REVIEW;TOPIC_TAG_REVIEW,REVIEW,E_STRUCTURE,"23.9 For change of account numbers, a certificate/declaration shall be required to be submitted by the concerned farmer to the Insurance Company containing the revised and updated banking details and "
PMFBY_2023_SEC_23_10,PMFBY_2023,child,85,124,124,23.10,,,,STRUCTURE_UNCERTAIN,METADATA_REVIEW;TOPIC_TAG_REVIEW,REVIEW,E_STRUCTURE,"23.10 In case of demise or the insured farmer, the applications shall be enabled for the concerned Insurance Companies for updating the new bank account details of the legal heir of the insured farmer"
PMFBY_2023_SEC_23_11,PMFBY_2023,child,155,124,124,23.11,,,,STRUCTURE_UNCERTAIN,METADATA_REVIEW;TOPIC_TAG_REVIEW,REVIEW,E_STRUCTURE,23.11 In case the eligible claims could not be remitted by the Insurance Company to the concerned insured farmer during 6 consecutive seasons despite due attempts and efforts have been made to trace t
PMFBY_2023_SEC_23_12,PMFBY_2023,child,35,125,125,23.12,,,,STRUCTURE_UNCERTAIN,METADATA_REVIEW;TOPIC_TAG_REVIEW,REVIEW,E_STRUCTURE,"23.12 In case of claims under prevented/failed sowing, localized calamities, post-harvest losses; Insurance Company will process the claims after assessment and shall release the claims as per detaile"
PMFBY_2023_SEC_23_13,PMFBY_2023,child,116,125,125,23.13,,,,STRUCTURE_UNCERTAIN,METADATA_REVIEW;TOPIC_TAG_REVIEW,REVIEW,E_STRUCTURE,23.13 The claim settlement intimation shall be sent to each beneﬁciary farmer through SMS initiated through NCIP and an intimation through Chatbot platform shall also be initiated to the farmers. Stat
PMFBY_2023_SEC_23_14,PMFBY_2023,child,107,125,125,23.14,,,,STRUCTURE_UNCERTAIN,METADATA_REVIEW;TOPIC_TAG_REVIEW,REVIEW,E_STRUCTURE,"23.14 In any situation, the State/UT Government cannot reopen or re-calculate already assessed and disbursed claims after 30 days from the time of claim settlement for the notiﬁed crop(s) at the notiﬁ"
PMFBY_2023_SEC_23_15,PMFBY_2023,child,46,125,125,23.15,,,,STRUCTURE_UNCERTAIN,METADATA_REVIEW;TOPIC_TAG_REVIEW,REVIEW,E_STRUCTURE,23.15 All the details of the farmers pertaining to payment of claims shall be veriﬁed through PFMS before initiating the claim payment on NCIP. Applications with invalidated bank accounts and Aadhaar 
PMFBY_2023_SEC_23_16,PMFBY_2023,parent,70,125,125,23.16,,,,STRUCTURE_UNCERTAIN,METADATA_REVIEW;TOPIC_TAG_REVIEW,REVIEW,E_STRUCTURE,23.16 The State/UT may define the minimum claim amount per farmer as threshold for all the seasons below which the claims shall be held back by the insurance companies. The claims above this threshold
PMFBY_2023_SEC_23_16_1,PMFBY_2023,child,20,125,125,23.16.1,,,,,METADATA_REVIEW;TOPIC_TAG_REVIEW,REVIEW,,23.16.1 Option 1 – The amount below the defined threshold may be transferred to FIAT account maintained by the GoI.
PMFBY_2023_SEC_23_16_2,PMFBY_2023,child,22,125,125,23.16.2,,,,,METADATA_REVIEW;TOPIC_TAG_REVIEW,REVIEW,,23.16.2 Option 2 – The State/UTs may top-up the actual claim amount from their own budget to meet the defined minimum threshold.
PMFBY_2023_SEC_23_16_3,PMFBY_2023,child,29,125,125,23.16.3,,,,,METADATA_REVIEW;TOPIC_TAG_REVIEW,REVIEW,,23.16.3 Option 3 - The State/UTs may retain the claim amount below the defined threshold and add to the claim amount of the same farmer in the next season(s).
PMFBY_2023_SEC_24_1,PMFBY_2023,child,68,125,126,24.1,,,,STRUCTURE_UNCERTAIN,METADATA_REVIEW;TOPIC_TAG_REVIEW,REVIEW,E_STRUCTURE,"24 Important Conditions/ Clauses Applicable for Coverage of Risks

24.1 Insurance Companies shall receive the premium for coverage either from the bank, channel partner, CSC-VLE, insurance intermediar"
PMFBY_2023_SEC_24_2,PMFBY_2023,child,46,126,126,24.2,,,,STRUCTURE_UNCERTAIN,METADATA_REVIEW;TOPIC_TAG_REVIEW,REVIEW,E_STRUCTURE,"24.2 In case of any substantial misreporting by nodal bank /branch with respect to loanee farmers coverage which may include incorrect insured and sown acreage and survey number details, bank account "
PMFBY_2023_SEC_24_3,PMFBY_2023,child,67,126,126,24.3,,,,STRUCTURE_UNCERTAIN,METADATA_REVIEW;TOPIC_TAG_REVIEW,REVIEW,E_STRUCTURE,"24.3 Mere sanctioning/disbursement of crop loans and the submission of relevant data on NCIP and remittance of premium by the farmer or bank, without explicit intent to raise the crop or without havin"
PMFBY_2023_SEC_24_4,PMFBY_2023,child,58,126,126,24.4,,,,STRUCTURE_UNCERTAIN,METADATA_REVIEW;TOPIC_TAG_REVIEW,REVIEW,E_STRUCTURE,24.4 The acceptance of risk and payment of claims by Insurance Company shall be purely based on the provisions of these Guidelines and no other guidelines or modalities of any other scheme of Central/
PMFBY_2023_SEC_25_1,PMFBY_2023,child,455,126,127,25.1,,,,STRUCTURE_UNCERTAIN,METADATA_REVIEW;TOPIC_TAG_REVIEW,REVIEW,E_STRUCTURE,"25 Acreage Discrepancy

25.1 Some areas across the country in the past have reported excess insurance coverage vis-à-vis planted or sown acreage, leading to over-insurance. Any discrepancy in coverage"
PMFBY_2023_SEC_25_2,PMFBY_2023,child,33,127,127,25.2,,,,STRUCTURE_UNCERTAIN,METADATA_REVIEW;TOPIC_TAG_REVIEW,REVIEW,E_STRUCTURE,25.2 The Insurance Companies should also verify sufﬁcient number of insured land parcels for each notiﬁed major crop by visiting those Insured ﬁelds and report the same though mobile app to the GoI.
PMFBY_2023_SEC_25_3,PMFBY_2023,child,165,127,127,25.3,,,,STRUCTURE_UNCERTAIN,METADATA_REVIEW;TOPIC_TAG_REVIEW,REVIEW,E_STRUCTURE,"25.3 Under the scheme, notiﬁed crops are being insured by the Insurance Companies on the basis of actuarial premium rate by sufficiently pricing the underlying risk, hence, it is not their prerogative"
PMFBY_2023_SEC_25_4,PMFBY_2023,child,107,127,127,25.4,,,,STRUCTURE_UNCERTAIN,METADATA_REVIEW;TOPIC_TAG_REVIEW,REVIEW,E_STRUCTURE,"25.4 Any case of large-scale irregularities or anomalies regarding insurance of excess area i.e. the insured area being more than the published sown area (i.e., the average of the last three consecuti"
PMFBY_2023_SEC_25_5,PMFBY_2023,child,202,127,127,25.5,,,,STRUCTURE_UNCERTAIN,METADATA_REVIEW;TOPIC_TAG_REVIEW,REVIEW,E_STRUCTURE,"25.5 In spite of all suitable measures taken by the Insurance Company for de-duplication and elimination of ghost farmers or identification of excess area insured by the individual farmers, all Insura"
PMFBY_2023_SEC_25_6,PMFBY_2023,child,76,127,128,25.6,,,,STRUCTURE_UNCERTAIN,METADATA_REVIEW;TOPIC_TAG_REVIEW,REVIEW,E_STRUCTURE,"25.6 If at all, ACF has to be applied in the case of established gross irregularities on ground, until the land integration, ceding of land parcels with Aadhaar or Unique Land Parcel Identification Nu"
PMFBY_2023_SEC_25_7,PMFBY_2023,child,138,128,128,25.7,,,,STRUCTURE_UNCERTAIN,METADATA_REVIEW;TOPIC_TAG_REVIEW,REVIEW,E_STRUCTURE,"25.7 If the difference between insured area and sown area (maximum of preceding last three years) is greater than 30% at the Block/Tehsil/Taluka level, the matter should be compulsorily brought to the"
PMFBY_2023_SEC_25_8,PMFBY_2023,child,73,128,128,25.8,,,,STRUCTURE_UNCERTAIN,METADATA_REVIEW;TOPIC_TAG_REVIEW,REVIEW,E_STRUCTURE,"25.8 Accordingly, after scrutiny, excess insured area, if any shall be treated as un-insured and corresponding farmer's premium will be forfeited. The same will be surrendered to the FIAT Fund maintai"
PMFBY_2023_SEC_25_9,PMFBY_2023,child,37,128,128,25.9,,,,STRUCTURE_UNCERTAIN,METADATA_REVIEW;TOPIC_TAG_REVIEW,REVIEW,E_STRUCTURE,25.9 Premium subsidy surrendered by the Insurance Companies due to application of ACF shall be refunded to the Central and State Governments/UT Administrations respectively in their subsidy sharing ra
PMFBY_2023_SEC_26_1,PMFBY_2023,child,159,128,128,26.1,,,,STRUCTURE_UNCERTAIN,METADATA_REVIEW;TOPIC_TAG_REVIEW,REVIEW,E_STRUCTURE,"26 Information Education & Communication (IEC) and Capacity Building

26.1 Information, Education and Communication (IEC) and Capacity Building activities through awareness drives, campaigns, training"
PMFBY_2023_SEC_26_2,PMFBY_2023,child,178,128,129,26.2,,,,STRUCTURE_UNCERTAIN,METADATA_REVIEW;TOPIC_TAG_REVIEW,REVIEW,E_STRUCTURE,26.2 Major challenge in creating well informed ecosystem is the multiple layers of hierarchy within each stakeholder and their different levels of understanding about scheme implementation aspects. Th
PMFBY_2023_SEC_26_3,PMFBY_2023,child,97,129,129,26.3,,,,STRUCTURE_UNCERTAIN,METADATA_REVIEW;TOPIC_TAG_REVIEW,REVIEW,E_STRUCTURE,"26.3 It requires sensitization of higher authorities of the targeted stakeholders at the National, State/UT, & district level, massive awareness generation and error free implementation at the ground "
PMFBY_2023_SEC_26_4,PMFBY_2023,parent,25,129,129,26.4,,,,STRUCTURE_UNCERTAIN,METADATA_REVIEW;TOPIC_TAG_REVIEW,REVIEW,E_STRUCTURE,26.4 Following would be the broad strategies for creating awareness and improve knowledge about the scheme that shall be focused by GoI for desired outcomes:
PMFBY_2023_SEC_26_4_1,PMFBY_2023,child,101,129,129,26.4.1,,,,,METADATA_REVIEW;TOPIC_TAG_REVIEW,REVIEW,,26.4.1 All IEC and Training and Capacity Building activities need to be carried out in a multi-pronged approach comprising of awareness generation at a mass level and sensitization of key stakeholders
PMFBY_2023_SEC_26_4_2,PMFBY_2023,child,71,129,129,26.4.2,,,,,METADATA_REVIEW;TOPIC_TAG_REVIEW,REVIEW,,"26.4.2 At the beginning of each crop season, concerned Insurance Companies need to prepare a stakeholder-wise micro level IEC and training activity plan and ensure strict implementation of the same. T"
PMFBY_2023_SEC_26_4_3,PMFBY_2023,child,40,129,129,26.4.3,,,,,METADATA_REVIEW;TOPIC_TAG_REVIEW,REVIEW,,26.4.3 The Insurance Companies shall undertake an exercise of activity mapping and corresponding budget allocation for IEC and Training. This would help in planning diverse activities with maximum out
PMFBY_2023_SEC_26_4_4,PMFBY_2023,child,71,129,130,26.4.4,,,,,HIERARCHY_REVIEW;METADATA_REVIEW;TOPIC_TAG_REVIEW,REVIEW,,26.4.4 Adequate publicity and awareness generation needs to be conducted in all the villages of the notiﬁed districts and IUs by all the implementing stakeholders in co-ordination with each other. All
PMFBY_2023_SEC_26_4_5,PMFBY_2023,child,66,130,130,26.4.5,,,,,HIERARCHY_REVIEW;METADATA_REVIEW;TOPIC_TAG_REVIEW,REVIEW,,26.4.5 Awareness generation and training and capacity building activities need to be carried out on regular basis starting from three months prior to the beginning of the enrolment period till the cla
PMFBY_2023_SEC_26_4_6,PMFBY_2023,child,22,130,130,26.4.6,,,,,HIERARCHY_REVIEW;METADATA_REVIEW;TOPIC_TAG_REVIEW,REVIEW,,26.4.6 Insurance Companies are required to prepare a dynamic social media calendar for generating awareness and addressing issues raised on social media.
PMFBY_2023_SEC_26_4_7,PMFBY_2023,child,28,130,130,26.4.7,,,,,HIERARCHY_REVIEW;METADATA_REVIEW,REVIEW,,26.4.7 State Governments/UT Administrations shall facilitate all the implementing stakeholders in organizing training & capacity building and sensitization workshops/ on key implementation activities 
PMFBY_2023_SEC_26_4_8,PMFBY_2023,child,55,130,130,26.4.8,,,,,HIERARCHY_REVIEW;METADATA_REVIEW;TOPIC_TAG_REVIEW,REVIEW,,"26.4.8 Insurance Companies shall earmark 0.5% of the Gross Written Premium for the concerned season for expenses on publicity, awareness generation, training and capacity building activities at the ﬁe"
PMFBY_2023_SEC_26_4_9,PMFBY_2023,child,168,130,130,26.4.9,,,,,HIERARCHY_REVIEW;METADATA_REVIEW;TOPIC_TAG_REVIEW,REVIEW,,26.4.9 A share of 0.25% of the total Gross Premium i.e. 50% out of the earmarked 0.5% of the Gross Written Premium will be pooled at the central level in the form of a Central IEC Pool Fund which shal
PMFBY_2023_SEC_26_4_10,PMFBY_2023,child,68,130,130,26.4.10,,,,,HIERARCHY_REVIEW;METADATA_REVIEW;TOPIC_TAG_REVIEW,REVIEW,,"26.4.10 The balance 0.25% of gross funds for IEC needs to be spent by Insurance Companies on publicity, awareness generation, training and capacity building activities about the scheme while synchroni"
PMFBY_2023_SEC_26_4_11,PMFBY_2023,child,35,130,130,26.4.11,,,,,HIERARCHY_REVIEW;METADATA_REVIEW;TOPIC_TAG_REVIEW,REVIEW,,26.4.11 Specific IEC needs of NER/Himalayan States and UTs may be taken up by the GoI through IEC advisory committee on case-to-case basis and the GoI may direct the concerned Insurance Company regard
PMFBY_2023_SEC_26_4_12,PMFBY_2023,child,34,130,130,26.4.12,,,,,HIERARCHY_REVIEW;METADATA_REVIEW;TOPIC_TAG_REVIEW,REVIEW,,"26.4.12 All the publicity material/information/training material should necessarily be uploaded on the NCIP or Mobile App specially designed by GoI along with the coverage, frequency and duration etc."
PMFBY_2023_SEC_26_4_13,PMFBY_2023,child,61,130,131,26.4.13,,,,,HIERARCHY_REVIEW;METADATA_REVIEW;TOPIC_TAG_REVIEW,REVIEW,,26.4.13 Resources from Central IEC Pool Fund shall also be used to support the engagement of apex/premier institutes at the national and state level having institutional infrastructure and skilled hum
PMFBY_2023_SEC_26_4_14,PMFBY_2023,child,25,131,131,26.4.14,,,,,HIERARCHY_REVIEW;METADATA_REVIEW;TOPIC_TAG_REVIEW,REVIEW,,26.4.14 All the stakeholders are required to contribute in developing a pool of resource persons/master trainers on the subject of crop insurance across the country.
PMFBY_2023_SEC_26_4_15,PMFBY_2023,child,65,131,131,26.4.15,,,,,HIERARCHY_REVIEW;METADATA_REVIEW;TOPIC_TAG_REVIEW,REVIEW,,26.4.15 Insurance Companies to contribute in building institutional capacities by providing training and support to the Faculty Members of select apex/premier training institutes (identiﬁed/empaneled 
PMFBY_2023_SEC_26_4_16,PMFBY_2023,child,49,131,131,26.4.16,,,,,HIERARCHY_REVIEW;METADATA_REVIEW;TOPIC_TAG_REVIEW,REVIEW,,"26.4.16 Strict monitoring, tracking and impact assessment of all the activities planned and executed through the Central IEC Pool Fund at National and State/UT level shall be done periodically for ens"
PMFBY_2023_SEC_27_1,PMFBY_2023,child,41,131,131,27.1,,,,STRUCTURE_UNCERTAIN,METADATA_REVIEW;TOPIC_TAG_REVIEW,REVIEW,E_STRUCTURE,"27.1 All payments of commission, rewards & service charges by the Insurance Company to Banks, CSC eGov & Insurance Intermediaries etc. shall be subject to the applicable circulars and regulations issu"
PMFBY_2023_SEC_27_2,PMFBY_2023,child,44,131,131,27.2,,,,STRUCTURE_UNCERTAIN,METADATA_REVIEW;TOPIC_TAG_REVIEW,REVIEW,E_STRUCTURE,"27.2 Even if the farmer's share of premium is contributed or/ﬁnanced by the concerned State Governments/UT Administrations under preferential universalization, the applicable service charges on total "
PMFBY_2023_SEC_27_3,PMFBY_2023,child,84,131,131,27.3,,,,STRUCTURE_UNCERTAIN,METADATA_REVIEW;TOPIC_TAG_REVIEW,REVIEW,E_STRUCTURE,"27.3 The bank Head Ofﬁces, CSC e-Gov & Insurance Intermediaries shall request service charges from Insurance Companies based on approved applications for the respective season. The Bank HQ, CSC e-Gov "
PMFBY_2023_SEC_27_4,PMFBY_2023,child,85,131,131,27.4,,,,STRUCTURE_UNCERTAIN,METADATA_REVIEW;TOPIC_TAG_REVIEW,REVIEW,E_STRUCTURE,"27.4 No service charges will be payable to the concerned bank/branches, CSC e-Gov, Insurance Intermediaries etc. for the applications involving anomaly or misrepresentation of details or data and for "
PMFBY_2023_SEC_27_5,PMFBY_2023,child,48,131,132,27.5,,,,STRUCTURE_UNCERTAIN,METADATA_REVIEW;TOPIC_TAG_REVIEW,REVIEW,E_STRUCTURE,"27.5 If there is a delay in the payment of service charges by the Insurance Company beyond 30 days of ﬁnalization of enrollment statistics, the payable service charges shall be required to be paid wit"
PMFBY_2023_SEC_27_6,PMFBY_2023,child,42,132,132,27.6,,,,STRUCTURE_UNCERTAIN,METADATA_REVIEW;TOPIC_TAG_REVIEW,REVIEW,E_STRUCTURE,"27.6 The services charges shall be paid by the concerned Insurance Companies to the Banks, CSC eGov & other Insurance Intermediaries without waiting for the full premium receipt, subject to receipt of"
PMFBY_2023_SEC_27_7,PMFBY_2023,parent,6,132,132,27.7,,,Bank HQs and Bank Branches,SHORT_CHUNK;STRUCTURE_UNCERTAIN,METADATA_REVIEW;TOPIC_TAG_REVIEW,REVIEW,B_SHORT;E_STRUCTURE,27.7 Bank HQs and Bank Branches
PMFBY_2023_SEC_27_7_1,PMFBY_2023,child,237,132,132,27.7.1,,,Bank HQs and Bank Branches,,METADATA_REVIEW;TOPIC_TAG_REVIEW,REVIEW,,"27.7.1 Bank and other ﬁnancial institutions, including the Banking Correspondents shall be paid service charges @ 4% of the farmer's share of premium by Insurance Company for the farmers enrolled by t"
PMFBY_2023_SEC_27_8,PMFBY_2023,parent,6,132,132,27.8,,,"CSC, BCs & Other Intermediaries",SHORT_CHUNK;STRUCTURE_UNCERTAIN,METADATA_REVIEW;TOPIC_TAG_REVIEW,REVIEW,B_SHORT;E_STRUCTURE,"27.8 CSC, BCs & Other Intermediaries"
PMFBY_2023_SEC_27_8_1,PMFBY_2023,child,148,132,132,27.8.1,,,"CSC, BCs & Other Intermediaries",,METADATA_REVIEW;TOPIC_TAG_REVIEW,REVIEW,,27.8.1 CSC e-Gov. India Pvt. Ltd. shall be paid service charges as decided by GoI from time to time and mutually agreed between CSC e-Gov and concerned Insurers for all applications approved by the In
PMFBY_2023_SEC_27_8_2,PMFBY_2023,child,117,132,133,27.8.2,,,"CSC, BCs & Other Intermediaries",,HIERARCHY_REVIEW;METADATA_REVIEW;TOPIC_TAG_REVIEW,REVIEW,,"27.8.2 Common Service Centers, Banking Correspondents shall be paid service charges by Insurance Companies, against the finally approved applications generated by them. This includes charges for submi"
PMFBY_2023_SEC_27_8_3,PMFBY_2023,child,82,133,133,27.8.3,,,"CSC, BCs & Other Intermediaries",,HIERARCHY_REVIEW;METADATA_REVIEW;TOPIC_TAG_REVIEW,REVIEW,,27.8.3 Rural and other insurance intermediaries engaged in providing services under the scheme to the farmers for enrolment may be paid service charges as mutually agreed between the Insurance Interme
PMFBY_2023_SEC_28_1,PMFBY_2023,child,23,133,133,28.1,,,,STRUCTURE_UNCERTAIN,METADATA_REVIEW;TOPIC_TAG_REVIEW,REVIEW,E_STRUCTURE,"28 Goods & Service Tax (GST)

28.1 Collection of premiums under the Scheme is exempted from applicability of Goods & Service Tax (GST)."
PMFBY_2023_SEC_29_1,PMFBY_2023,child,57,133,133,29.1,,,,STRUCTURE_UNCERTAIN,METADATA_REVIEW;TOPIC_TAG_REVIEW,REVIEW,E_STRUCTURE,"29 Monitoring and Review of the Scheme

29.1 The State Level Coordination Committee on Crop Insurance (SLCCCI) of the concerned State shall be responsible for the monitoring of the Schemes in respecti"
PMFBY_2023_SEC_29_2,PMFBY_2023,child,90,133,133,29.2,,,,STRUCTURE_UNCERTAIN,METADATA_REVIEW,REVIEW,E_STRUCTURE,"29.2 A National Review Conference shall be held twice in a year or as decided by the Crop Insurance Division of DA&FW, GoI to review the progress with all concerned stakeholders under the scheme to di"
PMFBY_2023_SEC_29_3,PMFBY_2023,parent,25,133,133,29.3,,,,STRUCTURE_UNCERTAIN,METADATA_REVIEW;TOPIC_TAG_REVIEW,REVIEW,E_STRUCTURE,29.3 The following monitoring measures are proposed to ensure the effective implementation of the Scheme during each crop season ensuring maximum beneﬁts to the farmers:
PMFBY_2023_SEC_29_3_1,PMFBY_2023,child,80,133,133,29.3.1,,,,,METADATA_REVIEW;TOPIC_TAG_REVIEW,REVIEW,,29.3.1 The Bank branches/CSCs/ Insurance intermediaries may collect the details of individual insured farmers (both loanee and non-loanee) and submit the information electronically using the web or CB
PMFBY_2023_SEC_29_3_2,PMFBY_2023,child,91,133,133,29.3.2,,,,,METADATA_REVIEW;TOPIC_TAG_REVIEW,REVIEW,,29.3.2 The calculation of excess insured area if any shall be reported by the Insurance Companies immediately after the completion of coverage period and uploading of data of individual insured farmer
PMFBY_2023_SEC_29_3_3,PMFBY_2023,child,78,134,134,29.3.3,,,,,HIERARCHY_REVIEW;METADATA_REVIEW;TOPIC_TAG_REVIEW,REVIEW,,"29.3.3 Insurance Companies shall calculate crop-wise, IU wise payable claims on add-on covers and final claims based on the actual yield data and threshold yield as per the type of TY adopted at the t"
PMFBY_2023_SEC_29_3_4,PMFBY_2023,child,54,134,134,29.3.4,,,,,HIERARCHY_REVIEW;METADATA_REVIEW;TOPIC_TAG_REVIEW,REVIEW,,"29.3.4 After the ﬁnalization of the claim amount from the concerned Insurance Companies, the same shall be made available on the NCIP for the concerned bank branches, CSC e-Gov and other channel partn"
PMFBY_2023_SEC_29_3_5,PMFBY_2023,child,61,134,134,29.3.5,,,,,HIERARCHY_REVIEW;METADATA_REVIEW;TOPIC_TAG_REVIEW,REVIEW,,"29.3.5 The individual farmer shall be able to check and track the status of Application, Claim and Grievance ticket on the NCIP. Further, the farmer should be able to raise complaints, queries and gri"
PMFBY_2023_SEC_29_3_6,PMFBY_2023,child,76,134,134,29.3.6,,,,,HIERARCHY_REVIEW;METADATA_REVIEW;TOPIC_TAG_REVIEW,REVIEW,,"29.3.6 The State/UTs should ensure that crop insurance products, including the weather index-based coverage under RWBCIS, provide comprehensive insurance coverage to the farmers on sound insurance pri"
PMFBY_2023_SEC_29_3_7,PMFBY_2023,child,35,134,134,29.3.7,,,,,HIERARCHY_REVIEW;METADATA_REVIEW;TOPIC_TAG_REVIEW,REVIEW,,"29.3.7 About 5% of the beneﬁciaries shall be veriﬁed by Regional Ofﬁces or Local level Ofﬁces of Insurance Companies who will send the feedback on Crop Insurance to the concerned DLMC, State/UT Govern"
PMFBY_2023_SEC_29_3_8,PMFBY_2023,child,30,134,134,29.3.8,,,,,HIERARCHY_REVIEW;METADATA_REVIEW;TOPIC_TAG_REVIEW,REVIEW,,29.3.8 At least 10% of the beneﬁciaries veriﬁed by the Insurance Companies may be cross veriﬁed by the concerned DLMC and they should send the feedback to the State/UT Government.
PMFBY_2023_SEC_29_3_9,PMFBY_2023,child,40,134,134,29.3.9,,,,,HIERARCHY_REVIEW;METADATA_REVIEW;TOPIC_TAG_REVIEW,REVIEW,,29.3.9 1% to 2% of the beneﬁciaries may be veriﬁed and validated by the Head Ofﬁce of the Insurance Companies or the Independent Agencies appointed by the GoI or NLMC and they should send the necessar
PMFBY_2023_SEC_30_1,PMFBY_2023,child,43,134,134,30.1,,,,STRUCTURE_UNCERTAIN,METADATA_REVIEW;TOPIC_TAG_REVIEW,REVIEW,E_STRUCTURE,"30 Grievance Redressal Mechanism

30.1 Each implementing State/UT and empaneled Insurance Companies are required to compulsorily collaborate for setting up a robust grievance redressal mechanism with "
PMFBY_2023_SEC_30_2,PMFBY_2023,child,94,134,135,30.2,,,,STRUCTURE_UNCERTAIN,METADATA_REVIEW;TOPIC_TAG_REVIEW,REVIEW,E_STRUCTURE,"30.2 At the initial level, for grievance redressal, each district shall designate a Taluka and District level grievance redressal ofﬁcer preferably Tehsil/Taluk or District Agriculture/Horticulture Of"
PMFBY_2023_SEC_30_3,PMFBY_2023,child,199,135,135,30.3,,,,STRUCTURE_UNCERTAIN,METADATA_REVIEW;TOPIC_TAG_REVIEW,REVIEW,E_STRUCTURE,"30.3 Appellate Committee (AC)/DGRC at District Level: In line with the DLMC, an Appellate Committee (AC)/DGRC shall also be constituted for redressal of grievances of Farmers, Banks, Insurance Company"
PMFBY_2023_SEC_30_4,PMFBY_2023,child,101,135,135,30.4,,,,STRUCTURE_UNCERTAIN,METADATA_REVIEW;TOPIC_TAG_REVIEW,REVIEW,E_STRUCTURE,"30.4 State Level Grievance Redressal Committee (SGRC): The State/UT shall also constitute a State Level Grievance Redressal Committee for redressal of grievance of Farmers, Banks, Insurance Company, C"
PMFBY_2023_SEC_30_5,PMFBY_2023,child,372,135,136,30.5,,,,STRUCTURE_UNCERTAIN,METADATA_REVIEW;TOPIC_TAG_REVIEW,REVIEW,E_STRUCTURE,30.5 The grievances which have wider scope of effect impacting a greater number of districts or there is a breach of guidelines by any of the stakeholder or the grievance matter exceeds Rs. 25 Lakh in
PMFBY_2023_SEC_30_6,PMFBY_2023,parent,7,136,136,30.6,,,Krishi Rakshak Portal & Helpline (KRPH),SHORT_CHUNK;STRUCTURE_UNCERTAIN,METADATA_REVIEW;TOPIC_TAG_REVIEW,REVIEW,B_SHORT;E_STRUCTURE,30.6 Krishi Rakshak Portal & Helpline (KRPH)
PMFBY_2023_SEC_30_6_1,PMFBY_2023,child,160,136,136,30.6.1,,,Krishi Rakshak Portal & Helpline (KRPH),,METADATA_REVIEW;TOPIC_TAG_REVIEW,REVIEW,,"30.6.1 A dedicated Centralized Toll-free Number, under the aegis of Krishi Rakshak Portal & Helpline (KRPH) has been set-up for query resolution and grievance redressal of farmers. Any query or compla"
PMFBY_2023_SEC_30_6_2,PMFBY_2023,child,58,136,136,30.6.2,,,Krishi Rakshak Portal & Helpline (KRPH),,METADATA_REVIEW;TOPIC_TAG_REVIEW,REVIEW,,"30.6.2 The Krishi Rakshak Portal shall be the centralized system equipped with the necessary features viz., Complaint/Query capturing through multiple modes (electronic, telephonic and conventional or"
PMFBY_2023_SEC_30_6_3,PMFBY_2023,child,175,136,137,30.6.3,,,Krishi Rakshak Portal & Helpline (KRPH),,HIERARCHY_REVIEW;METADATA_REVIEW;TOPIC_TAG_REVIEW,REVIEW,,"30.6.3 The farmers’ grievances would be registered and transmitted to the concerned Insurance Company, banks, CSC e-Gov, State, Districts or Bank users etc., for resolution within a definite turn-arou"
PMFBY_2023_SEC_30_6_4,PMFBY_2023,child,52,137,137,30.6.4,,,Krishi Rakshak Portal & Helpline (KRPH),,HIERARCHY_REVIEW;METADATA_REVIEW;TOPIC_TAG_REVIEW,REVIEW,,"30.6.4 The system shall not only take the grievances/queries through calls but will also facilitate those grievances from the farmers which are received through other sources like mobile app, Chatbot,"
PMFBY_2023_SEC_30_6_5,PMFBY_2023,child,73,137,137,30.6.5,,,Krishi Rakshak Portal & Helpline (KRPH),,HIERARCHY_REVIEW;METADATA_REVIEW;TOPIC_TAG_REVIEW,REVIEW,,30.6.5 Every grievance shall be taken to a logical conclusion to the satisfaction of the farmer. Every grievance will have a Ticket ID with ticket closure responsibility lying with the Insurance Compa
PMFBY_2023_SEC_30_6_6,PMFBY_2023,child,94,137,137,30.6.6,,,Krishi Rakshak Portal & Helpline (KRPH),,HIERARCHY_REVIEW;METADATA_REVIEW;TOPIC_TAG_REVIEW,REVIEW,,"30.6.6 IRDAI already has an Integrated Grievance Management System named as Bima Bharosa, a platform for complaint registration and grievance redressal, which shall also be integrated with KRPH for re"
PMFBY_2023_SEC_30_6_7,PMFBY_2023,child,24,137,137,30.6.7,,,Krishi Rakshak Portal & Helpline (KRPH),,HIERARCHY_REVIEW;METADATA_REVIEW;TOPIC_TAG_REVIEW,REVIEW,,30.6.7 Any grievance resolved by the respective stakeholders shall be liable for re-opening in case the concerned farmer is not satisfied with the resolution.
PMFBY_2023_SEC_30_7,PMFBY_2023,parent,7,137,137,30.7,,,Grievance Redressal Mechanism by Insurance Company,SHORT_CHUNK;STRUCTURE_UNCERTAIN,METADATA_REVIEW;TOPIC_TAG_REVIEW,REVIEW,B_SHORT;E_STRUCTURE,30.7 Grievance Redressal Mechanism by Insurance Company
PMFBY_2023_SEC_30_7_1,PMFBY_2023,child,116,137,137,30.7.1,,,Grievance Redressal Mechanism by Insurance Company,,METADATA_REVIEW;TOPIC_TAG_REVIEW,REVIEW,,30.7.1 Each implementing Insurance Company will put in place an effective and resilient Grievance Redressal Mechanism for resolution and disposal of all grievances received through multiple channels v
PMFBY_2023_SEC_30_7_2,PMFBY_2023,child,25,137,137,30.7.2,,,Grievance Redressal Mechanism by Insurance Company,,METADATA_REVIEW;TOPIC_TAG_REVIEW,REVIEW,,"30.7.2 Similarly, senior resource persons at the District and State level should be equipped to participate in DGRC and SGRC meeting to resolve such grievances."
PMFBY_2023_SEC_30_7_3,PMFBY_2023,child,47,138,138,30.7.3,,,Grievance Redressal Mechanism by Insurance Company,,HIERARCHY_REVIEW;METADATA_REVIEW;TOPIC_TAG_REVIEW,REVIEW,,"30.7.3 Insurance Company shall ensure that details of the grievance redressal ofﬁcers along with the name, address and contact number and email id is publicized widely among farmers. Insurance Compani"
PMFBY_2023_SEC_30_7_4,PMFBY_2023,child,35,138,138,30.7.4,,,Grievance Redressal Mechanism by Insurance Company,,HIERARCHY_REVIEW;METADATA_REVIEW;TOPIC_TAG_REVIEW,REVIEW,,30.7.4 Insurance Company shall have to mandatorily prepare and submit monthly report containing details of all such grievances reported and their disposal status to respective Grievance Redressal Comm
PMFBY_2023_SEC_30_7_5,PMFBY_2023,child,23,138,138,30.7.5,,,Grievance Redressal Mechanism by Insurance Company,,HIERARCHY_REVIEW;METADATA_REVIEW;TOPIC_TAG_REVIEW,REVIEW,,"30.7.5 All the queries, complaints or grievances related to the scheme shall mandatorily be ported and handled through Krishi Rakshak Portal & Helpline."
PMFBY_2023_SEC_30_8,PMFBY_2023,parent,18,138,138,30.8,,,,SHORT_CHUNK;STRUCTURE_UNCERTAIN,METADATA_REVIEW;TOPIC_TAG_REVIEW,REVIEW,B_SHORT;E_STRUCTURE,"30.8 Committee to Examine the Additional Claims Arising due to Errors, Omissions and Commissions of the ﬁnancial Institutions"
PMFBY_2023_SEC_30_8_1,PMFBY_2023,child,90,138,138,30.8.1,,,,,METADATA_REVIEW;TOPIC_TAG_REVIEW,REVIEW,,"30.8.1 A committee has been be constituted under the chairpersonship of CEO- PMFBY/Joint Secretary (Credit), DA&FW with the representatives of Internal Finance Division (IFD), DA&FW, concerned State/U"
PMFBY_2023_SEC_30_8_2,PMFBY_2023,child,19,138,138,30.8.2,,,,SHORT_CHUNK,METADATA_REVIEW;TOPIC_TAG_REVIEW,REVIEW,B_SHORT,30.8.2 The Committee may also invite the senior executive/ofﬁcers of concerned stakeholders to present their cases before the committee.
PMFBY_2023_SEC_30_8_3,PMFBY_2023,child,46,138,138,30.8.3,,,,,METADATA_REVIEW;TOPIC_TAG_REVIEW,REVIEW,,30.8.3 The Committee will take ﬁnal decision in this regard including recommendation for the payment of admissible government subsidy to facilitate the payment of admissible claims and/ or payment of 
PMFBY_2023_SEC_30_8_4,PMFBY_2023,child,64,138,138,30.8.4,,,,,METADATA_REVIEW;TOPIC_TAG_REVIEW,REVIEW,,30.8.4 The committees constituted at Tehsil/District or State level under PMFBY for redressal of various disputes and grievances of the stakeholders should examine and dispose of grievances including 
PMFBY_2023_SEC_31_1,PMFBY_2023,parent,11,138,138,31.1,,,Empanelment Criteria,SHORT_CHUNK;STRUCTURE_UNCERTAIN,METADATA_REVIEW;TOPIC_TAG_REVIEW,REVIEW,B_SHORT;E_STRUCTURE,"31 Empanelment and Selection of Insurance Companies (ICs)

31.1 Empanelment Criteria"
PMFBY_2023_SEC_31_1_1,PMFBY_2023,child,82,138,138,31.1.1,,,Empanelment Criteria,,METADATA_REVIEW;TOPIC_TAG_REVIEW,REVIEW,,"31.1.1 All the General Insurance Companies including specialized Insurance Companies as empaneled by DA&FW, GoI and selected by concerned State Governments/UT Administrations through a tendering proce"
PMFBY_2023_SEC_31_1_2,PMFBY_2023,child,163,139,139,31.1.2,,,Empanelment Criteria,,HIERARCHY_REVIEW;METADATA_REVIEW;TOPIC_TAG_REVIEW,REVIEW,,31.1.2 Insurance Companies shall not be permitted to surrender full or partial clusters or districts once the company has been selected as L1 bidder. If any Insurance Company declines after being decl
PMFBY_2023_SEC_31_1_3,PMFBY_2023,child,28,139,139,31.1.3,,,Empanelment Criteria,,HIERARCHY_REVIEW;METADATA_REVIEW;TOPIC_TAG_REVIEW,REVIEW,,"31.1.3 Each Insurance Company should compulsorily bid for any NER or Himalayan States and UTs. Suitable penalty may be imposed to the non-participating insurers by the D&FW, GoI."
PMFBY_2023_SEC_31_1_4,PMFBY_2023,child,56,139,139,31.1.4,,,Empanelment Criteria,,HIERARCHY_REVIEW;METADATA_REVIEW;TOPIC_TAG_REVIEW,REVIEW,,"31.1.4 Core businesses such as underwriting, grievance redressal, claim calculation and settlement cannot be outsourced by the Insurance Company to any third party outside of the organization. Suitabl"
PMFBY_2023_SEC_31_1_5,PMFBY_2023,child,80,139,139,31.1.5,,,Empanelment Criteria,,HIERARCHY_REVIEW;METADATA_REVIEW;TOPIC_TAG_REVIEW,REVIEW,,"31.1.5 Since premium rate is being decided on the basis of transparent bidding process, the co-insurance arrangements between the insurers as per the standard practices of the insurance industry withi"
PMFBY_2023_SEC_31_2,PMFBY_2023,parent,11,139,139,31.2,,,Selection Criteria of Empaneled Insurance Companies as Implementing,SHORT_CHUNK;STRUCTURE_UNCERTAIN,METADATA_REVIEW;TOPIC_TAG_REVIEW,REVIEW,B_SHORT;E_STRUCTURE,31.2 Selection Criteria of Empaneled Insurance Companies as Implementing Agency (IA)
PMFBY_2023_SEC_31_2_1,PMFBY_2023,child,76,139,139,31.2.1,,,Selection Criteria of Empaneled Insurance Companies as Implementing,,METADATA_REVIEW;TOPIC_TAG_REVIEW,REVIEW,,"31.2.1 The selection of Insurance Company from the empaneled list, as communicated by DA&FW, GoI from time to time, to act as Implementing Agency (IA) shall be done by the concerned States/UTs for imp"
PMFBY_2023_SEC_31_2_2,PMFBY_2023,child,100,139,139,31.2.2,,,Selection Criteria of Empaneled Insurance Companies as Implementing,,METADATA_REVIEW;TOPIC_TAG_REVIEW,REVIEW,,"31.2.2 Before the commencement of the crop season, the State/UT Government would invite the pre-qualiﬁed empaneled Insurance Companies through open tender for submission of district-wise and crop-wise"
PMFBY_2023_SEC_31_2_3,PMFBY_2023,child,57,140,140,31.2.3,,,Selection Criteria of Empaneled Insurance Companies as Implementing,,HIERARCHY_REVIEW;METADATA_REVIEW;TOPIC_TAG_REVIEW,REVIEW,,"31.2.3 Based on the district-wise and crop-wise actuarial premium rates quoted by the empaneled companies, the total premium amount and weighted average premium rates for cluster of districts will be "
PMFBY_2023_SEC_31_2_4,PMFBY_2023,child,122,140,140,31.2.4,,,Selection Criteria of Empaneled Insurance Companies as Implementing,,HIERARCHY_REVIEW;METADATA_REVIEW;TOPIC_TAG_REVIEW,REVIEW,,31.2.4 State/UTs shall be required to select Insurance Companies for minimum period of three years. Ensuring long-term continuity will facilitate the Insurance Companies to build their credibility amo
PMFBY_2023_SEC_31_2_5,PMFBY_2023,child,67,140,140,31.2.5,,,Selection Criteria of Empaneled Insurance Companies as Implementing,,HIERARCHY_REVIEW;METADATA_REVIEW;TOPIC_TAG_REVIEW,REVIEW,,"31.2.5 The insurance coverage in terms of the number of farmers and acreage should be at least at the level of the corresponding previous season. In case of fall in coverage, DA&FW, GoI may get the fa"
PMFBY_2023_SEC_31_2_6,PMFBY_2023,child,89,140,140,31.2.6,,,Selection Criteria of Empaneled Insurance Companies as Implementing,,HIERARCHY_REVIEW;METADATA_REVIEW;TOPIC_TAG_REVIEW,REVIEW,,"31.2.6 The State/UT Government may provide the requisite data about past yield of the last 10 consecutive years or more, threshold yield, crop-wise sum insured, indemnity level, insurance unit levels,"
PMFBY_2023_SEC_32_1,PMFBY_2023,child,170,140,140,32.1,,,,STRUCTURE_UNCERTAIN,METADATA_REVIEW;TOPIC_TAG_REVIEW,REVIEW,E_STRUCTURE,"32 Clustering/Clubbing of Districts for Bidding by the State/UT

32.1 In order to diversify and spread the risk and cover high risk and low risk districts area without any prejudice, the State Governm"
PMFBY_2023_SEC_32_2,PMFBY_2023,child,74,140,141,32.2,,,,STRUCTURE_UNCERTAIN,METADATA_REVIEW;TOPIC_TAG_REVIEW,REVIEW,E_STRUCTURE,"32.2 The district having a very high risks exposure, i.e., the total Sum Insured (SI) value may also be divided and distributed across clusters, combining sub-districts as a new cluster or clubbing wi"
PMFBY_2023_SEC_32_3,PMFBY_2023,child,103,141,141,32.3,,,,STRUCTURE_UNCERTAIN,METADATA_REVIEW;TOPIC_TAG_REVIEW,REVIEW,E_STRUCTURE,"32.3 The Clustering/ Clubbing of districts should be done to achieve the following objectives:

A. Cluster formation shall be applicable for up to 3 years and shall not be changed

during the contract"
PMFBY_2023_SEC_32_4,PMFBY_2023,child,67,141,141,32.4,,,,STRUCTURE_UNCERTAIN,METADATA_REVIEW;TOPIC_TAG_REVIEW,REVIEW,E_STRUCTURE,"32.4 Hence, one of the major requirements of clustering is the risk analysis of different districts. For the purpose of clustering and clubbing of districts and determination of L1 bidder, the risk is"
PMFBY_2023_SEC_32_5,PMFBY_2023,child,80,141,141,32.5,,,,STRUCTURE_UNCERTAIN,METADATA_REVIEW;TOPIC_TAG_REVIEW,REVIEW,E_STRUCTURE,"32.5 Although high quality long-term yield data is available at IU level since 2016 onwards, but the same is not always reflective of the crop losses especially when the claims on localized risks exce"
PMFBY_2023_SEC_32_6,PMFBY_2023,child,146,141,141,32.6,,,,STRUCTURE_UNCERTAIN,METADATA_REVIEW;TOPIC_TAG_REVIEW,REVIEW,E_STRUCTURE,"32.6 Satellite data, of moderate resolution (e.g. Resource-sat, Advanced Wide Field Sensor (AWiFS), Terra/Aqua MODIS) are available, for the long-term, i.e. at least around 15 years. The long-term Veg"
PMFBY_2023_SEC_32_7,PMFBY_2023,child,38,141,141,32.7,,,,STRUCTURE_UNCERTAIN,METADATA_REVIEW;TOPIC_TAG_REVIEW,REVIEW,E_STRUCTURE,"32.7 The above-listed approaches are only to provide guidance to the State/UTs. The State Governments/UT Administrations are free to follow the recommended approaches, or any other method devised by t"
PMFBY_2023_SEC_32_8,PMFBY_2023,child,30,141,142,32.8,,,,STRUCTURE_UNCERTAIN,METADATA_REVIEW;TOPIC_TAG_REVIEW,REVIEW,E_STRUCTURE,"32.8 The detail illustration for classiﬁcation of risks, clubbing/clustering of risks and districts and determination of L1 bidder are at Annexure-III. 33 Assessment of Performance and De-empanelment "
PMFBY_2023_SEC_33_1,PMFBY_2023,child,62,142,142,33.1,,,,STRUCTURE_UNCERTAIN,METADATA_REVIEW;TOPIC_TAG_REVIEW,REVIEW,E_STRUCTURE,33.1 The performance of the empaneled Insurance Companies shall be closely monitored by the concerned Nodal Department of the State Governments/UT Administrations at the end of the completion of each 
PMFBY_2023_SEC_33_2,PMFBY_2023,child,30,142,142,33.2,,,,STRUCTURE_UNCERTAIN,METADATA_REVIEW;TOPIC_TAG_REVIEW,REVIEW,E_STRUCTURE,"33.2 For the purpose, a detailed performance evaluation matrix containing key performance indicators with assigned weightage shall be notified by DA&FW from time to time and circulated to the stakehol"
PMFBY_2023_SEC_33_3,PMFBY_2023,child,60,142,142,33.3,,,,STRUCTURE_UNCERTAIN,METADATA_REVIEW;TOPIC_TAG_REVIEW,REVIEW,E_STRUCTURE,33.3 The Nodal department at the end of two complete seasons of a year may initiate performance evaluation of the Insurance Companies working in their state on the speciﬁc parameters as prescribed in 
PMFBY_2023_SEC_33_4,PMFBY_2023,child,117,142,142,33.4,,,,STRUCTURE_UNCERTAIN,METADATA_REVIEW;TOPIC_TAG_REVIEW,REVIEW,E_STRUCTURE,33.4 The base data to be used for the evaluation shall be extracted from NCIP by DA&FW and analyzed as per the performance evaluation matrix. The Nodal department of the states/UTs shall be required t
PMFBY_2023_SEC_33_5,PMFBY_2023,child,52,142,142,33.5,,,,STRUCTURE_UNCERTAIN,METADATA_REVIEW;TOPIC_TAG_REVIEW,REVIEW,E_STRUCTURE,"33.5 DA&FW, GoI will have the ﬁnal authority to implement and execute the performance evaluation report after thorough evaluation and validation of facts. DA&FW, GoI may ask for additional data and pr"
PMFBY_2023_SEC_33_6,PMFBY_2023,child,38,142,142,33.6,,,,STRUCTURE_UNCERTAIN,METADATA_REVIEW;TOPIC_TAG_REVIEW,REVIEW,E_STRUCTURE,"33.6 Once the Performance Evaluation report has been accepted and ﬁnalized by DA&FW, GoI, and the corresponding reward and punitive actions will be taken by the Ministry along with similar actions by "
PMFBY_2023_SEC_34_1,PMFBY_2023,child,42,142,142,34.1,,,,STRUCTURE_UNCERTAIN,METADATA_REVIEW;TOPIC_TAG_REVIEW,REVIEW,E_STRUCTURE,"34 Evaluation of Efﬁciency of Nodal Departments of the State/UT

34.1 The efﬁciency evaluation of the State Nodal Department shall also be closely monitored by DA&FW on every 1-year interval through a"
PMFBY_2023_SEC_34_2,PMFBY_2023,child,30,142,142,34.2,,,,STRUCTURE_UNCERTAIN,METADATA_REVIEW;TOPIC_TAG_REVIEW,REVIEW,E_STRUCTURE,"34.2 For the purpose, a detailed performance evaluation matrix containing key performance indicators with assigned weightage shall be notified by DA&FW from time to time and circulated to the stakehol"
PMFBY_2023_SEC_35_1,PMFBY_2023,child,36,142,143,35.1,,,,STRUCTURE_UNCERTAIN,METADATA_REVIEW;TOPIC_TAG_REVIEW,REVIEW,E_STRUCTURE,"35 Evaluation of Efﬁciency of Districts

35.1 The efﬁciency evaluation of the Districts shall also be closely monitored by DA&FW on every 1-year interval through ascertaining the District’s efﬁciency "
PMFBY_2023_SEC_35_2,PMFBY_2023,child,30,143,143,35.2,,,,STRUCTURE_UNCERTAIN,METADATA_REVIEW;TOPIC_TAG_REVIEW,REVIEW,E_STRUCTURE,"35.2 For the purpose, a detailed performance evaluation matrix containing key performance indicators with assigned weightage shall be notified by DA&FW from time to time and circulated to the stakehol"
PMFBY_2023_SEC_35_3,PMFBY_2023,child,37,143,143,35.3,,,,STRUCTURE_UNCERTAIN,METADATA_REVIEW;TOPIC_TAG_REVIEW,REVIEW,E_STRUCTURE,"35.3 Once the Performance Evaluation report has been accepted and ﬁnalized by DA&FW, GoI, the corresponding reward and punitive actions will be taken by the GoI along with similar actions by the Nodal"
PMFBY_2023_SEC_36_1,PMFBY_2023,child,40,143,143,36.1,,,,STRUCTURE_UNCERTAIN,METADATA_REVIEW;TOPIC_TAG_REVIEW,REVIEW,E_STRUCTURE,"36 Evaluation of Efﬁciency of Banks

36.1 The efficiency and evaluation of the performance of the Financial Institutions shall be carried out by DA&FW on every 1-year interval as per the Performance e"
PMFBY_2023_SEC_36_2,PMFBY_2023,child,30,143,143,36.2,,,,STRUCTURE_UNCERTAIN,METADATA_REVIEW;TOPIC_TAG_REVIEW,REVIEW,E_STRUCTURE,"36.2 For the purpose, a detailed performance evaluation matrix containing key performance indicators with assigned weightage shall be notified by DA&FW from time to time and circulated to the stakehol"
PMFBY_2023_SEC_37_1,PMFBY_2023,child,37,143,143,37.1,,,,STRUCTURE_UNCERTAIN,METADATA_REVIEW;TOPIC_TAG_REVIEW,REVIEW,E_STRUCTURE,"37 Evaluation of Efﬁciency of CSC-VLEs

37.1 The efficiency and evaluation of the performance of CSC-SPV shall be carried out by DA&FW on every 1-year interval as per the Performance evaluation matrix"
PMFBY_2023_SEC_37_2,PMFBY_2023,child,62,143,143,37.2,,,,STRUCTURE_UNCERTAIN,METADATA_REVIEW;TOPIC_TAG_REVIEW,REVIEW,E_STRUCTURE,"37.2 For the purpose, a detailed performance evaluation matrix containing key performance indicators with assigned weightage shall be notified by DA&FW from time to time and circulated to the stakehol"
PMFBY_2023_SEC_38_1_1,PMFBY_2023,child,35,143,143,38.1.1,,,,STRUCTURE_UNCERTAIN,METADATA_REVIEW;TOPIC_TAG_REVIEW,REVIEW,E_STRUCTURE,"38.1.1 Support and Coordination with the State Governments/UT Administrations for implementation of PMFBY including awareness creation, publicity and the issuance of necessary instructions and Operati"
PMFBY_2023_SEC_38_1_2,PMFBY_2023,child,25,143,143,38.1.2,,,,STRUCTURE_UNCERTAIN,METADATA_REVIEW;TOPIC_TAG_REVIEW,REVIEW,E_STRUCTURE,"38.1.2 Issue of directives to RBI, NABARD, Commercial Banks, RRBs and Cooperatives for compliance with the terms and conditions of PMFBY and its operational modalities."
PMFBY_2023_SEC_38_1_3,PMFBY_2023,child,46,143,143,38.1.3,,,"Design, development, operationalization and maintenance of National Crop",STRUCTURE_UNCERTAIN,METADATA_REVIEW;TOPIC_TAG_REVIEW,REVIEW,E_STRUCTURE,"38.1.3 Design, development, operationalization and maintenance of National Crop Insurance Portal (NCIP), WINDS Portal, KRPH Portal, YES-TECH Portal, LMS Portal, etc. and various mobile applications in"
PMFBY_2023_SEC_38_1_4,PMFBY_2023,child,20,144,144,38.1.4,,,,STRUCTURE_UNCERTAIN,METADATA_REVIEW;TOPIC_TAG_REVIEW,REVIEW,E_STRUCTURE,38.1.4 Setting up of the Central Program Management Unit (CPMU) with adequate infrastructure and expertise as deﬁned in Para 15.
PMFBY_2023_SEC_38_1_5,PMFBY_2023,child,32,144,144,38.1.5,,,,STRUCTURE_UNCERTAIN,METADATA_REVIEW;TOPIC_TAG_REVIEW,REVIEW,E_STRUCTURE,38.1.5 Constitution of Technical Advisory Committee and operationalization of central TAC as deﬁned in Para 19.3 to take up matters/disputes referred to it by any of the stakeholders for resolution an
PMFBY_2023_SEC_38_1_6,PMFBY_2023,child,19,144,144,38.1.6,,,,SHORT_CHUNK;STRUCTURE_UNCERTAIN,METADATA_REVIEW;TOPIC_TAG_REVIEW,REVIEW,B_SHORT;E_STRUCTURE,38.1.6 Facilitate States in strengthening of AWS/ARG network under WINDS by providing financial support as outlined in Para 7.6.10
PMFBY_2023_SEC_38_1_7,PMFBY_2023,child,41,144,144,38.1.7,,,,STRUCTURE_UNCERTAIN,METADATA_REVIEW;TOPIC_TAG_REVIEW,REVIEW,E_STRUCTURE,38.1.7 To release central share of premium subsidy as outlined in Para 6.1.6 & 6.1.7 and to release claim liabilities under Cup & Cap (60-130) & Profit & Loss Sharing Models under ARTM as outlined in 
PMFBY_2023_SEC_38_1_8,PMFBY_2023,child,23,144,144,38.1.8,,,,STRUCTURE_UNCERTAIN,METADATA_REVIEW;TOPIC_TAG_REVIEW,REVIEW,E_STRUCTURE,38.1.8 To release balance tranches of premium subsidy for the season to the concerned Insurance Companies as per the enrollment statistics on NCIP.
PMFBY_2023_SEC_38_1_9,PMFBY_2023,child,49,144,144,38.1.9,,,,STRUCTURE_UNCERTAIN,METADATA_REVIEW;TOPIC_TAG_REVIEW,REVIEW,E_STRUCTURE,"38.1.9 To review and monitor the implementation of PMFBY including premium rates, product-benchmarking and other matters and issue necessary directives to Insurance Companies, Banks, CSC e-Gov, Insura"
PMFBY_2023_SEC_38_1_10,PMFBY_2023,child,50,144,144,38.1.10,,,,STRUCTURE_UNCERTAIN,METADATA_REVIEW;TOPIC_TAG_REVIEW,REVIEW,E_STRUCTURE,"38.1.10 To organize Capacity building trainings and workshops for the State Governments/UT Administrations, Banks, CSC-eGIv/VLEs, Insurance Intermediaries, Technical Partners ((MITRs, TIPs, WIPs)) and"
PMFBY_2023_SEC_38_1_11,PMFBY_2023,child,29,144,144,38.1.11,,,,STRUCTURE_UNCERTAIN,METADATA_REVIEW;TOPIC_TAG_REVIEW,REVIEW,E_STRUCTURE,"38.1.11 To provide necessary assistance, guidance and resources for adoption of new technology for ensuring transparency, objectivity, better administration of Scheme and timely payment of claims to i"
PMFBY_2023_SEC_38_1_12,PMFBY_2023,child,45,144,144,38.1.12,,,,STRUCTURE_UNCERTAIN,METADATA_REVIEW;TOPIC_TAG_REVIEW,REVIEW,E_STRUCTURE,"38.1.12 To utilize 0.25% of the total Gross Premium (out of 0.5% of the total Gross Premium earmarked for awareness, publicity & capacity building) pooled at the central level to ensure sustainable an"
PMFBY_2023_SEC_38_1_13,PMFBY_2023,child,23,144,144,38.1.13,,,,STRUCTURE_UNCERTAIN,METADATA_REVIEW;TOPIC_TAG_REVIEW,REVIEW,E_STRUCTURE,38.1.13 To develop Technology related protocols including the protocols for Smart Sampling Techniques and Technology Based yield estimation for claim assessment and disbursement.
PMFBY_2023_SEC_38_1_14,PMFBY_2023,child,62,144,144,38.1.14,,,"Empanelment of Insurance Companies, constitutions of various committees",STRUCTURE_UNCERTAIN,METADATA_REVIEW;TOPIC_TAG_REVIEW,REVIEW,E_STRUCTURE,"38.1.14 Empanelment of Insurance Companies, constitutions of various committees including YES-TECH, WINDS, Central TAC, SARTHI (Sandbox for Agricultural & Rural Security, Technology & Insurance) Commi"
PMFBY_2023_SEC_38_1_15,PMFBY_2023,child,47,144,145,38.1.15,,,,STRUCTURE_UNCERTAIN,METADATA_REVIEW;TOPIC_TAG_REVIEW,REVIEW,E_STRUCTURE,38.1.15 Fostering experimentation and innovation for the creation of new Agri-insurance products under Agri-Sandbox framework for quicker adoption of technological developments and enhanced risk prote
PMFBY_2023_SEC_38_1_16,PMFBY_2023,child,40,145,145,38.1.16,,,,STRUCTURE_UNCERTAIN,METADATA_REVIEW;TOPIC_TAG_REVIEW,REVIEW,E_STRUCTURE,"38.1.16 Interpretation of any provision of the Scheme, decision in any aspects of the acceptance of risk or any dispute in settlement of claims between the stakeholders, and facilitation of stakeholde"
PMFBY_2023_SEC_38_1_17,PMFBY_2023,child,29,145,145,38.1.17,,,,STRUCTURE_UNCERTAIN,METADATA_REVIEW;TOPIC_TAG_REVIEW,REVIEW,E_STRUCTURE,"38.1.17 To issue clarifications for the interpretation of these guidelines. The advisories, directions or clarifications issued by DA&FW, GoI shall also be considered as a part of these guidelines."
PMFBY_2023_SEC_38_1_18,PMFBY_2023,child,33,145,145,38.1.18,,,,STRUCTURE_UNCERTAIN,METADATA_REVIEW;TOPIC_TAG_REVIEW,REVIEW,E_STRUCTURE,"38.1.18 To amend & issue Operational Guidelines of PMFBY, amendments of manual of YESTECH, WINDS, CROPIC, KRPH, LMS, guidelines of FIAT and SOP/Manuals of various other interventions under PMFBY from "
PMFBY_2023_SEC_38_2,PMFBY_2023,parent,4,145,145,38.2,,,State Government/UT Administration,SHORT_CHUNK;STRUCTURE_UNCERTAIN,METADATA_REVIEW;TOPIC_TAG_REVIEW,REVIEW,B_SHORT;E_STRUCTURE,38.2 State Government/UT Administration
PMFBY_2023_SEC_38_2_1,PMFBY_2023,child,44,145,145,38.2.1,,,State Government/UT Administration,,METADATA_REVIEW;TOPIC_TAG_REVIEW,REVIEW,,38.2.1 To constitute the SLCCCI with adequate representation of all stakeholders as detailed in Para 6.1.9. The composition of SLCCCI may be strengthened suitably from time to time to give representat
PMFBY_2023_SEC_38_2_2,PMFBY_2023,child,40,145,145,38.2.2,,,State Government/UT Administration,,METADATA_REVIEW;TOPIC_TAG_REVIEW,REVIEW,,38.2.2 To set up and notify State level Technical Advisory Committee (STAC) and State level Grievance Redressal Committee (SGRC) at State/UT level in order to take up matters/disputes referred to it b
PMFBY_2023_SEC_38_2_3,PMFBY_2023,child,49,145,145,38.2.3,,,State Government/UT Administration,,METADATA_REVIEW;TOPIC_TAG_REVIEW,REVIEW,,"38.2.3 To set up and notify the District Level Monitoring Committee (DLMC), District Level Grievance Redressal Committee (DGRC), District Level Joint Committee (DJLC) for crop damage assessment and Di"
PMFBY_2023_SEC_38_2_4,PMFBY_2023,child,45,145,145,38.2.4,,,State Government/UT Administration,,METADATA_REVIEW;TOPIC_TAG_REVIEW,REVIEW,,"38.2.4 To hold SLCCCI meeting well in advance to ﬁnalize clusters, issue bid document & notice, selection of Implementing Agency and issuance of Notiﬁcation. Notiﬁcation of the State/UT Government sha"
PMFBY_2023_SEC_38_2_5,PMFBY_2023,child,32,145,145,38.2.5,,,State Government/UT Administration,,METADATA_REVIEW;TOPIC_TAG_REVIEW,REVIEW,,38.2.5 To publish bid document for selection of TIPs and WIPs for implementation of YES- TECH and WINDS under the scheme as per respective manuals issued by GoI from time to time.
PMFBY_2023_SEC_38_2_6,PMFBY_2023,child,30,145,145,38.2.6,,,State Government/UT Administration,,METADATA_REVIEW;TOPIC_TAG_REVIEW,REVIEW,,"38.2.6 To take suitable action for adoption of new technology solutions including YES- TECH, CROPIC, WINDS Smart Sampling Technique (SST), etc., for early loss assessment and better administration of "
PMFBY_2023_SEC_38_2_7,PMFBY_2023,child,18,145,145,38.2.7,,,State Government/UT Administration,SHORT_CHUNK,METADATA_REVIEW;TOPIC_TAG_REVIEW,REVIEW,B_SHORT,"38.2.7 To issue necessary directives to all agencies, institutions, Government departments and Committees involved in implementation of Scheme."
PMFBY_2023_SEC_38_2_8,PMFBY_2023,child,42,145,145,38.2.8,,,State Government/UT Administration,,METADATA_REVIEW;TOPIC_TAG_REVIEW,REVIEW,,38.2.8 Notify insurance unit area at Village or Village Panchayat or other equivalent units for major crops. Unit size may be above the level of Village or Village Panchayat for other crops as per the
PMFBY_2023_SEC_38_2_9,PMFBY_2023,child,75,146,146,38.2.9,,,State Government/UT Administration,,HIERARCHY_REVIEW;METADATA_REVIEW;TOPIC_TAG_REVIEW,REVIEW,,"38.2.9 To furnish in advance insurance unit-wise (or of higher unit, if unit level data not available) yield data of past 10 years of all crops notiﬁed under PMFBY, previous 10 years season-wise, crop"
PMFBY_2023_SEC_38_2_10,PMFBY_2023,child,34,146,146,38.2.10,,,State Government/UT Administration,,HIERARCHY_REVIEW;METADATA_REVIEW;TOPIC_TAG_REVIEW,REVIEW,,38.2.10 Issuance of necessary instructions to the WIPs implementing WINDS and the Regional Meteorological Centers of IMD for maintenance and supply of weather data as per standards and specifications 
PMFBY_2023_SEC_38_2_11,PMFBY_2023,child,36,146,146,38.2.11,,,State Government/UT Administration,,HIERARCHY_REVIEW;METADATA_REVIEW;TOPIC_TAG_REVIEW,REVIEW,,"38.2.11 Plan and conduct awareness and publicity three months prior to the start of the coverage period, to maximize coverage of the farmers especially non-loanee farmers in co-ordination with impleme"
PMFBY_2023_SEC_38_2_12,PMFBY_2023,child,42,146,146,38.2.12,,,State Government/UT Administration,,HIERARCHY_REVIEW;METADATA_REVIEW;TOPIC_TAG_REVIEW,REVIEW,,"38.2.12 To release state share of premium subsidy as outlined in Para 6.1.6 & 6.1.7 and to release claim liabilities under Cup & Cap (80-110, 60-130) & Profit & Loss Sharing Models under ARTM as outli"
PMFBY_2023_SEC_38_2_13,PMFBY_2023,child,23,146,146,38.2.13,,,State Government/UT Administration,,HIERARCHY_REVIEW;METADATA_REVIEW;TOPIC_TAG_REVIEW,REVIEW,,38.2.13 To release balance tranches of premium subsidy for the season to the concerned insurance companies as per the enrollment statistics on NCIP.
PMFBY_2023_SEC_38_2_14,PMFBY_2023,child,31,146,146,38.2.14,,,State Government/UT Administration,,HIERARCHY_REVIEW;METADATA_REVIEW;TOPIC_TAG_REVIEW,REVIEW,,38.2.14 Submission of yield data for all notiﬁed crops and insurance units to the insurance companies in a standard template in an electronic form on the NCIP within the stipulated timelines.
PMFBY_2023_SEC_38_2_15,PMFBY_2023,child,46,146,146,38.2.15,,,State Government/UT Administration,,HIERARCHY_REVIEW;METADATA_REVIEW;TOPIC_TAG_REVIEW,REVIEW,,38.2.15 Assist the insurance companies for assessment of crop loss of the individual insured farmers caused by localized perils and also assist in assessment of the post-harvest losses. Also to notify
PMFBY_2023_SEC_38_2_16,PMFBY_2023,child,42,146,146,38.2.16,,,State Government/UT Administration,,HIERARCHY_REVIEW;METADATA_REVIEW;TOPIC_TAG_REVIEW,REVIEW,,38.2.16 To conduct requisite number of CCEs using CCE Agri App of GoI in the notiﬁed area as per the GCES/State manual. Provide the yield data to the Insurance Company within the prescribed cut-off da
PMFBY_2023_SEC_38_2_17,PMFBY_2023,child,46,146,146,38.2.17,,,State Government/UT Administration,,HIERARCHY_REVIEW;METADATA_REVIEW;TOPIC_TAG_REVIEW,REVIEW,,38.2.17 To approve Actual Yield (AY) & Threshold Yield (TY) data under PMFBY on NCIP and approve loss cost under RWBCIS in order to enable Insurance Companies to accept the AY & TY data & loss cost un
PMFBY_2023_SEC_38_2_18,PMFBY_2023,child,56,146,146,38.2.18,,,State Government/UT Administration,,HIERARCHY_REVIEW;METADATA_REVIEW;TOPIC_TAG_REVIEW,REVIEW,,38.2.18 To provide relevant documents to the Insurance companies for those CCEs co-observed by them. It is only in cases of CCEs co-observed by Insurance Companies that they can raise objections in ca
PMFBY_2023_SEC_38_2_19,PMFBY_2023,child,20,146,146,38.2.19,,,State Government/UT Administration,,HIERARCHY_REVIEW;METADATA_REVIEW;TOPIC_TAG_REVIEW,REVIEW,,38.2.19 To notify district-wise and crop-wise seasonality discipline including onset of sowing dates and cut-off date for completion of harvesting.
PMFBY_2023_SEC_38_2_20,PMFBY_2023,child,21,146,146,38.2.20,,,State Government/UT Administration,,HIERARCHY_REVIEW;METADATA_REVIEW;TOPIC_TAG_REVIEW,REVIEW,,"38.2.20 To provide crop-wise, IU-wise data of normal area sown and notify cut-off dates for invoking provisions of prevented/failed sowing/transplantation/germination clause."
PMFBY_2023_SEC_38_2_21,PMFBY_2023,child,20,147,147,38.2.21,,,State Government/UT Administration,,HIERARCHY_REVIEW;METADATA_REVIEW;TOPIC_TAG_REVIEW,REVIEW,,38.2.21 Approval of CCE data on NCIP and uploading of missing CCE data to facilitate calculation of claims on portal.
PMFBY_2023_SEC_38_2_22,PMFBY_2023,child,27,147,147,38.2.22,,,State Government/UT Administration,,HIERARCHY_REVIEW;METADATA_REVIEW;TOPIC_TAG_REVIEW,REVIEW,,38.2.22 Ensure mandatory use of Mobile Application and other technology solutions like RST for improvement in the quality of CCEs and digitization of CCE-wise yield on NCIP.
PMFBY_2023_SEC_38_2_23,PMFBY_2023,child,13,147,147,38.2.23,,,State Government/UT Administration,SHORT_CHUNK,HIERARCHY_REVIEW;METADATA_REVIEW;TOPIC_TAG_REVIEW,REVIEW,B_SHORT,38.2.23 Setting up of the State PMU with adequate infrastructure and domain expertise.
PMFBY_2023_SEC_38_2_24,PMFBY_2023,child,30,147,147,38.2.24,,,State Government/UT Administration,,HIERARCHY_REVIEW;METADATA_REVIEW;TOPIC_TAG_REVIEW,REVIEW,,38.2.24 To provide ofﬁce space to implementing Insurance Companies at its District/Tehsil/Block ofﬁce. The States/UT may charge suitable payment for such accommodation offered to Insurance Company as 
PMFBY_2023_SEC_38_2_25,PMFBY_2023,child,17,147,147,38.2.25,,,State Government/UT Administration,SHORT_CHUNK,HIERARCHY_REVIEW;METADATA_REVIEW;TOPIC_TAG_REVIEW,REVIEW,B_SHORT,38.2.25 To undertake performance evaluation of implementing Insurance Companies and calculate financial penalty as per Operational Guidelines.
PMFBY_2023_SEC_38_2_26,PMFBY_2023,child,17,147,147,38.2.26,,,State Government/UT Administration,SHORT_CHUNK,HIERARCHY_REVIEW;METADATA_REVIEW;TOPIC_TAG_REVIEW,REVIEW,B_SHORT,"38.2.26 Timely and correct preparation, updation and digitization of Village level master (Location master) on the NCIP."
PMFBY_2023_SEC_38_2_27,PMFBY_2023,child,28,147,147,38.2.27,,,State Government/UT Administration,,HIERARCHY_REVIEW;METADATA_REVIEW;TOPIC_TAG_REVIEW,REVIEW,,38.2.27 Ensure no condition is enforced in violation of the provisions mentioned in the Operational Guidelines while publishing the tender or selection of bidders and implementation of scheme.
PMFBY_2023_SEC_38_3,PMFBY_2023,parent,6,147,147,38.3,,,Central PMUs and State PMUs,SHORT_CHUNK;STRUCTURE_UNCERTAIN,METADATA_REVIEW;TOPIC_TAG_REVIEW,REVIEW,B_SHORT;E_STRUCTURE,38.3 Central PMUs and State PMUs
PMFBY_2023_SEC_38_3_1,PMFBY_2023,child,14,147,147,38.3.1,,,Central PMUs and State PMUs,SHORT_CHUNK,METADATA_REVIEW;TOPIC_TAG_REVIEW,REVIEW,B_SHORT,38.3.1 Monitoring of the implementation of Crop Insurance Schemes at national and State/UT level.
PMFBY_2023_SEC_38_3_2,PMFBY_2023,child,21,147,147,38.3.2,,,Central PMUs and State PMUs,,METADATA_REVIEW;TOPIC_TAG_REVIEW,REVIEW,,"38.3.2 Calculation of Scheme-wise/season-wise/crop-wise Loss Cost, evaluation of bids received and providing actuarial analysis to the GoI and State Governments/UT Administrations."
PMFBY_2023_SEC_38_3_3,PMFBY_2023,child,24,147,147,38.3.3,,,Central PMUs and State PMUs,,METADATA_REVIEW;TOPIC_TAG_REVIEW,REVIEW,,38.3.3 Design & development parametric products and multi-peril hybrid products for the crop / areas based on the local weather conditions and underlying risks.
PMFBY_2023_SEC_38_3_4,PMFBY_2023,child,16,147,147,38.3.4,,,Central PMUs and State PMUs,SHORT_CHUNK,METADATA_REVIEW;TOPIC_TAG_REVIEW,REVIEW,B_SHORT,38.3.4 Appraisal/ benchmarking and standardization of crop insurance products (weather based) for various participating Insurance Companies.
PMFBY_2023_SEC_38_3_5,PMFBY_2023,child,18,147,147,38.3.5,,,Central PMUs and State PMUs,SHORT_CHUNK,METADATA_REVIEW;TOPIC_TAG_REVIEW,REVIEW,B_SHORT,"38.3.5 Undertake the evaluation, impact & correlation studies for various activities being performed and executed under the scheme."
PMFBY_2023_SEC_38_3_6,PMFBY_2023,child,16,147,147,38.3.6,,,Central PMUs and State PMUs,SHORT_CHUNK,METADATA_REVIEW;TOPIC_TAG_REVIEW,REVIEW,B_SHORT,"38.3.6 To undertake awareness, capacity building and training of all the stakeholders engaged in crop insurance."
PMFBY_2023_SEC_38_3_7,PMFBY_2023,child,14,147,147,38.3.7,,,Central PMUs and State PMUs,SHORT_CHUNK,METADATA_REVIEW;TOPIC_TAG_REVIEW,REVIEW,B_SHORT,38.3.7 To provide technical input to Government & Insurance Companies regarding crop insurance products.
PMFBY_2023_SEC_38_3_8,PMFBY_2023,child,30,147,147,38.3.8,,,Central PMUs and State PMUs,,METADATA_REVIEW;TOPIC_TAG_REVIEW,REVIEW,,"38.3.8 To develop methodology for crop loss assessment & yield estimation including assessment through remote sensing, suggest improvements in the method for yield assessment through CCEs & other alte"
PMFBY_2023_SEC_38_3_9,PMFBY_2023,child,30,147,147,38.3.9,,,Central PMUs and State PMUs,,METADATA_REVIEW;TOPIC_TAG_REVIEW,REVIEW,,"38.3.9 Development of integrated database for crop insurance, data analytics of data as available on NCIP for monitoring and other strategic interventions by the GoI and the State Governments/UT Admin"
PMFBY_2023_SEC_38_3_10,PMFBY_2023,child,16,148,148,38.3.10,,,Central PMUs and State PMUs,SHORT_CHUNK,HIERARCHY_REVIEW;METADATA_REVIEW;TOPIC_TAG_REVIEW,REVIEW,B_SHORT,38.3.10 Development of effective and objective Monitoring & Evaluation (M&E) Framework & Management Information System (MIS).
PMFBY_2023_SEC_38_3_11,PMFBY_2023,child,27,148,148,38.3.11,,,Central PMUs and State PMUs,,HIERARCHY_REVIEW;METADATA_REVIEW;TOPIC_TAG_REVIEW,REVIEW,,"38.3.11 To undertake other related works/activities entrusted by the DA&FW, GoI and the work/activities referred by the State Governments/UT Administrations to GoI for technical assessment and feedbac"
PMFBY_2023_SEC_38_4,PMFBY_2023,parent,4,148,148,38.4,,,Insurance Companies (ICs),SHORT_CHUNK;STRUCTURE_UNCERTAIN,METADATA_REVIEW;TOPIC_TAG_REVIEW,REVIEW,B_SHORT;E_STRUCTURE,38.4 Insurance Companies (ICs)
PMFBY_2023_SEC_38_4_1,PMFBY_2023,child,24,148,148,38.4.1,,,Insurance Companies (ICs),,METADATA_REVIEW;TOPIC_TAG_REVIEW,REVIEW,,38.4.1 To liaise with State Governments/UT Administrations and Agencies/ Institutions & Committees involved in the implementation of PMFBY and regular participation in meetings conducted.
PMFBY_2023_SEC_38_4_2,PMFBY_2023,child,31,148,148,38.4.2,,,Insurance Companies (ICs),,METADATA_REVIEW;TOPIC_TAG_REVIEW,REVIEW,,"38.4.2 To undertake risk underwriting-responsibilities, claim settlement & grievance redressal for acceptance of risk and processing claim liabilities strictly as an in-house activity. It should not b"
PMFBY_2023_SEC_38_4_3,PMFBY_2023,child,35,148,148,38.4.3,,,Insurance Companies (ICs),,METADATA_REVIEW;TOPIC_TAG_REVIEW,REVIEW,,38.4.3 To process claims on receipt of crop damage & yield data from States/UTs and remittance of claims directly into farmers’ bank account through NCIP using the DigiClaim module of NCIP within the 
PMFBY_2023_SEC_38_4_4,PMFBY_2023,child,22,148,148,38.4.4,,,Insurance Companies (ICs),,METADATA_REVIEW;TOPIC_TAG_REVIEW,REVIEW,,"38.4.4 Obtain re-insurance arrangements, if necessary for diversifying the underlying risk with rated re-insurers as per the regulatory provisions on the same."
PMFBY_2023_SEC_38_4_5,PMFBY_2023,child,54,148,148,38.4.5,,,Insurance Companies (ICs),,METADATA_REVIEW;TOPIC_TAG_REVIEW,REVIEW,,38.4.5 To verify the land records and other details of farmers immediately after the cut-off date for data uploading is over but before the onset of crop harvesting and arrival of actual yield data. N
PMFBY_2023_SEC_38_4_6,PMFBY_2023,child,49,148,148,38.4.6,,,Insurance Companies (ICs),,METADATA_REVIEW;TOPIC_TAG_REVIEW,REVIEW,,38.4.6 Share the details of the designated insurance intermediaries with the State/UTs before the inception of non-loanee farmers’ enrolment for the season to the concerned authority. Also share the l
PMFBY_2023_SEC_38_4_7,PMFBY_2023,child,21,148,148,38.4.7,,,Insurance Companies (ICs),,METADATA_REVIEW;TOPIC_TAG_REVIEW,REVIEW,,"38.4.7 Ensure timely payment of commission/ service charges to Banks, CSC e-Gov, BCs & Insurance Intermediaries for implementation of the Scheme."
PMFBY_2023_SEC_38_4_8,PMFBY_2023,child,66,148,148,38.4.8,,,Insurance Companies (ICs),,METADATA_REVIEW;TOPIC_TAG_REVIEW,REVIEW,,"38.4.8 To undertake extensive efforts to create awareness, education and generate publicity about the scheme at the grass-root level including for bank branches, VLEs, BCs, State & District level offi"
PMFBY_2023_SEC_38_4_9,PMFBY_2023,child,16,148,148,38.4.9,,,Insurance Companies (ICs),SHORT_CHUNK,METADATA_REVIEW;TOPIC_TAG_REVIEW,REVIEW,B_SHORT,"38.4.9 Provide requisite reports, statistics and information demanded by the GoI and the State Governments/UT Administrations."
PMFBY_2023_SEC_38_4_10,PMFBY_2023,child,29,148,148,38.4.10,,,Insurance Companies (ICs),,METADATA_REVIEW;TOPIC_TAG_REVIEW,REVIEW,,"38.4.10 Handhold Bank branches, VLEs and Insurance Intermediaries and facilitate their training and capacity building especially in terms of timely digitizing details of the insured farmers on the NCI"
PMFBY_2023_SEC_38_4_11,PMFBY_2023,child,30,148,149,38.4.11,,,Insurance Companies (ICs),,HIERARCHY_REVIEW;METADATA_REVIEW;TOPIC_TAG_REVIEW,REVIEW,,38.4.11 Ensure insurance intermediaries and other channel partners use AIDE App for farmers’ enrollment to make the entire process paperless and cashless and enable enrollment of farmers at their door
PMFBY_2023_SEC_38_4_12,PMFBY_2023,child,48,149,149,38.4.12,,,Insurance Companies (ICs),,HIERARCHY_REVIEW;METADATA_REVIEW;TOPIC_TAG_REVIEW,REVIEW,,"38.4.12 Redressal of all queries, complaints and grievances within the time frame fixed by DA&FW, GoI under the KRPH framework and integration of the Grievance Redressal system of Insurance Companies "
PMFBY_2023_SEC_38_4_13,PMFBY_2023,child,38,149,149,38.4.13,,,Insurance Companies (ICs),,HIERARCHY_REVIEW;METADATA_REVIEW;TOPIC_TAG_REVIEW,REVIEW,,"38.4.13 The coverage of eligible loanee farmers should be carried out by Insurance Companies through the bank branches, Coverage of non-loanee farmers or the farmers not willing to enroll through bank"
PMFBY_2023_SEC_38_4_14,PMFBY_2023,child,148,149,149,38.4.14,,,Insurance Companies (ICs),,HIERARCHY_REVIEW;METADATA_REVIEW;TOPIC_TAG_REVIEW,REVIEW,,38.4.14 To establish a functional ofﬁce at the sub-district level i.e. Tehsil/Block level in each District and at least one personnel to be deployed at each Tehsil/Block level ofﬁce in the allocated D
PMFBY_2023_SEC_38_4_15,PMFBY_2023,child,17,149,149,38.4.15,,,Insurance Companies (ICs),SHORT_CHUNK,HIERARCHY_REVIEW;METADATA_REVIEW;TOPIC_TAG_REVIEW,REVIEW,B_SHORT,38.4.15 To deploy sufﬁcient manpower to co-observe CCEs and allied activities. Ensure compulsory co-observance through CCE-Agri App.
PMFBY_2023_SEC_38_4_16,PMFBY_2023,child,39,149,149,38.4.16,,,Insurance Companies (ICs),,HIERARCHY_REVIEW;METADATA_REVIEW;TOPIC_TAG_REVIEW,REVIEW,,"38.4.16 At the beginning of each crop season, concerned Insurance Companies need to prepare a stakeholder-wise micro level IEC and training activity plan and ensure strict implementation of the same a"
PMFBY_2023_SEC_38_4_17,PMFBY_2023,child,29,149,149,38.4.17,,,Insurance Companies (ICs),,HIERARCHY_REVIEW;METADATA_REVIEW;TOPIC_TAG_REVIEW,REVIEW,,"38.4.17 To assist the States/UTs, Insurance Intermediaries & CSC-VLEs with the requisite reports/updates, for reconciliation of premium, payable/paid claims, application data, service charges etc. for"
PMFBY_2023_SEC_38_4_18,PMFBY_2023,child,18,149,149,38.4.18,,,Insurance Companies (ICs),SHORT_CHUNK,HIERARCHY_REVIEW;METADATA_REVIEW;TOPIC_TAG_REVIEW,REVIEW,B_SHORT,38.4.18 To provide necessary inputs to the State Governments/UT Administration/SLCCCI as required as per the notiﬁcation or otherwise.
PMFBY_2023_SEC_38_4_19,PMFBY_2023,child,50,149,149,38.4.19,,,Insurance Companies (ICs),,HIERARCHY_REVIEW;METADATA_REVIEW;TOPIC_TAG_REVIEW,REVIEW,,"38.4.19 To implement the scheme as per the provisions of the Operational Guidelines, Advisories, Manuals and SOPs issued by GoI from time to time and comply with the terms and conditions of the tender"
PMFBY_2023_SEC_38_5,PMFBY_2023,parent,3,149,149,38.5,,,Financial Institutions/Banks,SHORT_CHUNK;STRUCTURE_UNCERTAIN,METADATA_REVIEW;TOPIC_TAG_REVIEW,REVIEW,B_SHORT;E_STRUCTURE;D_TOP20_SHORT,38.5 Financial Institutions/Banks
PMFBY_2023_SEC_38_5_1,PMFBY_2023,child,28,149,149,38.5.1,,,Financial Institutions/Banks,,METADATA_REVIEW;TOPIC_TAG_REVIEW,REVIEW,,"38.5.1 For the purpose of PMFBY, scheduled banking institutions engaged in disbursing KCC loan as per relevant guidelines of DA&FW, GoI, and NABARD/RBI shall be reckoned as Banks."
PMFBY_2023_SEC_38_5_2,PMFBY_2023,child,35,150,150,38.5.2,,,Financial Institutions/Banks,,HIERARCHY_REVIEW;METADATA_REVIEW;TOPIC_TAG_REVIEW,REVIEW,,"38.5.2 To comply with the Operational Guidelines, Notiﬁcation, as well as other directives, of the GoI and the State Governments/UT Administrations etc. and transact the requisite functions on NCIP wi"
PMFBY_2023_SEC_38_5_3,PMFBY_2023,child,21,150,150,38.5.3,,,Financial Institutions/Banks,,HIERARCHY_REVIEW;METADATA_REVIEW;TOPIC_TAG_REVIEW,REVIEW,,"38.5.3 To communicate notiﬁcation, as well as other directives, guidelines, etc. to all agencies & branches that fall within their jurisdiction."
PMFBY_2023_SEC_38_5_4,PMFBY_2023,child,22,150,150,38.5.4,,,Financial Institutions/Banks,,HIERARCHY_REVIEW;METADATA_REVIEW;TOPIC_TAG_REVIEW,REVIEW,,38.5.4 To ensure that all agencies within their jurisdiction sanction additional loan component to loanee farmers towards insurance premium payable by them.
PMFBY_2023_SEC_38_5_5,PMFBY_2023,child,19,150,150,38.5.5,,,Financial Institutions/Banks,SHORT_CHUNK,HIERARCHY_REVIEW;METADATA_REVIEW;TOPIC_TAG_REVIEW,REVIEW,B_SHORT,38.5.5 To assist all farmers who want to opt-out from the scheme and maintain records of all opt-out applications.
PMFBY_2023_SEC_38_5_6,PMFBY_2023,child,56,150,150,38.5.6,,,Financial Institutions/Banks,,HIERARCHY_REVIEW;METADATA_REVIEW;TOPIC_TAG_REVIEW,REVIEW,,38.5.6 To ensure that all service (subordinate) bank branches within their jurisdiction serve all non-loanee farmers desiring and eligible to take insurance cover under PMFBY. Such a service will incl
PMFBY_2023_SEC_38_5_7,PMFBY_2023,child,32,150,150,38.5.7,,,Financial Institutions/Banks,,HIERARCHY_REVIEW;METADATA_REVIEW;TOPIC_TAG_REVIEW,REVIEW,,38.5.7 To ensure that the premium for both loanee and non-loanee farmers shall be remitted to the concerned Insurance Companies and the related data is uploaded on NCIP within the prescribed time.
PMFBY_2023_SEC_38_5_8,PMFBY_2023,child,118,150,150,38.5.8,,,Financial Institutions/Banks,,HIERARCHY_REVIEW;METADATA_REVIEW;TOPIC_TAG_REVIEW,REVIEW,,"38.5.8 Lead Bank/Administrative Ofﬁces of Banks should ensure that all farmers sanctioned crop loans/seasonal operational loans, i.e., KCC loan for notiﬁed crop(s) are necessarily insured (except for "
PMFBY_2023_SEC_38_5_9,PMFBY_2023,child,103,150,150,38.5.9,,,Financial Institutions/Banks,,HIERARCHY_REVIEW;METADATA_REVIEW;TOPIC_TAG_REVIEW,REVIEW,,38.5.9 To ensure digitization of insured farmer details on NCIP along with details of remittance of premium within stipulated time. The consolidated premium of farmers' share will be remitted electron
PMFBY_2023_SEC_38_5_10,PMFBY_2023,child,89,150,150,38.5.10,,,Financial Institutions/Banks,,HIERARCHY_REVIEW;METADATA_REVIEW;TOPIC_TAG_REVIEW,REVIEW,,"38.5.10 To respond to the clarifications or rectification sought by the Insurance Companies within 7 days. The banks should cross-check with their records and aberrations, if any, should be brought to"
PMFBY_2023_SEC_38_5_11,PMFBY_2023,child,28,151,151,38.5.11,,,Financial Institutions/Banks,,HIERARCHY_REVIEW;METADATA_REVIEW;TOPIC_TAG_REVIEW,REVIEW,,"38.5.11 To assist the States/UTs & Insurance Companies with the requisite reports/updates, for reconciliation of premium, payable/paid claims, application data, service charges etc. for closure of the"
PMFBY_2023_SEC_38_5_12,PMFBY_2023,child,59,151,151,38.5.12,,,Financial Institutions/Banks,,HIERARCHY_REVIEW;METADATA_REVIEW;TOPIC_TAG_REVIEW,REVIEW,,38.5.12 To compulsorily take Aadhaar number or Aadhaar enrolment number as per the notiﬁcation under Section 7 of the Aadhaar Act before sanctioning or renewal of KCC loan and/or during enrollment und
PMFBY_2023_SEC_38_5_13,PMFBY_2023,child,30,151,151,38.5.13,,,Financial Institutions/Banks,,HIERARCHY_REVIEW;METADATA_REVIEW;TOPIC_TAG_REVIEW,REVIEW,,"38.5.13 To permit the Insurance Companies to access all relevant records/ledgers related to insured farmers at the Bank Branch and PACS for the purpose of scrutiny, if desired by them."
PMFBY_2023_SEC_38_5_14,PMFBY_2023,child,49,151,151,38.5.14,,,Financial Institutions/Banks,,HIERARCHY_REVIEW;METADATA_REVIEW;TOPIC_TAG_REVIEW,REVIEW,,"38.5.14 To ensure that the farmers are not deprived of any beneﬁt under the Scheme due to errors of omission or commissions by the concerned bank branches or PACS, and in case of such errors, the conc"
PMFBY_2023_SEC_38_5_15,PMFBY_2023,child,18,151,151,38.5.15,,,Financial Institutions/Banks,SHORT_CHUNK,HIERARCHY_REVIEW;METADATA_REVIEW;TOPIC_TAG_REVIEW,REVIEW,B_SHORT,"38.5.15 To educate the farmers on the Scheme features, benefits and importance to get enrolled under the scheme."
PMFBY_2023_SEC_38_5_16,PMFBY_2023,child,33,151,151,38.5.16,,,Financial Institutions/Banks,,HIERARCHY_REVIEW;METADATA_REVIEW;TOPIC_TAG_REVIEW,REVIEW,,"38.5.16 To guide the farmers on ﬁlling up the application for insurance on the NCIP and collection of the required documents and record keeping of the same, particularly in case of non-loanee farmers."
PMFBY_2023_SEC_38_5_17,PMFBY_2023,child,29,151,151,38.5.17,,,Financial Institutions/Banks,,HIERARCHY_REVIEW;METADATA_REVIEW;TOPIC_TAG_REVIEW,REVIEW,,"38.5.17 To collect Aadhaar Number, mobile number and intended crop wise sowing planning of all eligible farmers well before the start of enrolment of farmers and debit of premium."
PMFBY_2023_SEC_38_5_18,PMFBY_2023,child,32,151,151,38.5.18,,,Financial Institutions/Banks,,HIERARCHY_REVIEW;METADATA_REVIEW;TOPIC_TAG_REVIEW,REVIEW,,"38.5.18 To maintain the records of relevant documents, loan application and other statements for the purpose of scrutiny and veriﬁcation by the Insurance Company or its authorized representatives and "
PMFBY_2023_SEC_38_5_19,PMFBY_2023,child,44,151,151,38.5.19,,,Financial Institutions/Banks,,HIERARCHY_REVIEW;METADATA_REVIEW;TOPIC_TAG_REVIEW,REVIEW,,"38.5.19 To reconcile, validate and provide clariﬁcation, if necessary, on the coverage details to the Insurance Companies within next 15 days from the cut-off date for data uploading on the NCIP and w"
PMFBY_2023_SEC_38_5_20,PMFBY_2023,child,26,151,151,38.5.20,,,Financial Institutions/Banks,,HIERARCHY_REVIEW;METADATA_REVIEW;TOPIC_TAG_REVIEW,REVIEW,,38.5.20 To debit and collect the applicable premium from the farmer's account on or before cut-off-date and remit it entirely to the concerned Insurance Company electronically.
PMFBY_2023_SEC_38_5_21,PMFBY_2023,child,30,151,151,38.5.21,,,Financial Institutions/Banks,,HIERARCHY_REVIEW;METADATA_REVIEW;TOPIC_TAG_REVIEW,REVIEW,,38.5.21 Not to re-enroll the farmers under crop insurance for the same crop if the State/District has notiﬁed prevented/failed sowing/germination or to enroll the same land parcel number multiple time
PMFBY_2023_SEC_38_6,PMFBY_2023,parent,8,151,151,38.6,,,Common Service Centre- Special Purpose Vehicle (CSC-SPV),SHORT_CHUNK;STRUCTURE_UNCERTAIN,METADATA_REVIEW;TOPIC_TAG_REVIEW,REVIEW,B_SHORT;E_STRUCTURE,38.6 Common Service Centre- Special Purpose Vehicle (CSC-SPV)
PMFBY_2023_SEC_38_6_1,PMFBY_2023,child,20,151,151,38.6.1,,,Common Service Centre- Special Purpose Vehicle (CSC-SPV),,METADATA_REVIEW;TOPIC_TAG_REVIEW,REVIEW,,38.6.1 To ensure enrolment of non-loanee farmers through its network of VLEs strictly as per the provisions of Operational Guidelines.
PMFBY_2023_SEC_38_6_2,PMFBY_2023,child,22,151,151,38.6.2,,,Common Service Centre- Special Purpose Vehicle (CSC-SPV),,METADATA_REVIEW;TOPIC_TAG_REVIEW,REVIEW,,38.6.2 To educate and train the VLEs on marketing and sale of crop insurance through the NCIP at the Gram Panchayat level.
PMFBY_2023_SEC_38_6_3,PMFBY_2023,child,28,152,152,38.6.3,,,Common Service Centre- Special Purpose Vehicle (CSC-SPV),,HIERARCHY_REVIEW;METADATA_REVIEW;TOPIC_TAG_REVIEW,REVIEW,,38.6.3 To electronically remit the premium collected from the VLEs to the concerned Insurance Companies in T+1 days from the date of receipt of premium from the farmers.
PMFBY_2023_SEC_38_6_4,PMFBY_2023,child,26,152,152,38.6.4,,,Common Service Centre- Special Purpose Vehicle (CSC-SPV),,HIERARCHY_REVIEW;METADATA_REVIEW;TOPIC_TAG_REVIEW,REVIEW,,38.6.4 To reconcile the data uploaded on NCIP and premium remittance to the concerned Insurance Companies within 7 days post cut-off date for enrolment of farmers.
PMFBY_2023_SEC_38_6_5,PMFBY_2023,child,25,152,152,38.6.5,,,Common Service Centre- Special Purpose Vehicle (CSC-SPV),,HIERARCHY_REVIEW;METADATA_REVIEW;TOPIC_TAG_REVIEW,REVIEW,,38.6.5 To raise an invoice for pre-agreed service charges per farmer per crop-season application to the respective Insurance Companies on monthly basis through the NCIP.
PMFBY_2023_SEC_38_6_6,PMFBY_2023,child,14,152,152,38.6.6,,,Common Service Centre- Special Purpose Vehicle (CSC-SPV),SHORT_CHUNK,HIERARCHY_REVIEW;METADATA_REVIEW;TOPIC_TAG_REVIEW,REVIEW,B_SHORT,38.6.6 To ensure post sales services and facilitate grievance redressal of the insured farmers.
PMFBY_2023_SEC_38_6_7,PMFBY_2023,child,38,152,152,38.6.7,,,Common Service Centre- Special Purpose Vehicle (CSC-SPV),,HIERARCHY_REVIEW;METADATA_REVIEW;TOPIC_TAG_REVIEW,REVIEW,,38.6.7 To ensure that the applications reverted by the Insurance Companies due to any error or omission is taken up for resolution immediately and is re-submitted to the Insurance Company within 7 day
PMFBY_2023_SEC_38_6_8,PMFBY_2023,child,58,152,152,38.6.8,,,Common Service Centre- Special Purpose Vehicle (CSC-SPV),,HIERARCHY_REVIEW;METADATA_REVIEW;TOPIC_TAG_REVIEW,REVIEW,,"38.6.8 To ensure that no VLE is involved in any moral hazard, forgery or unlawful activities involving insuring other farmers land, allowing any third persons to take insurance on other farmers land o"
PMFBY_2023_SEC_38_6_9,PMFBY_2023,child,21,152,152,38.6.9,,,Common Service Centre- Special Purpose Vehicle (CSC-SPV),,HIERARCHY_REVIEW;METADATA_REVIEW;TOPIC_TAG_REVIEW,REVIEW,,38.6.9 To take corrective and punitive actions against the erring and defaulting VLEs as per prevalent legal provisions under the law.
PMFBY_2023_SEC_38_6_10,PMFBY_2023,child,97,152,152,38.6.10,,,Common Service Centre- Special Purpose Vehicle (CSC-SPV),,HIERARCHY_REVIEW;METADATA_REVIEW;TOPIC_TAG_REVIEW,REVIEW,,38.6.10 To be responsible for accuracy of details and document of individual farmers uploaded on NCIP and liable for claim payment due to errors and omissions committed by VLEs. In case any applicatio
PMFBY_2023_SEC_38_7,PMFBY_2023,parent,9,152,152,38.7,,,Common Service Centers - Village Level Entrepreneurs (CSC-VLE),SHORT_CHUNK;STRUCTURE_UNCERTAIN,METADATA_REVIEW;TOPIC_TAG_REVIEW,REVIEW,B_SHORT;E_STRUCTURE,38.7 Common Service Centers - Village Level Entrepreneurs (CSC-VLE)
PMFBY_2023_SEC_38_7_1,PMFBY_2023,child,109,152,152,38.7.1,,,Common Service Centers - Village Level Entrepreneurs (CSC-VLE),,METADATA_REVIEW;TOPIC_TAG_REVIEW,REVIEW,,"38.7.1 To educate and assist in the awareness of the farmers, especially non-loanee farmers about the features of the Scheme. While accepting the application from the individual farmers, CSC-VLE shall"
PMFBY_2023_SEC_38_7_2,PMFBY_2023,child,26,152,152,38.7.2,,,Common Service Centers - Village Level Entrepreneurs (CSC-VLE),,METADATA_REVIEW;TOPIC_TAG_REVIEW,REVIEW,,"38.7.2 To display the advertisement, publicity material, banner, poster, leaﬂets in its premises for farmers as provided by the Insurance Companies and the State Governments/UT Administrations."
PMFBY_2023_SEC_38_7_3,PMFBY_2023,child,32,152,153,38.7.3,,,Common Service Centers - Village Level Entrepreneurs (CSC-VLE),,HIERARCHY_REVIEW;METADATA_REVIEW;TOPIC_TAG_REVIEW,REVIEW,,38.7.3 To compulsorily take Aadhaar number or Aadhaar enrolment number as per the notiﬁcation under Section 7 of Aadhaar Act. Hence the coverage of non-loanee farmers without Aadhaar number is not all
PMFBY_2023_SEC_38_7_4,PMFBY_2023,child,19,153,153,38.7.4,,,Common Service Centers - Village Level Entrepreneurs (CSC-VLE),SHORT_CHUNK,HIERARCHY_REVIEW;METADATA_REVIEW;TOPIC_TAG_REVIEW,REVIEW,B_SHORT,38.7.4 To ﬁll up the online application on the NCIP and collect the required documents from non- loanee farmers.
PMFBY_2023_SEC_38_7_5,PMFBY_2023,child,71,153,153,38.7.5,,,Common Service Centers - Village Level Entrepreneurs (CSC-VLE),,HIERARCHY_REVIEW;METADATA_REVIEW;TOPIC_TAG_REVIEW,REVIEW,,38.7.5 Collect the premium on behalf of the implementing Insurance Companies strictly as per the provisions of the Scheme. VLEs shall not demand any service charges or any extra amount from farmers ot
PMFBY_2023_SEC_38_7_6,PMFBY_2023,child,55,153,153,38.7.6,,,Common Service Centers - Village Level Entrepreneurs (CSC-VLE),,HIERARCHY_REVIEW;METADATA_REVIEW;TOPIC_TAG_REVIEW,REVIEW,,38.7.6 To ﬁll up the correct details of non-loanee farmers and upload the requisite documents along with their mobile number on NCIP. Due care should be taken in ﬁlling-up the details in the applicati
PMFBY_2023_SEC_38_7_7,PMFBY_2023,child,57,153,153,38.7.7,,,Common Service Centers - Village Level Entrepreneurs (CSC-VLE),,HIERARCHY_REVIEW;METADATA_REVIEW;TOPIC_TAG_REVIEW,REVIEW,,"38.7.7 The VLE should ensure that the insured farmers are not deprived of any beneﬁt under the Scheme due to errors or omissions or commissions by them, and if such cases are reported, necessary admin"
PMFBY_2023_SEC_38_7_8,PMFBY_2023,child,17,153,153,38.7.8,,,Common Service Centers - Village Level Entrepreneurs (CSC-VLE),SHORT_CHUNK,HIERARCHY_REVIEW;METADATA_REVIEW;TOPIC_TAG_REVIEW,REVIEW,B_SHORT,38.7.8 To issue acknowledgement receipt to the concerned farmer upon successful submission of application under the scheme.
PMFBY_2023_SEC_38_7_9,PMFBY_2023,child,129,153,153,38.7.9,,,Common Service Centers - Village Level Entrepreneurs (CSC-VLE),,HIERARCHY_REVIEW;METADATA_REVIEW;TOPIC_TAG_REVIEW,REVIEW,,38.7.9 The CSC-VLE shall not be engaged in any kind of unlawful activities including but not limited to insurance of land parcels of other farmers in their names or any other farmer’s name or any kind
PMFBY_2023_SEC_38_7_10,PMFBY_2023,child,69,153,153,38.7.10,,,Common Service Centers - Village Level Entrepreneurs (CSC-VLE),,HIERARCHY_REVIEW;METADATA_REVIEW;TOPIC_TAG_REVIEW,REVIEW,,38.7.10 In case any application gets rejected owing to errors or omission or commissions committed by the concerned CSC-VLEs in data entry and document sharing at the time of enrollment of farmers and
PMFBY_2023_SEC_38_8,PMFBY_2023,parent,5,153,153,38.8,,,Designated Insurance Agents/Insurance Intermediaries,SHORT_CHUNK;STRUCTURE_UNCERTAIN,METADATA_REVIEW;TOPIC_TAG_REVIEW,REVIEW,B_SHORT;E_STRUCTURE,38.8 Designated Insurance Agents/Insurance Intermediaries
PMFBY_2023_SEC_38_8_1,PMFBY_2023,child,110,153,154,38.8.1,,,Designated Insurance Agents/Insurance Intermediaries,,HIERARCHY_REVIEW;METADATA_REVIEW;TOPIC_TAG_REVIEW,REVIEW,,"38.8.1 To educate and assist in awareness of the farmers especially the non-loanee farmers about the features of the Scheme. While accepting the application from the individual farmers, the Insurance "
PMFBY_2023_SEC_38_8_2,PMFBY_2023,child,31,154,154,38.8.2,,,Designated Insurance Agents/Insurance Intermediaries,,HIERARCHY_REVIEW;METADATA_REVIEW;TOPIC_TAG_REVIEW,REVIEW,,"38.8.2 To display the advertisement, publicity material, banner, poster, leaﬂets in its premises and remote kiosks/outlets established for enrollment of farmers as

provided by the Insurance Companies"
PMFBY_2023_SEC_38_8_3,PMFBY_2023,child,32,154,154,38.8.3,,,Designated Insurance Agents/Insurance Intermediaries,,HIERARCHY_REVIEW;METADATA_REVIEW;TOPIC_TAG_REVIEW,REVIEW,,38.8.3 To compulsorily take Aadhaar number or Aadhaar enrolment number as per the notiﬁcation under Section 7 of Aadhaar Act. Hence the coverage of non-loanee farmers without Aadhaar number is not all
PMFBY_2023_SEC_38_8_4,PMFBY_2023,child,22,154,154,38.8.4,,,Designated Insurance Agents/Insurance Intermediaries,,HIERARCHY_REVIEW;METADATA_REVIEW;TOPIC_TAG_REVIEW,REVIEW,,38.8.4 To ﬁll up the online application on AIDE or NCIP and collect and upload the required documents from non- loanee farmers.
PMFBY_2023_SEC_38_8_5,PMFBY_2023,child,87,154,154,38.8.5,,,Designated Insurance Agents/Insurance Intermediaries,,HIERARCHY_REVIEW;METADATA_REVIEW;TOPIC_TAG_REVIEW,REVIEW,,"38.8.5 Collect the premium on behalf of the implementing Insurance Companies, strictly as per the provisions of the Scheme. Insurance Intermediaries shall not demand any service charges or any extra a"
PMFBY_2023_SEC_38_8_6,PMFBY_2023,child,58,154,154,38.8.6,,,Designated Insurance Agents/Insurance Intermediaries,,HIERARCHY_REVIEW;METADATA_REVIEW;TOPIC_TAG_REVIEW,REVIEW,,38.8.6 To ﬁll up the correct details of non-loanee farmers and upload the requisite documents along with their mobile number on AIDE or NCIP. Due care should be taken in ﬁlling up the details in the a
PMFBY_2023_SEC_38_8_7,PMFBY_2023,child,58,154,154,38.8.7,,,Designated Insurance Agents/Insurance Intermediaries,,HIERARCHY_REVIEW;METADATA_REVIEW;TOPIC_TAG_REVIEW,REVIEW,,"38.8.7 The Insurance Intermediaries should ensure that the insured farmers are not deprived of any beneﬁt under the Scheme due to errors or omissions or commissions by them, and if such cases are repo"
PMFBY_2023_SEC_38_8_8,PMFBY_2023,child,17,154,154,38.8.8,,,Designated Insurance Agents/Insurance Intermediaries,SHORT_CHUNK,HIERARCHY_REVIEW;METADATA_REVIEW;TOPIC_TAG_REVIEW,REVIEW,B_SHORT,38.8.8 To issue acknowledgement receipt to the concerned farmer upon successful submission of application under the scheme
PMFBY_2023_SEC_38_8_9,PMFBY_2023,child,15,154,154,38.8.9,,,Designated Insurance Agents/Insurance Intermediaries,SHORT_CHUNK,HIERARCHY_REVIEW;METADATA_REVIEW;TOPIC_TAG_REVIEW,REVIEW,B_SHORT,"38.8.9 To facilitate post sales services, claim intimation and grievance redressal of the insured farmers."
PMFBY_2023_SEC_38_8_10,PMFBY_2023,child,136,154,154,38.8.10,,,Designated Insurance Agents/Insurance Intermediaries,,HIERARCHY_REVIEW;METADATA_REVIEW;TOPIC_TAG_REVIEW,REVIEW,,38.8.10 The Insurance Intermediaries shall not be engaged in any kind of unlawful activities including but not limited to insurance of land parcels of other farmers in their names or any other farmer’
PMFBY_2023_SEC_38_8_11,PMFBY_2023,child,77,155,155,38.8.11,,,Designated Insurance Agents/Insurance Intermediaries,,HIERARCHY_REVIEW;METADATA_REVIEW;TOPIC_TAG_REVIEW,REVIEW,,38.8.11 In case any application gets rejected owing to errors or omission or commissions committed in data entry and document sharing at the time of enrollment of farmers by the Insurance Intermediary
PMFBY_2023_SEC_38_9,PMFBY_2023,child,75,155,155,38.9,,,,STRUCTURE_UNCERTAIN,METADATA_REVIEW;TOPIC_TAG_REVIEW,REVIEW,E_STRUCTURE,38.9 In case any application gets rejected owing to errors or omission or commissions committed in data entry and document sharing at the time of enrollment of farmers by the Insurance Intermediary/Br
PMFBY_2023_SEC_38_10,PMFBY_2023,parent,3,155,155,38.10,,,Loanee Farmers,SHORT_CHUNK;STRUCTURE_UNCERTAIN,METADATA_REVIEW;TOPIC_TAG_REVIEW,REVIEW,B_SHORT;E_STRUCTURE,38.10 Loanee Farmers
PMFBY_2023_SEC_38_10_1,PMFBY_2023,child,149,155,155,38.10.1,,,Loanee Farmers,,METADATA_REVIEW;TOPIC_TAG_REVIEW,REVIEW,,"38.10.1 As the Scheme is made optional for all loanee farmers availing KCC loans for notiﬁed crops, it is mandatory for all loanee farmers to submit a signed declaration in the concerned bank branch i"
PMFBY_2023_SEC_38_10_2,PMFBY_2023,child,38,155,155,38.10.2,,,Loanee Farmers,,METADATA_REVIEW;TOPIC_TAG_REVIEW,REVIEW,,38.10.2 All loanee farmers are compulsorily required to submit Aadhaar Number or copy of Aadhaar card or authenticate themselves through Aadhaar enabled e-KYC along with mobile number for enrolment un
PMFBY_2023_SEC_38_10_3,PMFBY_2023,child,66,155,155,38.10.3,,,Loanee Farmers,,METADATA_REVIEW;TOPIC_TAG_REVIEW,REVIEW,,"38.10.3 Insurance Proposals are accepted only up to a stipulated cut-off date for enrollment of farmers and debiting of premium, which will be decided by the SLCCCI of the concerned States/UT. Hence, "
PMFBY_2023_SEC_38_10_4,PMFBY_2023,child,54,155,155,38.10.4,,,Loanee Farmers,,METADATA_REVIEW;TOPIC_TAG_REVIEW,REVIEW,,38.10.4 Give information of any loss due to a localized risk or a post-harvest loss due to speciﬁed perils preferably to the Central Grievance Redressal helpline i.e. Krishi Rakshak Portal & Helpline 
PMFBY_2023_SEC_38_10_5,PMFBY_2023,child,75,155,155,38.10.5,,,Loanee Farmers,,METADATA_REVIEW;TOPIC_TAG_REVIEW,REVIEW,,38.10.5 Loanee farmers should not avail KCC/Agriculture Loan from multiple banks on the same land or insure the same land through more than one bank branch or insure the same land more than once as a 
PMFBY_2023_SEC_38_11,PMFBY_2023,parent,3,156,156,38.11,,,Non-Loanee Farmers,SHORT_CHUNK;STRUCTURE_UNCERTAIN,METADATA_REVIEW;TOPIC_TAG_REVIEW,REVIEW,B_SHORT;E_STRUCTURE,38.11 Non-Loanee Farmers
PMFBY_2023_SEC_38_11_1,PMFBY_2023,child,38,156,156,38.11.1,,,Non-Loanee Farmers,,METADATA_REVIEW;TOPIC_TAG_REVIEW,REVIEW,,38.11.1 All non-loanee farmers are compulsorily required to submit Aadhaar Number or copy of Aadhaar card or authenticate themselves through Aadhaar enabled e-KYC along with mobile number for enrolmen
PMFBY_2023_SEC_38_11_2,PMFBY_2023,child,107,156,156,38.11.2,,,Non-Loanee Farmers,,METADATA_REVIEW;TOPIC_TAG_REVIEW,REVIEW,,"38.11.2 Insurance Proposals are accepted only up to a stipulated cut-off date for enrollment of farmers and debiting of premium, which will be decided by the SLCCCI of the concerned States/UT. Therefo"
PMFBY_2023_SEC_38_11_3,PMFBY_2023,child,69,156,156,38.11.3,,,Non-Loanee Farmers,,METADATA_REVIEW;TOPIC_TAG_REVIEW,REVIEW,,38.11.3 Applicants must sign and authorize electronically (using biometric authentication or SMS validation) while enrolling under the scheme along with submitting a copy of the LPC/Land Records or co
PMFBY_2023_SEC_38_11_4,PMFBY_2023,child,60,156,156,38.11.4,,,Non-Loanee Farmers,,METADATA_REVIEW;TOPIC_TAG_REVIEW,REVIEW,,"38.11.4 The farmer desiring coverage under crop insurance should open an operative saving bank account in the branch of the designated bank, and the details should be

provided while submitting the ap"
PMFBY_2023_SEC_38_11_5,PMFBY_2023,child,28,156,156,38.11.5,,,Non-Loanee Farmers,,METADATA_REVIEW;TOPIC_TAG_REVIEW,REVIEW,,38.11.5 The farmer should correctly mention their land identiﬁcation number or survey number to enable clear identification of the land parcel during the currency of the insurance cover.
PMFBY_2023_SEC_38_11_6,PMFBY_2023,child,43,156,156,38.11.6,,,Non-Loanee Farmers,,METADATA_REVIEW;TOPIC_TAG_REVIEW,REVIEW,,38.11.6 To notify implementing Insurance Company in the event of change of crop or sown area being different from the details previously declared in the application form at-least 2 days before the cut
PMFBY_2023_SEC_38_11_7,PMFBY_2023,child,30,156,156,38.11.7,,,Non-Loanee Farmers,,METADATA_REVIEW;TOPIC_TAG_REVIEW,REVIEW,,38.11.7 The farmer must furnish area sown conﬁrmation certiﬁcate or the self-declaration of intent to sow the proposed notiﬁed crop(s) as per requirement of the notification published by the State/UT.
PMFBY_2023_SEC_38_11_8,PMFBY_2023,child,54,156,156,38.11.8,,,Non-Loanee Farmers,,METADATA_REVIEW;TOPIC_TAG_REVIEW,REVIEW,,38.11.8 Give information of any loss due to a localized risk or a post-harvest loss due to speciﬁed perils preferably to the Central Grievance Redressal helpline i.e. Krishi Rakshak Portal & Helpline 
PMFBY_2023_SEC_38_11_9,PMFBY_2023,child,112,156,157,38.11.9,,,Non-Loanee Farmers,,HIERARCHY_REVIEW;METADATA_REVIEW,REVIEW,,38.11.9 The non-loanee farmer should not insure the same land more than once or same land through multiple channels of enrollment. The non-loanee farmers should also not insure the land parcel belongi
PMFBY_2023_SEC_39_1_1,PMFBY_2023,child,187,157,157,39.1.1,,,,STRUCTURE_UNCERTAIN,METADATA_REVIEW,REVIEW,E_STRUCTURE,"39.1.1 In the implementation of the scheme, multiple stakeholders are involved at different stages from enrolment of farmers till the claim disbursement to farmers. A hallmark of the Scheme is leverag"
PMFBY_2023_SEC_39_2,PMFBY_2023,child,188,157,157,39.2,,,,STRUCTURE_UNCERTAIN,METADATA_REVIEW;TOPIC_TAG_REVIEW,REVIEW,E_STRUCTURE,"39.2 The NCIP shall provide a single Information Technology (IT) enabled platform for digitization of processes and information data bank and dissemination mechanism, automation of administrative proc"
PMFBY_2023_SEC_39_3,PMFBY_2023,child,65,157,157,39.3,,,,STRUCTURE_UNCERTAIN,METADATA_REVIEW;TOPIC_TAG_REVIEW,REVIEW,E_STRUCTURE,"39.3 The conceptualization and development of the NCIP has already been completed and launched and facilitates for the notiﬁcation digitization, farmers application enrolment, application management, "
PMFBY_2023_SEC_39_4,PMFBY_2023,parent,766,158,159,39.4,,,Different Modules of NCIP,STRUCTURE_UNCERTAIN,METADATA_REVIEW,REVIEW,E_STRUCTURE,"39.4 Different Modules of NCIP

Integration with Public Fund Management System 39.4.1

The NCIP has been integrated with PFMS and a module known as DigiClaim has been developed for managing ﬁnancial t"
PMFBY_2023_SEC_39_4_SUB_1,PMFBY_2023,child,447,158,158,39.4,,,Different Modules of NCIP,STRUCTURE_UNCERTAIN,METADATA_REVIEW;TOPIC_TAG_REVIEW,REVIEW,E_STRUCTURE,"39.4 Different Modules of NCIP

Integration with Public Fund Management System 39.4.1

The NCIP has been integrated with PFMS and a module known as DigiClaim has been developed for managing ﬁnancial t"
PMFBY_2023_SEC_39_4_SUB_2,PMFBY_2023,child,392,158,159,39.4,,,Different Modules of NCIP,STRUCTURE_UNCERTAIN,METADATA_REVIEW,REVIEW,E_STRUCTURE,"The land record details of the farmers is required to be entered during enrolment process and rest of the land details viz. extent of land, ownership share and names of owners/shareholders are fetched"
PMFBY_2023_SEC_860,PMFBY_2023,child,173,159,160,,,,a) CCE schedule digitization,,METADATA_REVIEW;TOPIC_TAG_REVIEW,REVIEW,,"a) CCE schedule digitization

State/UTs schedules the CCE for the insurance unit and crop. State selects the village (If IU is at higher level) and plot (Survey/Sub Survey no.) randomly for conducting"
PMFBY_2023_SEC_861,PMFBY_2023,child,71,160,160,,,,b) Smart Sampling Technique,,METADATA_REVIEW;TOPIC_TAG_REVIEW,REVIEW,,"b) Smart Sampling Technique

GoI through MNCFC or CPMU shall share the Geo-coordinates of the CCE ﬁeld through API and the same will be shared to the CCE-Agri App based on the declaration done by the "
PMFBY_2023_SEC_862,PMFBY_2023,child,187,160,160,,,,c) State Speciﬁc customization,,METADATA_REVIEW;TOPIC_TAG_REVIEW,REVIEW,,"c) State Speciﬁc customization

CCE speciﬁcations may differ from State to State i.e. measurement units of CCE ﬁeld, shape of CCE plot etc. State speciﬁc customization has already been made for the sm"
PMFBY_2023_SEC_863,PMFBY_2023,child,92,160,160,,,,a) Absolute amount-based farmer premium,,METADATA_REVIEW;TOPIC_TAG_REVIEW,REVIEW,,"a) Absolute amount-based farmer premium

In case of enabling option in notiﬁcation to declare the farmer premium in absolute amount the State needs to enter the premium amount instead of percentage. H"
PMFBY_2023_SEC_864,PMFBY_2023,parent,4,160,167,,,,b) Limited area-based notiﬁcation,CONTEXT_PARENT;SHORT_CHUNK,METADATA_REVIEW;TOPIC_TAG_REVIEW,REVIEW,B_SHORT,b) Limited area-based notiﬁcation
PMFBY_2023_SEC_864_SUB_1,PMFBY_2023,child,454,160,161,,,,b) Limited area-based notiﬁcation,,METADATA_REVIEW,REVIEW,,"b) Limited area-based notiﬁcation

State limits the farmer premium subsidy upto certain limit of the insured area for a farmer. If the insured area exceeds the deﬁned limit, then farmer has to pay the"
PMFBY_2023_SEC_864_SUB_2,PMFBY_2023,child,485,161,162,,,,b) Limited area-based notiﬁcation,,METADATA_REVIEW,REVIEW,,"Once the values are finally accepted, the corresponding claims are calculated automatically for further processing of claims settlement though PFMS platform directly into farmer’s account.

States/UTs"
PMFBY_2023_SEC_864_SUB_3,PMFBY_2023,child,665,162,164,,,,b) Limited area-based notiﬁcation,,METADATA_REVIEW,REVIEW,,"The Ministry of Earth Sciences/IMD will be responsible for the supervision, regulation and ensuring quality standards as per WINDS framework to ensure accuracy of the data. In order to foster & levera"
PMFBY_2023_SEC_864_SUB_4,PMFBY_2023,child,448,164,165,,,,b) Limited area-based notiﬁcation,,METADATA_REVIEW;TOPIC_TAG_REVIEW,REVIEW,,"Changes in NCIP node will automatically update the information on other partner’s node over block chain network. NCIP node will be the primary source of data.

SMS and Instant messaging platform 39.4."
PMFBY_2023_SEC_864_SUB_5,PMFBY_2023,child,586,165,166,,,,b) Limited area-based notiﬁcation,,METADATA_REVIEW;TOPIC_TAG_REVIEW,REVIEW,,These values of technology driven crop yield along with multiple modeling and data synthesis are required to be digitized and made available on a digital platform to enable utilization of same by diff
PMFBY_2023_SEC_864_SUB_6,PMFBY_2023,child,523,166,167,,,,b) Limited area-based notiﬁcation,,METADATA_REVIEW;TOPIC_TAG_REVIEW,REVIEW,,"Further, the pictures collected through CROPIC Mobile App shall remain within the NCIP server and may be consumed though APIs for validation, analytics & research by other DPIs of the Govt. and extern"
PMFBY_2023_SEC_864_SUB_7,PMFBY_2023,child,399,167,167,,,,b) Limited area-based notiﬁcation,,METADATA_REVIEW;TOPIC_TAG_REVIEW,REVIEW,,"The information and data being collected through various sources and modes then shall be converged together for an informed and fortified decision support system known as Krishi DSS platform.

For eff"
PMFBY_2023_ANNEXURE_I,PMFBY_2023,child,25,168,168,,,,ANNEXURE – I,,METADATA_REVIEW;TOPIC_TAG_REVIEW,REVIEW,,"ANNEXURE – I

Add-on Coverage for Crop Loss due to Attack by Wild Animals

1. Coverage for Crop Loss due to Attack by Wild Animals:"
PMFBY_2023_SEC_1_1,PMFBY_2023,child,97,168,168,1.1,,,,STRUCTURE_UNCERTAIN,METADATA_REVIEW;TOPIC_TAG_REVIEW,REVIEW,E_STRUCTURE,"1.1 The provision for cover against losses to crops due to attack of wild animals wherever the risk is perceived to be substantial (equivalent to or more than the indemnity level under PMFBY), is iden"
PMFBY_2023_SEC_1_2,PMFBY_2023,child,66,168,168,1.2,,,,STRUCTURE_UNCERTAIN,METADATA_REVIEW;TOPIC_TAG_REVIEW,REVIEW,E_STRUCTURE,1.2 The deﬁnition of wild animals will be as per the categorization of the MoEF&CC and/or Forest Department of respective State Govt./UT based on historic analysis of yield losses of crops occurred. H
PMFBY_2023_SEC_2,PMFBY_2023,parent,3,168,168,2,,,Risks Covered:,SHORT_CHUNK,METADATA_REVIEW;TOPIC_TAG_REVIEW,REVIEW,B_SHORT,2. Risks Covered:
PMFBY_2023_SEC_2_1_002,PMFBY_2023,child,80,168,168,2.1,,,Risks Covered:,,METADATA_REVIEW;TOPIC_TAG_REVIEW,REVIEW,,"2.1 Initially this add-on cover would be available on a pilot basis. In the initial stages of pilot, the add-on cover against losses due to wild animals would be available for those crops only which h"
PMFBY_2023_SEC_2_2_002,PMFBY_2023,child,23,168,168,2.2,,,Risks Covered:,,METADATA_REVIEW;TOPIC_TAG_REVIEW,REVIEW,,2.2 Notiﬁcation of the wild animals covered under add-on cover shall be done in area(s) and crop(s) to be notiﬁed under the scheme.
PMFBY_2023_SEC_3_002,PMFBY_2023,parent,3,168,168,3,,,Risk Acceptance:,SHORT_CHUNK,METADATA_REVIEW;TOPIC_TAG_REVIEW,REVIEW,B_SHORT,3. Risk Acceptance:
PMFBY_2023_SEC_3_1_002,PMFBY_2023,child,156,168,168,3.1,,,Risk Acceptance:,,METADATA_REVIEW;TOPIC_TAG_REVIEW,REVIEW,,"3.1 As substantial historic yield data is not available to establish the economic losses to crops by attack of wild animals, actuarial pricing is not possible at present for this add-on cover. However"
PMFBY_2023_SEC_3_2,PMFBY_2023,child,35,168,168,3.2,,,Risk Acceptance:,,METADATA_REVIEW;TOPIC_TAG_REVIEW,REVIEW,,3.2 States may ensure that the actuarial premium rate quoted by the Insurance Companies should be rational basis the past loss experience. Under this provision all risks will be borne by the concerned
PMFBY_2023_SEC_3_3,PMFBY_2023,child,165,168,169,3.3,,,Risk Acceptance:,,HIERARCHY_REVIEW;METADATA_REVIEW;TOPIC_TAG_REVIEW,REVIEW,,"3.3 Alternatively, those states not having requisite historical yield loss data to crops damaged by the attack of wild animals to determine the rational actuarial premium rate, can consider implementi"
PMFBY_2023_SEC_3_4,PMFBY_2023,child,102,169,169,3.4,,,Risk Acceptance:,,HIERARCHY_REVIEW;METADATA_REVIEW;TOPIC_TAG_REVIEW,REVIEW,,3.4 The total liability towards crop loss due to Add-on cover of wild animal attack shall be met first from PMFBY and only differential claims shall be met from the add-on cover. In case any farmer ha
PMFBY_2023_SEC_3_5,PMFBY_2023,child,127,169,169,3.5,,,Risk Acceptance:,,HIERARCHY_REVIEW;METADATA_REVIEW;TOPIC_TAG_REVIEW,REVIEW,,3.5 State Governments/UT Administrations opting for corpus model for the implementation of this add-on cover will create a corpus fund at the State level to provide claims to eligible farmers over and
PMFBY_2023_SEC_3_6,PMFBY_2023,child,70,169,169,3.6,,,Risk Acceptance:,,HIERARCHY_REVIEW;METADATA_REVIEW;TOPIC_TAG_REVIEW,REVIEW,,"3.6 Under corpus mode, the Insurance Companies under PMFBY for the respective season will also act as an implementing agency for this add-on cover at deﬁned rational administrative charges notiﬁed by "
PMFBY_2023_SEC_3_7,PMFBY_2023,child,99,169,169,3.7,,,Risk Acceptance:,,HIERARCHY_REVIEW;METADATA_REVIEW;TOPIC_TAG_REVIEW,REVIEW,,3.7 This add-on cover would run concurrently and follow the cut-off dates as speciﬁed in seasonality discipline of PMFBY and shall be available for only those farmers who are enrolled under PMFBY. Far
PMFBY_2023_SEC_879,PMFBY_2023,child,74,169,170,,,,Case - I:,,METADATA_REVIEW;TOPIC_TAG_REVIEW,REVIEW,,"Claim Payment Illustration:

Case - I:

Sum Insured = Rs.1,00,000

Yield Based Claims = Rs. 60,000 Crop loss due to Add-on Coverage (Wild Animals) = Rs.40,000

Indemnity Level = 80% Claims due to Add-"
PMFBY_2023_SEC_880,PMFBY_2023,child,140,170,170,,,,Case - II:,,METADATA_REVIEW;TOPIC_TAG_REVIEW,REVIEW,,"Case - II:

Sum Insured = Rs.1,00,000

Yield Based Claims = Rs. 40,000 Crop loss due to Add-on Coverage (Wild Animals) = Rs.70,000

Indemnity Level = 80% Claims due to Add-on Coverage (Wild Animals) ="
PMFBY_2023_SEC_3_8,PMFBY_2023,child,61,170,170,3.8,,,Risk Acceptance:,,HIERARCHY_REVIEW;METADATA_REVIEW;TOPIC_TAG_REVIEW,REVIEW,,"3.8 As mentioned in Para 5.2.5 of these OGs of PMFBY, the ﬁnancial liability towards claims under corpus mode of this add-on cover shall be borne by the concerned State Governments/UT Administrations "
PMFBY_2023_SEC_3_9,PMFBY_2023,child,39,170,170,3.9,,,Risk Acceptance:,,HIERARCHY_REVIEW;METADATA_REVIEW;TOPIC_TAG_REVIEW,REVIEW,,3.9 State Governments/UT Administrations may provide requisite information related to historic crop losses by wild animals etc. to the Insurance Companies and also get concurrence in the SLCCCI meetin
PMFBY_2023_SEC_3_10,PMFBY_2023,parent,3,170,170,3.10,,,Risk Acceptance:,SHORT_CHUNK,HIERARCHY_REVIEW;METADATA_REVIEW;TOPIC_TAG_REVIEW,REVIEW,B_SHORT,3.10 Eligibility Criteria:
PMFBY_2023_SEC_3_10_1,PMFBY_2023,child,18,170,170,3.10.1,,,Eligibility Criteria:,SHORT_CHUNK,METADATA_REVIEW;TOPIC_TAG_REVIEW,REVIEW,B_SHORT,3.10.1 This add-on cover will only be available if this cover is notiﬁed by the State Governments/UT Administrations.
PMFBY_2023_SEC_3_10_2,PMFBY_2023,child,32,170,170,3.10.2,,,Eligibility Criteria:,,METADATA_REVIEW;TOPIC_TAG_REVIEW,REVIEW,,"3.10.2 Available to all those insured farmers, at land parcel level, affected by above mentioned perils in a Notiﬁed IU growing notiﬁed crops for which insurance under normal PMFBY has been availed."
PMFBY_2023_SEC_3_10_3,PMFBY_2023,child,38,170,170,3.10.3,,,Eligibility Criteria:,,METADATA_REVIEW;TOPIC_TAG_REVIEW,REVIEW,,3.10.3 Only those farmers would be eligible for ﬁnancial support under this cover who have paid the premium for the add-on cover. i.e. the premium has been debited from their account before the occurr
PMFBY_2023_SEC_3_10_4,PMFBY_2023,child,40,170,170,3.10.4,,,Eligibility Criteria:,,METADATA_REVIEW;TOPIC_TAG_REVIEW,REVIEW,,3.10.4 Available for all notiﬁed crops which has been declared eligible for the Add-on cover as per the notiﬁcation issued by the States/UTs and damaged by Wild Animal attack during when the crop is i
PMFBY_2023_SEC_3_10_5,PMFBY_2023,child,71,170,170,3.10.5,,,Eligibility Criteria:,,METADATA_REVIEW;TOPIC_TAG_REVIEW,REVIEW,,3.10.5 Maximum liability is limited to the Sum Insured value arrived by multiplying indemnity level with the total Sum Insured of the damaged crop's area and the pay-out under this provision would be 
PMFBY_2023_SEC_3_10_6,PMFBY_2023,child,53,170,171,3.10.6,,,Eligibility Criteria:,,HIERARCHY_REVIEW;METADATA_REVIEW;TOPIC_TAG_REVIEW,REVIEW,,"3.10.6 The add-on cover will be optional for both the loanee and non-loanee farmers. If a farmer opts for the cover, he will have to pay notional premium rate. However, the concerned State Governments"
PMFBY_2023_SEC_3_10_7,PMFBY_2023,child,85,171,171,3.10.7,,,Eligibility Criteria:,,HIERARCHY_REVIEW;METADATA_REVIEW;TOPIC_TAG_REVIEW,REVIEW,,3.10.7 Non-loanee farmers will opt for this add-on cover at the time of enrolment and loanee farmers will inform the concerned Bank branches to opt for this cover in writing at least 2 working days pr
PMFBY_2023_SEC_3_10_8,PMFBY_2023,child,12,171,171,3.10.8,,,Eligibility Criteria:,SHORT_CHUNK,HIERARCHY_REVIEW;METADATA_REVIEW;TOPIC_TAG_REVIEW,REVIEW,B_SHORT,3.10.8 This add-on cover will be available initially for major crops only.
PMFBY_2023_SEC_3_10_9,PMFBY_2023,child,34,171,171,3.10.9,,,Eligibility Criteria:,,HIERARCHY_REVIEW;METADATA_REVIEW;TOPIC_TAG_REVIEW,REVIEW,,"3.10.9 The State Governments/UT Administrations would notify the list of wild animals, which inhabit the region & IU and crop-wise which will be covered under this add-on cover in consultation with st"
PMFBY_2023_SEC_3_10_10,PMFBY_2023,child,29,171,171,3.10.10,,,Eligibility Criteria:,,HIERARCHY_REVIEW;METADATA_REVIEW;TOPIC_TAG_REVIEW,REVIEW,,3.10.10 The add-on cover would be applicable from 30 days after sowing to harvesting period. The coverage duration should compulsorily be notiﬁed by the State/UT in the notiﬁcation also.
PMFBY_2023_SEC_3_10_11,PMFBY_2023,child,56,171,171,3.10.11,,,Eligibility Criteria:,,HIERARCHY_REVIEW;METADATA_REVIEW;TOPIC_TAG_REVIEW,REVIEW,,"3.10.11 Indemnity would be payable only when the area affected by notiﬁed wild animals is more than 25% of the individual insured land parcel, and the affected notiﬁed crop has less than 25% chances o"
PMFBY_2023_SEC_3_10_12,PMFBY_2023,child,31,171,171,3.10.12,,,Eligibility Criteria:,,HIERARCHY_REVIEW;METADATA_REVIEW;TOPIC_TAG_REVIEW,REVIEW,,"3.10.12 If the pay-out under area-approach (based on CCEs data) is more than losses under this add-on cover, the balance claims, if any, shall be settled at the end of season."
PMFBY_2023_SEC_4_002,PMFBY_2023,parent,2,171,171,4,,,Proxy-Indicators:,SHORT_CHUNK,METADATA_REVIEW;TOPIC_TAG_REVIEW,REVIEW,B_SHORT;D_TOP20_SHORT,4. Proxy-Indicators:
PMFBY_2023_SEC_4_1_1,PMFBY_2023,child,89,171,171,4.1.1,,,Proxy-Indicators:,,METADATA_REVIEW;TOPIC_TAG_REVIEW,REVIEW,,4.1.1 Incidence of raiding or grazing by wild animal must be substantiated by media reports or the reports of the agriculture and/or Forest and/or Revenue department. The State governments/UT Administ
PMFBY_2023_SEC_5_002,PMFBY_2023,parent,4,171,171,5,,,Loss Assessment Procedure:,SHORT_CHUNK,METADATA_REVIEW;TOPIC_TAG_REVIEW,REVIEW,B_SHORT,5. Loss Assessment Procedure:
PMFBY_2023_SEC_5_1_002,PMFBY_2023,child,8,171,171,5.1,,,Loss Assessment Procedure:,SHORT_CHUNK,METADATA_REVIEW;TOPIC_TAG_REVIEW,REVIEW,B_SHORT,5.1 Time and method of reporting the loss/claims:
PMFBY_2023_SEC_900,PMFBY_2023,child,54,171,171,,,,A. The State Governments/UT Administrations would notify crop-wise and the agro-,,METADATA_REVIEW;TOPIC_TAG_REVIEW,REVIEW,,A. The State Governments/UT Administrations would notify crop-wise and the agro-climatic zone. This provision can be invoked during the period while the crop is in standing position (30 days after cro
PMFBY_2023_SEC_5_2_002,PMFBY_2023,child,18,171,171,5.2,,,Loss Assessment Procedure:,SHORT_CHUNK,METADATA_REVIEW;TOPIC_TAG_REVIEW,REVIEW,B_SHORT,B. Immediate intimation (within 72 hours) by the insured farmer as detailed in Para 5.2 (Annexure I) below.
PMFBY_2023_SEC_902,PMFBY_2023,child,59,171,171,,,,"C. Intimation must contain details of insured farmer's name, affected survey number-",,METADATA_REVIEW;TOPIC_TAG_REVIEW,REVIEW,,"C. Intimation must contain details of insured farmer's name, affected survey number-wise insured crop and acreage affected, Farmer's Application No. as on NCIP, his/her Mobile Number etc. KCC A/c No. "
PMFBY_2023_SEC_903,PMFBY_2023,child,38,172,172,,,,"D. Premium payment veriﬁcation to be done from the NCIP and in case of need, may be",,METADATA_REVIEW;TOPIC_TAG_REVIEW,REVIEW,,"D. Premium payment veriﬁcation to be done from the NCIP and in case of need, may be veriﬁed from the bank. The bank shall provide the payment veriﬁcation within the next 48 hours of receipt of such re"
PMFBY_2023_SEC_904,PMFBY_2023,child,27,172,172,,,,E. Mobile application may be used for reporting incidence of localized calamities for,DUPLICATE_TEXT,DUPLICATE_TEXT;METADATA_REVIEW;TOPIC_TAG_REVIEW,REVIEW,,E. Mobile application may be used for reporting incidence of localized calamities for intimation of events including longitude/latitude details and pictures using Mobile App developed by DA&FW.
PMFBY_2023_SEC_5_2_003,PMFBY_2023,child,38,172,172,5.2,,,Loss Assessment Procedure:,,HIERARCHY_REVIEW;METADATA_REVIEW;TOPIC_TAG_REVIEW,REVIEW,,"5.2 Localized Calamity claim amount at individual farm level shall be calculated as per the following formula:

𝒕𝒐𝒕𝒂𝒍 𝑰𝒏𝒔𝒖𝒓𝒆𝒅 𝑨𝒓𝒆𝒂(%) × 𝑬𝒔𝒕𝒊𝒎𝒂𝒕𝒆𝒅 𝑪𝒓𝒐𝒑 𝑫𝒂𝒎𝒂𝒈𝒆

𝑆𝒖𝒎 𝑰𝒏𝒔𝒖𝒓𝒆𝒅 × 𝑨𝒇𝒇𝒆𝒄𝒕𝒆𝒅 𝑨𝒓𝒆𝒂 𝒐𝒖𝒕 𝒐𝒇

(%) 𝒙"
PMFBY_2023_SEC_5_3_002,PMFBY_2023,child,39,172,172,5.3,,,Loss Assessment Procedure:,,HIERARCHY_REVIEW;METADATA_REVIEW;TOPIC_TAG_REVIEW,REVIEW,,"5.3 For estimation of crop loss in the individual farms/land parcels, the digital Crop Loss Assessment App developed by the GoI shall be compulsorily used by the Insurance Companies, States/UTs and lo"
PMFBY_2023_SEC_6_002,PMFBY_2023,parent,9,172,172,6,,,Channel of Reporting i.e. Whom to be Reported:,SHORT_CHUNK,METADATA_REVIEW;TOPIC_TAG_REVIEW,REVIEW,B_SHORT,6. Channel of Reporting i.e. Whom to be Reported:
PMFBY_2023_SEC_6_1,PMFBY_2023,child,128,172,172,6.1,,,Channel of Reporting i.e. Whom to be Reported:,,METADATA_REVIEW;TOPIC_TAG_REVIEW,REVIEW,,"6.1 Intimation may be given within 72 hours by the farmer either directly through the ""Crop Insurance App"" or centralized toll-free number of Krishi Rakshak Portal & Helpline (14447). The intimation m"
PMFBY_2023_SEC_6_2,PMFBY_2023,child,29,172,172,6.2,,,Channel of Reporting i.e. Whom to be Reported:,,METADATA_REVIEW;TOPIC_TAG_REVIEW,REVIEW,,"6.2 Reporting of losses will be done through the Crop Insurance App and the Centralized Toll-Free Number (KRPH), along with other channels. Other Channels will be phased out subsequently."
PMFBY_2023_SEC_6_3,PMFBY_2023,child,48,172,172,6.3,,,Channel of Reporting i.e. Whom to be Reported:,,METADATA_REVIEW;TOPIC_TAG_REVIEW,REVIEW,,"6.3 In case the intimation has been given through the concerned bank branch or State/UT Government ofﬁcials, the same shall be forwarded by the Bank Branches or Govt. officials of the concerned Insura"
PMFBY_2023_SEC_7_002,PMFBY_2023,parent,7,172,172,7,,,Documentary Evidence Required for Claim Assessment:,SHORT_CHUNK,METADATA_REVIEW;TOPIC_TAG_REVIEW,REVIEW,B_SHORT,7. Documentary Evidence Required for Claim Assessment:
PMFBY_2023_SEC_7_1,PMFBY_2023,child,71,172,172,7.1,,,Documentary Evidence Required for Claim Assessment:,,METADATA_REVIEW;TOPIC_TAG_REVIEW,REVIEW,,"7.1 Duly ﬁlled crop loss intimation through the Crop Insurance App or Krishi Rakshak Portal & Helpline, or other mentioned channels, along with all relevant documents is necessary for initiation of lo"
PMFBY_2023_SEC_7_2,PMFBY_2023,child,90,172,173,7.2,,,Documentary Evidence Required for Claim Assessment:,,HIERARCHY_REVIEW;METADATA_REVIEW;TOPIC_TAG_REVIEW,REVIEW,,"7.2 The Insurance Companies are responsible for ensuring that sufﬁcient number of loss intimation forms are available at the bank branch, local Government ofﬁcials level. Any other additional document"
PMFBY_2023_SEC_8_002,PMFBY_2023,parent,9,173,173,8,,,Appointment of Loss Assessors by the Insurance Company:,SHORT_CHUNK,METADATA_REVIEW;TOPIC_TAG_REVIEW,REVIEW,B_SHORT,8. Appointment of Loss Assessors by the Insurance Company:
PMFBY_2023_SEC_8_1_002,PMFBY_2023,child,98,173,173,8.1,,,Appointment of Loss Assessors by the Insurance Company:,,METADATA_REVIEW;TOPIC_TAG_REVIEW,REVIEW,,8.1 The loss assessors would be appointed by the Insurance Company for assessment of losses due to incidence of Localized Calamities. The loss assessors appointed by the Insurance Companies should be 
PMFBY_2023_SEC_8_2_002,PMFBY_2023,child,24,173,173,8.2,,,Appointment of Loss Assessors by the Insurance Company:,,METADATA_REVIEW;TOPIC_TAG_REVIEW,REVIEW,,8.2 For compliance under the above provisions the Insurance Companies would utilize the empaneled loss assessors for using their services as and when required.
PMFBY_2023_SEC_8_3_002,PMFBY_2023,child,87,173,173,8.3,,,Appointment of Loss Assessors by the Insurance Company:,,METADATA_REVIEW;TOPIC_TAG_REVIEW,REVIEW,,"8.3 The loss would be jointly assessed by a team comprising of loss assessors appointed by the insurer, block level agriculture ofﬁcer, primary worker of the agriculture or revenue department and the "
PMFBY_2023_SEC_9_002,PMFBY_2023,child,224,173,173,9,,,Time Frame for Loss Assessment and Claims Payment:,,METADATA_REVIEW;TOPIC_TAG_REVIEW,REVIEW,,"9. Time Frame for Loss Assessment and Claims Payment:

A. Appointment of loss assessor within 48 hours

B. Loss assessment to be done only after lapse of minimum 7 days (for assessing the chances of r"
PMFBY_2023_ANNEXURE_II,PMFBY_2023,child,376,174,175,,,,ANNEXURE - II,TABLE_REVIEW,METADATA_REVIEW;TOPIC_TAG_REVIEW,REVIEW,F_TABLE,"ANNEXURE - II

Format for reporting of excess area insured/ acreage discrepancy for consideration of

application of area correction factor by Insurance Company

(All areas in Hectare)

Details availa"
PMFBY_2023_ANNEXURE_III,PMFBY_2023,parent,682,176,181,,,,ANNEXURE- III,CONTEXT_PARENT;TABLE_REVIEW,METADATA_REVIEW;TOPIC_TAG_REVIEW,REVIEW,F_TABLE,"ANNEXURE- III

Illustration for classiﬁcation of risks, clubbing / clustering of risks and Districts and

determination of L1 bidder:

Method 1

Deﬁne Risk Level

i. Calculate Loss Cost for each distr"
PMFBY_2023_ANNEXURE_III_SUB_1,PMFBY_2023,child,227,178,178,,,,ANNEXURE- III,TABLE_REVIEW,METADATA_REVIEW;TOPIC_TAG_REVIEW,REVIEW,F_TABLE,"d) Allocation of codes to different districts:

• Arrange the districts in any order.

• Write risk level and coverage level corresponding to each district.

• On the basis on above code table allot c"
PMFBY_2023_ANNEXURE_III_SUB_2,PMFBY_2023,child,280,178,179,,,,ANNEXURE- III,TABLE_REVIEW,METADATA_REVIEW;TOPIC_TAG_REVIEW,REVIEW,F_TABLE,"Applicable conditions for Clustering/Clubbing of districts:

i. Within the cluster, Insurance Companies would be required to quote the premium rates for all district-crop combination for their bids to"
PMFBY_2023_ANNEXURE_III_SUB_3,PMFBY_2023,child,893,179,181,,,,ANNEXURE- III,TABLE_REVIEW,METADATA_REVIEW;TOPIC_TAG_REVIEW,REVIEW,F_TABLE,"Method 2

Agriculture output in the area/ district is inﬂuenced by the agro-climatic conditions of that area/district. On the basis of the variation in agriculture output (crops) in each district duri"
PMFBY_2023_ANNEXURE_IV,PMFBY_2023,child,1100,182,185,,,,ANNEXURE- IV,LONG_CHUNK_NO_SAFE_SPLIT;TABLE_REVIEW,METADATA_REVIEW;TOPIC_TAG_REVIEW,REVIEW,A_LONG;F_TABLE,"ANNEXURE- IV

Checklist for STAC while disposing-off Yield Disputes under PMFBY and for referring

case to Central TAC

SN | Particular | | (Yes/No) | If Yes- then give date and attach as Annexure, If"
PMFBY_2023_ANNEXURE_V,PMFBY_2023,parent,8736,186,210,,,,ANNEXURE- V,CONTEXT_PARENT;LONG_CHUNK_NO_SAFE_SPLIT;TABLE_REVIEW,METADATA_REVIEW;TOPIC_TAG_REVIEW,REVIEW,A_LONG;F_TABLE;C_TOP20_LONG,"ANNEXURE- V

Illustration of Modalities of Claim Settlement under Multiple Events of similar or

different Perils at same land-parcel & Crop under PMFBY

Scenarios | | | Clarifications/Remarks |
1. Cl"
PMFBY_2023_ANNEXURE_V_SUB_1,PMFBY_2023,child,718,206,207,,,,ANNEXURE- V,TABLE_REVIEW,METADATA_REVIEW;TOPIC_TAG_REVIEW,REVIEW,F_TABLE,"Localized Claims

and will not be reduced by localized

(Rs.)

claim amount paid

Residual Sum

Insured for Post-

Sum Insured value will be reduced by

Harvest (Rs.)

41,875

Amount of Localized clai"
PMFBY_2023_ANNEXURE_V_SUB_2,PMFBY_2023,child,1104,208,210,,,,ANNEXURE- V,LONG_CHUNK_NO_SAFE_SPLIT;TABLE_REVIEW,METADATA_REVIEW;TOPIC_TAG_REVIEW,REVIEW,A_LONG;F_TABLE,"Residual Sum

Sum Insured value remains identical

Insured for

after invocation of WSL/MSA loss

Localized Claims

%age and will not be reduced by

(Rs.)

41,875

localized claim amount paid

Residua"
PMFBY_2023_ANNEXURE_VL,PMFBY_2023,child,282,211,213,,,,Annexure-Vl,,METADATA_REVIEW,REVIEW,,"Annexure-Vl

Opt-out form for PMFBY/RWBCIS Scheme

Name of Bank

Date: _____/_____/20___

Bank Branch Name: ______________________________Branch code no.__________________

Applicant Details

1. Name "
CRCS_OMBUDSMAN_DOC,CRCS_OMBUDSMAN,parent,12,1,2,,,,,CONTEXT_PARENT;SHORT_CHUNK,METADATA_REVIEW;TOPIC_TAG_REVIEW,REVIEW,B_SHORT,GotoMainContent | Stemap | Contactus | As A A A English v
CRCS_OMBUDSMAN_CONTEXT_001,CRCS_OMBUDSMAN,child,157,1,1,,,,,STRUCTURE_UNCERTAIN,METADATA_REVIEW;TOPIC_TAG_REVIEW,REVIEW,E_STRUCTURE,"GotoMainContent | Stemap | Contactus | As A A A English v

Government of India Ministry of Cooperation Central Registrar of Cooperative Societies

Download NCD-GeoTAG Mobile App to captur:

D)

Cooper"
CRCS_OMBUDSMAN_SEC_002,CRCS_OMBUDSMAN,child,47,1,1,,,,How to file a Complaint,,FORM_NUMBER_MISSING;METADATA_REVIEW;TOPIC_TAG_REVIEW,REVIEW,,"How to file a Complaint Member shall file the complaint to Cooperative Ombudsman in Form VI prescribed under rule 30H(2) of MSCS Rules, 2002 after fulfilling all the necessary conditions stated therei"
CRCS_OMBUDSMAN_SEC_003,CRCS_OMBUDSMAN,child,47,1,1,,,,How to file an Appeal,,METADATA_REVIEW;TOPIC_TAG_REVIEW,REVIEW,,How to file an Appeal Member can file an appeal against the rejection of his application by the Cooperative Information Officer in Form Vil within a period of one month from the date of such rejection
CRCS_OMBUDSMAN_SEC_004,CRCS_OMBUDSMAN,child,30,1,1,,,,Complaint or Appeal to the Cooperative Ombudsman shall be filed on the following address,,METADATA_REVIEW;TOPIC_TAG_REVIEW,REVIEW,,"Complaint or Appeal to the Cooperative Ombudsman shall be filed on the following address:

Alok Agarwal Cooperative Ombudsman, World Trade Centre, Tower-E, 9*"" Floor, Nauroji Nagar, New Delhi - 110029"
CRCS_OMBUDSMAN_SEC_005,CRCS_OMBUDSMAN,child,86,1,2,,,,Complaint or Appeal to the Cooperative Ombudsman can also be filed online on the following e-mail address,,METADATA_REVIEW;TOPIC_TAG_REVIEW,REVIEW,,"Complaint or Appeal to the Cooperative Ombudsman can also be filed online on the following e-mail address: mscs-ombudsman@gov.in

Last updated: 12 Sep 2026

o The natonal pota o india m!' dTEGHAR 7)) "
