chunk_id,source_id,record_type,word_count,page_start,page_end,section,rule,clause,heading,warning,audit_flags,severity,groups,text_excerpt
MSCS_ACT_2002_CONTEXT_001,MSCS_ACT_2002,child,104,6,6,,,,,SECTION_IDENTIFIER_MISSING;STRUCTURE_UNCERTAIN,METADATA_REVIEW;MISSING_STRUCTURAL_ID;TOPIC_TAG_REVIEW,REVIEW,E_STRUCTURE,"The Multi-State Cooperative Societies Act, 2002

[Act No of 39 of 2002]

[3rd July 2002] An Act to consolidate and amend the law relating to cooperative societies, with objects not confined to one Sta"
MSCS_AMD_2023_CONTEXT_001,MSCS_AMD_2023,child,239,1,2,,,,,STRUCTURE_UNCERTAIN,METADATA_REVIEW,REVIEW,E_STRUCTURE,"रजिस्ट्री सं. डी.एल.- 33004/99 REGD. No. D. L.-33004/99

xxxGIDHxxx

सी.जी.-डी.एल.-अ.-03082023-247829

xxxGIDExxx

CG-DL-E-03082023-247829

असाधारण EXTRAORDINARY

भाग II—खण् ड 3—उप-खण् ड (ii) PART II—"
MSCS_AMD_2023_CONTEXT_002,MSCS_AMD_2023,child,229,2,2,,,,,STRUCTURE_UNCERTAIN,METADATA_REVIEW,REVIEW,E_STRUCTURE,"PART II — Section 1

izkf/kdkj ls izdkf'kr PUBLISHED BY AUTHORITY

lañ 14] ubZ fnYyh] c`gLifrokj] vxLr 3] 2023@Jko.k 12] 1945 ¼'kd½ NEW DELHI, THURSDAY, AUGUST 3, 2023/SRAVANA 12, 1945 (SAKA) No. 14]
"
MSCS_RULES_2002_CONTEXT_001,MSCS_RULES_2002,child,112,4,4,,,,,RULE_IDENTIFIER_MISSING;STRUCTURE_UNCERTAIN,METADATA_REVIEW;MISSING_STRUCTURAL_ID;TOPIC_TAG_REVIEW,REVIEW,E_STRUCTURE,"society against which or any person against whom a decree has been obtained;

(ix) ""recovery officer"" means any person authorised to execute the powers of the Central Registrar under section 94;

(x) "
MSCS_RULES_2002_RULE_3,MSCS_RULES_2002,child,471,4,5,,3,,Application for registration,STRUCTURE_UNCERTAIN,METADATA_REVIEW;TOPIC_TAG_REVIEW,REVIEW,E_STRUCTURE,"Chapter 2 Registration

3. Application for registration

(1) An application for registration of a multi-state cooperative society under sub-section (1) of section 6 shall be made in Form I and shall, "
MSCS_RULES_2002_RULE_7,MSCS_RULES_2002,child,182,6,7,,7,,Refusal of amendment of bye-laws,STRUCTURE_UNCERTAIN,METADATA_REVIEW,REVIEW,E_STRUCTURE,"7. Refusal of amendment of bye-laws

(1) Where the Central Registrar refuses to register an amendment of bye-laws of a multi state cooperative society under sub-section (9) of section 11, he shall com"
MSCS_RULES_2002_RULE_9,MSCS_RULES_2002,child,203,7,8,,9,,Maintenance of Registration file by the society,STRUCTURE_UNCERTAIN,METADATA_REVIEW;TOPIC_TAG_REVIEW,REVIEW,E_STRUCTURE,"9. Maintenance of Registration file by the society

(1) Every multi-state cooperative society shall maintain at its registered address a registration file containing,

(a) the certificate of registrat"
MSCS_RULES_2002_RULE_14,MSCS_RULES_2002,child,523,9,11,,14,,Interim board and general meeting for the first election,STRUCTURE_UNCERTAIN,METADATA_REVIEW;TOPIC_TAG_REVIEW,REVIEW,E_STRUCTURE,"14. Interim board and general meeting for the first election

The first general meeting of the society shall be held within six months of the registration of the society by the promoter members for th"
MSCS_RULES_2002_RULE_19,MSCS_RULES_2002,child,132,11,12,,19,,Procedure for conduct of elections,STRUCTURE_UNCERTAIN,METADATA_REVIEW;TOPIC_TAG_REVIEW,REVIEW,E_STRUCTURE,"19. Procedure for conduct of elections

(1) The election of members of the board shall be conducted by a returning officer appointed by the board in its meeting. The returning officer so appointed sha"
MSCS_RULES_2002_RULE_26,MSCS_RULES_2002,child,677,14,16,,26,,Contributory Provident Fund,STRUCTURE_UNCERTAIN,METADATA_REVIEW;TOPIC_TAG_REVIEW,REVIEW,E_STRUCTURE,"26. Contributory Provident Fund

(1) Every multi-state cooperative society which has in its service ten or more regular employees shall establish a Contributory Provident Fund referred to in sub-secti"
MSCS_RULES_2002_CONTEXT_022,MSCS_RULES_2002,child,924,19,21,,,,,LONG_CHUNK_NO_SAFE_SPLIT;RULE_IDENTIFIER_MISSING;STRUCTURE_UNCERTAIN,METADATA_REVIEW;MISSING_STRUCTURAL_ID;TOPIC_TAG_REVIEW,REVIEW,A_LONG;E_STRUCTURE,"Chapter 6 Appeals and Review

Appeals 31.

For the purpose of sub-section (2) of section 99, an appeal against any decision or order shall be made, if the decision or order was made by–

(a) the Centr"
MSCS_RULES_2002_RULE_36,MSCS_RULES_2002,child,1171,23,25,,36,,Mode of service of summon,LONG_CHUNK_NO_SAFE_SPLIT;STRUCTURE_UNCERTAIN,METADATA_REVIEW;TOPIC_TAG_REVIEW,REVIEW,A_LONG;E_STRUCTURE,"Chapter 9 Miscellaneous

36. Mode of service of summon

(1) Every summon issued under the Act or these rules shall be in writing, shall be authenticated by the sea, if any, of the officer by whom it i"
MSCS_RULES_AMD_2023_CONTEXT_001,MSCS_RULES_AMD_2023,child,14562,1,27,,,,,LONG_CHUNK_NO_SAFE_SPLIT;STRUCTURE_UNCERTAIN,METADATA_REVIEW,REVIEW,A_LONG;E_STRUCTURE;C_TOP20_LONG,"रजिस्ट्री सं. डी.एल.- 33004/99 REGD. No. D. L.-33004/99

सी.जी.-डी.एल.-अ.-04082023-247863

xxxGIDHxxx

CG-DL-E-04082023-247863

xxxGIDExxx

असाधारण EXTRAORDINARY

भाग II—खण् ड 3—उप-खण् ड (i) PART II—S"
KA_ACT_1959_CONTEXT_001,KA_ACT_1959,child,216,6,6,,,,,SECTION_IDENTIFIER_MISSING;STRUCTURE_UNCERTAIN,METADATA_REVIEW;MISSING_STRUCTURAL_ID;TOPIC_TAG_REVIEW,REVIEW,E_STRUCTURE,"CHAPTER XI

AGRICULTURE AND RURAL DEVELOPMENT BANKS.

76. Definitions.

76A. Application of Chapter to Agriculture and Rural Development Banks.

76B. State and other Agriculture and Rural Development "
KA_ACT_1959_CONTEXT_003,KA_ACT_1959,child,89,7,7,,,,,SECTION_IDENTIFIER_MISSING;STRUCTURE_UNCERTAIN,METADATA_REVIEW;MISSING_STRUCTURAL_ID;TOPIC_TAG_REVIEW,REVIEW,E_STRUCTURE,"CHAPTER XII

EXECUTION OF AWARDS DECREES ORDERS AND DECISIONS.

99. Enforcement of charge.

100. Recovery of moneys due to Societies.

101. Execution of orders, etc.

101A. Transfer of property made a"
KA_ACT_1959_CONTEXT_004,KA_ACT_1959,child,44,8,8,,,,,SECTION_IDENTIFIER_MISSING;STRUCTURE_UNCERTAIN,METADATA_REVIEW;MISSING_STRUCTURAL_ID;TOPIC_TAG_REVIEW,REVIEW,E_STRUCTURE,"CHAPTER XIII

APPEALS, REVISION AND REVIEW.

105. Appeals to the Tribunal.

105A. Appeals relating to admission of members to societies.

106. Appeals to other authorities.

107. Revision by Tribunal."
KA_ACT_1959_CONTEXT_005,KA_ACT_1959,child,9333,8,33,,,,,LONG_CHUNK_NO_SAFE_SPLIT;SECTION_IDENTIFIER_MISSING;STRUCTURE_UNCERTAIN,METADATA_REVIEW;MISSING_STRUCTURAL_ID,REVIEW,A_LONG;E_STRUCTURE;C_TOP20_LONG,"CHAPTER XIV

OFFENCES AND PENALTIES.

109. Offences.

110. Offences by Companies.

110A. Power to compound offences.

111. Cognizance of offences.

CHAPTER XV

MISCELLANEOUS

111A. Omitted.

111B. Pre"
KA_ACT_1959_SEC_2,KA_ACT_1959,child,2223,33,40,2,,,Definitions,LONG_CHUNK_NO_SAFE_SPLIT;STRUCTURE_UNCERTAIN,METADATA_REVIEW,REVIEW,A_LONG;E_STRUCTURE;C_TOP20_LONG,"2. Definitions.- In this Act, unless the context otherwise requires,—

1 [(a) ‗Apex Society‘ means a federal society whose area of operation extends to the whole

of the State;

5 [(a-1) ‗Area of oper"
KA_ACT_1959_SEC_2A,KA_ACT_1959,child,907,40,42,2A,,,"Registrar, Additional Registrars, Joint Registrars, Deputy Registrars [,State",LONG_CHUNK_NO_SAFE_SPLIT;STRUCTURE_UNCERTAIN,METADATA_REVIEW;TOPIC_TAG_REVIEW,REVIEW,A_LONG;E_STRUCTURE,"2A. Registrar, Additional Registrars, Joint Registrars, Deputy Registrars [,State

2

Representatives]

and Assistant Registrars.-

(1) The State Government may appoint a

person to be the Registrar o"
KA_ACT_1959_SEC_11,KA_ACT_1959,child,288,45,46,11,,,Change of liability,STRUCTURE_UNCERTAIN,METADATA_REVIEW;TOPIC_TAG_REVIEW,REVIEW,E_STRUCTURE,"11. Change of liability.-

(1) Subject to the provisions of this Act and the rules, a co-

operative society may, by an amendment of its bye-laws, change the form or extent of its

liability.

(2) Whe"
KA_ACT_1959_SEC_20,KA_ACT_1959,child,808,54,56,20,,,Votes of members,STRUCTURE_UNCERTAIN,METADATA_REVIEW;TOPIC_TAG_REVIEW,REVIEW,E_STRUCTURE,"[20. Votes of members.-

(1)

[No member, no representative or no delegate] of a

society shall have more than one vote in the 3[general meeting or in the election of the

members of the *board*]3 of "
KA_ACT_1959_SEC_25,KA_ACT_1959,child,180,59,59,25,,,Liability of past member and estate of deceased member,STRUCTURE_UNCERTAIN,METADATA_REVIEW;TOPIC_TAG_REVIEW,REVIEW,E_STRUCTURE,"25. Liability of past member and estate of deceased member.-

(1) Subject to the

provisions of sub-section (2), the liability of a past member or of the estate of a deceased

member of a co-operative"
KA_ACT_1959_SEC_27,KA_ACT_1959,child,811,61,63,27,,,Annual General Meeting,STRUCTURE_UNCERTAIN,METADATA_REVIEW;TOPIC_TAG_REVIEW,REVIEW,E_STRUCTURE,"[27. Annual General Meeting.-

(1) Every co-operative society shall convene a general

3

3

meeting of its members once in a year before [twenty fifth day of September] for the

purpose of,—

(a) con"
KA_ACT_1959_SEC_28A,KA_ACT_1959,child,2235,64,70,28A,,,Management of co-operative societies vest in the *board*,LONG_CHUNK_NO_SAFE_SPLIT;STRUCTURE_UNCERTAIN,METADATA_REVIEW;TOPIC_TAG_REVIEW,REVIEW,A_LONG;E_STRUCTURE;C_TOP20_LONG,"[28A. Management of co-operative societies vest in the *board*.-

(1) The

management of a co-operative society shall vest in a *board* constituted in accordance with

this Act, the rules and the bye-"
KA_ACT_1959_SEC_32,KA_ACT_1959,child,244,83,84,32,,,First charge of co-operative society on certain assets,STRUCTURE_UNCERTAIN,METADATA_REVIEW;TOPIC_TAG_REVIEW,REVIEW,E_STRUCTURE,"CHAPTER V

PRIVILEGES OF CO-OPERATIVE SOCIETIES.

32. First charge of co-operative society on certain assets.-

(1) Notwithstanding

anything contained in any law for the time being in force, but subj"
KA_ACT_1959_SEC_33,KA_ACT_1959,child,772,84,86,33,,,"Charge on land, owned by members or held as tenants by members borrowing",STRUCTURE_UNCERTAIN,METADATA_REVIEW;TOPIC_TAG_REVIEW,REVIEW,E_STRUCTURE,"33. Charge on land, owned by members or held as tenants by members borrowing

loans from certain co-operative societies.-

(1) Notwithstanding anything contained in this

Act or in any other law for t"
KA_ACT_1959_SEC_56,KA_ACT_1959,child,214,100,100,56,,,Mobilisation of Funds,STRUCTURE_UNCERTAIN,METADATA_REVIEW;TOPIC_TAG_REVIEW,REVIEW,E_STRUCTURE,"CHAPTER VII.

PROPERTIES AND FUNDS OF CO-OPERATIVE SOCIETIES.

1[56. Mobilisation of Funds.-

(1) A co-operative society may mobilise funds in the form

of share capital, deposits, debentures, loans a"
KA_ACT_1959_SEC_57,KA_ACT_1959,child,672,100,102,57,,,Net profits and their disposal,STRUCTURE_UNCERTAIN,METADATA_REVIEW;TOPIC_TAG_REVIEW,REVIEW,E_STRUCTURE,"57. Net profits and their disposal.-

(1) The net profits of co-operative societies shall be

determined in accordance with such rules as may be prescribed and different rules may be

made for differe"
KA_ACT_1959_SEC_62,KA_ACT_1959,child,96,103,103,62,,,Provident Fund,STRUCTURE_UNCERTAIN,METADATA_REVIEW;TOPIC_TAG_REVIEW,REVIEW,E_STRUCTURE,"62. Provident Fund.-

(1) A co-operative society may establish a contributory Provident

Fund for the benefit of its employees to which shall be credited all contributions made by the

employees and s"
KA_ACT_1959_CONTEXT_093,KA_ACT_1959,child,2483,104,109,,,,,LONG_CHUNK_NO_SAFE_SPLIT;SECTION_IDENTIFIER_MISSING;STRUCTURE_UNCERTAIN,METADATA_REVIEW;MISSING_STRUCTURAL_ID;TOPIC_TAG_REVIEW,REVIEW,A_LONG;E_STRUCTURE;C_TOP20_LONG,"CHAPTER VIII

AUDIT, INQUIRY, INSPECTION AND SURCHARGE.

1 [63 Audit.- (1) Every Cooperative society shall get its accounts audited at least

once in a year before the first of September following the"
KA_ACT_1959_SEC_71,KA_ACT_1959,child,418,117,118,71,,,Disposal of disputes,STRUCTURE_UNCERTAIN,METADATA_REVIEW;TOPIC_TAG_REVIEW,REVIEW,E_STRUCTURE,"71. Disposal of disputes.-

(1) The Registrar may, on receipt of the reference of a dispute

under section 70,—

(a) decide the dispute himself, or

(b) transfer it for disposal to any person who has "
KA_ACT_1959_SEC_87,KA_ACT_1959,child,336,131,132,87,,,Right of [Agriculture and Rural Development Bank] to pay prior debts of,STRUCTURE_UNCERTAIN,METADATA_REVIEW;TOPIC_TAG_REVIEW,REVIEW,E_STRUCTURE,"87. Right of [Agriculture and Rural Development Bank] to pay prior debts of

1

mortgagor.-

(1) Where a mortgage is executed in favour of an [Agriculture and Rural

1

Development Bank] for payment o"
KA_ACT_1959_SEC_89A,KA_ACT_1959,child,190,134,135,89A,,,Confirmation of sale,STRUCTURE_UNCERTAIN,METADATA_REVIEW;TOPIC_TAG_REVIEW,REVIEW,E_STRUCTURE,"[89A. Confirmation of sale.-

(1) On effecting the sale by an [Agriculture and Rural

2

Development Bank] under section 89, the bank shall, in the prescribed manner submit to the

2

2

[State Agricu"
KA_ACT_1959_CONTEXT_178,KA_ACT_1959,child,434,149,150,,,,,SECTION_IDENTIFIER_MISSING;STRUCTURE_UNCERTAIN,METADATA_REVIEW;MISSING_STRUCTURAL_ID;TOPIC_TAG_REVIEW,REVIEW,E_STRUCTURE,"Chapter IX or any other law for the time being in force, on an application made by an

approved society for the recovery of arrears of any sum advanced by it to any of its

members on account of the f"
KA_ACT_1959_SEC_106,KA_ACT_1959,child,866,156,159,106,,,Appeals to other authorities,STRUCTURE_UNCERTAIN,METADATA_REVIEW;TOPIC_TAG_REVIEW,REVIEW,E_STRUCTURE,"106. Appeals to other authorities.-

(1) [Subject to the provisions of section 108A, an

1

appeal shall lie under this section] against,—

1. Substituted by Act 39 of 1975 w.e.f. 23.09.1975.

1[(a) a"
KA_ACT_1959_CONTEXT_217,KA_ACT_1959,child,281,175,176,,,,,SECTION_IDENTIFIER_MISSING;STRUCTURE_UNCERTAIN,METADATA_REVIEW;MISSING_STRUCTURAL_ID;TOPIC_TAG_REVIEW,REVIEW,E_STRUCTURE,"Chapter XI shall be disposed of by the Bank;]

1. Substituted by Act 25 of 1998 w.e.f. 15.08.1998.

(ee) the manner of registering the address of a co-operative society;

1

1

(ff) the [account books"
KA_ACT_1959_SEC_37_002,KA_ACT_1959,child,1355,179,185,37,,,Repeal and Savings,LONG_CHUNK_NO_SAFE_SPLIT;STRUCTURE_UNCERTAIN,METADATA_REVIEW,REVIEW,A_LONG;E_STRUCTURE,"37. Repeal and Savings.-

(1) The Karnataka Co-operative Societies (Amendment)

Ordinance, 2009 (Karnataka Ordinance No. 8 of 2009) is hereby repealed.

(2) Notwithstanding such repeal anything done o"
MH_ACT_1960_CONTEXT_001,MH_ACT_1960,child,3546,1,14,,,,,LEGACY_FONT_ENCODING_REVIEW;LONG_CHUNK_NO_SAFE_SPLIT;SECTION_IDENTIFIER_MISSING;STRUCTURE_UNCERTAIN;TABLE_REVIEW,METADATA_REVIEW;MISSING_STRUCTURAL_ID,REVIEW,A_LONG;E_STRUCTURE;F_TABLE;C_TOP20_LONG,"¨É½þÉ®úÉ¹]Åõ ¶ÉÉºÉxÉ

Ê´ÉÊvÉ ´É xªÉÉªÉ Ê´É¦ÉÉMÉ

ºÉxÉ 1961 SÉÉ ¨É½þÉ®úÉ¹]Åõ +ÊvÉÊxÉªÉ¨É Gò¨ÉÉÆEò 24

¨É½þÉ®úÉ¹]Åõ ºÉ½þEòÉ®úÒ ºÉÆºlÉÉ

+ÊvÉÊxÉªÉ¨É, 1960

( ÊnùxÉÉÆEò 20 VÉÖ±Éè 2016 {ÉªÉÈiÉ ºÉÖvÉÉÊ®úiÉ "
MH_ACT_1960_SEC_1,MH_ACT_1960,child,35,14,14,1,,,,LEGACY_FONT_ENCODING_REVIEW;STRUCTURE_UNCERTAIN,METADATA_REVIEW;TOPIC_TAG_REVIEW,REVIEW,E_STRUCTURE,"1.

(1) ªÉÉ +ÊvÉÊxÉªÉ¨ÉÉºÉ, ¨É½þÉ®úÉ¹]Åõ ºÉ½þEòÉ®úÒ ºÉÆºlÉÉ +ÊvÉÊxÉªÉ¨É, 1960 +ºÉä ¨½þhÉÉ´Éä.

ºÉÆÊIÉ{iÉ xÉÉ´É, ´ªÉÉ{iÉÒ ´É |ÉÉ®Æú¦É.

(2) iÉÉä ºÉÆ{ÉÚhÉÇ ¨É½þÉ®úÉ¹]Åõ ®úÉVªÉÉºÉ ±ÉÉMÉÚ +É½äþ.

(3) iÉÉä"
MH_ACT_1960_SEC_6,MH_ACT_1960,child,803,18,20,6,,,,LEGACY_FONT_ENCODING_REVIEW;STRUCTURE_UNCERTAIN,METADATA_REVIEW;TOPIC_TAG_REVIEW,REVIEW,E_STRUCTURE,"6.

(1) ºÉÆPÉÒªÉ ºÉÆºlÉä´ªÉÊiÉÊ®úCiÉ <iÉ®ú EòÉähÉiªÉÉ½þÒ ºÉÆºlÉäSÉÒ, ªÉÉ +ÊvÉÊxÉªÉ¨ÉÉx´ÉªÉä +¶ÉÉ ºÉÆºlÉäSÉä ºÉnùºªÉ ½þÉähªÉÉºÉ {ÉÉjÉ +ºÉhÉÉ-ªÉÉ

xÉÉånùhÉÒSªÉÉ ¶ÉiÉÔ.

´É ºÉÆºlÉäSªÉÉ EòÉªÉÇIÉäjÉÉiÉ ®úÉ"
MH_ACT_1960_SEC_13,MH_ACT_1960,child,861,21,22,13,,,,LEGACY_FONT_ENCODING_REVIEW;STRUCTURE_UNCERTAIN,METADATA_REVIEW;TOPIC_TAG_REVIEW,REVIEW,E_STRUCTURE,"13.

(1) BJÉÉtÉ ºÉÆºlÉäSªÉÉ ={ÉÊ´ÉvÉÒiÉ Eäò±Éä±ÉÒ EòÉähÉiÉÒ½þÒ ºÉÖvÉÉ®úhÉÉ, ªÉÉ +ÊvÉÊxÉªÉ¨ÉÉx´ÉªÉä ÊiÉSÉÒ xÉÉånùhÉÒ ½þÉä<Ç{ÉªÉÈiÉ, Ê´ÉÊvÉOÉÉÁ

ºÉÆºlÉäSªÉÉ ={ÉÊ´ÉÊvÉSÉÒ

+ºÉhÉÉ®ú xÉÉ½þÒ. ={ÉÊ´ÉÊvÉiÉ Eä"
MH_ACT_1960_SEC_17,MH_ACT_1960,child,4941,22,30,17,,,,LEGACY_FONT_ENCODING_REVIEW;LONG_CHUNK_NO_SAFE_SPLIT;STRUCTURE_UNCERTAIN,METADATA_REVIEW;TOPIC_TAG_REVIEW,REVIEW,A_LONG;E_STRUCTURE;C_TOP20_LONG,"17.

(1) ºÉÆºlÉäºÉ ÊxÉ¤ÉÆvÉEòÉSªÉÉ {ÉÚ´ÉÇ¨ÉÉxªÉiÉäxÉä, iªÉÉ |ÉªÉÉäVÉxÉÉºÉÉ`öÒ ¦É®úÊ´É±Éä±ªÉÉ Ê´É¶Éä¹É ËEò´ÉÉ ºÉ´ÉÇºÉÉvÉÉ®úhÉ ¤Éè`öEòÒºÉ ½þVÉ®ú +ºÉ±Éä±ªÉÉ

ºÉÆºlÉÉSÉä BEòÊjÉEò®úhÉ

´É ¨ÉiÉ näùhÉÉ-ªÉÉ º"
MH_ACT_1960_SEC_32,MH_ACT_1960,child,240,35,35,32,,,,LEGACY_FONT_ENCODING_REVIEW;STRUCTURE_UNCERTAIN,METADATA_REVIEW;TOPIC_TAG_REVIEW,REVIEW,E_STRUCTURE,"32.

(1) ºÉÆºlÉäSªÉÉ |ÉiªÉäEò ºÉnùºªÉÉºÉ, ºÉÆºlÉäSªÉÉ EòÉªÉÉÇ±ÉªÉÉiÉ, EòÉ¨ÉEòÉVÉÉSªÉÉ ´Éä³ýÉiÉ ËEò´ÉÉ iªÉÉ |ÉªÉÉäVÉxÉÉºÉÉ`öÒ `ö®úÊ´É±Éä±ªÉÉ

{ÉÖºiÉEäò <iªÉÉnùÒ

{ÉÉ½þhªÉÉSÉä

EòÉähÉiªÉÉ½þÒ ´Éä³ýÒ +ÊvÉ"
MH_ACT_1960_SEC_35,MH_ACT_1960,child,225,35,36,35,,,,LEGACY_FONT_ENCODING_REVIEW;STRUCTURE_UNCERTAIN,METADATA_REVIEW;TOPIC_TAG_REVIEW,REVIEW,E_STRUCTURE,"35.

(1) ºÉÆºlÉäiÉ iªÉÉ |ÉªÉÉäVÉxÉÉºÉÉ`öÒ ¦É®úÊ´É±Éä±ªÉÉ ºÉ´ÉÇºÉÉvÉÉ®úhÉ ¤Éè`öEòÒiÉ ={ÉÎºlÉiÉ +ºÉiÉÒ±É +¶ÉÉ, ¨ÉiÉnùÉxÉÉSÉÉ ½þCEò +ºÉ±Éä±ªÉÉ ºÉnùºªÉÉÆ{ÉèEòÒ 4[Eò¨ÉÒiÉEò¨ÉÒ iÉÒxÉ SÉiÉÖlÉÉÇÆ¶É ºÉnùºªÉÉÆS"
MH_ACT_1960_SEC_47,MH_ACT_1960,child,2529,39,43,47,,,,LEGACY_FONT_ENCODING_REVIEW;LONG_CHUNK_NO_SAFE_SPLIT;STRUCTURE_UNCERTAIN,METADATA_REVIEW;TOPIC_TAG_REVIEW,REVIEW,A_LONG;E_STRUCTURE;C_TOP20_LONG,"47.

(1) iªÉÉ iªÉÉ´Éä³ýÒ +Æ¨É±ÉÉiÉ +ºÉ±Éä±ªÉÉ <iÉ®ú EòÉähÉiªÉÉ½þÒ EòÉªÉtÉiÉ EòÉ½þÒ½þÒ +ÆiÉ¦ÉÚÈiÉ +ºÉ±Éä iÉ®úÒ {É®ÆúiÉÖ, VÉ¨ÉÒxÉ

1908

+OÉ½þCEò.

SÉÉ 5.

¨É½þºÉÖ±ÉÉºÉÆ¤ÉÆvÉÒSªÉÉ ËEò´ÉÉ VÉ¨ÉÒxÉ ¨É½þºÉÖ"
MH_ACT_1960_SEC_63,MH_ACT_1960,child,448,45,46,63,,,ªÉÉ |ÉEò®úhÉÉiÉÒ±É Eò±É¨Éä 51 iÉä 61 (nùÉäx½þÒ vÉ°üxÉ) ªÉÉiÉÒ±É iªÉÉ iÉ®úiÉÖnùÒ iªÉÉ´Éä³ýÒ +Æ¨É±ÉÉiÉ +ºÉ±Éä±ªÉÉ <iÉ®ú EòÉähÉiªÉÉ½þÒ,LEGACY_FONT_ENCODING_REVIEW;STRUCTURE_UNCERTAIN,METADATA_REVIEW;TOPIC_TAG_REVIEW,REVIEW,E_STRUCTURE,"63. ªÉÉ |ÉEò®úhÉÉiÉÒ±É Eò±É¨Éä 51 iÉä 61 (nùÉäx½þÒ vÉ°üxÉ) ªÉÉiÉÒ±É iªÉÉ iÉ®úiÉÖnùÒ iªÉÉ´Éä³ýÒ +Æ¨É±ÉÉiÉ +ºÉ±Éä±ªÉÉ <iÉ®ú EòÉähÉiªÉÉ½þÒ

ªÉÉ |ÉEò®úhÉÉiÉÒ±É

iÉ®úiÉÖnùÒ <iÉ®ú

EòÉªÉtÉiÉ +¶ÉÉ iÉ®úiÉÖnùÒ"
MH_ACT_1960_SEC_72,MH_ACT_1960,child,2123,48,51,72,,,ªÉÉ +ÊvÉÊxÉªÉ¨ÉÉiÉÒ±É +ÉÊhÉ ÊxÉªÉ¨ÉÉÆiÉÒ±É iÉ®úiÉÖnùÒºÉ +vÉÒxÉ ®úÉ½ÚþxÉ |ÉiªÉäEò ºÉÆºlÉäºÉÆ¤ÉÆvÉÒSÉÉ +ÆÊiÉ¨É |ÉÉÊvÉEòÉ®ú ={ÉÊ´ÉÊvÉiÉ,LEGACY_FONT_ENCODING_REVIEW;LONG_CHUNK_NO_SAFE_SPLIT;STRUCTURE_UNCERTAIN;TABLE_REVIEW,METADATA_REVIEW;TOPIC_TAG_REVIEW,REVIEW,A_LONG;E_STRUCTURE;F_TABLE,"72. ªÉÉ +ÊvÉÊxÉªÉ¨ÉÉiÉÒ±É +ÉÊhÉ ÊxÉªÉ¨ÉÉÆiÉÒ±É iÉ®úiÉÖnùÒºÉ +vÉÒxÉ ®úÉ½ÚþxÉ |ÉiªÉäEò ºÉÆºlÉäºÉÆ¤ÉÆvÉÒSÉÉ +ÆÊiÉ¨É |ÉÉÊvÉEòÉ®ú ={ÉÊ´ÉÊvÉiÉ

ºÉÆºlÉäºÉÆ¤ÉÆvÉÒSÉÉ +ÆÊiÉ¨É

4[ºÉÆºlÉäSªÉÉ Ê´ÉÊxÉÌnù¹]õ Eò®úhª"
MH_ACT_1960_SEC_73,MH_ACT_1960,child,3959,52,59,73,,,+++,LEGACY_FONT_ENCODING_REVIEW;LONG_CHUNK_NO_SAFE_SPLIT;STRUCTURE_UNCERTAIN;TABLE_REVIEW,METADATA_REVIEW;TOPIC_TAG_REVIEW,REVIEW,A_LONG;E_STRUCTURE;F_TABLE;C_TOP20_LONG,"1[ 73.+++.

(1) ={ÉÊ´ÉvÉÒ¨ÉvªÉä iÉ®úiÉÚnù Eò®úhªÉÉiÉ ªÉä<Ç±É <iÉCªÉÉ ºÉnùºªÉ ºÉÆJªÉäSÉÉ ºÉÊ¨ÉiÉÒiÉ +ÆiÉ¦ÉÉÇ´É +ºÉä±É ;

ºÉÊ¨ÉiÉÒSÉÒ ®úSÉxÉÉ Eò®úhÉä.

{É®ÆúiÉÖ, ºÉÊ¨ÉiÉÒSªÉÉ ºÉnùºªÉÉÆSÉÒ Eò¨ÉÉ±É ºÉÆJªÉ"
MH_ACT_1960_SEC_77,MH_ACT_1960,child,934,61,63,77,,,,LEGACY_FONT_ENCODING_REVIEW;LONG_CHUNK_NO_SAFE_SPLIT;STRUCTURE_UNCERTAIN,METADATA_REVIEW;TOPIC_TAG_REVIEW,REVIEW,A_LONG;E_STRUCTURE,"77.

(1) BJÉÉtÉ ºÉÆºlÉäxÉä ËEò´ÉÉ ºÉÊ¨ÉiÉÒxÉä EòÉähÉiªÉÉ½þÒ +ÊvÉEòÉ-ªÉÉxÉä ºÉÆºlÉäSªÉÉ EòÉ¨ÉEòÉVÉÉºÉ +xÉÖºÉ°üxÉ ºÉnÂù¦ÉÉ´É{ÉÚ´ÉÇEò Eäò±Éä±Éä

ºÉÆºlÉÉ, ´ÉMÉè®åúxÉÒ

Eäò±Éä±ÉÒ EÞòiªÉä

EòÉähÉiÉä½þÒ EÞòi"
MH_ACT_1960_SEC_79,MH_ACT_1960,child,1184,65,67,79,,,,LEGACY_FONT_ENCODING_REVIEW;LONG_CHUNK_NO_SAFE_SPLIT;STRUCTURE_UNCERTAIN,METADATA_REVIEW;TOPIC_TAG_REVIEW,REVIEW,A_LONG;E_STRUCTURE,"79.

(1) ÊxÉ¤ÉÆvÉEòÉºÉ, EòÉähÉiªÉÉ½þÒ ºÉÆºlÉäiÉ ËEò´ÉÉ ºÉÆºlÉÉÆSªÉÉ ´ÉMÉÉÇºÉ Ê¨É³ýÉ±Éä±ªÉÉ +ÉÊhÉ ÊiÉxÉä JÉSÉÇ Eäò±Éä±ªÉÉ ºÉ´ÉÇ ®úEò¨ÉÉ +ÉÊhÉ

Ê´É´É®úhÉ{ÉjÉä

VªÉÉ ¤ÉÉ¤ÉÒºÉÆ¤ÉÆvÉÒ ®úEò¨ÉÉ Ê¨É³ýiÉÒ±É +É"
MH_ACT_1960_SEC_80,MH_ACT_1960,child,3141,67,72,80,,,,LEGACY_FONT_ENCODING_REVIEW;LONG_CHUNK_NO_SAFE_SPLIT;STRUCTURE_UNCERTAIN,METADATA_REVIEW;TOPIC_TAG_REVIEW,REVIEW,A_LONG;E_STRUCTURE;C_TOP20_LONG,"80.

(1) ºÉÆºlÉäSÉÒ {ÉÖºiÉEäò +ÉÊhÉ +Ê¦É±ÉäJÉ nùb÷´ÉÚxÉ ]õÉEòhªÉÉiÉ ªÉähªÉÉSÉÉ, iªÉÉiÉ +xÉÊvÉEÞòiÉ Ê¡ò®ú´ÉÉÊ¡ò®ú´É Eò®úhªÉÉSÉÉ ËEò´ÉÉ iÉÒ

+Ê¦É±ÉäJÉ, ´ÉMÉè®äú

VÉ{iÉ Eò®úhªÉÉSÉÉ

xÉ¹]õ Eäò±ÉÒ VÉÉhªÉÉS"
MH_ACT_1960_SEC_89,MH_ACT_1960,child,455,74,75,89,,,"Eò±É¨É 83, 84 ËEò´ÉÉ 88 +x´ÉªÉä EòÉªÉÇ Eò®úiÉÉxÉÉ, ÊxÉ¤ÉÆvÉEòÉºÉ ËEò´ÉÉ iªÉÉxÉä |ÉÉÊvÉEÞòiÉ Eäò±Éä±ªÉÉ ´ªÉCiÉÒºÉ Ênù´ÉÉhÉÒ |ÉÊGòªÉÉ",LEGACY_FONT_ENCODING_REVIEW;STRUCTURE_UNCERTAIN,METADATA_REVIEW;TOPIC_TAG_REVIEW,REVIEW,E_STRUCTURE,"89. Eò±É¨É 83, 84 ËEò´ÉÉ 88 +x´ÉªÉä EòÉªÉÇ Eò®úiÉÉxÉÉ, ÊxÉ¤ÉÆvÉEòÉºÉ ËEò´ÉÉ iªÉÉxÉä |ÉÉÊvÉEÞòiÉ Eäò±Éä±ªÉÉ ´ªÉCiÉÒºÉ Ênù´ÉÉhÉÒ |ÉÊGòªÉÉ

={ÉÎºlÉiÉ ´ÉMÉè®äú ®úÉ½þhªÉÉºÉ ¦ÉÉMÉ

ºÉÆÊ½þiÉÉ, 1908 +x´ÉªÉä Ê"
MH_ACT_1960_SEC_90,MH_ACT_1960,child,1431,75,77,90,,,,LEGACY_FONT_ENCODING_REVIEW;LONG_CHUNK_NO_SAFE_SPLIT;STRUCTURE_UNCERTAIN,METADATA_REVIEW;TOPIC_TAG_REVIEW,REVIEW,A_LONG;E_STRUCTURE,"90.

(1) ®úÉVªÉ ¶ÉÉºÉxÉÉºÉ BJÉÉtÉ ºÉÆºlÉä´É®ú ËEò´ÉÉ ºÉÆºlÉÉ´ÉMÉÉÇ´É®ú {ÉªÉÇ´ÉäIÉhÉ Eò®úhªÉÉºÉÉ`öÒ Ê´É½þÒiÉ Eò®úhªÉÉiÉ ªÉä<Ç±É +¶ÉÉ ®úÒiÉÒxÉä

ºÉÆºlÉäSªÉÉ EòÉ¨ÉEòÉVÉÉ´É®ú

+ÉÊhÉ ®úÉVªÉ ¶ÉÉºÉxÉ ¤ÉºÉ´ÉÒ"
MH_ACT_1960_SEC_95,MH_ACT_1960,child,515,80,81,95,,,,LEGACY_FONT_ENCODING_REVIEW;STRUCTURE_UNCERTAIN,METADATA_REVIEW;TOPIC_TAG_REVIEW,REVIEW,E_STRUCTURE,"7[95.

(1) BJÉÉnùÉ Ê´É´ÉÉnù 8[Eò±É¨Éä 91, 93 ËEò´ÉÉ 105 ªÉÉ +x´ÉªÉä] ºÉ½þEòÉ®úÒ xªÉÉªÉÉ±ÉªÉÉEòbä÷ ÊxÉnæùÊ¶ÉiÉ Eò®úhªÉÉiÉ +É±ÉÉ +ºÉä±É

ÊxÉ´ÉÉb÷¬É{ÉÚ´ÉÔSÉÒ ËEò´ÉÉ

ËEò´ÉÉ Eò±É¨É 8 +x´ÉªÉä ÊVÉSªÉÉÊ´É¯ûr"
MH_ACT_1960_SEC_110,MH_ACT_1960,child,3670,87,94,110,,,"ºÉ¨ÉÉÊ{ÉiÉ Eò®úhªÉÉiÉ +É±Éä±ªÉÉ ºÉÆºlÉäSªÉÉ {ÉÊ®úºÉ¨ÉÉ{ÉEòÉSªÉÉ +ÆÊiÉ¨É +½þ´ÉÉ±ÉÉiÉ nù¶ÉÇÊ´É±Éä±ÉÒ +ÊvÉ¶Éä¹É ¨ÉkÉÉ, ÊxÉ¤ÉÆvÉEòÉºÉ ®úÉVªÉ",LEGACY_FONT_ENCODING_REVIEW;LONG_CHUNK_NO_SAFE_SPLIT;STRUCTURE_UNCERTAIN,METADATA_REVIEW;TOPIC_TAG_REVIEW,REVIEW,A_LONG;E_STRUCTURE;C_TOP20_LONG,"110. ºÉ¨ÉÉÊ{ÉiÉ Eò®úhªÉÉiÉ +É±Éä±ªÉÉ ºÉÆºlÉäSªÉÉ {ÉÊ®úºÉ¨ÉÉ{ÉEòÉSªÉÉ +ÆÊiÉ¨É +½þ´ÉÉ±ÉÉiÉ nù¶ÉÇÊ´É±Éä±ÉÒ +ÊvÉ¶Éä¹É ¨ÉkÉÉ, ÊxÉ¤ÉÆvÉEòÉºÉ ®úÉVªÉ

+ÊvÉ¶Éä¹É

¨ÉkÉäSÉÉ

¶ÉÉºÉxÉÉSÉÒ {ÉÚ´ÉÇ¨ÉÆVÉÚ®úÒ PÉä>ðxÉ,"
MH_ACT_1960_SEC_112,MH_ACT_1960,child,565,94,95,112,,,Eò,LEGACY_FONT_ENCODING_REVIEW;STRUCTURE_UNCERTAIN,METADATA_REVIEW;TOPIC_TAG_REVIEW,REVIEW,E_STRUCTURE,"112. Eò.

113.

(1) ÊxÉ¤ÉÆvÉEò ËEò´ÉÉ ®úÉVªÉ ¶ÉÉºÉxÉÉxÉä ªÉÉ ¤ÉÉ¤ÉiÉÒiÉ xÉä¨É±Éä±ÉÒ EòÉähÉiÉÒ½þÒ <iÉ®ú ´ªÉCiÉÒ ½þÒ 3[®úÉVªÉ ºÉ½þEòÉ®úÒ EÞòÊ¹É ´É OÉÉ¨ÉÒhÉ Ê´É·ÉºiÉÉSÉÒ ¤É½Öþ=qäù¶ÉÒªÉ Ê´ÉEòÉºÉ ¤ÉÄEäòxÉä"
MH_ACT_1960_SEC_119,MH_ACT_1960,child,642,95,96,119,,,VÉÊ¨ÉxÉÒSªÉÉ ¡òÉªÉtÉºÉÉ`öÒ ¨½þhÉÚxÉ ªÉÉ¨ÉvªÉä Ê´ÉÊxÉÌnù¹]õ Eò®úhªÉÉiÉ +É±Éä±ÉÒ EòÉ¨Éä {ÉÉ®ú {ÉÉb÷hªÉÉSªÉÉ |ÉªÉÉäVÉxÉÉlÉÇ ËEò´ÉÉ,LEGACY_FONT_ENCODING_REVIEW;STRUCTURE_UNCERTAIN,METADATA_REVIEW;TOPIC_TAG_REVIEW,REVIEW,E_STRUCTURE,"119. VÉÊ¨ÉxÉÒSªÉÉ ¡òÉªÉtÉºÉÉ`öÒ ¨½þhÉÚxÉ ªÉÉ¨ÉvªÉä Ê´ÉÊxÉÌnù¹]õ Eò®úhªÉÉiÉ +É±Éä±ÉÒ EòÉ¨Éä {ÉÉ®ú {ÉÉb÷hªÉÉSªÉÉ |ÉªÉÉäVÉxÉÉlÉÇ ËEò´ÉÉ

EòVÉæ ¨ÉÆVÉÚ®ú Eò®úhÉÉ®úÉ +Énäù¶É

+Énäù¶ÉÉiÉ Ê´ÉÊxÉÌnù¹]õ Eò®úhªÉ"
MH_ACT_1960_SEC_136,MH_ACT_1960,child,1105,101,103,136,,,,LEGACY_FONT_ENCODING_REVIEW;LONG_CHUNK_NO_SAFE_SPLIT;STRUCTURE_UNCERTAIN,METADATA_REVIEW;TOPIC_TAG_REVIEW,REVIEW,A_LONG;E_STRUCTURE,"136.

(1) MÉ½þÉhÉ ¨ÉÉ±É¨ÉkÉäSÉÒ Ê´ÉGòÒ Eò±É¨É 134 +x´ÉªÉä {ÉÚhÉÇ ZÉÉ±ÉÒ +ºÉä±É +ÉÊhÉ

JÉ®äúnùÒnùÉ®úÉºÉ

¤É½Öþ=qäù¶ÉÒªÉ Ê´ÉEòÉºÉ ¤ÉÄEäò±ÉÉ ] Ê´ÉGòÒSÉä =i{ÉzÉ {ÉÚhÉÇ{ÉhÉä Ê¨É³ýÉ±Éä +ºÉä±É iÉä´½þÉ ¤ÉÄEò,"
MH_ACT_1960_SEC_143,MH_ACT_1960,child,1097,103,104,143,,,"ªÉÉ |ÉEò®úhÉÉx´ÉªÉä ¤ÉVÉÉ´ÉÉ´ÉªÉÉSªÉÉ ºÉ´ÉÇ xÉÉäÊ]õ¶ÉÓSªÉÉ ¤ÉÉ¤ÉiÉÒiÉ ºÉÆ{ÉkÉÒ ½þºiÉÉÆiÉ®úhÉ +ÊvÉÊxÉªÉ¨É, 1882 ªÉÉSÉÒ Eò±É¨Éä 102",LEGACY_FONT_ENCODING_REVIEW;LONG_CHUNK_NO_SAFE_SPLIT;STRUCTURE_UNCERTAIN,METADATA_REVIEW;TOPIC_TAG_REVIEW,REVIEW,A_LONG;E_STRUCTURE,"143. ªÉÉ |ÉEò®úhÉÉx´ÉªÉä ¤ÉVÉÉ´ÉÉ´ÉªÉÉSªÉÉ ºÉ´ÉÇ xÉÉäÊ]õ¶ÉÓSªÉÉ ¤ÉÉ¤ÉiÉÒiÉ ºÉÆ{ÉkÉÒ ½þºiÉÉÆiÉ®úhÉ +ÊvÉÊxÉªÉ¨É, 1882 ªÉÉSÉÒ Eò±É¨Éä 102

SÉÉ 4.

´É 103 ªÉÉÆSªÉÉ iÉ®úiÉÖnùÒ +ÉÊhÉ Eò±É¨É 104 +x´ÉªÉä Eäò±"
MH_ACT_1960_SEC_146,MH_ACT_1960,child,3350,105,110,146,,,{ÉÖføÒ±É MÉÉä¹]õÒ ªÉÉ +ÊvÉÊxÉªÉ¨ÉÉx´ÉªÉä +{É®úÉvÉ `ö®úiÉÒ±É :,LEGACY_FONT_ENCODING_REVIEW;LONG_CHUNK_NO_SAFE_SPLIT;STRUCTURE_UNCERTAIN,METADATA_REVIEW;TOPIC_TAG_REVIEW,REVIEW,A_LONG;E_STRUCTURE;C_TOP20_LONG,"146. {ÉÖføÒ±É MÉÉä¹]õÒ ªÉÉ +ÊvÉÊxÉªÉ¨ÉÉx´ÉªÉä +{É®úÉvÉ `ö®úiÉÒ±É :-----

+{É®úÉvÉ.

(+) ºÉÆºlÉäSªÉÉ EòÉähÉiªÉÉ½þÒ ºÉnùºªÉÉxÉä Eò±É¨É 47 SªÉÉ {ÉÉä]õEò±É¨É (2) SÉä =±±ÉÆPÉxÉ Eò°üxÉ EòÉähÉiÉÒ½þÒ ¨ÉÉ±É¨Ék"
MH_ACT_1960_SEC_150,MH_ACT_1960,child,363,110,111,150,,,,LEGACY_FONT_ENCODING_REVIEW;STRUCTURE_UNCERTAIN,METADATA_REVIEW;TOPIC_TAG_REVIEW,REVIEW,E_STRUCTURE,"150.

(1)

+{ÉÒ±É

EòÉähÉiªÉÉ½þÒ |ÉEò®úhÉÉiÉ +É{É±ªÉÉ º´ÉiÉ:SªÉÉ +Énäù¶ÉÉÆSÉä {ÉÖxÉÌ´É±ÉÉäEòxÉ Eò®úiÉÉ ªÉä<Ç±É ´É iªÉÉºÉ +xÉÖ±ÉIÉÚxÉ iªÉÉºÉ ªÉÉäMªÉ ´ÉÉ]äõ±É +ºÉÉ +Énäù¶É

xªÉÉªÉÉ±ÉªÉÉSªÉÉ]

näùiÉÉ ªÉä"
MH_ACT_1960_SEC_152,MH_ACT_1960,child,644,111,112,152,,,,LEGACY_FONT_ENCODING_REVIEW;STRUCTURE_UNCERTAIN,METADATA_REVIEW;TOPIC_TAG_REVIEW,REVIEW,E_STRUCTURE,"152.

(1)

+Ê{É±Éä.

17, 18, 19, 21, 21+, 29, 35, 77+, 2 [78, 79, 85, 88 ´É 105 ] +x´ÉªÉä ] Ênù±Éä±ªÉÉ +Énäù¶ÉÉÊ´É°ürù ËEò´ÉÉ ÊxÉhÉÇªÉÉÊ´É°ürù Eò®úÉ´ÉªÉÉSÉä +{ÉÒ±É,----

(+) VÉ®ú +ºÉÉ +Énäù¶É ËEò´ÉÉ Ê"
MH_ACT_1960_SEC_167,MH_ACT_1960,child,160,125,125,167,,,"¶ÉÆEòÉÊxÉ®úºÉxÉÉlÉÇ ªÉÉuùÉ®äú +ºÉä VÉÉ½þÒ®ú Eò®úhªÉÉiÉ ªÉäiÉä EòÒ, ÁÉ +ÊvÉÊxÉªÉ¨ÉÉx´ÉªÉä xÉÉånùhÉÒ ZÉÉ±Éä±ªÉÉ ËEò´ÉÉ xÉÉånùhÉÒ ZÉÉ±ªÉÉSÉä",LEGACY_FONT_ENCODING_REVIEW;STRUCTURE_UNCERTAIN,METADATA_REVIEW;TOPIC_TAG_REVIEW,REVIEW,E_STRUCTURE,"167. ¶ÉÆEòÉÊxÉ®úºÉxÉÉlÉÇ ªÉÉuùÉ®äú +ºÉä VÉÉ½þÒ®ú Eò®úhªÉÉiÉ ªÉäiÉä EòÒ, ÁÉ +ÊvÉÊxÉªÉ¨ÉÉx´ÉªÉä xÉÉånùhÉÒ ZÉÉ±Éä±ªÉÉ ËEò´ÉÉ xÉÉånùhÉÒ ZÉÉ±ªÉÉSÉä

EÆò{ÉxªÉÉÆ¤ÉÉ¤ÉiÉSÉÉ

SÉÉ 1.

+ÊvÉÊxÉªÉ¨É ±ÉÉMÉÚ

¨ÉÉxÉh"
MH_RULES_1961_RULE_4,MH_RULES_1961,child,856,1,5,,4,,Application for registration and registration fees:- (I) Every application for,STRUCTURE_UNCERTAIN,METADATA_REVIEW;TOPIC_TAG_REVIEW,REVIEW,E_STRUCTURE,"Chapter II

Registration

1[3. [****]

2[4. Application for registration and registration fees:- (I) Every application for registration of a society under Section 8 shall be made in Form 'A' in Marath"
MH_RULES_1961_RULE_10,MH_RULES_1961,child,615,6,9,,10,,Classification and sub-classification of societies:- (1) After registration of a,STRUCTURE_UNCERTAIN,METADATA_REVIEW;TOPIC_TAG_REVIEW,REVIEW,E_STRUCTURE,"10. Classification and sub-classification of societies:-

(1) After registration of a society, the Registrar shall classify the society into one or other of the following classes and sub-classes of so"
MH_RULES_1961_RULE_12,MH_RULES_1961,child,324,9,10,,12,,"Amendment of bye-laws:-(1) Subject to the provisions of this rule, bye",STRUCTURE_UNCERTAIN,METADATA_REVIEW;TOPIC_TAG_REVIEW,REVIEW,E_STRUCTURE,"12. Amendment of bye-laws:-

(1) Subject to the provisions of this rule, bye-laws of a society may be amended by passing a resolution at a general meeting of the society held for that purpose.

(2) Th"
MH_RULES_1961_RULE_13,MH_RULES_1961,child,1001,10,11,,13,,Manner of calling upon society to make amendment to bye-laws:- (1),LONG_CHUNK_NO_SAFE_SPLIT;STRUCTURE_UNCERTAIN,METADATA_REVIEW;TOPIC_TAG_REVIEW,REVIEW,A_LONG;E_STRUCTURE,"13. Manner of calling upon society to make amendment to bye-laws:-

(1) Subject to the provisions of this rule, the Registrar may by serving a notice in Form 'E' call upon a society to make such amend"
MH_RULES_1961_RULE_16,MH_RULES_1961,child,564,11,12,,16,,"Amalgamation, transfer of assets and liabilities, division or conversion",STRUCTURE_UNCERTAIN,METADATA_REVIEW;TOPIC_TAG_REVIEW,REVIEW,E_STRUCTURE,"16. Amalgamation, transfer of assets and liabilities, division or conversion of societies:-

(1) Every society desiring to effect amalgamation, transfer of assets and liabilities, division or conversi"
MH_RULES_1961_RULE_17,MH_RULES_1961,child,721,12,13,,17,,"Direction by Registrar for amalgamation, division and reorganisation of",STRUCTURE_UNCERTAIN,METADATA_REVIEW;TOPIC_TAG_REVIEW,REVIEW,E_STRUCTURE,"17. Direction by Registrar for amalgamation, division and reorganisation of societies:-

(1) Before issuing any order under sub-section (I) of Section 18 providing for the amalgamation, division or re"
MH_RULES_1961_RULE_31,MH_RULES_1961,child,289,22,22,,31,,Procedure for change of address of societies:- (1) Every society shall,STRUCTURE_UNCERTAIN,METADATA_REVIEW;TOPIC_TAG_REVIEW,REVIEW,E_STRUCTURE,"Chapter IV

Incorporation, duties and privileges of societies

31. Procedure for change of address of societies:-

(1) Every society shall communicate in writing to the Registrar its postal address as"
MH_RULES_1961_RULE_35,MH_RULES_1961,child,290,23,23,,35,,Conditions for borrowing by societies with limited liability: - (1) No,STRUCTURE_UNCERTAIN,METADATA_REVIEW;TOPIC_TAG_REVIEW,REVIEW,E_STRUCTURE,"35. Conditions for borrowing by societies with limited liability: -

(1) No society other than those referred in Rules 36 and 37 with limited liability shall, without the previous sanction of the Regi"
MH_RULES_1961_RULE_43,MH_RULES_1961,child,294,26,26,,43,,Conditions to be complied with by members applying for loans: - (1),STRUCTURE_UNCERTAIN,METADATA_REVIEW;TOPIC_TAG_REVIEW,REVIEW,E_STRUCTURE,"43. Conditions to be complied with by members applying for loans: -

(1) Every member of a society applying for a loan from the society shall be required to hold shares in such manner and in such prop"
MH_RULES_1961_RULE_45,MH_RULES_1961,child,228,26,26,,45,,Restrictions on borrowing from more than one credit society:- (1) Every,STRUCTURE_UNCERTAIN,METADATA_REVIEW,REVIEW,E_STRUCTURE,"45. Restrictions on borrowing from more than one credit society:-

(1) Every person who is a member of more than one resource society (other than a Land Development Bank or a Central Bank or a marketi"
MH_RULES_1961_RULE_45A,MH_RULES_1961,child,306,26,27,,45A,,Limits on loans against fixed deposits: - (1) When a society makes a,STRUCTURE_UNCERTAIN,METADATA_REVIEW;TOPIC_TAG_REVIEW,REVIEW,E_STRUCTURE,"1[45A. Limits on loans against fixed deposits: -

(1) When a society makes a loan to a depositor on the security of his fixed deposit with the society, the amount of loan shall not exceed 90 per cent "
MH_RULES_1961_RULE_48,MH_RULES_1961,child,305,27,28,,48,,Form of declarations be made by members borrowing loans from certain,STRUCTURE_UNCERTAIN,METADATA_REVIEW;TOPIC_TAG_REVIEW,REVIEW,E_STRUCTURE,"48. Form of declarations be made by members borrowing loans from certain societies and conditions on which any charge in favour of a society shall be satisfied:-

(1)A declaration to be made under cla"
MH_RULES_1961_CONTEXT_031,MH_RULES_1961,child,731,28,29,,,,,RULE_IDENTIFIER_MISSING;STRUCTURE_UNCERTAIN,METADATA_REVIEW;MISSING_STRUCTURAL_ID;TOPIC_TAG_REVIEW,REVIEW,E_STRUCTURE,"Chapter V

Property and funds of societies

49. Writing off of bad debts and losses:- All loans including interest thereon and recovery charges in respect thereof which are found irrecoverable and are"
MH_RULES_1961_RULE_153B,MH_RULES_1961,child,1630,34,36,,153B,,Manner of contributions to be made under the Rule 53A:- (1) The Apex society,LONG_CHUNK_NO_SAFE_SPLIT;STRUCTURE_UNCERTAIN,METADATA_REVIEW,REVIEW,A_LONG;E_STRUCTURE,"153B. Manner of contributions to be made under the Rule 53A:-

(1) The Apex society which has been notified by the State Government under subsection (3) of Section 69-A shall open an account in the na"
MH_RULES_1961_RULE_54,MH_RULES_1961,child,288,36,37,,54,,"Utilisation and investment of reserve fund:- (1) A society shall, in addition",MALFORMED_NUMBERING_HIERARCHY;STRUCTURE_UNCERTAIN,METADATA_REVIEW,REVIEW,E_STRUCTURE,"54. Utilisation and investment of reserve fund:-

(1) A society shall, in addition to the modes specified in clauses (a) to (d) of Section 70, invest or deposit its reserve fund in any one or more of "
MH_RULES_1961_RULE_55,MH_RULES_1961,child,383,37,37,,55,,Investment of other funds:- (1),STRUCTURE_UNCERTAIN,METADATA_REVIEW,REVIEW,E_STRUCTURE,"55. Investment of other funds:-

(1) A society may invest any of its funds (other than the reserve fund) in any of the modes specified in Section 70 when such funds are not utilised for the business o"
MH_RULES_1961_RULE_56A,MH_RULES_1961,child,1229,38,40,,56A,,Manner of election to notified Societies:- (i) The elections of the societies,LONG_CHUNK_NO_SAFE_SPLIT;STRUCTURE_UNCERTAIN,METADATA_REVIEW;TOPIC_TAG_REVIEW,REVIEW,A_LONG;E_STRUCTURE,"56A. Manner of election to notified Societies:- (i) The elections of the societies notified by the State Government under Section 73-IC, shall be held or cause to be held by the Registrar through the "
MH_RULES_1961_RULE_56D,MH_RULES_1961,child,210,40,40,,56D,,"Claims and objections to the provisional list of voters, and the final list",STRUCTURE_UNCERTAIN,METADATA_REVIEW;TOPIC_TAG_REVIEW,REVIEW,E_STRUCTURE,"56D. Claims and objections to the provisional list of voters, and the final list of voters:-

(1) When any provisional list of voters is published for inviting claims and objections, any omission or e"
MH_RULES_1961_RULE_56_002,MH_RULES_1961,child,214,41,41,,56,,H. Appointment of Presiding Officers and Polling Officers:- (1) The,STRUCTURE_UNCERTAIN,METADATA_REVIEW,REVIEW,E_STRUCTURE,"56.H. Appointment of Presiding Officers and Polling Officers:-

(1) The Returning Officer shall appoint a Presiding Officer for each polling station and such polling Officer or Officers as he thinks n"
MH_RULES_1961_RULE_56K,MH_RULES_1961,child,292,42,43,,56K,,Manner of publication of election programme under Rule 56J:- (1) The,STRUCTURE_UNCERTAIN,METADATA_REVIEW,REVIEW,E_STRUCTURE,"56K. Manner of publication of election programme under Rule 56J:-

(1) The Returning Officer shall send a copy of the election programme declared under Rule 56J in Form M-3 to the society either by sp"
MH_RULES_1961_RULE_56L,MH_RULES_1961,child,273,43,43,,56L,,Manner of publication of election programme under Rule 56K:- (J) The,STRUCTURE_UNCERTAIN,METADATA_REVIEW;TOPIC_TAG_REVIEW,REVIEW,E_STRUCTURE,56L. Manner of publication of election programme under Rule 56K:- (J) The Returning Officer shall send a copy of the election programme declared under the Rule 56J in Form M-3 to the society either by
MH_RULES_1961_RULE_58,MH_RULES_1961,child,312,59,59,,58,,Disqualification for membership of committee:- (1) No person shall be,STRUCTURE_UNCERTAIN,METADATA_REVIEW,REVIEW,E_STRUCTURE,"1[58. Disqualification for membership of committee:-

(1) No person shall be eligible for appointment, or election or nomination or co-option or being continued as member of the committee or District "
MH_RULES_1961_RULE_62,MH_RULES_1961,child,134,61,61,,62,,Form for the balance sheet and the profit and loss account:- (1) The,STRUCTURE_UNCERTAIN,METADATA_REVIEW,REVIEW,E_STRUCTURE,"62. Form for the balance sheet and the profit and loss account:-

(1) The balance sheet and the profit and loss account to be laid before the annual 'general meeting of a society by the committee shal"
MH_RULES_1961_RULE_64,MH_RULES_1961,child,516,62,63,,64,,"Procedure for appointment, suspension, and removal of members of the",STRUCTURE_UNCERTAIN,METADATA_REVIEW;TOPIC_TAG_REVIEW,REVIEW,E_STRUCTURE,"64. Procedure for appointment, suspension, and removal of members of the committee and other officers, etc:- (J) Notwithstanding anything contained in the by-laws of a society but subject to the provi"
MH_RULES_1961_RULE_67,MH_RULES_1961,child,284,63,63,,67,,Registrars power to enforce performance of obligations: - (i) In addition,STRUCTURE_UNCERTAIN,METADATA_REVIEW;TOPIC_TAG_REVIEW,REVIEW,E_STRUCTURE,"67. Registrars power to enforce performance of obligations: - (i) In addition to the periodical financial statements referred to in Rule 66, the Registrar may, by special or general order, require any"
MH_RULES_1961_RULE_67A,MH_RULES_1961,child,658,63,64,,67A,,Directions of Registrar to the society to make regulations on certain,STRUCTURE_UNCERTAIN,METADATA_REVIEW,REVIEW,E_STRUCTURE,"1[67A. Directions of Registrar to the society to make regulations on certain matters:-

(1) Where, in the course of, or as a result of audit under Section 81, or enquiry under Section 83, or inspectio"
MH_RULES_1961_RULE_68,MH_RULES_1961,child,250,64,65,,68,,"Procedure to be adopted for taking possession of books, documents,",STRUCTURE_UNCERTAIN,METADATA_REVIEW,REVIEW,E_STRUCTURE,"68. Procedure to be adopted for taking possession of books, documents, securities, cash and other properties of society:-

(1) Where taking possession of books, documents, securities, cash or other pr"
MH_RULES_1961_RULE_69,MH_RULES_1961,child,842,65,66,,69,,Procedure for appointment of auditors and for conducting audit:- (1) The,STRUCTURE_UNCERTAIN,METADATA_REVIEW;TOPIC_TAG_REVIEW,REVIEW,E_STRUCTURE,"Chapter VII

Audit, Inquiry, Inspection and Supervision

69. Procedure for appointment of auditors and for conducting audit:-

(1) The audit of accounts of societies shall be conducted by Departmental"
MH_RULES_1961_RULE_71,MH_RULES_1961,child,558,66,67,,71,,Procedure and principles for the conduct of inquiry and inspection:-(1),STRUCTURE_UNCERTAIN,METADATA_REVIEW;TOPIC_TAG_REVIEW,REVIEW,E_STRUCTURE,"71. Procedure and principles for the conduct of inquiry and inspection:-

(1) An order authorising inqiry under Section 83 or inspection under Section 84 shall, among other things, contain the followi"
MH_RULES_1961_RULE_72,MH_RULES_1961,child,639,67,68,,72,,"Procedure for assessing damages against delinquent promoters, etc",STRUCTURE_UNCERTAIN,METADATA_REVIEW,REVIEW,E_STRUCTURE,"72. Procedure for assessing damages against delinquent promoters, etc. under Section 88:-

(1) On receipt of a report referred to in Section 88 or otherwise, the Registrar or any other person authoris"
MH_RULES_1961_CONTEXT_067,MH_RULES_1961,child,78,68,68,,,,,RULE_IDENTIFIER_MISSING;STRUCTURE_UNCERTAIN,METADATA_REVIEW;MISSING_STRUCTURAL_ID,REVIEW,E_STRUCTURE,"Chapter VIII

1 [Disputes and Co-operative Courts]

75. Reference of Dispute:- A reference of a dispute under Section 91 shall be made in writing to the Registrar in Form P. Wherever necessary, the Re"
MH_RULES_1961_RULE_77,MH_RULES_1961,child,71,69,69,,77,,Disposal of a dispute or reference to Co-operative Court:- (1) Where the,STRUCTURE_UNCERTAIN,METADATA_REVIEW,REVIEW,E_STRUCTURE,"77. Disposal of a dispute or reference to Co-operative Court:-

(1) Where the Registrar is satisfied that there is a dispute, the Registrar may decide the dispute himself or refer it for disposal to a"
MH_RULES_1961_RULE_77_A,MH_RULES_1961,child,459,69,69,,77-A,,"Qualifications of Judges of Co-operative Courts, and their",STRUCTURE_UNCERTAIN,METADATA_REVIEW;TOPIC_TAG_REVIEW,REVIEW,E_STRUCTURE,"77-A. Qualifications of Judges of Co-operative Courts, and their appointment:-

(1) The member constituting a Co-operative Court shall be called the Judge of that Court.

(2) All appointments of Judge"
MH_RULES_1961_RULE_89,MH_RULES_1961,child,858,78,79,,89,,Appointment of Liquidator and the procedure to be followed and powers,STRUCTURE_UNCERTAIN,METADATA_REVIEW;TOPIC_TAG_REVIEW,REVIEW,E_STRUCTURE,89. Appointment of Liquidator and the procedure to be followed and powers to be exercised by him:- The following procedure shall be adopted for the appointment of the Liquidator and for the exercise o
MH_RULES_1961_RULE_92,MH_RULES_1961,child,233,79,80,,92,,Disposal of records of society whose registration is cancelled:- (1) When,STRUCTURE_UNCERTAIN,METADATA_REVIEW,REVIEW,E_STRUCTURE,"92. Disposal of records of society whose registration is cancelled:-

(1) When an order directing a society to be wound up is issued under Section 102 and no Liquidator is appointed, the officers of t"
MH_RULES_1961_RULE_93,MH_RULES_1961,child,1449,80,82,,93,,Procedure for Submission and consideration of applications for loans,LONG_CHUNK_NO_SAFE_SPLIT;STRUCTURE_UNCERTAIN;TOC_REVIEW,METADATA_REVIEW,REVIEW,A_LONG;E_STRUCTURE,"Chapter X

Land Development Banks

93. Procedure for Submission and consideration of applications for loans from Land Development Banks:-

(1) All applications for loans from a Land Development Bank s"
MH_RULES_1961_RULE_96,MH_RULES_1961,child,214,82,83,,96,,Appointment of Receiver and his powers under Section 133:- (1) The,STRUCTURE_UNCERTAIN,METADATA_REVIEW,REVIEW,E_STRUCTURE,"96. Appointment of Receiver and his powers under Section 133:-

(1) The State Land Development Bank may, on the application of a Land Development Bank and under circumstances in which the power of sal"
MH_RULES_1961_RULE_103,MH_RULES_1961,child,91,85,85,,103,,Certain provisions of Rule 107 to apply to sale of immovable property,STRUCTURE_UNCERTAIN,METADATA_REVIEW,REVIEW,E_STRUCTURE,"103. Certain provisions of Rule 107 to apply to sale of immovable property under Chapter XI of the Act:-

(1) The provisions of clauses (e), (f), (g)t (h), (i).

(j) and (k) of sub-rule (11) and of su"
MH_RULES_1961_CONTEXT_088,MH_RULES_1961,child,554,85,86,,,,,RULE_IDENTIFIER_MISSING;STRUCTURE_UNCERTAIN,METADATA_REVIEW;MISSING_STRUCTURAL_ID;TOPIC_TAG_REVIEW,REVIEW,E_STRUCTURE,"Chapter XI

Appeals, Review and Revision

1104. Qualifications of President and other members of the Maharashtra State Cooperative Appellate Court, and their appointment:-

(1) The State Government sh"
MH_RULES_1961_RULE_107,MH_RULES_1961,child,5770,87,95,,107,,1 [Procedure for attachment and sale of property under Section 156.]:,LONG_CHUNK_NO_SAFE_SPLIT;STRUCTURE_UNCERTAIN,METADATA_REVIEW;TOPIC_TAG_REVIEW,REVIEW,A_LONG;E_STRUCTURE;C_TOP20_LONG,"Chapter XII

Miscellaneous

107.1 [Procedure for attachment and sale of property under Section 156.]:-

1[(l) A creditor holding a decree requiring the provisions of Section 156 to be applied, or soci"
MH_RULES_1961_RULE_107A,MH_RULES_1961,child,1405,95,99,,107A,,Maximum rates of travelling allowance and daily allowance and,LONG_CHUNK_NO_SAFE_SPLIT;STRUCTURE_UNCERTAIN;TABLE_REVIEW,METADATA_REVIEW;TOPIC_TAG_REVIEW,REVIEW,A_LONG;E_STRUCTURE;F_TABLE,"1[ 107A. Maximum rates of travelling allowance and daily allowance and sitting fees, etc for members of Committees:- Subject to the provisions of section 160-A, no member of a committee of any society"
PACS_COMPUTERIZATION_SEC_3_1,PACS_COMPUTERIZATION,child,18,4,4,3.1,,,Title of the Project,SHORT_CHUNK;STRUCTURE_UNCERTAIN,METADATA_REVIEW;TOPIC_TAG_REVIEW,REVIEW,B_SHORT;E_STRUCTURE,"3 Project Details

3.1 Title of the Project

Centrally Sponsored Project for ‘Computerisation of Primary Agricultural

Credit Societies’."
PACS_COMPUTERIZATION_SEC_3_2,PACS_COMPUTERIZATION,child,9,4,4,3.2,,,Sponsoring Agency,SHORT_CHUNK;STRUCTURE_UNCERTAIN,METADATA_REVIEW;TOPIC_TAG_REVIEW,REVIEW,B_SHORT;E_STRUCTURE,"3.2 Sponsoring Agency

Ministry of Cooperation, Government of India."
PACS_COMPUTERIZATION_SEC_3_3,PACS_COMPUTERIZATION,child,15,4,4,3.3,,,Duration of the Project,SHORT_CHUNK;STRUCTURE_UNCERTAIN,METADATA_REVIEW;TOPIC_TAG_REVIEW,REVIEW,B_SHORT;E_STRUCTURE,"3.3 Duration of the Project

For a period of five years from 2022-23 to 2026-27."
PACS_COMPUTERIZATION_SEC_3_4,PACS_COMPUTERIZATION,child,16,5,5,3.4,,,Sunset Date of the Project,SHORT_CHUNK;STRUCTURE_UNCERTAIN,METADATA_REVIEW;TOPIC_TAG_REVIEW,REVIEW,B_SHORT;E_STRUCTURE,"3.4 Sunset Date of the Project

Sunset date of the project will be 31 March 2027."
PACS_COMPUTERIZATION_SEC_3_5,PACS_COMPUTERIZATION,child,21,5,5,3.5,,,Type of Project,STRUCTURE_UNCERTAIN,METADATA_REVIEW;TOPIC_TAG_REVIEW,REVIEW,E_STRUCTURE,"3.5 Type of Project

Centrally Sponsored Project with one-time assistance from the GoI. Extant

Centrally Sponsored Scheme (CSS) guidelines are applicable."
PACS_COMPUTERIZATION_SEC_3_6,PACS_COMPUTERIZATION,child,73,5,5,3.6,,,Project Beneficiaries,STRUCTURE_UNCERTAIN,METADATA_REVIEW,REVIEW,E_STRUCTURE,"3.6 Project Beneficiaries

63000 PACS, LAMPS etc. will benefit directly through computerization of their

credit/ non-credit business activities related to Agriculture and Allied activities.

(In Nort"
PACS_COMPUTERIZATION_SEC_3_7,PACS_COMPUTERIZATION,parent,3,5,5,3.7,,,Implementation Mechanism,SHORT_CHUNK;STRUCTURE_UNCERTAIN,METADATA_REVIEW;TOPIC_TAG_REVIEW,REVIEW,B_SHORT;E_STRUCTURE;D_TOP20_SHORT,3.7 Implementation Mechanism
PACS_COMPUTERIZATION_SEC_3_8,PACS_COMPUTERIZATION,parent,9,7,7,3.8,,,"Project Cost, Sources of Funds & Funding Pattern",SHORT_CHUNK;STRUCTURE_UNCERTAIN,METADATA_REVIEW;TOPIC_TAG_REVIEW,REVIEW,B_SHORT;E_STRUCTURE,"3.8 Project Cost, Sources of Funds & Funding Pattern"
PACS_COMPUTERIZATION_SEC_3_9,PACS_COMPUTERIZATION,child,5,12,12,3.9,,,Phasing of the project,SHORT_CHUNK;STRUCTURE_UNCERTAIN,METADATA_REVIEW;TOPIC_TAG_REVIEW,REVIEW,B_SHORT;E_STRUCTURE,3.9 Phasing of the project
PACS_COMPUTERIZATION_SEC_3_9_002,PACS_COMPUTERIZATION,child,6,13,13,3.9,,,Basic Architecture of the Project,SHORT_CHUNK;STRUCTURE_UNCERTAIN,METADATA_REVIEW;TOPIC_TAG_REVIEW,REVIEW,B_SHORT;E_STRUCTURE,3.9 Basic Architecture of the Project
PACS_COMPUTERIZATION_SEC_3_10_1,PACS_COMPUTERIZATION,child,75,13,13,3.10.1,,,,STRUCTURE_UNCERTAIN,METADATA_REVIEW;TOPIC_TAG_REVIEW,REVIEW,E_STRUCTURE,"3.10.1 One common ERP software will be provided to all the PACS in the project,

across the country, to capture data on all functionalities of PACS, both credit

and non-credit. This software would be"
PACS_COMPUTERIZATION_SEC_3_10_2,PACS_COMPUTERIZATION,child,316,13,14,3.10.2,,,,STRUCTURE_UNCERTAIN,METADATA_REVIEW,REVIEW,E_STRUCTURE,"3.10.2 NABARD will prepare and publish a central panel of System Integrators

(SIs) through open bidding. States are to select the SIs from this central

panel with a ceiling on number of PACS that on"
PACS_COMPUTERIZATION_SEC_3_10_3,PACS_COMPUTERIZATION,child,147,14,14,3.10.3,,,,STRUCTURE_UNCERTAIN,METADATA_REVIEW;TOPIC_TAG_REVIEW,REVIEW,E_STRUCTURE,"3.10.3 The basic responsibility of training on use of software will lie with NLPSV.

NLPSV will provide necessary inputs to State level SIs and National Level

Training Institutions to facilitate crea"
PACS_COMPUTERIZATION_SEC_3_10_4,PACS_COMPUTERIZATION,child,102,14,14,3.10.4,,,,STRUCTURE_UNCERTAIN,METADATA_REVIEW;TOPIC_TAG_REVIEW,REVIEW,E_STRUCTURE,"3.10.4 For implementation and monitoring of the project, creation of a core team at

NABARD, Head Office with the team members constituted from its officers

has been envisaged. This core team will be"
PACS_COMPUTERIZATION_SEC_3_11,PACS_COMPUTERIZATION,child,131,15,15,3.11,,,Data Management,STRUCTURE_UNCERTAIN,METADATA_REVIEW;TOPIC_TAG_REVIEW,REVIEW,E_STRUCTURE,"3.11 Data Management

The data shall be housed at the National Level Data Repository (NLDR). Data

generated at PACS would be routed, either through the DCCBs or State Data

Centers, to the National L"
PACS_COMPUTERIZATION_SEC_3_11_002,PACS_COMPUTERIZATION,child,175,15,15,3.11,,,Selection of PACS,STRUCTURE_UNCERTAIN,METADATA_REVIEW,REVIEW,E_STRUCTURE,"3.11 Selection of PACS

• All functional PACS will be eligible for joining the project. A PACS will be

deemed functional if it fulfils the necessary condition i.e. completion of Audit of

accounts of"
PACS_COMPUTERIZATION_SEC_4_1,PACS_COMPUTERIZATION,child,9,16,16,4.1,,,Central PMU:,SHORT_CHUNK;STRUCTURE_UNCERTAIN,METADATA_REVIEW;TOPIC_TAG_REVIEW,REVIEW,B_SHORT;E_STRUCTURE,"4 Project Monitoring Units (PMUs)/Support Teams

4.1 Central PMU:"
PACS_COMPUTERIZATION_SEC_4_2,PACS_COMPUTERIZATION,child,3,17,17,4.2,,,State PMUs:,SHORT_CHUNK;STRUCTURE_UNCERTAIN,METADATA_REVIEW;TOPIC_TAG_REVIEW,REVIEW,B_SHORT;E_STRUCTURE;D_TOP20_SHORT,4.2 State PMUs:
PACS_COMPUTERIZATION_SEC_4_3,PACS_COMPUTERIZATION,child,106,17,18,4.3,,,Support Teams at District/ Cluster levels,STRUCTURE_UNCERTAIN,METADATA_REVIEW;TOPIC_TAG_REVIEW,REVIEW,E_STRUCTURE,"4.3 Support Teams at District/ Cluster levels

There will be field level ‘support teams’, set up and maintained by System Integrator,

at a cluster of about 200 PACS/ District Level, manned and assist"
PACS_COMPUTERIZATION_SEC_5_1,PACS_COMPUTERIZATION,parent,12,18,18,5.1,,,,SHORT_CHUNK;STRUCTURE_UNCERTAIN,METADATA_REVIEW;TOPIC_TAG_REVIEW,REVIEW,B_SHORT;E_STRUCTURE,"5 Stakeholders

5.1 Roles and responsibilities of various stakeholders of the project"
PACS_COMPUTERIZATION_SEC_7_1,PACS_COMPUTERIZATION,child,56,23,23,7.1,,,,STRUCTURE_UNCERTAIN,METADATA_REVIEW;TOPIC_TAG_REVIEW,REVIEW,E_STRUCTURE,"7 Upkeep and maintenance of assets created

7.1 The software maintenance, in terms of upgrades/ antivirus and incorporation

of new modules for new / innovative activities initiated by the PACS, as al"
PACS_COMPUTERIZATION_SEC_7_2,PACS_COMPUTERIZATION,child,29,23,23,7.2,,,,STRUCTURE_UNCERTAIN,METADATA_REVIEW;TOPIC_TAG_REVIEW,REVIEW,E_STRUCTURE,"7.2 Maintenance of the hardware installed at PACS will be the responsibility of the

respective PACS, DCCBs/ StCBs on an ongoing basis even after completion of the

project period."
PACS_COMPUTERIZATION_SEC_7_3,PACS_COMPUTERIZATION,child,43,23,23,7.3,,,,STRUCTURE_UNCERTAIN,METADATA_REVIEW;TOPIC_TAG_REVIEW,REVIEW,E_STRUCTURE,"7.3 The central infrastructure facility and common software will be maintained and

updated by NABARD periodically. A suitable Pay per use arrangement will be

finalised by NABARD in consultation with"
PACS_COMPUTERIZATION_SEC_7_4,PACS_COMPUTERIZATION,child,30,23,23,7.4,,,,STRUCTURE_UNCERTAIN,METADATA_REVIEW;TOPIC_TAG_REVIEW,REVIEW,E_STRUCTURE,"7.4 This will be a periodic contractual exercise, which will be funded from

contributions by various tiers of the system during and beyond the project period, as

per the requirements."
PACS_COMPUTERIZATION_SEC_7_5,PACS_COMPUTERIZATION,child,51,23,23,7.5,,,,STRUCTURE_UNCERTAIN,METADATA_REVIEW;TOPIC_TAG_REVIEW,REVIEW,E_STRUCTURE,"7.5 State Level support teams will continue to work under aegis of StCB and

State Government and suitable pay per use models will be designed for financial

closure for such continued functioning of "
PACS_COMPUTERIZATION_SEC_8_1,PACS_COMPUTERIZATION,child,133,24,24,8.1,,,Transparent and Complete accounting System,STRUCTURE_UNCERTAIN,METADATA_REVIEW;TOPIC_TAG_REVIEW,REVIEW,E_STRUCTURE,"8 Deliverables of the Project

8.1 Transparent and Complete accounting System

Accounting as per CAS (Common Accounting System) & MIS (Management

Information System) prescribed by NABARD – Originatio"
PACS_COMPUTERIZATION_SEC_8_2,PACS_COMPUTERIZATION,child,39,24,24,8.2,,,Governance,STRUCTURE_UNCERTAIN,METADATA_REVIEW;TOPIC_TAG_REVIEW,REVIEW,E_STRUCTURE,"8.2 Governance

1. Alerts on the conduct of Board Meetings and General Body meetings.

2. Prompting on Agenda preparation.

3. Record Keeping of Board & General Body Meeting proceedings.

4. Real time"
PACS_COMPUTERIZATION_SEC_8_3,PACS_COMPUTERIZATION,child,57,24,24,8.3,,,Enablement,STRUCTURE_UNCERTAIN,METADATA_REVIEW;TOPIC_TAG_REVIEW,REVIEW,E_STRUCTURE,"8.3 Enablement

a. Optimal use of Infrastructure – currently substantial warehouse capacities are

being created under Atmanirbhar Bharat program.

b. Market connectivity – access to the agri-produce "
PMFBY_2023_SEC_2_1,PMFBY_2023,child,66,11,11,2.1,,,,STRUCTURE_UNCERTAIN,METADATA_REVIEW,REVIEW,E_STRUCTURE,"2.1 In an endeavor to integrate Technology in implementation and execution of the Scheme, GoI has designed and developed a National Crop Insurance Portal (NCIP) (www.pmfby.gov.in) which has been in us"
PMFBY_2023_SEC_2_2,PMFBY_2023,child,42,11,11,2.2,,,,STRUCTURE_UNCERTAIN,METADATA_REVIEW;TOPIC_TAG_REVIEW,REVIEW,E_STRUCTURE,2.2 Continued & efficient functioning of the Portal successfully calls for responsible participation by different stakeholders who will have the responsibility for census coding and regular updating o
PMFBY_2023_SEC_2_3,PMFBY_2023,child,94,11,11,2.3,,,,STRUCTURE_UNCERTAIN,METADATA_REVIEW;TOPIC_TAG_REVIEW,REVIEW,E_STRUCTURE,"2.3 Implementing State/UTs and Insurance Companies during each crop season are required to digitize and upload basic information like notiﬁed areas, crops, sum insured, Government subsidy and premium "
PMFBY_2023_SEC_2_4,PMFBY_2023,child,41,11,11,2.4,,,,STRUCTURE_UNCERTAIN,METADATA_REVIEW;TOPIC_TAG_REVIEW,REVIEW,E_STRUCTURE,2.4 Digitization of basic information/notiﬁcation should compulsorily be done before ﬂoating tender documents which will be followed by the entry of L1 Premium rates and name of the selected Insurance
PMFBY_2023_SEC_2_5,PMFBY_2023,child,50,11,12,2.5,,,,STRUCTURE_UNCERTAIN,METADATA_REVIEW;TOPIC_TAG_REVIEW,REVIEW,E_STRUCTURE,"2.5 Since the NCIP has been operationalized for auto administration and seamless ﬂow of data/information/reports on real-time basis, the State/UT Government would not be allowed to create/use a separa"
PMFBY_2023_SEC_2_6,PMFBY_2023,child,36,12,12,2.6,,,,STRUCTURE_UNCERTAIN,METADATA_REVIEW;TOPIC_TAG_REVIEW,REVIEW,E_STRUCTURE,2.6 All Stakeholders have deﬁned roles and responsibilities and accessibility to related modules on the Portal for the administration of the Scheme. Details of the operationalization of modules for ea
PMFBY_2023_SEC_2_7,PMFBY_2023,child,49,12,12,2.7,,,,STRUCTURE_UNCERTAIN,METADATA_REVIEW;TOPIC_TAG_REVIEW,REVIEW,E_STRUCTURE,"2.7 Secured credential/login, preferably linked with Aadhaar Number and mobile One Time Password (OTP) based, for all Stakeholders viz, GoI, State Governments/UT Administrations, Banks, empaneled Insu"
PMFBY_2023_SEC_2_8,PMFBY_2023,child,53,12,12,2.8,,,,STRUCTURE_UNCERTAIN,METADATA_REVIEW;TOPIC_TAG_REVIEW,REVIEW,E_STRUCTURE,"2.8 The Insurance Companies shall not distribute/collect/allow any other proforma/utility/web-Portal etc. for collecting details of insured farmers separately. However, they may provide all requisite "
PMFBY_2023_SEC_2_9,PMFBY_2023,child,59,12,12,2.9,,,,STRUCTURE_UNCERTAIN,METADATA_REVIEW;TOPIC_TAG_REVIEW,REVIEW,E_STRUCTURE,"2.9 Only those farmers whose data is uploaded on the NCIP, and their share of premium has been remitted to the concerned Insurance Company within the prescribed time limit, shall be eligible for Insur"
PMFBY_2023_SEC_2_10,PMFBY_2023,child,176,12,12,2.10,,,,STRUCTURE_UNCERTAIN,METADATA_REVIEW;TOPIC_TAG_REVIEW,REVIEW,E_STRUCTURE,"2.10 All data pertaining to crop-wise, Insurance Unit (IU) wise historical yield data, Notional value of average yield/Scale of Finance (SOF), Sown Area, Coverage and Claims data, Threshold Yield (TY)"
PMFBY_2023_SEC_2_11,PMFBY_2023,child,39,12,12,2.11,,,The Banks/Financial Institutions (FIs)/other intermediaries need to compulsorily,STRUCTURE_UNCERTAIN,METADATA_REVIEW;TOPIC_TAG_REVIEW,REVIEW,E_STRUCTURE,"2.11 The Banks/Financial Institutions (FIs)/other intermediaries need to compulsorily transfer the individual farmer's data electronically to the NCIP. Accordingly, banks/FIs may endeavor to undertake"
PMFBY_2023_SEC_2_12,PMFBY_2023,child,80,12,13,2.12,,,,STRUCTURE_UNCERTAIN,METADATA_REVIEW;TOPIC_TAG_REVIEW,REVIEW,E_STRUCTURE,"2.12 The NCIP having details of insured farmers under PMFBY shall be dovetailed with Kisan Rin Portal (KRP), having details of all the farmers availing subsidized short term agriculture loans through "
PMFBY_2023_SEC_2_13,PMFBY_2023,child,140,13,13,2.13,,,,STRUCTURE_UNCERTAIN,METADATA_REVIEW;TOPIC_TAG_REVIEW,REVIEW,E_STRUCTURE,"2.13 With a view to keep pace with the massive innovations happening for making agriculture financially resilient and to achieve the objective of meeting Sustainable Development Goals, the scheme envi"
PMFBY_2023_SEC_2_14,PMFBY_2023,child,157,13,13,2.14,,,,STRUCTURE_UNCERTAIN,METADATA_REVIEW;TOPIC_TAG_REVIEW,REVIEW,E_STRUCTURE,"Remote Sensing & Other Technologies

2.14 The Insurance Companies & States/UTs shall compulsorily use innovative technology & mobile applications for monitoring of crop health through CROPIC App, repo"
PMFBY_2023_SEC_2_15,PMFBY_2023,child,50,13,13,2.15,,,,STRUCTURE_UNCERTAIN,METADATA_REVIEW;TOPIC_TAG_REVIEW,REVIEW,E_STRUCTURE,2.15 The Department of the State/UT Government responsible for managing the digital land record and its web-portal will facilitate the integration of land record with NCIP and provide Application Prog
PMFBY_2023_SEC_2_16,PMFBY_2023,child,43,13,13,2.16,,,,STRUCTURE_UNCERTAIN,METADATA_REVIEW;TOPIC_TAG_REVIEW,REVIEW,E_STRUCTURE,2.16 Suitable technology & modalities shall also be explored and adopted for using Smart Sampling Technique (SST) for conducting CCEs required for arriving at proportionate Crop Yield Estimation along
PMFBY_2023_SEC_2_17,PMFBY_2023,child,41,13,13,2.17,,,,STRUCTURE_UNCERTAIN,METADATA_REVIEW;TOPIC_TAG_REVIEW,REVIEW,E_STRUCTURE,2.17 Yield Estimation System based on Technology (YES-TECH) for direct estimation of yield at Gram Panchayat (GP) level has been rolled out from Kharif 2023 season onwards as per the provisions of YES
PMFBY_2023_SEC_2_18,PMFBY_2023,child,61,13,13,2.18,,,,STRUCTURE_UNCERTAIN,METADATA_REVIEW;TOPIC_TAG_REVIEW,REVIEW,E_STRUCTURE,"2.18 YES-TECH shall be further augmented through Collection of Real-time Photos and Observations of Crops (CROPIC) initiative, wherein crop health will be monitored by taking periodic photos of standi"
PMFBY_2023_SEC_2_19,PMFBY_2023,child,70,13,14,2.19,,,,STRUCTURE_UNCERTAIN,METADATA_REVIEW;TOPIC_TAG_REVIEW,REVIEW,E_STRUCTURE,2.19 A national level network of Automatic Weather Stations (AWS) & Automatic Rain Gauges (ARG) shall also be established under the Weather Information Network Data System (WINDS) initiative as per th
PMFBY_2023_SEC_2_20,PMFBY_2023,child,66,14,14,2.20,,,,STRUCTURE_UNCERTAIN,METADATA_REVIEW;TOPIC_TAG_REVIEW,REVIEW,E_STRUCTURE,"2.20 State/UTs shall adopt use of technology, such as satellite imagery, drones, Unmanned Aerial Vehicle (UAV) and remote sensing for various applications such as crop area estimation, yield disputes "
PMFBY_2023_SEC_2_21,PMFBY_2023,child,40,14,14,2.21,,,,STRUCTURE_UNCERTAIN,METADATA_REVIEW;TOPIC_TAG_REVIEW,REVIEW,E_STRUCTURE,"2.21 Use of technology derived solutions for calculation of Yield will be triggered in the following instances when:

Requisite number of CCEs have not been conducted at the Insurance Unit (IU) level "
PMFBY_2023_SEC_2_22,PMFBY_2023,child,29,14,14,2.22,,,,STRUCTURE_UNCERTAIN,METADATA_REVIEW;TOPIC_TAG_REVIEW,REVIEW,E_STRUCTURE,"2.22 Or

The yield data submitted by the Nodal Department of the State/UT Government is disputed by the IC due to non-compliance of the deﬁned procedure for conducting CCEs."
PMFBY_2023_SEC_2_23,PMFBY_2023,child,42,14,14,2.23,,,,STRUCTURE_UNCERTAIN,METADATA_REVIEW;TOPIC_TAG_REVIEW,REVIEW,E_STRUCTURE,"2.23 Or

The Nodal Department of State/UT Government is unable to submit Actual or approved yield data (CCE Agri App based) for at-least 90% of total Crop Cutting Experiments (CCEs) conducted, within "
PMFBY_2023_SEC_2_24,PMFBY_2023,child,36,14,14,2.24,,,,STRUCTURE_UNCERTAIN,METADATA_REVIEW;TOPIC_TAG_REVIEW,REVIEW,E_STRUCTURE,"2.24 To develop a framework for Research Studies & Working Papers by academia & Multilateral bodies, GoI may enter into bilateral or multilateral arrangements / agreements with any relevant national /"
PMFBY_2023_SEC_17_1,PMFBY_2023,child,250,59,59,17.1,,,,STRUCTURE_UNCERTAIN,METADATA_REVIEW;TOPIC_TAG_REVIEW,REVIEW,E_STRUCTURE,"17 Collection of Applications and Premium from Farmers

17.1 The branches of all scheduled commercial banks, regional rural banks, and cooperative banks shall act as nodal branches for enrolment of fa"
PMFBY_2023_SEC_17_2,PMFBY_2023,child,139,59,60,17.2,,,,STRUCTURE_UNCERTAIN,METADATA_REVIEW;TOPIC_TAG_REVIEW,REVIEW,E_STRUCTURE,17.2 All the Banks are required to upload the insured farmers' data mandatorily on the NCIP using the fully automated mode of data entry using API integration between CBS/middleware utility and NCIP o
PMFBY_2023_SEC_17_3,PMFBY_2023,child,40,60,60,17.3,,,,STRUCTURE_UNCERTAIN,METADATA_REVIEW;TOPIC_TAG_REVIEW,REVIEW,E_STRUCTURE,"17.3 In order to facilitate timely release of Government subsidy and remittance of claims to the farmers, entry of detailed information of all insured farmers on NCIP is mandatory for all bank branche"
PMFBY_2023_SEC_17_4,PMFBY_2023,child,97,60,60,17.4,,,,STRUCTURE_UNCERTAIN,METADATA_REVIEW;TOPIC_TAG_REVIEW,REVIEW,E_STRUCTURE,"17.4 Farmer for a specific parcel of land will be allowed to enroll themselves from one channel of enrolment only (Banks, CSC, Insurance Intermediaries, Insurance Company or directly by the Farmers us"
PMFBY_2023_SEC_17_5,PMFBY_2023,child,39,60,60,17.5,,,,STRUCTURE_UNCERTAIN,METADATA_REVIEW;TOPIC_TAG_REVIEW,REVIEW,E_STRUCTURE,17.5 IRDAI is in process of developing a women centric rural distribution channel named as Bima Vahak. The channel shall also be made operational for enrollment of farmers under PMFBY as and when the 
PMFBY_2023_SEC_17_6,PMFBY_2023,parent,3,60,60,17.6,,,Loanee Farmers:,SHORT_CHUNK;STRUCTURE_UNCERTAIN,METADATA_REVIEW;TOPIC_TAG_REVIEW,REVIEW,B_SHORT;E_STRUCTURE;D_TOP20_SHORT,17.6 Loanee Farmers:
PMFBY_2023_SEC_17_7,PMFBY_2023,parent,9,64,64,17.7,,,Non-Loanee Farmers through Banks and other Channel Partners,SHORT_CHUNK;STRUCTURE_UNCERTAIN,METADATA_REVIEW;TOPIC_TAG_REVIEW,REVIEW,B_SHORT;E_STRUCTURE,17.7 Non-Loanee Farmers through Banks and other Channel Partners
PMFBY_2023_SEC_17_8,PMFBY_2023,parent,12,66,66,17.8,,,,SHORT_CHUNK;STRUCTURE_UNCERTAIN,METADATA_REVIEW;TOPIC_TAG_REVIEW,REVIEW,B_SHORT;E_STRUCTURE,17.8 Non-Loanee Farmers - Directly to Insurance Companies or through Web Portal
PMFBY_2023_SEC_17_9,PMFBY_2023,parent,10,66,66,17.9,,,,SHORT_CHUNK;STRUCTURE_UNCERTAIN,METADATA_REVIEW;TOPIC_TAG_REVIEW,REVIEW,B_SHORT;E_STRUCTURE,17.9 Option for change of crop name by the Farmer
PMFBY_2023_SEC_17_10,PMFBY_2023,child,190,67,67,17.10,,,,STRUCTURE_UNCERTAIN,METADATA_REVIEW;TOPIC_TAG_REVIEW,REVIEW,E_STRUCTURE,17.10 Incomplete applications or applications with wrong farmer’s and land details or applications with debited premium remitted by the Banks/ PACS/BCs or Insurance Intermediaries after the cut-off da
PMFBY_2023_SEC_17_11,PMFBY_2023,child,130,67,67,17.11,,,,STRUCTURE_UNCERTAIN,METADATA_REVIEW;TOPIC_TAG_REVIEW,REVIEW,E_STRUCTURE,"17.11 The concerned branches of Commercial Banks, RRBs and Nodal branch of DCCBs in case of PACS will upload the details of individual insured farmers enrolled through them like farmer's name, father'"
PMFBY_2023_SEC_17_12,PMFBY_2023,child,120,68,68,17.12,,,,STRUCTURE_UNCERTAIN,METADATA_REVIEW;TOPIC_TAG_REVIEW,REVIEW,E_STRUCTURE,17.12 Insurance Companies shall be responsible for verification and validation of requisite information including necessary documentation in respect of non-loanee farmers enrolled through Insurance In
PMFBY_2023_SEC_17_13,PMFBY_2023,child,202,68,68,17.13,,,,STRUCTURE_UNCERTAIN,METADATA_REVIEW;TOPIC_TAG_REVIEW,REVIEW,E_STRUCTURE,17.13 Insurance Companies shall reconcile the details of individual insured farmers uploaded on the NCIP with the consolidated challan generated and consolidated farmers’ premium remittance done throu
PMFBY_2023_SEC_17_14,PMFBY_2023,child,101,68,68,17.14,,,,STRUCTURE_UNCERTAIN,METADATA_REVIEW;TOPIC_TAG_REVIEW,REVIEW,E_STRUCTURE,17.14 Insurance Companies shall verify and satisfy themselves about the coverage of farmers and crops and accept the applications submitted by banks electronically through NCIP. The insured farmer's p
PMFBY_2023_SEC_17_15,PMFBY_2023,child,119,68,69,17.15,,,,STRUCTURE_UNCERTAIN,METADATA_REVIEW;TOPIC_TAG_REVIEW,REVIEW,E_STRUCTURE,"17.15 All Insurance Companies shall compulsorily verify and take necessary action including approval, rejection or reversion of applications of farmers through NCIP within stipulated date. After stipu"
PMFBY_2023_SEC_17_16,PMFBY_2023,parent,37,69,69,17.16,,,,STRUCTURE_UNCERTAIN,METADATA_REVIEW;TOPIC_TAG_REVIEW,REVIEW,E_STRUCTURE,"17.16 The Insurance Companies are mandatorily required to follow the process and protocol for processing of application, inception of risk and processing of claims as detailed in the Operational Guide"
PMFBY_2023_SEC_17_17,PMFBY_2023,child,24,69,69,17.17,,,,STRUCTURE_UNCERTAIN,METADATA_REVIEW;TOPIC_TAG_REVIEW,REVIEW,E_STRUCTURE,17.17 Financial penalty shall be applicable on Insurance Companies if approval of applications is not done within the stipulated time para 16.14 & 16.15.
PMFBY_2023_SEC_17_18,PMFBY_2023,child,106,69,69,17.18,,,,STRUCTURE_UNCERTAIN,METADATA_REVIEW;TOPIC_TAG_REVIEW,REVIEW,E_STRUCTURE,17.18 On acceptance of applications by Insurance Companies the acknowledgement status is updated for such applications on NCIP and gets visible to the concerned bank branches/CSC-VLEs/Insurance Interm
PMFBY_2023_SEC_17_19,PMFBY_2023,child,83,69,69,17.19,,,,STRUCTURE_UNCERTAIN,METADATA_REVIEW;TOPIC_TAG_REVIEW,REVIEW,E_STRUCTURE,17.19 All the Insurance Companies shall ensure distribution of the acknowledgement receipts through conventional/electronic mode to the loanee farmers in the template approved by the GoI within a mont
PMFBY_2023_SEC_17_20,PMFBY_2023,child,22,69,69,17.20,,,,STRUCTURE_UNCERTAIN,METADATA_REVIEW;TOPIC_TAG_REVIEW,REVIEW,E_STRUCTURE,17.20 All Stakeholders shall follow all the timelines strictly as given in the Table 2 of the Para 16.4 of these guidelines.
PMFBY_2023_SEC_18_1,PMFBY_2023,child,183,69,70,18.1,,,,STRUCTURE_UNCERTAIN,METADATA_REVIEW;TOPIC_TAG_REVIEW,REVIEW,E_STRUCTURE,18 Assessment of Loss / Shortfall in Yield 18.1 Wide-Spread Calamities (based on season-end yield): The eligible claims on the basis of crop yield estimation data arrived through CCEs or by using valu
PMFBY_2023_SEC_18_2,PMFBY_2023,child,187,70,70,18.2,,,,STRUCTURE_UNCERTAIN,METADATA_REVIEW;TOPIC_TAG_REVIEW,REVIEW,E_STRUCTURE,"18.2 The Scheme operates on the basis of 'Area Approach'. The Deﬁned Areas for each notiﬁed crop for wide-spread calamities, i.e., the insurance unit is the Village/Village Panchayat or any other equi"
PMFBY_2023_SEC_18_3,PMFBY_2023,child,72,70,70,18.3,,,,STRUCTURE_UNCERTAIN;TABLE_REVIEW,METADATA_REVIEW;TOPIC_TAG_REVIEW,REVIEW,E_STRUCTURE;F_TABLE,"18.3 CCEs shall be undertaken per crop per unit area of insurance for notiﬁed crops*, on a sliding scale, as indicated in Table 4 below:

Sl. No. | Level | Minimum Sample Size
1 | District | 24
2 | Ta"
PMFBY_2023_SEC_18_4,PMFBY_2023,parent,39,70,70,18.4,,,Smart Sampling Methodology for Crop Yield Estimation,STRUCTURE_UNCERTAIN,METADATA_REVIEW;TOPIC_TAG_REVIEW,REVIEW,E_STRUCTURE,"18.4 Smart Sampling Methodology for Crop Yield Estimation

For major crops across states and with availability of technologies, the following method of

Rationalization of number of CCEs without impac"
PMFBY_2023_SEC_18_5,PMFBY_2023,parent,8,71,71,18.5,,,Modalities for Conducting Crop Cutting Experiments (CCEs),SHORT_CHUNK;STRUCTURE_UNCERTAIN,METADATA_REVIEW;TOPIC_TAG_REVIEW,REVIEW,B_SHORT;E_STRUCTURE,18.5 Modalities for Conducting Crop Cutting Experiments (CCEs)
PMFBY_2023_SEC_19_1,PMFBY_2023,child,36,75,75,19.1,,,,STRUCTURE_UNCERTAIN,METADATA_REVIEW;TOPIC_TAG_REVIEW,REVIEW,E_STRUCTURE,"19.1 During the earlier years of implementation of PMFBY, various types of yield disputes were observed, leading to unnecessary delays in the claim settlement. The following chart shows the procedures"
PMFBY_2023_SEC_19_2,PMFBY_2023,child,353,75,76,19.2,,,,STRUCTURE_UNCERTAIN,METADATA_REVIEW;TOPIC_TAG_REVIEW,REVIEW,E_STRUCTURE,Chart: Procedures to be followed in different yield dispute cases 19.2 Wherever the yield estimates reported at IU level are abnormally low or high vis-à- vis the general crop condition the Insurance 
PMFBY_2023_SEC_16_14_002,PMFBY_2023,child,3,76,76,16.14,,,,SHORT_CHUNK;STRUCTURE_UNCERTAIN,METADATA_REVIEW;TOPIC_TAG_REVIEW,REVIEW,B_SHORT;E_STRUCTURE;D_TOP20_SHORT,16.14 & 16.15.
PMFBY_2023_SEC_19_3,PMFBY_2023,child,124,77,77,19.3,,,,STRUCTURE_UNCERTAIN,METADATA_REVIEW;TOPIC_TAG_REVIEW,REVIEW,E_STRUCTURE,"19.3 The existing Central TAC comprising of representatives from the DES, DA&FW, Mahalanobis National Crop Forecast Centre (MNCFC), National Statistical Organization (NSO), Indian Agricultural Statist"
PMFBY_2023_SEC_19_4,PMFBY_2023,child,84,77,77,19.4,,,,STRUCTURE_UNCERTAIN,METADATA_REVIEW;TOPIC_TAG_REVIEW,REVIEW,E_STRUCTURE,"19.4 The Central TAC shall review all technical matters related to the execution of the Scheme. In case, the matter requires further focused deliberations, the Central TAC will refer the issue to the "
PMFBY_2023_SEC_19_5,PMFBY_2023,child,88,77,77,19.5,,,,STRUCTURE_UNCERTAIN,METADATA_REVIEW;TOPIC_TAG_REVIEW,REVIEW,E_STRUCTURE,19.5 State shall also constitute the State/UT Level Technical Advisory Committee (STAC) on a similar pattern to resolve disputes. The STAC may be chaired by the Principal Secretary/Secretary/Additiona
PMFBY_2023_SEC_19_6,PMFBY_2023,child,29,77,77,19.6,,,,STRUCTURE_UNCERTAIN,METADATA_REVIEW;TOPIC_TAG_REVIEW,REVIEW,E_STRUCTURE,19.6 TAC/TA/STAC shall deliberate and examine the subject matter and indicate their views/decisions based on statistical/technological inputs and other related scientiﬁc and technical parameters as de
PMFBY_2023_SEC_19_7,PMFBY_2023,parent,13,77,77,19.7,,,,SHORT_CHUNK;STRUCTURE_UNCERTAIN,METADATA_REVIEW;TOPIC_TAG_REVIEW,REVIEW,B_SHORT;E_STRUCTURE,19.7 The SOP to deal with Yield Assessment dispute cases is as under
PMFBY_2023_SEC_0_25,PMFBY_2023,child,28,79,79,0.25,,,,STRUCTURE_UNCERTAIN,METADATA_REVIEW;TOPIC_TAG_REVIEW,REVIEW,E_STRUCTURE,0.25 degree data should be used only at the district level and not at the block/village level. High resolution weather data can also be sourced from weather companies.
PMFBY_2023_SEC_20_1,PMFBY_2023,parent,17,82,82,20.1,,,Rationalization of CCEs - Smart Sampling Technique (SST),SHORT_CHUNK;STRUCTURE_UNCERTAIN,METADATA_REVIEW;TOPIC_TAG_REVIEW,REVIEW,B_SHORT;E_STRUCTURE,"20 Use of Innovative Technologies in Yield Estimation

20.1 Rationalization of CCEs - Smart Sampling Technique (SST)"
PMFBY_2023_SEC_20_2,PMFBY_2023,parent,6,84,84,20.2,,,Direct Yield Estimation through Technology,SHORT_CHUNK;STRUCTURE_UNCERTAIN,METADATA_REVIEW;TOPIC_TAG_REVIEW,REVIEW,B_SHORT;E_STRUCTURE,20.2 Direct Yield Estimation through Technology
PMFBY_2023_SEC_20_3,PMFBY_2023,parent,11,86,86,20.3,,,,SHORT_CHUNK;STRUCTURE_UNCERTAIN,METADATA_REVIEW;TOPIC_TAG_REVIEW,REVIEW,B_SHORT;E_STRUCTURE,20.3 Concerns in Yield Data Quality and Timelines for Data Reporting
PMFBY_2023_SEC_20_4,PMFBY_2023,parent,7,86,86,20.4,,,Fund for Innovation and Technology (FIAT),SHORT_CHUNK;STRUCTURE_UNCERTAIN,METADATA_REVIEW;TOPIC_TAG_REVIEW,REVIEW,B_SHORT;E_STRUCTURE,20.4 Fund for Innovation and Technology (FIAT)
PMFBY_2023_SEC_21_1,PMFBY_2023,child,170,88,88,21.1,,,,STRUCTURE_UNCERTAIN,METADATA_REVIEW;TOPIC_TAG_REVIEW,REVIEW,E_STRUCTURE,"21 Assessment of Claims & Claim Settlement

21.1 Payment of Claim under standard PMFBY is the responsibility of concerned Insurance Companies. The Insurance Companies shall therefore take all the nece"
PMFBY_2023_SEC_21_2,PMFBY_2023,parent,10,88,88,21.2,,,,SHORT_CHUNK;STRUCTURE_UNCERTAIN,METADATA_REVIEW;TOPIC_TAG_REVIEW,REVIEW,B_SHORT;E_STRUCTURE,21.2 Yield Loss due to Wide-spread Calamities under Basic Cover
PMFBY_2023_SEC_21_3,PMFBY_2023,parent,7,89,89,21.3,,,Prevented/Failed Sowing and Prevented Planting/Germination Claims,SHORT_CHUNK;STRUCTURE_UNCERTAIN,METADATA_REVIEW;TOPIC_TAG_REVIEW,REVIEW,B_SHORT;E_STRUCTURE,21.3 Prevented/Failed Sowing and Prevented Planting/Germination Claims
PMFBY_2023_SEC_21_4,PMFBY_2023,parent,9,95,95,21.4,,,On-Account Payment of Claims due to Mid-Season Adversity,SHORT_CHUNK;STRUCTURE_UNCERTAIN,METADATA_REVIEW;TOPIC_TAG_REVIEW,REVIEW,B_SHORT;E_STRUCTURE,21.4 On-Account Payment of Claims due to Mid-Season Adversity
PMFBY_2023_SEC_21_5,PMFBY_2023,parent,3,102,102,21.5,,,Localized Calamity,SHORT_CHUNK;STRUCTURE_UNCERTAIN,METADATA_REVIEW;TOPIC_TAG_REVIEW,REVIEW,B_SHORT;E_STRUCTURE;D_TOP20_SHORT,21.5 Localized Calamity
PMFBY_2023_SEC_21_6,PMFBY_2023,parent,3,111,111,21.6,,,Post-Harvest Losses,SHORT_CHUNK;STRUCTURE_UNCERTAIN,METADATA_REVIEW;TOPIC_TAG_REVIEW,REVIEW,B_SHORT;E_STRUCTURE;D_TOP20_SHORT,21.6 Post-Harvest Losses
PMFBY_2023_SEC_21_7,PMFBY_2023,parent,11,119,119,21.7,,,,SHORT_CHUNK;STRUCTURE_UNCERTAIN,METADATA_REVIEW;TOPIC_TAG_REVIEW,REVIEW,B_SHORT;E_STRUCTURE,21.7 Claim Settlement under Multiple Events of Similar or Different Perils
PMFBY_2023_SEC_22_1,PMFBY_2023,parent,3,121,121,22.1,,,Empanelment Criteria,SHORT_CHUNK;STRUCTURE_UNCERTAIN,METADATA_REVIEW;TOPIC_TAG_REVIEW,REVIEW,B_SHORT;E_STRUCTURE;D_TOP20_SHORT,22.1 Empanelment Criteria
PMFBY_2023_SEC_23_1,PMFBY_2023,child,127,122,122,23.1,,,,STRUCTURE_UNCERTAIN,METADATA_REVIEW;TOPIC_TAG_REVIEW,REVIEW,E_STRUCTURE,"23 Procedure for Settlement of Claims to the Farmers

23.1 The Insurance Company should have received the ﬁnal share of Government subsidy (2nd tranche), both Central and State, on the basis of the en"
PMFBY_2023_SEC_23_2,PMFBY_2023,child,96,122,123,23.2,,,,STRUCTURE_UNCERTAIN,METADATA_REVIEW;TOPIC_TAG_REVIEW,REVIEW,E_STRUCTURE,23.2 State Governments/UT Administrations shall compulsorily upload the Threshold Yield and Actual Yield data for all Crop-IUs on NCIP for all notiﬁed crops which shall also be veriﬁed and accepted by
PMFBY_2023_SEC_23_3,PMFBY_2023,child,187,123,123,23.3,,,,STRUCTURE_UNCERTAIN,METADATA_REVIEW;TOPIC_TAG_REVIEW,REVIEW,E_STRUCTURE,23.3 The DLMC will be required to upload or enter the details of crop loss as per the Joint Loss Survey conducted by DLJC for all intermediate loss events viz. prevented sowing/planting/germination fa
PMFBY_2023_SEC_23_4,PMFBY_2023,child,115,123,123,23.4,,,,STRUCTURE_UNCERTAIN,METADATA_REVIEW;TOPIC_TAG_REVIEW,REVIEW,E_STRUCTURE,23.4 The loss reports and Actual Yield data shall be approved or reverted (in case of any discrepancy or /concern on the authenticity and correctness of the report and data) by the Insurance Company. 
PMFBY_2023_SEC_23_5,PMFBY_2023,child,110,123,123,23.5,,,,STRUCTURE_UNCERTAIN,METADATA_REVIEW;TOPIC_TAG_REVIEW,REVIEW,E_STRUCTURE,"23.5 In case of wide-spread calamity (end of season claims), once yield data is ﬁnalized and received from the State/UT Government as per the decided cut-off-dates and is uploaded, approved and accept"
PMFBY_2023_SEC_23_6,PMFBY_2023,child,96,123,124,23.6,,,,STRUCTURE_UNCERTAIN,METADATA_REVIEW;TOPIC_TAG_REVIEW,REVIEW,E_STRUCTURE,"23.6 In case the CCE data submitted through CCE Agri App is not approved within the stipulated timelines, it will be auto- approved and used for claim calculation. In case of non-submission of Actual "
PMFBY_2023_SEC_23_7,PMFBY_2023,child,155,124,124,23.7,,,,STRUCTURE_UNCERTAIN,METADATA_REVIEW;TOPIC_TAG_REVIEW,REVIEW,E_STRUCTURE,"23.7 In case of farmers (loanee) covered by ﬁnancial Institutions, claims shall be released only electronically through NCIP using PFMS platform directly into insured farmer's given loan or saving ban"
PMFBY_2023_SEC_23_8,PMFBY_2023,child,127,124,124,23.8,,,,STRUCTURE_UNCERTAIN,METADATA_REVIEW;TOPIC_TAG_REVIEW,REVIEW,E_STRUCTURE,"23.8 In case of farmers (non-loanee) covered through Insurance intermediaries or CSC or any other enrollment channel, Aadhaar Enabled Payment System (AEPS) shall be used mandatorily as primary mode of"
PMFBY_2023_SEC_23_9,PMFBY_2023,child,37,124,124,23.9,,,,STRUCTURE_UNCERTAIN,METADATA_REVIEW;TOPIC_TAG_REVIEW,REVIEW,E_STRUCTURE,"23.9 For change of account numbers, a certificate/declaration shall be required to be submitted by the concerned farmer to the Insurance Company containing the revised and updated banking details and "
PMFBY_2023_SEC_23_10,PMFBY_2023,child,85,124,124,23.10,,,,STRUCTURE_UNCERTAIN,METADATA_REVIEW;TOPIC_TAG_REVIEW,REVIEW,E_STRUCTURE,"23.10 In case of demise or the insured farmer, the applications shall be enabled for the concerned Insurance Companies for updating the new bank account details of the legal heir of the insured farmer"
PMFBY_2023_SEC_23_11,PMFBY_2023,child,155,124,124,23.11,,,,STRUCTURE_UNCERTAIN,METADATA_REVIEW;TOPIC_TAG_REVIEW,REVIEW,E_STRUCTURE,23.11 In case the eligible claims could not be remitted by the Insurance Company to the concerned insured farmer during 6 consecutive seasons despite due attempts and efforts have been made to trace t
PMFBY_2023_SEC_23_12,PMFBY_2023,child,35,125,125,23.12,,,,STRUCTURE_UNCERTAIN,METADATA_REVIEW;TOPIC_TAG_REVIEW,REVIEW,E_STRUCTURE,"23.12 In case of claims under prevented/failed sowing, localized calamities, post-harvest losses; Insurance Company will process the claims after assessment and shall release the claims as per detaile"
PMFBY_2023_SEC_23_13,PMFBY_2023,child,116,125,125,23.13,,,,STRUCTURE_UNCERTAIN,METADATA_REVIEW;TOPIC_TAG_REVIEW,REVIEW,E_STRUCTURE,23.13 The claim settlement intimation shall be sent to each beneﬁciary farmer through SMS initiated through NCIP and an intimation through Chatbot platform shall also be initiated to the farmers. Stat
PMFBY_2023_SEC_23_14,PMFBY_2023,child,107,125,125,23.14,,,,STRUCTURE_UNCERTAIN,METADATA_REVIEW;TOPIC_TAG_REVIEW,REVIEW,E_STRUCTURE,"23.14 In any situation, the State/UT Government cannot reopen or re-calculate already assessed and disbursed claims after 30 days from the time of claim settlement for the notiﬁed crop(s) at the notiﬁ"
PMFBY_2023_SEC_23_15,PMFBY_2023,child,46,125,125,23.15,,,,STRUCTURE_UNCERTAIN,METADATA_REVIEW;TOPIC_TAG_REVIEW,REVIEW,E_STRUCTURE,23.15 All the details of the farmers pertaining to payment of claims shall be veriﬁed through PFMS before initiating the claim payment on NCIP. Applications with invalidated bank accounts and Aadhaar 
PMFBY_2023_SEC_23_16,PMFBY_2023,parent,70,125,125,23.16,,,,STRUCTURE_UNCERTAIN,METADATA_REVIEW;TOPIC_TAG_REVIEW,REVIEW,E_STRUCTURE,23.16 The State/UT may define the minimum claim amount per farmer as threshold for all the seasons below which the claims shall be held back by the insurance companies. The claims above this threshold
PMFBY_2023_SEC_24_1,PMFBY_2023,child,68,125,126,24.1,,,,STRUCTURE_UNCERTAIN,METADATA_REVIEW;TOPIC_TAG_REVIEW,REVIEW,E_STRUCTURE,"24 Important Conditions/ Clauses Applicable for Coverage of Risks

24.1 Insurance Companies shall receive the premium for coverage either from the bank, channel partner, CSC-VLE, insurance intermediar"
PMFBY_2023_SEC_24_2,PMFBY_2023,child,46,126,126,24.2,,,,STRUCTURE_UNCERTAIN,METADATA_REVIEW;TOPIC_TAG_REVIEW,REVIEW,E_STRUCTURE,"24.2 In case of any substantial misreporting by nodal bank /branch with respect to loanee farmers coverage which may include incorrect insured and sown acreage and survey number details, bank account "
PMFBY_2023_SEC_24_3,PMFBY_2023,child,67,126,126,24.3,,,,STRUCTURE_UNCERTAIN,METADATA_REVIEW;TOPIC_TAG_REVIEW,REVIEW,E_STRUCTURE,"24.3 Mere sanctioning/disbursement of crop loans and the submission of relevant data on NCIP and remittance of premium by the farmer or bank, without explicit intent to raise the crop or without havin"
PMFBY_2023_SEC_24_4,PMFBY_2023,child,58,126,126,24.4,,,,STRUCTURE_UNCERTAIN,METADATA_REVIEW;TOPIC_TAG_REVIEW,REVIEW,E_STRUCTURE,24.4 The acceptance of risk and payment of claims by Insurance Company shall be purely based on the provisions of these Guidelines and no other guidelines or modalities of any other scheme of Central/
PMFBY_2023_SEC_25_1,PMFBY_2023,child,455,126,127,25.1,,,,STRUCTURE_UNCERTAIN,METADATA_REVIEW;TOPIC_TAG_REVIEW,REVIEW,E_STRUCTURE,"25 Acreage Discrepancy

25.1 Some areas across the country in the past have reported excess insurance coverage vis-à-vis planted or sown acreage, leading to over-insurance. Any discrepancy in coverage"
PMFBY_2023_SEC_25_2,PMFBY_2023,child,33,127,127,25.2,,,,STRUCTURE_UNCERTAIN,METADATA_REVIEW;TOPIC_TAG_REVIEW,REVIEW,E_STRUCTURE,25.2 The Insurance Companies should also verify sufﬁcient number of insured land parcels for each notiﬁed major crop by visiting those Insured ﬁelds and report the same though mobile app to the GoI.
PMFBY_2023_SEC_25_3,PMFBY_2023,child,165,127,127,25.3,,,,STRUCTURE_UNCERTAIN,METADATA_REVIEW;TOPIC_TAG_REVIEW,REVIEW,E_STRUCTURE,"25.3 Under the scheme, notiﬁed crops are being insured by the Insurance Companies on the basis of actuarial premium rate by sufficiently pricing the underlying risk, hence, it is not their prerogative"
PMFBY_2023_SEC_25_4,PMFBY_2023,child,107,127,127,25.4,,,,STRUCTURE_UNCERTAIN,METADATA_REVIEW;TOPIC_TAG_REVIEW,REVIEW,E_STRUCTURE,"25.4 Any case of large-scale irregularities or anomalies regarding insurance of excess area i.e. the insured area being more than the published sown area (i.e., the average of the last three consecuti"
PMFBY_2023_SEC_25_5,PMFBY_2023,child,202,127,127,25.5,,,,STRUCTURE_UNCERTAIN,METADATA_REVIEW;TOPIC_TAG_REVIEW,REVIEW,E_STRUCTURE,"25.5 In spite of all suitable measures taken by the Insurance Company for de-duplication and elimination of ghost farmers or identification of excess area insured by the individual farmers, all Insura"
PMFBY_2023_SEC_25_6,PMFBY_2023,child,76,127,128,25.6,,,,STRUCTURE_UNCERTAIN,METADATA_REVIEW;TOPIC_TAG_REVIEW,REVIEW,E_STRUCTURE,"25.6 If at all, ACF has to be applied in the case of established gross irregularities on ground, until the land integration, ceding of land parcels with Aadhaar or Unique Land Parcel Identification Nu"
PMFBY_2023_SEC_25_7,PMFBY_2023,child,138,128,128,25.7,,,,STRUCTURE_UNCERTAIN,METADATA_REVIEW;TOPIC_TAG_REVIEW,REVIEW,E_STRUCTURE,"25.7 If the difference between insured area and sown area (maximum of preceding last three years) is greater than 30% at the Block/Tehsil/Taluka level, the matter should be compulsorily brought to the"
PMFBY_2023_SEC_25_8,PMFBY_2023,child,73,128,128,25.8,,,,STRUCTURE_UNCERTAIN,METADATA_REVIEW;TOPIC_TAG_REVIEW,REVIEW,E_STRUCTURE,"25.8 Accordingly, after scrutiny, excess insured area, if any shall be treated as un-insured and corresponding farmer's premium will be forfeited. The same will be surrendered to the FIAT Fund maintai"
PMFBY_2023_SEC_25_9,PMFBY_2023,child,37,128,128,25.9,,,,STRUCTURE_UNCERTAIN,METADATA_REVIEW;TOPIC_TAG_REVIEW,REVIEW,E_STRUCTURE,25.9 Premium subsidy surrendered by the Insurance Companies due to application of ACF shall be refunded to the Central and State Governments/UT Administrations respectively in their subsidy sharing ra
PMFBY_2023_SEC_26_1,PMFBY_2023,child,159,128,128,26.1,,,,STRUCTURE_UNCERTAIN,METADATA_REVIEW;TOPIC_TAG_REVIEW,REVIEW,E_STRUCTURE,"26 Information Education & Communication (IEC) and Capacity Building

26.1 Information, Education and Communication (IEC) and Capacity Building activities through awareness drives, campaigns, training"
PMFBY_2023_SEC_26_2,PMFBY_2023,child,178,128,129,26.2,,,,STRUCTURE_UNCERTAIN,METADATA_REVIEW;TOPIC_TAG_REVIEW,REVIEW,E_STRUCTURE,26.2 Major challenge in creating well informed ecosystem is the multiple layers of hierarchy within each stakeholder and their different levels of understanding about scheme implementation aspects. Th
PMFBY_2023_SEC_26_3,PMFBY_2023,child,97,129,129,26.3,,,,STRUCTURE_UNCERTAIN,METADATA_REVIEW;TOPIC_TAG_REVIEW,REVIEW,E_STRUCTURE,"26.3 It requires sensitization of higher authorities of the targeted stakeholders at the National, State/UT, & district level, massive awareness generation and error free implementation at the ground "
PMFBY_2023_SEC_26_4,PMFBY_2023,parent,25,129,129,26.4,,,,STRUCTURE_UNCERTAIN,METADATA_REVIEW;TOPIC_TAG_REVIEW,REVIEW,E_STRUCTURE,26.4 Following would be the broad strategies for creating awareness and improve knowledge about the scheme that shall be focused by GoI for desired outcomes:
PMFBY_2023_SEC_27_1,PMFBY_2023,child,41,131,131,27.1,,,,STRUCTURE_UNCERTAIN,METADATA_REVIEW;TOPIC_TAG_REVIEW,REVIEW,E_STRUCTURE,"27.1 All payments of commission, rewards & service charges by the Insurance Company to Banks, CSC eGov & Insurance Intermediaries etc. shall be subject to the applicable circulars and regulations issu"
PMFBY_2023_SEC_27_2,PMFBY_2023,child,44,131,131,27.2,,,,STRUCTURE_UNCERTAIN,METADATA_REVIEW;TOPIC_TAG_REVIEW,REVIEW,E_STRUCTURE,"27.2 Even if the farmer's share of premium is contributed or/ﬁnanced by the concerned State Governments/UT Administrations under preferential universalization, the applicable service charges on total "
PMFBY_2023_SEC_27_3,PMFBY_2023,child,84,131,131,27.3,,,,STRUCTURE_UNCERTAIN,METADATA_REVIEW;TOPIC_TAG_REVIEW,REVIEW,E_STRUCTURE,"27.3 The bank Head Ofﬁces, CSC e-Gov & Insurance Intermediaries shall request service charges from Insurance Companies based on approved applications for the respective season. The Bank HQ, CSC e-Gov "
PMFBY_2023_SEC_27_4,PMFBY_2023,child,85,131,131,27.4,,,,STRUCTURE_UNCERTAIN,METADATA_REVIEW;TOPIC_TAG_REVIEW,REVIEW,E_STRUCTURE,"27.4 No service charges will be payable to the concerned bank/branches, CSC e-Gov, Insurance Intermediaries etc. for the applications involving anomaly or misrepresentation of details or data and for "
PMFBY_2023_SEC_27_5,PMFBY_2023,child,48,131,132,27.5,,,,STRUCTURE_UNCERTAIN,METADATA_REVIEW;TOPIC_TAG_REVIEW,REVIEW,E_STRUCTURE,"27.5 If there is a delay in the payment of service charges by the Insurance Company beyond 30 days of ﬁnalization of enrollment statistics, the payable service charges shall be required to be paid wit"
PMFBY_2023_SEC_27_6,PMFBY_2023,child,42,132,132,27.6,,,,STRUCTURE_UNCERTAIN,METADATA_REVIEW;TOPIC_TAG_REVIEW,REVIEW,E_STRUCTURE,"27.6 The services charges shall be paid by the concerned Insurance Companies to the Banks, CSC eGov & other Insurance Intermediaries without waiting for the full premium receipt, subject to receipt of"
PMFBY_2023_SEC_27_7,PMFBY_2023,parent,6,132,132,27.7,,,Bank HQs and Bank Branches,SHORT_CHUNK;STRUCTURE_UNCERTAIN,METADATA_REVIEW;TOPIC_TAG_REVIEW,REVIEW,B_SHORT;E_STRUCTURE,27.7 Bank HQs and Bank Branches
PMFBY_2023_SEC_27_8,PMFBY_2023,parent,6,132,132,27.8,,,"CSC, BCs & Other Intermediaries",SHORT_CHUNK;STRUCTURE_UNCERTAIN,METADATA_REVIEW;TOPIC_TAG_REVIEW,REVIEW,B_SHORT;E_STRUCTURE,"27.8 CSC, BCs & Other Intermediaries"
PMFBY_2023_SEC_28_1,PMFBY_2023,child,23,133,133,28.1,,,,STRUCTURE_UNCERTAIN,METADATA_REVIEW;TOPIC_TAG_REVIEW,REVIEW,E_STRUCTURE,"28 Goods & Service Tax (GST)

28.1 Collection of premiums under the Scheme is exempted from applicability of Goods & Service Tax (GST)."
PMFBY_2023_SEC_29_1,PMFBY_2023,child,57,133,133,29.1,,,,STRUCTURE_UNCERTAIN,METADATA_REVIEW;TOPIC_TAG_REVIEW,REVIEW,E_STRUCTURE,"29 Monitoring and Review of the Scheme

29.1 The State Level Coordination Committee on Crop Insurance (SLCCCI) of the concerned State shall be responsible for the monitoring of the Schemes in respecti"
PMFBY_2023_SEC_29_2,PMFBY_2023,child,90,133,133,29.2,,,,STRUCTURE_UNCERTAIN,METADATA_REVIEW,REVIEW,E_STRUCTURE,"29.2 A National Review Conference shall be held twice in a year or as decided by the Crop Insurance Division of DA&FW, GoI to review the progress with all concerned stakeholders under the scheme to di"
PMFBY_2023_SEC_29_3,PMFBY_2023,parent,25,133,133,29.3,,,,STRUCTURE_UNCERTAIN,METADATA_REVIEW;TOPIC_TAG_REVIEW,REVIEW,E_STRUCTURE,29.3 The following monitoring measures are proposed to ensure the effective implementation of the Scheme during each crop season ensuring maximum beneﬁts to the farmers:
PMFBY_2023_SEC_30_1,PMFBY_2023,child,43,134,134,30.1,,,,STRUCTURE_UNCERTAIN,METADATA_REVIEW;TOPIC_TAG_REVIEW,REVIEW,E_STRUCTURE,"30 Grievance Redressal Mechanism

30.1 Each implementing State/UT and empaneled Insurance Companies are required to compulsorily collaborate for setting up a robust grievance redressal mechanism with "
PMFBY_2023_SEC_30_2,PMFBY_2023,child,94,134,135,30.2,,,,STRUCTURE_UNCERTAIN,METADATA_REVIEW;TOPIC_TAG_REVIEW,REVIEW,E_STRUCTURE,"30.2 At the initial level, for grievance redressal, each district shall designate a Taluka and District level grievance redressal ofﬁcer preferably Tehsil/Taluk or District Agriculture/Horticulture Of"
PMFBY_2023_SEC_30_3,PMFBY_2023,child,199,135,135,30.3,,,,STRUCTURE_UNCERTAIN,METADATA_REVIEW;TOPIC_TAG_REVIEW,REVIEW,E_STRUCTURE,"30.3 Appellate Committee (AC)/DGRC at District Level: In line with the DLMC, an Appellate Committee (AC)/DGRC shall also be constituted for redressal of grievances of Farmers, Banks, Insurance Company"
PMFBY_2023_SEC_30_4,PMFBY_2023,child,101,135,135,30.4,,,,STRUCTURE_UNCERTAIN,METADATA_REVIEW;TOPIC_TAG_REVIEW,REVIEW,E_STRUCTURE,"30.4 State Level Grievance Redressal Committee (SGRC): The State/UT shall also constitute a State Level Grievance Redressal Committee for redressal of grievance of Farmers, Banks, Insurance Company, C"
PMFBY_2023_SEC_30_5,PMFBY_2023,child,372,135,136,30.5,,,,STRUCTURE_UNCERTAIN,METADATA_REVIEW;TOPIC_TAG_REVIEW,REVIEW,E_STRUCTURE,30.5 The grievances which have wider scope of effect impacting a greater number of districts or there is a breach of guidelines by any of the stakeholder or the grievance matter exceeds Rs. 25 Lakh in
PMFBY_2023_SEC_30_6,PMFBY_2023,parent,7,136,136,30.6,,,Krishi Rakshak Portal & Helpline (KRPH),SHORT_CHUNK;STRUCTURE_UNCERTAIN,METADATA_REVIEW;TOPIC_TAG_REVIEW,REVIEW,B_SHORT;E_STRUCTURE,30.6 Krishi Rakshak Portal & Helpline (KRPH)
PMFBY_2023_SEC_30_7,PMFBY_2023,parent,7,137,137,30.7,,,Grievance Redressal Mechanism by Insurance Company,SHORT_CHUNK;STRUCTURE_UNCERTAIN,METADATA_REVIEW;TOPIC_TAG_REVIEW,REVIEW,B_SHORT;E_STRUCTURE,30.7 Grievance Redressal Mechanism by Insurance Company
PMFBY_2023_SEC_30_8,PMFBY_2023,parent,18,138,138,30.8,,,,SHORT_CHUNK;STRUCTURE_UNCERTAIN,METADATA_REVIEW;TOPIC_TAG_REVIEW,REVIEW,B_SHORT;E_STRUCTURE,"30.8 Committee to Examine the Additional Claims Arising due to Errors, Omissions and Commissions of the ﬁnancial Institutions"
PMFBY_2023_SEC_31_1,PMFBY_2023,parent,11,138,138,31.1,,,Empanelment Criteria,SHORT_CHUNK;STRUCTURE_UNCERTAIN,METADATA_REVIEW;TOPIC_TAG_REVIEW,REVIEW,B_SHORT;E_STRUCTURE,"31 Empanelment and Selection of Insurance Companies (ICs)

31.1 Empanelment Criteria"
PMFBY_2023_SEC_31_2,PMFBY_2023,parent,11,139,139,31.2,,,Selection Criteria of Empaneled Insurance Companies as Implementing,SHORT_CHUNK;STRUCTURE_UNCERTAIN,METADATA_REVIEW;TOPIC_TAG_REVIEW,REVIEW,B_SHORT;E_STRUCTURE,31.2 Selection Criteria of Empaneled Insurance Companies as Implementing Agency (IA)
PMFBY_2023_SEC_32_1,PMFBY_2023,child,170,140,140,32.1,,,,STRUCTURE_UNCERTAIN,METADATA_REVIEW;TOPIC_TAG_REVIEW,REVIEW,E_STRUCTURE,"32 Clustering/Clubbing of Districts for Bidding by the State/UT

32.1 In order to diversify and spread the risk and cover high risk and low risk districts area without any prejudice, the State Governm"
PMFBY_2023_SEC_32_2,PMFBY_2023,child,74,140,141,32.2,,,,STRUCTURE_UNCERTAIN,METADATA_REVIEW;TOPIC_TAG_REVIEW,REVIEW,E_STRUCTURE,"32.2 The district having a very high risks exposure, i.e., the total Sum Insured (SI) value may also be divided and distributed across clusters, combining sub-districts as a new cluster or clubbing wi"
PMFBY_2023_SEC_32_3,PMFBY_2023,child,103,141,141,32.3,,,,STRUCTURE_UNCERTAIN,METADATA_REVIEW;TOPIC_TAG_REVIEW,REVIEW,E_STRUCTURE,"32.3 The Clustering/ Clubbing of districts should be done to achieve the following objectives:

A. Cluster formation shall be applicable for up to 3 years and shall not be changed

during the contract"
PMFBY_2023_SEC_32_4,PMFBY_2023,child,67,141,141,32.4,,,,STRUCTURE_UNCERTAIN,METADATA_REVIEW;TOPIC_TAG_REVIEW,REVIEW,E_STRUCTURE,"32.4 Hence, one of the major requirements of clustering is the risk analysis of different districts. For the purpose of clustering and clubbing of districts and determination of L1 bidder, the risk is"
PMFBY_2023_SEC_32_5,PMFBY_2023,child,80,141,141,32.5,,,,STRUCTURE_UNCERTAIN,METADATA_REVIEW;TOPIC_TAG_REVIEW,REVIEW,E_STRUCTURE,"32.5 Although high quality long-term yield data is available at IU level since 2016 onwards, but the same is not always reflective of the crop losses especially when the claims on localized risks exce"
PMFBY_2023_SEC_32_6,PMFBY_2023,child,146,141,141,32.6,,,,STRUCTURE_UNCERTAIN,METADATA_REVIEW;TOPIC_TAG_REVIEW,REVIEW,E_STRUCTURE,"32.6 Satellite data, of moderate resolution (e.g. Resource-sat, Advanced Wide Field Sensor (AWiFS), Terra/Aqua MODIS) are available, for the long-term, i.e. at least around 15 years. The long-term Veg"
PMFBY_2023_SEC_32_7,PMFBY_2023,child,38,141,141,32.7,,,,STRUCTURE_UNCERTAIN,METADATA_REVIEW;TOPIC_TAG_REVIEW,REVIEW,E_STRUCTURE,"32.7 The above-listed approaches are only to provide guidance to the State/UTs. The State Governments/UT Administrations are free to follow the recommended approaches, or any other method devised by t"
PMFBY_2023_SEC_32_8,PMFBY_2023,child,30,141,142,32.8,,,,STRUCTURE_UNCERTAIN,METADATA_REVIEW;TOPIC_TAG_REVIEW,REVIEW,E_STRUCTURE,"32.8 The detail illustration for classiﬁcation of risks, clubbing/clustering of risks and districts and determination of L1 bidder are at Annexure-III. 33 Assessment of Performance and De-empanelment "
PMFBY_2023_SEC_33_1,PMFBY_2023,child,62,142,142,33.1,,,,STRUCTURE_UNCERTAIN,METADATA_REVIEW;TOPIC_TAG_REVIEW,REVIEW,E_STRUCTURE,33.1 The performance of the empaneled Insurance Companies shall be closely monitored by the concerned Nodal Department of the State Governments/UT Administrations at the end of the completion of each 
PMFBY_2023_SEC_33_2,PMFBY_2023,child,30,142,142,33.2,,,,STRUCTURE_UNCERTAIN,METADATA_REVIEW;TOPIC_TAG_REVIEW,REVIEW,E_STRUCTURE,"33.2 For the purpose, a detailed performance evaluation matrix containing key performance indicators with assigned weightage shall be notified by DA&FW from time to time and circulated to the stakehol"
PMFBY_2023_SEC_33_3,PMFBY_2023,child,60,142,142,33.3,,,,STRUCTURE_UNCERTAIN,METADATA_REVIEW;TOPIC_TAG_REVIEW,REVIEW,E_STRUCTURE,33.3 The Nodal department at the end of two complete seasons of a year may initiate performance evaluation of the Insurance Companies working in their state on the speciﬁc parameters as prescribed in 
PMFBY_2023_SEC_33_4,PMFBY_2023,child,117,142,142,33.4,,,,STRUCTURE_UNCERTAIN,METADATA_REVIEW;TOPIC_TAG_REVIEW,REVIEW,E_STRUCTURE,33.4 The base data to be used for the evaluation shall be extracted from NCIP by DA&FW and analyzed as per the performance evaluation matrix. The Nodal department of the states/UTs shall be required t
PMFBY_2023_SEC_33_5,PMFBY_2023,child,52,142,142,33.5,,,,STRUCTURE_UNCERTAIN,METADATA_REVIEW;TOPIC_TAG_REVIEW,REVIEW,E_STRUCTURE,"33.5 DA&FW, GoI will have the ﬁnal authority to implement and execute the performance evaluation report after thorough evaluation and validation of facts. DA&FW, GoI may ask for additional data and pr"
PMFBY_2023_SEC_33_6,PMFBY_2023,child,38,142,142,33.6,,,,STRUCTURE_UNCERTAIN,METADATA_REVIEW;TOPIC_TAG_REVIEW,REVIEW,E_STRUCTURE,"33.6 Once the Performance Evaluation report has been accepted and ﬁnalized by DA&FW, GoI, and the corresponding reward and punitive actions will be taken by the Ministry along with similar actions by "
PMFBY_2023_SEC_34_1,PMFBY_2023,child,42,142,142,34.1,,,,STRUCTURE_UNCERTAIN,METADATA_REVIEW;TOPIC_TAG_REVIEW,REVIEW,E_STRUCTURE,"34 Evaluation of Efﬁciency of Nodal Departments of the State/UT

34.1 The efﬁciency evaluation of the State Nodal Department shall also be closely monitored by DA&FW on every 1-year interval through a"
PMFBY_2023_SEC_34_2,PMFBY_2023,child,30,142,142,34.2,,,,STRUCTURE_UNCERTAIN,METADATA_REVIEW;TOPIC_TAG_REVIEW,REVIEW,E_STRUCTURE,"34.2 For the purpose, a detailed performance evaluation matrix containing key performance indicators with assigned weightage shall be notified by DA&FW from time to time and circulated to the stakehol"
PMFBY_2023_SEC_35_1,PMFBY_2023,child,36,142,143,35.1,,,,STRUCTURE_UNCERTAIN,METADATA_REVIEW;TOPIC_TAG_REVIEW,REVIEW,E_STRUCTURE,"35 Evaluation of Efﬁciency of Districts

35.1 The efﬁciency evaluation of the Districts shall also be closely monitored by DA&FW on every 1-year interval through ascertaining the District’s efﬁciency "
PMFBY_2023_SEC_35_2,PMFBY_2023,child,30,143,143,35.2,,,,STRUCTURE_UNCERTAIN,METADATA_REVIEW;TOPIC_TAG_REVIEW,REVIEW,E_STRUCTURE,"35.2 For the purpose, a detailed performance evaluation matrix containing key performance indicators with assigned weightage shall be notified by DA&FW from time to time and circulated to the stakehol"
PMFBY_2023_SEC_35_3,PMFBY_2023,child,37,143,143,35.3,,,,STRUCTURE_UNCERTAIN,METADATA_REVIEW;TOPIC_TAG_REVIEW,REVIEW,E_STRUCTURE,"35.3 Once the Performance Evaluation report has been accepted and ﬁnalized by DA&FW, GoI, the corresponding reward and punitive actions will be taken by the GoI along with similar actions by the Nodal"
PMFBY_2023_SEC_36_1,PMFBY_2023,child,40,143,143,36.1,,,,STRUCTURE_UNCERTAIN,METADATA_REVIEW;TOPIC_TAG_REVIEW,REVIEW,E_STRUCTURE,"36 Evaluation of Efﬁciency of Banks

36.1 The efficiency and evaluation of the performance of the Financial Institutions shall be carried out by DA&FW on every 1-year interval as per the Performance e"
PMFBY_2023_SEC_36_2,PMFBY_2023,child,30,143,143,36.2,,,,STRUCTURE_UNCERTAIN,METADATA_REVIEW;TOPIC_TAG_REVIEW,REVIEW,E_STRUCTURE,"36.2 For the purpose, a detailed performance evaluation matrix containing key performance indicators with assigned weightage shall be notified by DA&FW from time to time and circulated to the stakehol"
PMFBY_2023_SEC_37_1,PMFBY_2023,child,37,143,143,37.1,,,,STRUCTURE_UNCERTAIN,METADATA_REVIEW;TOPIC_TAG_REVIEW,REVIEW,E_STRUCTURE,"37 Evaluation of Efﬁciency of CSC-VLEs

37.1 The efficiency and evaluation of the performance of CSC-SPV shall be carried out by DA&FW on every 1-year interval as per the Performance evaluation matrix"
PMFBY_2023_SEC_37_2,PMFBY_2023,child,62,143,143,37.2,,,,STRUCTURE_UNCERTAIN,METADATA_REVIEW;TOPIC_TAG_REVIEW,REVIEW,E_STRUCTURE,"37.2 For the purpose, a detailed performance evaluation matrix containing key performance indicators with assigned weightage shall be notified by DA&FW from time to time and circulated to the stakehol"
PMFBY_2023_SEC_38_1_1,PMFBY_2023,child,35,143,143,38.1.1,,,,STRUCTURE_UNCERTAIN,METADATA_REVIEW;TOPIC_TAG_REVIEW,REVIEW,E_STRUCTURE,"38.1.1 Support and Coordination with the State Governments/UT Administrations for implementation of PMFBY including awareness creation, publicity and the issuance of necessary instructions and Operati"
PMFBY_2023_SEC_38_1_2,PMFBY_2023,child,25,143,143,38.1.2,,,,STRUCTURE_UNCERTAIN,METADATA_REVIEW;TOPIC_TAG_REVIEW,REVIEW,E_STRUCTURE,"38.1.2 Issue of directives to RBI, NABARD, Commercial Banks, RRBs and Cooperatives for compliance with the terms and conditions of PMFBY and its operational modalities."
PMFBY_2023_SEC_38_1_3,PMFBY_2023,child,46,143,143,38.1.3,,,"Design, development, operationalization and maintenance of National Crop",STRUCTURE_UNCERTAIN,METADATA_REVIEW;TOPIC_TAG_REVIEW,REVIEW,E_STRUCTURE,"38.1.3 Design, development, operationalization and maintenance of National Crop Insurance Portal (NCIP), WINDS Portal, KRPH Portal, YES-TECH Portal, LMS Portal, etc. and various mobile applications in"
PMFBY_2023_SEC_38_1_4,PMFBY_2023,child,20,144,144,38.1.4,,,,STRUCTURE_UNCERTAIN,METADATA_REVIEW;TOPIC_TAG_REVIEW,REVIEW,E_STRUCTURE,38.1.4 Setting up of the Central Program Management Unit (CPMU) with adequate infrastructure and expertise as deﬁned in Para 15.
PMFBY_2023_SEC_38_1_5,PMFBY_2023,child,32,144,144,38.1.5,,,,STRUCTURE_UNCERTAIN,METADATA_REVIEW;TOPIC_TAG_REVIEW,REVIEW,E_STRUCTURE,38.1.5 Constitution of Technical Advisory Committee and operationalization of central TAC as deﬁned in Para 19.3 to take up matters/disputes referred to it by any of the stakeholders for resolution an
PMFBY_2023_SEC_38_1_6,PMFBY_2023,child,19,144,144,38.1.6,,,,SHORT_CHUNK;STRUCTURE_UNCERTAIN,METADATA_REVIEW;TOPIC_TAG_REVIEW,REVIEW,B_SHORT;E_STRUCTURE,38.1.6 Facilitate States in strengthening of AWS/ARG network under WINDS by providing financial support as outlined in Para 7.6.10
PMFBY_2023_SEC_38_1_7,PMFBY_2023,child,41,144,144,38.1.7,,,,STRUCTURE_UNCERTAIN,METADATA_REVIEW;TOPIC_TAG_REVIEW,REVIEW,E_STRUCTURE,38.1.7 To release central share of premium subsidy as outlined in Para 6.1.6 & 6.1.7 and to release claim liabilities under Cup & Cap (60-130) & Profit & Loss Sharing Models under ARTM as outlined in 
PMFBY_2023_SEC_38_1_8,PMFBY_2023,child,23,144,144,38.1.8,,,,STRUCTURE_UNCERTAIN,METADATA_REVIEW;TOPIC_TAG_REVIEW,REVIEW,E_STRUCTURE,38.1.8 To release balance tranches of premium subsidy for the season to the concerned Insurance Companies as per the enrollment statistics on NCIP.
PMFBY_2023_SEC_38_1_9,PMFBY_2023,child,49,144,144,38.1.9,,,,STRUCTURE_UNCERTAIN,METADATA_REVIEW;TOPIC_TAG_REVIEW,REVIEW,E_STRUCTURE,"38.1.9 To review and monitor the implementation of PMFBY including premium rates, product-benchmarking and other matters and issue necessary directives to Insurance Companies, Banks, CSC e-Gov, Insura"
PMFBY_2023_SEC_38_1_10,PMFBY_2023,child,50,144,144,38.1.10,,,,STRUCTURE_UNCERTAIN,METADATA_REVIEW;TOPIC_TAG_REVIEW,REVIEW,E_STRUCTURE,"38.1.10 To organize Capacity building trainings and workshops for the State Governments/UT Administrations, Banks, CSC-eGIv/VLEs, Insurance Intermediaries, Technical Partners ((MITRs, TIPs, WIPs)) and"
PMFBY_2023_SEC_38_1_11,PMFBY_2023,child,29,144,144,38.1.11,,,,STRUCTURE_UNCERTAIN,METADATA_REVIEW;TOPIC_TAG_REVIEW,REVIEW,E_STRUCTURE,"38.1.11 To provide necessary assistance, guidance and resources for adoption of new technology for ensuring transparency, objectivity, better administration of Scheme and timely payment of claims to i"
PMFBY_2023_SEC_38_1_12,PMFBY_2023,child,45,144,144,38.1.12,,,,STRUCTURE_UNCERTAIN,METADATA_REVIEW;TOPIC_TAG_REVIEW,REVIEW,E_STRUCTURE,"38.1.12 To utilize 0.25% of the total Gross Premium (out of 0.5% of the total Gross Premium earmarked for awareness, publicity & capacity building) pooled at the central level to ensure sustainable an"
PMFBY_2023_SEC_38_1_13,PMFBY_2023,child,23,144,144,38.1.13,,,,STRUCTURE_UNCERTAIN,METADATA_REVIEW;TOPIC_TAG_REVIEW,REVIEW,E_STRUCTURE,38.1.13 To develop Technology related protocols including the protocols for Smart Sampling Techniques and Technology Based yield estimation for claim assessment and disbursement.
PMFBY_2023_SEC_38_1_14,PMFBY_2023,child,62,144,144,38.1.14,,,"Empanelment of Insurance Companies, constitutions of various committees",STRUCTURE_UNCERTAIN,METADATA_REVIEW;TOPIC_TAG_REVIEW,REVIEW,E_STRUCTURE,"38.1.14 Empanelment of Insurance Companies, constitutions of various committees including YES-TECH, WINDS, Central TAC, SARTHI (Sandbox for Agricultural & Rural Security, Technology & Insurance) Commi"
PMFBY_2023_SEC_38_1_15,PMFBY_2023,child,47,144,145,38.1.15,,,,STRUCTURE_UNCERTAIN,METADATA_REVIEW;TOPIC_TAG_REVIEW,REVIEW,E_STRUCTURE,38.1.15 Fostering experimentation and innovation for the creation of new Agri-insurance products under Agri-Sandbox framework for quicker adoption of technological developments and enhanced risk prote
PMFBY_2023_SEC_38_1_16,PMFBY_2023,child,40,145,145,38.1.16,,,,STRUCTURE_UNCERTAIN,METADATA_REVIEW;TOPIC_TAG_REVIEW,REVIEW,E_STRUCTURE,"38.1.16 Interpretation of any provision of the Scheme, decision in any aspects of the acceptance of risk or any dispute in settlement of claims between the stakeholders, and facilitation of stakeholde"
PMFBY_2023_SEC_38_1_17,PMFBY_2023,child,29,145,145,38.1.17,,,,STRUCTURE_UNCERTAIN,METADATA_REVIEW;TOPIC_TAG_REVIEW,REVIEW,E_STRUCTURE,"38.1.17 To issue clarifications for the interpretation of these guidelines. The advisories, directions or clarifications issued by DA&FW, GoI shall also be considered as a part of these guidelines."
PMFBY_2023_SEC_38_1_18,PMFBY_2023,child,33,145,145,38.1.18,,,,STRUCTURE_UNCERTAIN,METADATA_REVIEW;TOPIC_TAG_REVIEW,REVIEW,E_STRUCTURE,"38.1.18 To amend & issue Operational Guidelines of PMFBY, amendments of manual of YESTECH, WINDS, CROPIC, KRPH, LMS, guidelines of FIAT and SOP/Manuals of various other interventions under PMFBY from "
PMFBY_2023_SEC_38_2,PMFBY_2023,parent,4,145,145,38.2,,,State Government/UT Administration,SHORT_CHUNK;STRUCTURE_UNCERTAIN,METADATA_REVIEW;TOPIC_TAG_REVIEW,REVIEW,B_SHORT;E_STRUCTURE,38.2 State Government/UT Administration
PMFBY_2023_SEC_38_3,PMFBY_2023,parent,6,147,147,38.3,,,Central PMUs and State PMUs,SHORT_CHUNK;STRUCTURE_UNCERTAIN,METADATA_REVIEW;TOPIC_TAG_REVIEW,REVIEW,B_SHORT;E_STRUCTURE,38.3 Central PMUs and State PMUs
PMFBY_2023_SEC_38_4,PMFBY_2023,parent,4,148,148,38.4,,,Insurance Companies (ICs),SHORT_CHUNK;STRUCTURE_UNCERTAIN,METADATA_REVIEW;TOPIC_TAG_REVIEW,REVIEW,B_SHORT;E_STRUCTURE,38.4 Insurance Companies (ICs)
PMFBY_2023_SEC_38_5,PMFBY_2023,parent,3,149,149,38.5,,,Financial Institutions/Banks,SHORT_CHUNK;STRUCTURE_UNCERTAIN,METADATA_REVIEW;TOPIC_TAG_REVIEW,REVIEW,B_SHORT;E_STRUCTURE;D_TOP20_SHORT,38.5 Financial Institutions/Banks
PMFBY_2023_SEC_38_6,PMFBY_2023,parent,8,151,151,38.6,,,Common Service Centre- Special Purpose Vehicle (CSC-SPV),SHORT_CHUNK;STRUCTURE_UNCERTAIN,METADATA_REVIEW;TOPIC_TAG_REVIEW,REVIEW,B_SHORT;E_STRUCTURE,38.6 Common Service Centre- Special Purpose Vehicle (CSC-SPV)
PMFBY_2023_SEC_38_7,PMFBY_2023,parent,9,152,152,38.7,,,Common Service Centers - Village Level Entrepreneurs (CSC-VLE),SHORT_CHUNK;STRUCTURE_UNCERTAIN,METADATA_REVIEW;TOPIC_TAG_REVIEW,REVIEW,B_SHORT;E_STRUCTURE,38.7 Common Service Centers - Village Level Entrepreneurs (CSC-VLE)
PMFBY_2023_SEC_38_8,PMFBY_2023,parent,5,153,153,38.8,,,Designated Insurance Agents/Insurance Intermediaries,SHORT_CHUNK;STRUCTURE_UNCERTAIN,METADATA_REVIEW;TOPIC_TAG_REVIEW,REVIEW,B_SHORT;E_STRUCTURE,38.8 Designated Insurance Agents/Insurance Intermediaries
PMFBY_2023_SEC_38_9,PMFBY_2023,child,75,155,155,38.9,,,,STRUCTURE_UNCERTAIN,METADATA_REVIEW;TOPIC_TAG_REVIEW,REVIEW,E_STRUCTURE,38.9 In case any application gets rejected owing to errors or omission or commissions committed in data entry and document sharing at the time of enrollment of farmers by the Insurance Intermediary/Br
PMFBY_2023_SEC_38_10,PMFBY_2023,parent,3,155,155,38.10,,,Loanee Farmers,SHORT_CHUNK;STRUCTURE_UNCERTAIN,METADATA_REVIEW;TOPIC_TAG_REVIEW,REVIEW,B_SHORT;E_STRUCTURE,38.10 Loanee Farmers
PMFBY_2023_SEC_38_11,PMFBY_2023,parent,3,156,156,38.11,,,Non-Loanee Farmers,SHORT_CHUNK;STRUCTURE_UNCERTAIN,METADATA_REVIEW;TOPIC_TAG_REVIEW,REVIEW,B_SHORT;E_STRUCTURE,38.11 Non-Loanee Farmers
PMFBY_2023_SEC_39_1_1,PMFBY_2023,child,187,157,157,39.1.1,,,,STRUCTURE_UNCERTAIN,METADATA_REVIEW,REVIEW,E_STRUCTURE,"39.1.1 In the implementation of the scheme, multiple stakeholders are involved at different stages from enrolment of farmers till the claim disbursement to farmers. A hallmark of the Scheme is leverag"
PMFBY_2023_SEC_39_2,PMFBY_2023,child,188,157,157,39.2,,,,STRUCTURE_UNCERTAIN,METADATA_REVIEW;TOPIC_TAG_REVIEW,REVIEW,E_STRUCTURE,"39.2 The NCIP shall provide a single Information Technology (IT) enabled platform for digitization of processes and information data bank and dissemination mechanism, automation of administrative proc"
PMFBY_2023_SEC_39_3,PMFBY_2023,child,65,157,157,39.3,,,,STRUCTURE_UNCERTAIN,METADATA_REVIEW;TOPIC_TAG_REVIEW,REVIEW,E_STRUCTURE,"39.3 The conceptualization and development of the NCIP has already been completed and launched and facilitates for the notiﬁcation digitization, farmers application enrolment, application management, "
PMFBY_2023_SEC_39_4,PMFBY_2023,parent,766,158,159,39.4,,,Different Modules of NCIP,STRUCTURE_UNCERTAIN,METADATA_REVIEW,REVIEW,E_STRUCTURE,"39.4 Different Modules of NCIP

Integration with Public Fund Management System 39.4.1

The NCIP has been integrated with PFMS and a module known as DigiClaim has been developed for managing ﬁnancial t"
PMFBY_2023_SEC_39_4_SUB_1,PMFBY_2023,child,447,158,158,39.4,,,Different Modules of NCIP,STRUCTURE_UNCERTAIN,METADATA_REVIEW;TOPIC_TAG_REVIEW,REVIEW,E_STRUCTURE,"39.4 Different Modules of NCIP

Integration with Public Fund Management System 39.4.1

The NCIP has been integrated with PFMS and a module known as DigiClaim has been developed for managing ﬁnancial t"
PMFBY_2023_SEC_39_4_SUB_2,PMFBY_2023,child,392,158,159,39.4,,,Different Modules of NCIP,STRUCTURE_UNCERTAIN,METADATA_REVIEW,REVIEW,E_STRUCTURE,"The land record details of the farmers is required to be entered during enrolment process and rest of the land details viz. extent of land, ownership share and names of owners/shareholders are fetched"
PMFBY_2023_SEC_1_1,PMFBY_2023,child,97,168,168,1.1,,,,STRUCTURE_UNCERTAIN,METADATA_REVIEW;TOPIC_TAG_REVIEW,REVIEW,E_STRUCTURE,"1.1 The provision for cover against losses to crops due to attack of wild animals wherever the risk is perceived to be substantial (equivalent to or more than the indemnity level under PMFBY), is iden"
PMFBY_2023_SEC_1_2,PMFBY_2023,child,66,168,168,1.2,,,,STRUCTURE_UNCERTAIN,METADATA_REVIEW;TOPIC_TAG_REVIEW,REVIEW,E_STRUCTURE,1.2 The deﬁnition of wild animals will be as per the categorization of the MoEF&CC and/or Forest Department of respective State Govt./UT based on historic analysis of yield losses of crops occurred. H
CRCS_OMBUDSMAN_CONTEXT_001,CRCS_OMBUDSMAN,child,157,1,1,,,,,STRUCTURE_UNCERTAIN,METADATA_REVIEW;TOPIC_TAG_REVIEW,REVIEW,E_STRUCTURE,"GotoMainContent | Stemap | Contactus | As A A A English v

Government of India Ministry of Cooperation Central Registrar of Cooperative Societies

Download NCD-GeoTAG Mobile App to captur:

D)

Cooper"
